Sale_ID,Hospital_ID,Device_ID,Sales_Date,Quantity,Unit_Price,Discount_Percent,Sales_Amount,Salesperson,Sales_Channel
S00001,H001,D060,2024-09-29,3,498000,15.0,1269900.0,SP-22,Distributor
S00002,H013,D008,2025-08-13,2,242000,10.0,435600.0,SP-03,Distributor
S00003,H044,D028,2024-01-13,1,133000,5.0,126350.0,SP-08,Distributor
S00004,H079,D045,2024-04-21,2,41897000,15.0,71224900.0,SP-18,Distributor
S00005,H005,D018,2024-05-17,1,209000,15.0,177650.0,SP-17,Direct
S00006,H090,D041,2024-01-30,4,25826000,2.0,101237920.0,SP-22,Direct
S00007,H002,D047,2024-01-06,5,52143000,7.0,242464950.0,SP-01,Direct
S00008,H061,D050,2026-03-15,5,2336000,2.0,11446400.0,SP-07,Distributor
S00009,H097,D004,2026-04-03,5,4916000,10.0,22122000.0,SP-21,Direct
S00010,H021,D028,2024-05-05,1,137000,5.0,130150.0,SP-14,Distributor
S00011,H045,D038,2024-01-16,1,34540000,10.0,31086000.0,SP-07,Distributor
S00012,H099,D032,2025-09-05,3,7698000,0.0,23094000.0,SP-01,Distributor
S00013,H046,D003,2026-02-12,3,1249000,0.0,3747000.0,SP-05,Distributor
S00014,H046,D036,2026-02-26,2,1582000,7.0,2942520.0,SP-12,Distributor
S00015,H055,D009,2024-09-15,1,382000,7.0,355260.0,SP-17,Distributor
S00016,H015,D010,2025-05-25,2,323000,5.0,613700.0,SP-04,Direct
S00017,H095,D008,2026-02-27,1,253000,5.0,240350.0,SP-16,Distributor
S00018,H042,D059,2025-02-14,1,694000,2.0,680120.0,SP-16,Direct
S00019,H030,D020,2024-04-05,1,546000,5.0,518700.0,SP-15,Direct
S00020,H071,D036,2025-10-12,2,1542000,7.0,2868120.0,SP-07,Direct
S00021,H020,D048,2026-08-23,1,58787000,7.0,54671910.0,SP-13,Distributor
S00022,H089,D034,2026-07-13,1,6698000,5.0,6363100.0,SP-07,Direct
S00023,H052,D048,2024-02-26,4,57342000,5.0,217899600.0,SP-02,Distributor
S00024,H006,D050,2024-10-08,1,2185000,5.0,2075750.0,SP-19,Distributor
S00025,H091,D019,2025-02-20,1,1199000,12.0,1055120.0,SP-10,Direct
S00026,H061,D015,2024-04-30,3,198000,5.0,564300.0,SP-02,Distributor
S00027,H043,D060,2026-01-26,1,528000,10.0,475200.0,SP-10,Distributor
S00028,H002,D021,2024-07-28,3,1659000,7.0,4628610.0,SP-18,Distributor
S00029,H093,D010,2026-03-15,5,335000,7.0,1557750.0,SP-25,Direct
S00030,H045,D031,2025-01-29,4,4933000,0.0,19732000.0,SP-02,Direct
S00031,H092,D027,2026-08-02,1,122000,2.0,119560.0,SP-02,Direct
S00032,H030,D012,2025-05-07,1,173000,7.0,160890.0,SP-01,Direct
S00033,H085,D006,2025-02-12,4,5266000,7.0,19589520.0,SP-17,Distributor
S00034,H006,D037,2025-01-03,3,27391000,7.0,76420890.0,SP-24,Direct
S00035,H054,D051,2025-03-08,3,2263000,12.0,5974320.0,SP-23,Direct
S00036,H086,D008,2024-12-07,1,255000,5.0,242250.0,SP-13,Direct
S00037,H100,D007,2024-01-09,5,383000,7.0,1780950.0,SP-09,Direct
S00038,H003,D016,2026-07-20,2,116000,5.0,220400.0,SP-04,Direct
S00039,H042,D036,2025-12-17,1,1591000,10.0,1431900.0,SP-25,Distributor
S00040,H048,D053,2026-02-03,5,957000,12.0,4210800.0,SP-08,Distributor
S00041,H047,D058,2026-03-23,4,203000,0.0,812000.0,SP-12,Direct
S00042,H066,D058,2026-08-31,1,194000,15.0,164900.0,SP-21,Distributor
S00043,H064,D045,2025-05-25,1,38545000,0.0,38545000.0,SP-20,Direct
S00044,H099,D053,2025-04-11,4,928000,15.0,3155200.0,SP-02,Direct
S00045,H023,D048,2025-03-22,2,62116000,10.0,111808800.0,SP-21,Direct
S00046,H038,D004,2024-02-18,5,4905000,0.0,24525000.0,SP-20,Distributor
S00047,H001,D043,2025-01-18,4,40933000,10.0,147358800.0,SP-02,Direct
S00048,H063,D007,2026-05-11,1,396000,0.0,396000.0,SP-07,Direct
S00049,H076,D041,2024-09-12,1,27227000,12.0,23959760.0,SP-06,Distributor
S00050,H035,D032,2026-05-06,4,7678000,2.0,30097760.0,SP-12,Direct
S00051,H055,D024,2025-11-08,4,950000,2.0,3724000.0,SP-09,Distributor
S00052,H081,D026,2026-09-29,2,53000,2.0,103880.0,SP-14,Direct
S00053,H019,D009,2024-03-01,5,378000,10.0,1701000.0,SP-10,Distributor
S00054,H050,D014,2024-05-14,1,207000,5.0,196650.0,SP-09,Direct
S00055,H031,D013,2025-03-27,2,219000,7.0,407340.0,SP-11,Distributor
S00056,H076,D058,2025-06-27,2,206000,2.0,403760.0,SP-10,Direct
S00057,H090,D015,2024-08-04,5,194000,7.0,902100.0,SP-15,Distributor
S00058,H030,D002,2024-08-30,4,5084000,5.0,19319200.0,SP-09,Direct
S00059,H007,D053,2025-09-29,2,963000,10.0,1733400.0,SP-11,Direct
S00060,H100,D057,2025-11-08,2,441000,10.0,793800.0,SP-07,Direct
S00061,H018,D048,2024-11-16,2,60512000,0.0,121024000.0,SP-24,Direct
S00062,H044,D057,2024-02-05,1,408000,15.0,346800.0,SP-08,Direct
S00063,H058,D003,2026-03-04,1,1304000,5.0,1238800.0,SP-08,Direct
S00064,H012,D052,2025-01-21,2,1242000,0.0,2484000.0,SP-12,Direct
S00065,H050,D013,2024-10-18,1,211000,5.0,200450.0,SP-03,Distributor
S00066,H001,D010,2025-05-25,1,319000,5.0,303050.0,SP-11,Distributor
S00067,H047,D026,2025-08-22,4,53000,2.0,207760.0,SP-07,Direct
S00068,H069,D052,2024-08-17,1,1270000,5.0,1206500.0,SP-13,Direct
S00069,H087,D003,2024-11-16,3,1244000,0.0,3732000.0,SP-04,Distributor
S00070,H001,D006,2024-07-08,5,4989000,0.0,24945000.0,SP-18,Direct
S00071,H009,D038,2025-05-10,2,36855000,7.0,68550300.0,SP-01,Distributor
S00072,H062,D032,2024-06-12,2,7878000,10.0,14180400.0,SP-08,Distributor
S00073,H056,D016,2024-03-20,2,124000,7.0,230640.0,SP-10,Distributor
S00074,H032,D009,2026-03-13,2,364000,7.0,677040.0,SP-13,Direct
S00075,H083,D025,2025-01-19,1,101000,0.0,101000.0,SP-01,Direct
S00076,H073,D040,2025-12-11,4,30513000,10.0,109846800.0,SP-04,Direct
S00077,H024,D054,2024-03-01,1,1752000,0.0,1752000.0,SP-05,Direct
S00078,H100,D008,2024-01-05,1,267000,0.0,267000.0,SP-15,Direct
S00079,H058,D036,2024-06-15,5,1576000,12.0,6934400.0,SP-16,Direct
S00080,H006,D044,2025-08-19,2,79106000,2.0,155047760.0,SP-25,Direct
S00081,H006,D051,2026-04-22,2,2346000,2.0,4598160.0,SP-07,Direct
S00082,H056,D012,2025-02-01,2,177000,10.0,318600.0,SP-20,Distributor
S00083,H072,D035,2026-08-04,5,7622000,5.0,36204500.0,SP-01,Distributor
S00084,H053,D022,2025-02-13,1,1540000,0.0,1540000.0,SP-17,Distributor
S00085,H047,D024,2025-11-15,1,959000,15.0,815150.0,SP-05,Distributor
S00086,H092,D060,2024-07-31,1,529000,5.0,502550.0,SP-17,Direct
S00087,H042,D053,2025-06-20,2,958000,10.0,1724400.0,SP-20,Direct
S00088,H011,D027,2026-06-26,4,121000,12.0,425920.0,SP-13,Direct
S00089,H044,D006,2026-09-18,3,5436000,0.0,16308000.0,SP-10,Distributor
S00090,H089,D056,2025-01-31,2,482000,5.0,915800.0,SP-15,Direct
S00091,H002,D035,2024-03-08,2,7587000,15.0,12897900.0,SP-05,Direct
S00092,H040,D022,2024-05-11,3,1510000,0.0,4530000.0,SP-02,Distributor
S00093,H073,D021,2025-08-09,1,1759000,0.0,1759000.0,SP-23,Direct
S00094,H021,D029,2024-07-05,5,127000,7.0,590550.0,SP-12,Direct
S00095,H001,D016,2025-11-07,2,120000,15.0,204000.0,SP-13,Direct
S00096,H026,D015,2024-10-22,1,197000,10.0,177300.0,SP-20,Distributor
S00097,H062,D055,2025-02-15,5,458000,15.0,1946500.0,SP-04,Direct
S00098,H056,D014,2024-04-07,1,219000,12.0,192720.0,SP-11,Direct
S00099,H009,D033,2025-01-11,1,3445000,0.0,3445000.0,SP-15,Distributor
S00100,H030,D045,2025-01-07,4,41420000,5.0,157396000.0,SP-01,Direct
S00101,H061,D047,2025-12-30,5,56797000,0.0,283985000.0,SP-03,Direct
S00102,H085,D011,2024-06-29,2,253000,5.0,480700.0,SP-05,Distributor
S00103,H014,D015,2025-06-21,4,187000,12.0,658240.0,SP-14,Direct
S00104,H025,D020,2024-06-10,1,583000,15.0,495550.0,SP-01,Direct
S00105,H029,D047,2026-04-08,2,54851000,7.0,102022860.0,SP-11,Direct
S00106,H013,D022,2026-08-14,1,1549000,5.0,1471550.0,SP-04,Direct
S00107,H096,D010,2025-01-16,1,309000,2.0,302820.0,SP-03,Distributor
S00108,H033,D001,2025-09-02,5,1308000,5.0,6213000.0,SP-14,Direct
S00109,H084,D032,2025-01-07,5,7792000,10.0,35064000.0,SP-12,Direct
S00110,H093,D050,2024-12-08,3,2223000,0.0,6669000.0,SP-02,Distributor
S00111,H006,D048,2024-07-30,3,57909000,10.0,156354300.0,SP-24,Direct
S00112,H064,D018,2024-01-03,3,202000,15.0,515100.0,SP-22,Direct
S00113,H080,D004,2025-05-13,1,4885000,0.0,4885000.0,SP-10,Distributor
S00114,H032,D039,2025-12-30,1,29431000,5.0,27959450.0,SP-17,Direct
S00115,H062,D036,2024-04-01,5,1520000,5.0,7220000.0,SP-17,Distributor
S00116,H005,D036,2025-03-27,5,1609000,12.0,7079600.0,SP-07,Direct
S00117,H076,D060,2025-12-18,2,540000,5.0,1026000.0,SP-10,Distributor
S00118,H041,D024,2025-07-18,5,992000,10.0,4464000.0,SP-19,Direct
S00119,H019,D055,2025-04-11,2,474000,5.0,900600.0,SP-12,Direct
S00120,H010,D050,2025-11-01,1,2295000,7.0,2134350.0,SP-08,Direct
S00121,H081,D002,2026-01-24,1,5451000,10.0,4905900.0,SP-07,Distributor
S00122,H013,D011,2024-10-03,4,249000,0.0,996000.0,SP-08,Distributor
S00123,H075,D041,2026-02-11,1,27306000,7.0,25394580.0,SP-24,Direct
S00124,H026,D045,2025-09-19,1,42284000,5.0,40169800.0,SP-13,Distributor
S00125,H055,D024,2026-08-24,1,1028000,5.0,976600.0,SP-16,Direct
S00126,H094,D011,2026-05-07,4,256000,5.0,972800.0,SP-18,Distributor
S00127,H082,D030,2026-08-16,1,143000,2.0,140140.0,SP-24,Distributor
S00128,H098,D057,2026-01-17,1,435000,10.0,391500.0,SP-03,Direct
S00129,H070,D029,2024-11-02,1,125000,7.0,116250.0,SP-07,Direct
S00130,H041,D022,2024-08-07,1,1536000,10.0,1382400.0,SP-15,Direct
S00131,H004,D011,2024-08-23,1,263000,10.0,236700.0,SP-04,Distributor
S00132,H012,D037,2025-01-26,1,26989000,15.0,22940650.0,SP-24,Direct
S00133,H041,D010,2025-09-27,2,340000,15.0,578000.0,SP-02,Direct
S00134,H080,D036,2024-09-28,1,1596000,12.0,1404480.0,SP-12,Distributor
S00135,H058,D007,2024-09-01,1,398000,5.0,378100.0,SP-13,Distributor
S00136,H066,D048,2026-09-23,1,59706000,15.0,50750100.0,SP-03,Distributor
S00137,H012,D006,2024-06-27,5,5169000,5.0,24552750.0,SP-11,Direct
S00138,H068,D023,2024-12-20,3,1749000,10.0,4722300.0,SP-23,Direct
S00139,H040,D050,2024-06-17,1,2326000,10.0,2093400.0,SP-13,Distributor
S00140,H015,D017,2026-06-01,2,178000,0.0,356000.0,SP-08,Direct
S00141,H052,D033,2026-05-04,1,3308000,0.0,3308000.0,SP-20,Direct
S00142,H066,D021,2026-04-06,3,1656000,0.0,4968000.0,SP-02,Distributor
S00143,H056,D052,2025-03-01,2,1169000,10.0,2104200.0,SP-10,Distributor
S00144,H026,D036,2026-01-25,1,1609000,5.0,1528550.0,SP-18,Direct
S00145,H042,D028,2026-08-23,1,137000,2.0,134260.0,SP-03,Direct
S00146,H018,D021,2024-06-25,1,1699000,12.0,1495120.0,SP-18,Direct
S00147,H099,D060,2024-07-03,2,512000,5.0,972800.0,SP-22,Distributor
S00148,H088,D058,2024-07-12,2,201000,2.0,393960.0,SP-24,Distributor
S00149,H001,D018,2025-01-07,2,213000,7.0,396180.0,SP-18,Direct
S00150,H005,D032,2025-08-26,5,7430000,5.0,35292500.0,SP-08,Distributor
S00151,H011,D026,2026-01-27,4,53000,7.0,197160.0,SP-07,Direct
S00152,H032,D010,2025-07-20,2,310000,10.0,558000.0,SP-10,Direct
S00153,H060,D001,2026-04-23,5,1278000,7.0,5942700.0,SP-23,Direct
S00154,H048,D050,2026-07-28,4,2195000,0.0,8780000.0,SP-12,Direct
S00155,H031,D036,2025-02-20,3,1508000,2.0,4433520.0,SP-06,Direct
S00156,H018,D032,2024-05-15,1,7475000,12.0,6578000.0,SP-09,Direct
S00157,H053,D022,2025-02-24,1,1499000,2.0,1469020.0,SP-06,Distributor
S00158,H093,D002,2024-04-10,3,5063000,0.0,15189000.0,SP-12,Direct
S00159,H020,D038,2025-11-25,4,36751000,10.0,132303600.0,SP-14,Distributor
S00160,H005,D027,2025-02-06,1,122000,5.0,115900.0,SP-03,Distributor
S00161,H093,D035,2025-06-16,1,7610000,15.0,6468500.0,SP-13,Distributor
S00162,H039,D058,2025-02-03,4,191000,7.0,710520.0,SP-17,Direct
S00163,H099,D020,2025-08-02,1,567000,12.0,498960.0,SP-09,Direct
S00164,H044,D027,2025-09-27,4,122000,15.0,414800.0,SP-19,Direct
S00165,H028,D024,2024-10-19,2,987000,7.0,1835820.0,SP-17,Direct
S00166,H033,D023,2024-12-13,5,1626000,5.0,7723500.0,SP-08,Distributor
S00167,H097,D010,2026-01-31,1,326000,2.0,319480.0,SP-19,Direct
S00168,H083,D032,2026-07-20,5,7738000,7.0,35981700.0,SP-25,Distributor
S00169,H085,D004,2026-09-09,1,4859000,15.0,4130150.0,SP-01,Direct
S00170,H069,D057,2025-07-18,5,434000,0.0,2170000.0,SP-04,Direct
S00171,H021,D052,2026-07-29,2,1253000,0.0,2506000.0,SP-09,Distributor
S00172,H038,D060,2025-07-21,4,500000,2.0,1960000.0,SP-11,Direct
S00173,H022,D047,2026-03-06,2,57162000,15.0,97175400.0,SP-22,Direct
S00174,H060,D056,2026-05-31,5,458000,5.0,2175500.0,SP-10,Direct
S00175,H025,D049,2026-07-02,2,2538000,15.0,4314600.0,SP-11,Direct
S00176,H042,D008,2024-04-28,1,263000,10.0,236700.0,SP-02,Direct
S00177,H074,D018,2025-05-23,4,206000,0.0,824000.0,SP-12,Distributor
S00178,H017,D035,2025-11-02,2,7701000,5.0,14631900.0,SP-04,Direct
S00179,H097,D003,2025-07-30,2,1255000,2.0,2459800.0,SP-05,Direct
S00180,H010,D012,2026-08-09,2,178000,5.0,338200.0,SP-11,Direct
S00181,H059,D059,2024-12-27,2,697000,12.0,1226720.0,SP-11,Direct
S00182,H004,D022,2025-06-20,1,1550000,15.0,1317500.0,SP-17,Distributor
S00183,H055,D003,2024-11-08,1,1243000,12.0,1093840.0,SP-24,Distributor
S00184,H012,D055,2024-03-01,1,462000,12.0,406560.0,SP-19,Distributor
S00185,H088,D033,2026-09-20,2,3311000,5.0,6290900.0,SP-02,Distributor
S00186,H032,D018,2024-07-09,4,216000,2.0,846720.0,SP-05,Distributor
S00187,H013,D006,2025-09-13,3,5434000,12.0,14345760.0,SP-22,Distributor
S00188,H013,D038,2026-03-09,5,35776000,7.0,166358400.0,SP-25,Distributor
S00189,H044,D054,2026-05-15,3,1712000,5.0,4879200.0,SP-10,Direct
S00190,H040,D012,2024-03-31,1,177000,0.0,177000.0,SP-19,Distributor
S00191,H084,D027,2026-05-13,2,113000,0.0,226000.0,SP-06,Distributor
S00192,H022,D050,2025-06-01,1,2365000,15.0,2010250.0,SP-02,Direct
S00193,H036,D015,2024-05-29,1,184000,0.0,184000.0,SP-15,Distributor
S00194,H054,D016,2025-09-20,2,122000,2.0,239120.0,SP-22,Distributor
S00195,H063,D038,2025-04-18,5,34179000,5.0,162350250.0,SP-06,Direct
S00196,H095,D038,2025-01-14,4,35765000,10.0,128754000.0,SP-11,Direct
S00197,H019,D011,2026-03-22,2,253000,10.0,455400.0,SP-06,Distributor
S00198,H017,D055,2026-07-29,3,460000,2.0,1352400.0,SP-15,Direct
S00199,H004,D030,2024-04-09,2,144000,5.0,273600.0,SP-13,Direct
S00200,H043,D056,2024-03-08,5,464000,7.0,2157600.0,SP-18,Direct
S00201,H060,D039,2024-10-10,5,30110000,5.0,143022500.0,SP-12,Direct
S00202,H083,D049,2025-10-12,3,2493000,10.0,6731100.0,SP-12,Distributor
S00203,H078,D039,2026-02-20,2,29438000,5.0,55932200.0,SP-17,Distributor
S00204,H038,D043,2025-03-02,2,39771000,10.0,71587800.0,SP-02,Direct
S00205,H054,D045,2025-01-23,1,38906000,10.0,35015400.0,SP-05,Distributor
S00206,H075,D007,2026-06-17,1,381000,2.0,373380.0,SP-03,Direct
S00207,H029,D058,2024-07-08,1,199000,2.0,195020.0,SP-23,Distributor
S00208,H071,D011,2024-06-24,4,254000,5.0,965200.0,SP-21,Direct
S00209,H025,D009,2026-04-12,1,377000,0.0,377000.0,SP-18,Direct
S00210,H049,D026,2026-02-24,1,55000,10.0,49500.0,SP-06,Distributor
S00211,H028,D027,2024-08-20,1,113000,5.0,107350.0,SP-12,Direct
S00212,H025,D044,2026-01-24,5,76094000,5.0,361446500.0,SP-10,Direct
S00213,H071,D008,2025-06-25,1,248000,5.0,235600.0,SP-20,Distributor
S00214,H050,D022,2025-10-07,2,1556000,12.0,2738560.0,SP-12,Distributor
S00215,H084,D037,2026-02-02,5,27729000,10.0,124780500.0,SP-03,Direct
S00216,H048,D035,2025-05-11,2,7663000,5.0,14559700.0,SP-20,Distributor
S00217,H099,D034,2024-03-09,1,6878000,2.0,6740440.0,SP-22,Distributor
S00218,H088,D041,2026-06-12,1,26511000,5.0,25185450.0,SP-19,Direct
S00219,H063,D017,2025-09-09,5,186000,5.0,883500.0,SP-08,Direct
S00220,H020,D014,2024-02-28,3,214000,15.0,545700.0,SP-02,Distributor
S00221,H068,D051,2026-09-10,1,2332000,0.0,2332000.0,SP-07,Distributor
S00222,H015,D047,2025-11-11,1,53221000,10.0,47898900.0,SP-25,Distributor
S00223,H057,D017,2025-12-03,1,184000,5.0,174800.0,SP-07,Distributor
S00224,H078,D037,2025-01-14,2,27046000,12.0,47600960.0,SP-17,Direct
S00225,H037,D001,2026-06-20,5,1283000,0.0,6415000.0,SP-13,Distributor
S00226,H009,D047,2025-01-31,1,53958000,10.0,48562200.0,SP-06,Direct
S00227,H057,D012,2025-06-12,1,179000,5.0,170050.0,SP-17,Distributor
S00228,H099,D009,2025-02-17,1,390000,5.0,370500.0,SP-02,Distributor
S00229,H009,D015,2024-05-11,3,189000,0.0,567000.0,SP-06,Direct
S00230,H047,D025,2024-10-17,1,107000,10.0,96300.0,SP-14,Direct
S00231,H061,D049,2024-01-24,1,2420000,2.0,2371600.0,SP-24,Direct
S00232,H023,D056,2026-04-30,1,455000,5.0,432250.0,SP-03,Distributor
S00233,H044,D010,2025-09-08,4,338000,2.0,1324960.0,SP-22,Distributor
S00234,H023,D005,2024-02-20,2,4946000,12.0,8704960.0,SP-03,Distributor
S00235,H061,D038,2024-04-16,1,37169000,10.0,33452100.0,SP-19,Direct
S00236,H088,D004,2025-06-13,1,4975000,10.0,4477500.0,SP-05,Direct
S00237,H043,D045,2025-11-06,1,40392000,2.0,39584160.0,SP-13,Direct
S00238,H040,D052,2026-03-01,4,1188000,12.0,4181760.0,SP-20,Distributor
S00239,H026,D045,2025-03-31,2,41561000,2.0,81459560.0,SP-25,Distributor
S00240,H092,D049,2026-09-15,1,2545000,5.0,2417750.0,SP-17,Distributor
S00241,H023,D029,2024-04-07,1,132000,5.0,125400.0,SP-08,Distributor
S00242,H039,D037,2026-09-10,2,27289000,12.0,48028640.0,SP-07,Direct
S00243,H024,D047,2026-08-09,2,56437000,7.0,104972820.0,SP-01,Direct
S00244,H072,D056,2025-07-19,1,456000,5.0,433200.0,SP-12,Distributor
S00245,H076,D021,2026-05-20,1,1792000,5.0,1702400.0,SP-02,Distributor
S00246,H026,D033,2026-05-20,2,3456000,10.0,6220800.0,SP-08,Direct
S00247,H041,D013,2025-02-13,4,216000,2.0,846720.0,SP-01,Distributor
S00248,H072,D027,2025-09-30,1,118000,10.0,106200.0,SP-03,Direct
S00249,H007,D029,2026-04-20,2,132000,2.0,258720.0,SP-21,Direct
S00250,H058,D059,2024-05-21,1,715000,15.0,607750.0,SP-17,Direct
S00251,H083,D056,2024-07-07,1,457000,2.0,447860.0,SP-04,Direct
S00252,H099,D004,2024-03-15,1,4978000,0.0,4978000.0,SP-19,Distributor
S00253,H004,D035,2025-03-17,2,7716000,12.0,13580160.0,SP-14,Distributor
S00254,H045,D025,2024-12-13,3,100000,5.0,285000.0,SP-11,Direct
S00255,H043,D048,2025-11-22,1,61628000,2.0,60395440.0,SP-09,Distributor
S00256,H086,D039,2024-03-19,4,28420000,10.0,102312000.0,SP-19,Distributor
S00257,H066,D013,2024-09-06,5,224000,2.0,1097600.0,SP-08,Direct
S00258,H063,D018,2025-09-04,2,199000,7.0,370140.0,SP-09,Distributor
S00259,H056,D042,2024-02-21,3,34217000,0.0,102651000.0,SP-11,Direct
S00260,H023,D060,2025-03-18,1,504000,10.0,453600.0,SP-22,Direct
S00261,H004,D050,2024-03-23,3,2258000,5.0,6435300.0,SP-16,Distributor
S00262,H050,D056,2025-06-14,5,488000,7.0,2269200.0,SP-04,Direct
S00263,H067,D005,2025-07-13,2,5040000,15.0,8568000.0,SP-12,Distributor
S00264,H046,D031,2024-06-30,2,4619000,2.0,9053240.0,SP-15,Direct
S00265,H037,D001,2024-08-04,3,1260000,10.0,3402000.0,SP-15,Direct
S00266,H095,D007,2024-06-17,5,389000,7.0,1808850.0,SP-10,Direct
S00267,H029,D039,2026-08-06,3,30136000,2.0,88599840.0,SP-13,Distributor
S00268,H085,D030,2026-09-29,1,134000,2.0,131320.0,SP-09,Direct
S00269,H064,D016,2024-04-19,2,124000,15.0,210800.0,SP-14,Distributor
S00270,H086,D044,2026-07-25,1,78065000,2.0,76503700.0,SP-17,Direct
S00271,H094,D050,2026-07-11,1,2367000,15.0,2011950.0,SP-23,Distributor
S00272,H027,D058,2024-11-18,1,199000,7.0,185070.0,SP-05,Distributor
S00273,H042,D031,2025-03-01,1,4732000,10.0,4258800.0,SP-09,Direct
S00274,H019,D026,2026-05-03,2,52000,5.0,98800.0,SP-03,Direct
S00275,H018,D046,2024-09-13,1,64290000,5.0,61075500.0,SP-17,Direct
S00276,H007,D042,2024-02-25,1,32769000,7.0,30475170.0,SP-01,Direct
S00277,H052,D051,2025-01-19,2,2250000,5.0,4275000.0,SP-02,Distributor
S00278,H090,D038,2024-01-12,1,37047000,0.0,37047000.0,SP-09,Direct
S00279,H090,D033,2024-07-16,1,3403000,7.0,3164790.0,SP-15,Distributor
S00280,H050,D053,2024-10-28,2,923000,5.0,1753700.0,SP-19,Direct
S00281,H011,D014,2024-11-22,1,206000,10.0,185400.0,SP-11,Distributor
S00282,H062,D015,2026-02-18,2,194000,10.0,349200.0,SP-02,Direct
S00283,H063,D007,2026-05-18,2,378000,2.0,740880.0,SP-06,Direct
S00284,H042,D010,2024-06-26,1,338000,12.0,297440.0,SP-11,Distributor
S00285,H054,D013,2025-05-26,1,232000,15.0,197200.0,SP-01,Distributor
S00286,H098,D043,2026-06-28,1,39947000,15.0,33954950.0,SP-20,Distributor
S00287,H007,D005,2025-10-02,2,5002000,7.0,9303720.0,SP-15,Direct
S00288,H074,D040,2024-03-16,3,32149000,10.0,86802300.0,SP-14,Direct
S00289,H055,D029,2024-01-24,1,130000,15.0,110500.0,SP-10,Direct
S00290,H022,D023,2025-04-10,3,1733000,15.0,4419150.0,SP-03,Distributor
S00291,H066,D013,2025-08-15,1,217000,12.0,190960.0,SP-16,Distributor
S00292,H026,D008,2025-11-26,1,246000,15.0,209100.0,SP-12,Distributor
S00293,H086,D006,2026-01-27,1,5177000,0.0,5177000.0,SP-19,Direct
S00294,H034,D031,2026-04-29,1,4975000,7.0,4626750.0,SP-01,Distributor
S00295,H026,D027,2025-11-23,2,122000,0.0,244000.0,SP-13,Direct
S00296,H016,D017,2025-11-21,1,181000,0.0,181000.0,SP-12,Direct
S00297,H070,D009,2025-03-03,1,367000,7.0,341310.0,SP-01,Direct
S00298,H038,D019,2025-10-15,1,1103000,0.0,1103000.0,SP-12,Direct
S00299,H033,D015,2026-04-30,1,188000,10.0,169200.0,SP-14,Direct
S00300,H003,D009,2025-06-01,2,372000,5.0,706800.0,SP-19,Distributor
S00301,H084,D007,2024-09-05,5,400000,0.0,2000000.0,SP-20,Direct
S00302,H079,D047,2025-09-26,2,57256000,15.0,97335200.0,SP-19,Direct
S00303,H096,D003,2024-04-02,2,1281000,0.0,2562000.0,SP-25,Direct
S00304,H046,D005,2026-04-26,1,5033000,5.0,4781350.0,SP-04,Direct
S00305,H002,D059,2026-09-16,1,718000,0.0,718000.0,SP-07,Direct
S00306,H010,D003,2025-03-01,2,1302000,15.0,2213400.0,SP-25,Direct
S00307,H089,D059,2024-05-09,2,684000,12.0,1203840.0,SP-07,Distributor
S00308,H039,D052,2025-06-16,1,1180000,15.0,1003000.0,SP-18,Direct
S00309,H041,D019,2025-04-09,1,1179000,2.0,1155420.0,SP-05,Distributor
S00310,H027,D023,2024-12-22,2,1730000,5.0,3287000.0,SP-12,Direct
S00311,H011,D028,2024-02-12,4,130000,7.0,483600.0,SP-23,Direct
S00312,H004,D045,2025-05-11,2,39335000,0.0,78670000.0,SP-17,Direct
S00313,H030,D045,2024-05-31,4,40807000,15.0,138743800.0,SP-18,Distributor
S00314,H100,D042,2024-12-08,2,34463000,0.0,68926000.0,SP-21,Direct
S00315,H045,D032,2025-08-30,2,7933000,0.0,15866000.0,SP-07,Direct
S00316,H011,D057,2024-08-29,3,405000,2.0,1190700.0,SP-09,Direct
S00317,H092,D017,2024-12-09,1,182000,5.0,172900.0,SP-09,Direct
S00318,H003,D037,2024-07-21,1,29189000,10.0,26270100.0,SP-09,Direct
S00319,H080,D056,2024-03-09,2,490000,5.0,931000.0,SP-20,Distributor
S00320,H090,D029,2025-03-12,1,131000,10.0,117900.0,SP-20,Distributor
S00321,H050,D019,2024-02-06,1,1189000,15.0,1010650.0,SP-03,Distributor
S00322,H004,D009,2026-02-12,3,379000,10.0,1023300.0,SP-13,Direct
S00323,H076,D052,2025-10-23,1,1163000,5.0,1104850.0,SP-12,Direct
S00324,H040,D059,2025-03-02,4,672000,12.0,2365440.0,SP-22,Direct
S00325,H076,D054,2025-04-14,1,1705000,5.0,1619750.0,SP-07,Direct
S00326,H016,D003,2024-12-19,3,1291000,7.0,3601890.0,SP-13,Direct
S00327,H067,D050,2025-08-03,5,2363000,10.0,10633500.0,SP-21,Direct
S00328,H053,D056,2024-06-19,2,481000,10.0,865800.0,SP-08,Distributor
S00329,H095,D016,2024-09-18,1,121000,7.0,112530.0,SP-02,Direct
S00330,H082,D011,2024-03-08,1,248000,5.0,235600.0,SP-02,Direct
S00331,H040,D040,2024-09-18,5,30109000,12.0,132479600.0,SP-09,Direct
S00332,H072,D021,2025-03-20,2,1649000,0.0,3298000.0,SP-19,Direct
S00333,H032,D060,2026-07-13,4,539000,5.0,2048200.0,SP-03,Direct
S00334,H093,D036,2026-08-09,2,1548000,5.0,2941200.0,SP-18,Direct
S00335,H031,D028,2025-04-24,1,130000,12.0,114400.0,SP-18,Direct
S00336,H004,D036,2025-10-18,1,1595000,5.0,1515250.0,SP-12,Distributor
S00337,H089,D006,2026-05-03,3,5003000,12.0,13207920.0,SP-09,Direct
S00338,H054,D053,2024-10-25,2,924000,0.0,1848000.0,SP-14,Direct
S00339,H019,D016,2024-11-27,1,120000,2.0,117600.0,SP-10,Direct
S00340,H054,D042,2026-02-13,5,34696000,5.0,164806000.0,SP-07,Direct
S00341,H013,D058,2025-12-14,5,189000,10.0,850500.0,SP-11,Distributor
S00342,H099,D033,2025-04-05,4,3349000,0.0,13396000.0,SP-01,Distributor
S00343,H003,D008,2025-08-23,2,264000,10.0,475200.0,SP-16,Direct
S00344,H076,D027,2026-04-25,2,112000,12.0,197120.0,SP-03,Direct
S00345,H016,D034,2024-01-21,4,6631000,7.0,24667320.0,SP-05,Direct
S00346,H071,D043,2024-07-24,1,41276000,0.0,41276000.0,SP-18,Direct
S00347,H028,D046,2025-08-12,1,67782000,15.0,57614700.0,SP-16,Direct
S00348,H030,D037,2024-02-09,3,26578000,10.0,71760600.0,SP-23,Distributor
S00349,H099,D001,2024-08-29,5,1317000,10.0,5926500.0,SP-13,Direct
S00350,H033,D006,2025-06-07,4,5240000,5.0,19912000.0,SP-16,Distributor
S00351,H083,D054,2026-02-04,1,1665000,5.0,1581750.0,SP-09,Direct
S00352,H018,D017,2026-02-06,1,193000,5.0,183350.0,SP-22,Direct
S00353,H003,D002,2025-02-02,1,5139000,0.0,5139000.0,SP-25,Direct
S00354,H020,D008,2025-07-29,1,257000,5.0,244150.0,SP-04,Distributor
S00355,H031,D023,2024-07-30,1,1726000,5.0,1639700.0,SP-22,Direct
S00356,H057,D034,2024-03-10,2,6399000,0.0,12798000.0,SP-13,Direct
S00357,H001,D044,2025-12-11,3,80639000,0.0,241917000.0,SP-21,Direct
S00358,H003,D019,2024-02-26,4,1128000,12.0,3970560.0,SP-12,Direct
S00359,H029,D033,2026-06-11,4,3329000,5.0,12650200.0,SP-25,Direct
S00360,H084,D035,2024-02-21,5,7903000,5.0,37539250.0,SP-03,Distributor
S00361,H077,D040,2024-12-17,1,30665000,5.0,29131750.0,SP-14,Direct
S00362,H033,D026,2024-11-02,3,53000,2.0,155820.0,SP-02,Distributor
S00363,H022,D009,2026-08-28,2,382000,0.0,764000.0,SP-22,Direct
S00364,H016,D027,2024-01-09,2,120000,0.0,240000.0,SP-05,Direct
S00365,H034,D060,2024-12-10,3,522000,0.0,1566000.0,SP-19,Direct
S00366,H002,D034,2025-08-20,1,6524000,15.0,5545400.0,SP-10,Direct
S00367,H040,D012,2025-11-25,2,178000,7.0,331080.0,SP-19,Distributor
S00368,H081,D024,2024-09-05,1,971000,7.0,903030.0,SP-22,Distributor
S00369,H054,D020,2024-07-16,3,557000,15.0,1420350.0,SP-14,Direct
S00370,H011,D021,2024-08-25,1,1642000,7.0,1527060.0,SP-22,Direct
S00371,H010,D056,2024-06-02,1,458000,10.0,412200.0,SP-23,Distributor
S00372,H007,D007,2025-11-25,1,406000,7.0,377580.0,SP-02,Distributor
S00373,H088,D050,2024-07-10,2,2302000,5.0,4373800.0,SP-24,Direct
S00374,H067,D012,2025-03-14,1,181000,10.0,162900.0,SP-13,Direct
S00375,H070,D010,2024-02-28,2,327000,5.0,621300.0,SP-02,Direct
S00376,H059,D052,2025-08-10,3,1245000,7.0,3473550.0,SP-05,Distributor
S00377,H080,D039,2026-02-19,2,29276000,7.0,54453360.0,SP-03,Direct
S00378,H053,D051,2026-05-26,5,2171000,10.0,9769500.0,SP-10,Direct
S00379,H002,D036,2026-08-22,3,1585000,12.0,4184400.0,SP-15,Direct
S00380,H045,D044,2026-05-17,4,77997000,10.0,280789200.0,SP-07,Direct
S00381,H079,D023,2026-07-11,1,1673000,2.0,1639540.0,SP-24,Direct
S00382,H024,D060,2024-04-16,5,533000,5.0,2531750.0,SP-22,Distributor
S00383,H081,D024,2026-06-23,4,1001000,0.0,4004000.0,SP-24,Direct
S00384,H006,D012,2026-07-15,5,173000,12.0,761200.0,SP-25,Direct
S00385,H075,D034,2025-09-21,4,6376000,5.0,24228800.0,SP-18,Distributor
S00386,H083,D030,2024-10-05,3,143000,0.0,429000.0,SP-17,Direct
S00387,H079,D057,2026-05-25,2,421000,5.0,799900.0,SP-03,Direct
S00388,H024,D043,2026-04-19,1,38673000,0.0,38673000.0,SP-23,Direct
S00389,H036,D033,2026-02-13,1,3285000,7.0,3055050.0,SP-16,Distributor
S00390,H016,D027,2026-07-06,5,121000,12.0,532400.0,SP-07,Distributor
S00391,H062,D038,2024-02-05,2,33917000,10.0,61050600.0,SP-24,Direct
S00392,H079,D011,2025-01-13,1,255000,0.0,255000.0,SP-08,Direct
S00393,H052,D031,2026-06-09,1,4825000,2.0,4728500.0,SP-10,Distributor
S00394,H018,D027,2024-11-16,2,118000,2.0,231280.0,SP-07,Distributor
S00395,H076,D030,2026-09-23,5,140000,2.0,686000.0,SP-01,Direct
S00396,H047,D016,2024-02-01,4,120000,7.0,446400.0,SP-03,Direct
S00397,H068,D045,2025-12-29,2,38547000,5.0,73239300.0,SP-03,Distributor
S00398,H100,D005,2024-01-16,1,5168000,7.0,4806240.0,SP-12,Direct
S00399,H016,D050,2026-07-21,2,2339000,10.0,4210200.0,SP-04,Distributor
S00400,H003,D023,2026-04-19,1,1643000,0.0,1643000.0,SP-09,Direct
S00401,H087,D001,2024-03-28,1,1315000,0.0,1315000.0,SP-11,Distributor
S00402,H090,D039,2025-10-17,4,28385000,0.0,113540000.0,SP-19,Direct
S00403,H038,D055,2025-03-14,1,500000,15.0,425000.0,SP-11,Distributor
S00404,H046,D032,2026-01-26,3,7342000,0.0,22026000.0,SP-12,Direct
S00405,H079,D037,2026-07-13,2,28902000,5.0,54913800.0,SP-21,Direct
S00406,H078,D019,2024-09-29,1,1124000,5.0,1067800.0,SP-10,Distributor
S00407,H092,D052,2024-12-18,5,1273000,12.0,5601200.0,SP-06,Distributor
S00408,H058,D055,2025-02-28,1,471000,7.0,438030.0,SP-02,Direct
S00409,H100,D018,2025-06-29,1,214000,5.0,203300.0,SP-16,Direct
S00410,H043,D012,2025-04-11,1,178000,2.0,174440.0,SP-10,Distributor
S00411,H083,D012,2024-09-22,3,179000,7.0,499410.0,SP-08,Distributor
S00412,H073,D021,2026-03-12,5,1775000,10.0,7987500.0,SP-02,Direct
S00413,H024,D060,2026-07-03,4,515000,10.0,1854000.0,SP-24,Direct
S00414,H057,D025,2024-04-16,2,106000,2.0,207760.0,SP-18,Direct
S00415,H057,D024,2025-01-27,1,1021000,5.0,969950.0,SP-23,Direct
S00416,H058,D045,2025-04-14,1,40170000,7.0,37358100.0,SP-08,Direct
S00417,H031,D024,2026-02-26,2,988000,5.0,1877200.0,SP-21,Distributor
S00418,H035,D004,2026-03-14,2,4656000,12.0,8194560.0,SP-03,Direct
S00419,H079,D035,2024-06-20,3,7741000,2.0,22758540.0,SP-07,Direct
S00420,H095,D010,2025-01-17,1,340000,12.0,299200.0,SP-13,Direct
S00421,H081,D053,2026-07-28,4,926000,0.0,3704000.0,SP-22,Distributor
S00422,H054,D041,2025-01-24,1,27328000,10.0,24595200.0,SP-01,Distributor
S00423,H032,D029,2026-03-15,1,129000,0.0,129000.0,SP-25,Direct
S00424,H025,D019,2024-05-20,4,1127000,12.0,3967040.0,SP-09,Distributor
S00425,H041,D031,2026-07-15,1,4817000,7.0,4479810.0,SP-21,Direct
S00426,H042,D041,2024-06-17,1,27527000,10.0,24774300.0,SP-08,Direct
S00427,H052,D009,2024-07-17,5,367000,0.0,1835000.0,SP-14,Direct
S00428,H028,D034,2025-04-06,2,6704000,2.0,13139840.0,SP-07,Direct
S00429,H099,D043,2024-08-01,1,38469000,12.0,33852720.0,SP-20,Direct
S00430,H079,D029,2024-07-26,1,127000,2.0,124460.0,SP-25,Direct
S00431,H004,D002,2025-07-23,3,5045000,12.0,13318800.0,SP-23,Distributor
S00432,H087,D055,2025-12-02,2,480000,10.0,864000.0,SP-11,Distributor
S00433,H062,D040,2025-08-16,1,29760000,5.0,28272000.0,SP-24,Direct
S00434,H068,D006,2026-04-24,1,5016000,15.0,4263600.0,SP-08,Distributor
S00435,H016,D048,2025-10-20,1,58752000,10.0,52876800.0,SP-17,Direct
S00436,H026,D007,2024-05-15,2,380000,0.0,760000.0,SP-03,Direct
S00437,H032,D039,2025-12-17,1,29508000,10.0,26557200.0,SP-14,Distributor
S00438,H039,D028,2026-04-19,2,136000,0.0,272000.0,SP-06,Distributor
S00439,H009,D060,2025-06-20,2,510000,7.0,948600.0,SP-17,Distributor
S00440,H100,D021,2025-05-09,1,1732000,0.0,1732000.0,SP-16,Direct
S00441,H064,D008,2026-06-26,1,247000,10.0,222300.0,SP-05,Direct
S00442,H088,D013,2025-11-27,1,212000,0.0,212000.0,SP-12,Direct
S00443,H077,D034,2026-01-26,2,6964000,5.0,13231600.0,SP-08,Distributor
S00444,H006,D037,2026-08-17,4,28496000,15.0,96886400.0,SP-02,Direct
S00445,H084,D028,2026-05-13,4,130000,10.0,468000.0,SP-12,Direct
S00446,H083,D013,2025-11-17,3,225000,7.0,627750.0,SP-13,Direct
S00447,H062,D017,2025-06-30,1,184000,10.0,165600.0,SP-11,Direct
S00448,H021,D046,2025-08-13,1,63548000,2.0,62277040.0,SP-02,Direct
S00449,H063,D047,2025-02-17,1,56358000,5.0,53540100.0,SP-09,Distributor
S00450,H094,D017,2025-10-25,2,189000,5.0,359100.0,SP-01,Direct
S00451,H069,D028,2025-02-20,2,128000,5.0,243200.0,SP-11,Direct
S00452,H042,D051,2025-07-13,2,2159000,15.0,3670300.0,SP-19,Direct
S00453,H002,D038,2026-06-03,1,34277000,2.0,33591460.0,SP-06,Direct
S00454,H041,D009,2025-06-15,1,362000,0.0,362000.0,SP-05,Direct
S00455,H031,D006,2025-02-15,1,5046000,7.0,4692780.0,SP-01,Distributor
S00456,H011,D024,2024-05-07,3,1038000,0.0,3114000.0,SP-15,Direct
S00457,H055,D038,2025-02-09,5,37296000,0.0,186480000.0,SP-06,Distributor
S00458,H043,D034,2025-01-20,1,6452000,15.0,5484200.0,SP-11,Direct
S00459,H067,D060,2025-02-13,2,494000,15.0,839800.0,SP-24,Direct
S00460,H071,D037,2024-05-29,4,28315000,7.0,105331800.0,SP-03,Direct
S00461,H083,D028,2024-10-05,1,127000,12.0,111760.0,SP-18,Distributor
S00462,H001,D034,2024-06-10,4,6393000,10.0,23014800.0,SP-05,Distributor
S00463,H042,D036,2025-05-31,2,1601000,5.0,3041900.0,SP-15,Direct
S00464,H057,D055,2026-06-04,3,477000,10.0,1287900.0,SP-19,Direct
S00465,H092,D020,2026-04-16,1,589000,0.0,589000.0,SP-06,Distributor
S00466,H017,D060,2024-10-11,2,508000,5.0,965200.0,SP-14,Distributor
S00467,H065,D048,2024-07-07,4,61242000,0.0,244968000.0,SP-04,Distributor
S00468,H052,D048,2024-12-03,1,56728000,0.0,56728000.0,SP-09,Distributor
S00469,H015,D015,2026-01-16,4,182000,15.0,618800.0,SP-15,Direct
S00470,H055,D056,2024-11-17,1,480000,2.0,470400.0,SP-25,Direct
S00471,H020,D011,2026-07-27,2,265000,0.0,530000.0,SP-13,Distributor
S00472,H066,D012,2025-12-13,3,179000,10.0,483300.0,SP-05,Direct
S00473,H075,D037,2026-01-18,1,26641000,7.0,24776130.0,SP-07,Direct
S00474,H055,D058,2024-06-09,5,204000,7.0,948600.0,SP-24,Direct
S00475,H092,D050,2026-04-07,2,2252000,7.0,4188720.0,SP-17,Direct
S00476,H098,D052,2024-04-08,3,1229000,12.0,3244560.0,SP-12,Distributor
S00477,H007,D015,2025-06-20,1,192000,10.0,172800.0,SP-03,Direct
S00478,H076,D046,2024-10-21,1,68137000,12.0,59960560.0,SP-12,Direct
S00479,H088,D042,2025-08-07,3,33007000,15.0,84167850.0,SP-09,Direct
S00480,H040,D024,2026-01-15,1,998000,5.0,948100.0,SP-05,Direct
S00481,H039,D019,2025-10-05,1,1170000,12.0,1029600.0,SP-10,Distributor
S00482,H007,D023,2024-09-11,1,1775000,2.0,1739500.0,SP-04,Direct
S00483,H092,D043,2026-06-20,1,40282000,2.0,39476360.0,SP-10,Distributor
S00484,H077,D041,2025-03-25,2,28032000,10.0,50457600.0,SP-05,Distributor
S00485,H069,D028,2025-05-04,5,138000,2.0,676200.0,SP-03,Distributor
S00486,H079,D002,2025-09-09,2,5324000,5.0,10115600.0,SP-05,Direct
S00487,H051,D010,2024-05-19,1,322000,7.0,299460.0,SP-07,Distributor
S00488,H038,D020,2025-03-23,1,544000,5.0,516800.0,SP-04,Direct
S00489,H032,D044,2025-06-25,1,80278000,15.0,68236300.0,SP-19,Distributor
S00490,H091,D001,2024-12-04,2,1335000,7.0,2483100.0,SP-20,Direct
S00491,H023,D017,2026-04-02,1,190000,7.0,176700.0,SP-20,Direct
S00492,H021,D056,2025-03-31,2,497000,7.0,924420.0,SP-10,Distributor
S00493,H018,D053,2026-06-24,4,933000,15.0,3172200.0,SP-02,Direct
S00494,H040,D020,2024-09-15,2,587000,0.0,1174000.0,SP-06,Distributor
S00495,H071,D012,2025-08-04,3,176000,7.0,491040.0,SP-09,Distributor
S00496,H019,D027,2026-07-30,1,114000,5.0,108300.0,SP-10,Distributor
S00497,H001,D043,2026-02-04,2,38408000,7.0,71438880.0,SP-17,Direct
S00498,H028,D060,2024-06-11,2,508000,5.0,965200.0,SP-20,Direct
S00499,H069,D028,2025-09-18,1,128000,7.0,119040.0,SP-18,Distributor
S00500,H043,D008,2026-06-23,1,243000,0.0,243000.0,SP-07,Distributor
S00501,H058,D044,2024-02-08,4,79979000,0.0,319916000.0,SP-10,Direct
S00502,H018,D036,2026-09-26,2,1621000,0.0,3242000.0,SP-11,Distributor
S00503,H007,D039,2024-12-04,3,28065000,12.0,74091600.0,SP-01,Direct
S00504,H036,D019,2024-05-04,4,1139000,2.0,4464880.0,SP-02,Direct
S00505,H079,D005,2024-04-30,5,5284000,5.0,25099000.0,SP-25,Direct
S00506,H072,D004,2025-08-26,1,4629000,10.0,4166100.0,SP-02,Direct
S00507,H081,D012,2024-06-23,2,176000,15.0,299200.0,SP-18,Distributor
S00508,H068,D029,2024-02-10,1,126000,12.0,110880.0,SP-18,Direct
S00509,H063,D001,2026-04-09,5,1320000,2.0,6468000.0,SP-05,Direct
S00510,H009,D060,2025-12-30,5,499000,12.0,2195600.0,SP-15,Direct
S00511,H061,D018,2024-08-05,1,210000,7.0,195300.0,SP-17,Direct
S00512,H056,D016,2024-04-04,2,123000,0.0,246000.0,SP-14,Distributor
S00513,H082,D046,2026-05-01,5,69229000,7.0,321914850.0,SP-11,Direct
S00514,H007,D015,2024-04-19,1,187000,0.0,187000.0,SP-05,Distributor
S00515,H098,D043,2024-09-12,2,40724000,0.0,81448000.0,SP-09,Direct
S00516,H029,D050,2024-11-27,1,2328000,2.0,2281440.0,SP-01,Distributor
S00517,H019,D046,2025-04-12,1,67579000,10.0,60821100.0,SP-05,Distributor
S00518,H049,D021,2025-03-17,1,1719000,0.0,1719000.0,SP-10,Direct
S00519,H002,D006,2024-08-31,1,5079000,15.0,4317150.0,SP-09,Direct
S00520,H090,D040,2025-07-19,5,30460000,12.0,134024000.0,SP-04,Direct
S00521,H030,D007,2024-10-29,1,411000,10.0,369900.0,SP-12,Distributor
S00522,H056,D031,2024-09-29,1,4591000,5.0,4361450.0,SP-07,Direct
S00523,H081,D049,2024-01-05,1,2397000,7.0,2229210.0,SP-02,Distributor
S00524,H008,D018,2025-04-23,1,200000,5.0,190000.0,SP-13,Distributor
S00525,H035,D012,2024-11-09,5,181000,0.0,905000.0,SP-15,Distributor
S00526,H071,D042,2025-12-07,2,34341000,10.0,61813800.0,SP-11,Direct
S00527,H096,D033,2024-02-04,1,3175000,10.0,2857500.0,SP-07,Direct
S00528,H020,D010,2025-10-03,4,322000,7.0,1197840.0,SP-01,Direct
S00529,H047,D006,2025-07-01,1,5230000,10.0,4707000.0,SP-13,Direct
S00530,H097,D001,2026-01-29,1,1318000,5.0,1252100.0,SP-04,Distributor
S00531,H048,D002,2024-03-26,1,5523000,2.0,5412540.0,SP-18,Direct
S00532,H007,D056,2024-01-26,1,456000,7.0,424080.0,SP-03,Distributor
S00533,H054,D057,2025-05-02,2,415000,7.0,771900.0,SP-02,Distributor
S00534,H011,D053,2024-03-26,1,891000,5.0,846450.0,SP-25,Distributor
S00535,H015,D027,2026-07-24,4,121000,7.0,450120.0,SP-11,Distributor
S00536,H051,D054,2024-08-11,2,1681000,15.0,2857700.0,SP-18,Direct
S00537,H046,D002,2025-07-18,1,5276000,5.0,5012200.0,SP-23,Direct
S00538,H053,D055,2024-12-07,1,463000,12.0,407440.0,SP-05,Direct
S00539,H046,D007,2026-06-05,3,399000,10.0,1077300.0,SP-20,Direct
S00540,H004,D054,2024-04-26,2,1690000,0.0,3380000.0,SP-06,Direct
S00541,H057,D030,2024-06-23,2,140000,5.0,266000.0,SP-17,Direct
S00542,H035,D011,2025-08-10,1,250000,7.0,232500.0,SP-18,Distributor
S00543,H033,D020,2024-01-03,2,558000,0.0,1116000.0,SP-23,Direct
S00544,H086,D053,2024-06-12,1,929000,5.0,882550.0,SP-16,Distributor
S00545,H053,D001,2024-05-19,2,1293000,15.0,2198100.0,SP-22,Distributor
S00546,H056,D040,2024-07-22,2,31226000,10.0,56206800.0,SP-24,Direct
S00547,H015,D057,2024-08-29,1,433000,0.0,433000.0,SP-25,Direct
S00548,H075,D015,2026-07-19,4,183000,0.0,732000.0,SP-02,Distributor
S00549,H086,D042,2025-05-14,1,34477000,12.0,30339760.0,SP-23,Distributor
S00550,H082,D049,2025-06-01,1,2512000,2.0,2461760.0,SP-19,Distributor
S00551,H100,D007,2025-04-20,1,378000,5.0,359100.0,SP-08,Direct
S00552,H063,D027,2026-02-28,1,121000,0.0,121000.0,SP-08,Direct
S00553,H028,D052,2024-12-20,2,1176000,5.0,2234400.0,SP-14,Direct
S00554,H088,D053,2026-07-16,3,942000,12.0,2486880.0,SP-05,Distributor
S00555,H045,D034,2026-09-21,1,6725000,0.0,6725000.0,SP-09,Direct
S00556,H001,D027,2025-08-21,2,114000,2.0,223440.0,SP-02,Direct
S00557,H011,D003,2025-12-03,4,1325000,5.0,5035000.0,SP-19,Direct
S00558,H083,D057,2025-11-25,1,403000,7.0,374790.0,SP-01,Distributor
S00559,H064,D003,2024-01-31,4,1354000,15.0,4603600.0,SP-01,Distributor
S00560,H046,D016,2026-03-03,2,116000,0.0,232000.0,SP-19,Distributor
S00561,H008,D046,2026-03-08,2,65167000,5.0,123817300.0,SP-25,Direct
S00562,H045,D031,2025-07-08,4,4837000,5.0,18380600.0,SP-18,Distributor
S00563,H043,D026,2024-10-11,5,54000,15.0,229500.0,SP-12,Distributor
S00564,H084,D005,2025-07-19,5,5168000,10.0,23256000.0,SP-06,Distributor
S00565,H080,D041,2026-09-23,1,27006000,5.0,25655700.0,SP-01,Distributor
S00566,H062,D032,2024-05-09,1,7774000,10.0,6996600.0,SP-19,Direct
S00567,H042,D046,2025-01-21,4,66877000,5.0,254132600.0,SP-01,Distributor
S00568,H072,D059,2025-07-23,1,709000,5.0,673550.0,SP-16,Direct
S00569,H052,D041,2024-09-02,5,28065000,10.0,126292500.0,SP-25,Distributor
S00570,H076,D054,2025-09-03,5,1726000,0.0,8630000.0,SP-21,Direct
S00571,H061,D046,2026-03-13,4,65631000,0.0,262524000.0,SP-13,Direct
S00572,H011,D041,2024-06-03,5,26731000,12.0,117616400.0,SP-13,Direct
S00573,H003,D003,2024-10-26,2,1328000,0.0,2656000.0,SP-20,Direct
S00574,H060,D043,2024-06-04,4,41279000,5.0,156860200.0,SP-19,Distributor
S00575,H045,D033,2025-02-27,1,3319000,5.0,3153050.0,SP-13,Distributor
S00576,H012,D010,2026-05-05,1,326000,12.0,286880.0,SP-08,Direct
S00577,H029,D021,2025-06-22,1,1716000,10.0,1544400.0,SP-24,Distributor
S00578,H052,D026,2025-12-14,2,56000,5.0,106400.0,SP-23,Distributor
S00579,H033,D012,2025-07-21,4,172000,12.0,605440.0,SP-21,Direct
S00580,H077,D011,2024-05-21,5,253000,5.0,1201750.0,SP-08,Direct
S00581,H015,D020,2024-06-04,4,575000,2.0,2254000.0,SP-02,Distributor
S00582,H080,D038,2025-02-07,2,37087000,10.0,66756600.0,SP-23,Direct
S00583,H012,D049,2025-03-23,2,2459000,10.0,4426200.0,SP-21,Direct
S00584,H081,D014,2024-03-28,2,227000,0.0,454000.0,SP-15,Distributor
S00585,H032,D053,2024-09-22,5,917000,5.0,4355750.0,SP-04,Direct
S00586,H023,D060,2026-07-28,1,499000,0.0,499000.0,SP-07,Direct
S00587,H026,D015,2025-06-03,1,187000,7.0,173910.0,SP-16,Distributor
S00588,H061,D055,2025-11-28,2,463000,5.0,879700.0,SP-22,Distributor
S00589,H051,D020,2024-05-28,2,559000,2.0,1095640.0,SP-21,Distributor
S00590,H057,D021,2026-06-07,3,1740000,10.0,4698000.0,SP-04,Direct
S00591,H076,D012,2025-04-19,5,171000,7.0,795150.0,SP-15,Direct
S00592,H083,D035,2024-08-05,1,7637000,10.0,6873300.0,SP-17,Direct
S00593,H012,D017,2025-11-05,4,177000,0.0,708000.0,SP-19,Direct
S00594,H039,D015,2024-09-05,1,186000,12.0,163680.0,SP-24,Direct
S00595,H055,D013,2025-05-19,1,213000,5.0,202350.0,SP-04,Direct
S00596,H088,D041,2024-02-27,2,27854000,2.0,54593840.0,SP-12,Distributor
S00597,H040,D054,2024-12-01,1,1670000,5.0,1586500.0,SP-04,Direct
S00598,H058,D007,2024-12-27,4,388000,7.0,1443360.0,SP-01,Distributor
S00599,H079,D021,2024-10-26,4,1728000,5.0,6566400.0,SP-07,Direct
S00600,H074,D004,2024-06-20,1,4816000,5.0,4575200.0,SP-03,Direct
S00601,H060,D012,2024-12-17,1,175000,15.0,148750.0,SP-10,Direct
S00602,H061,D015,2024-04-02,2,195000,7.0,362700.0,SP-25,Direct
S00603,H060,D026,2026-01-18,1,53000,0.0,53000.0,SP-23,Direct
S00604,H058,D026,2025-11-18,5,52000,0.0,260000.0,SP-17,Distributor
S00605,H082,D020,2024-07-03,1,582000,10.0,523800.0,SP-19,Distributor
S00606,H076,D035,2026-05-05,4,7785000,12.0,27403200.0,SP-11,Distributor
S00607,H059,D049,2025-11-10,2,2515000,7.0,4677900.0,SP-22,Direct
S00608,H082,D044,2026-03-13,4,75910000,15.0,258094000.0,SP-15,Distributor
S00609,H055,D043,2025-10-24,5,40038000,12.0,176167200.0,SP-15,Direct
S00610,H098,D044,2024-09-13,1,80125000,10.0,72112500.0,SP-20,Direct
S00611,H047,D027,2024-01-15,1,117000,12.0,102960.0,SP-03,Distributor
S00612,H026,D013,2026-05-29,4,216000,5.0,820800.0,SP-22,Direct
S00613,H076,D006,2025-01-09,2,5171000,10.0,9307800.0,SP-09,Direct
S00614,H028,D017,2026-07-20,1,194000,0.0,194000.0,SP-12,Direct
S00615,H032,D020,2026-04-16,1,578000,0.0,578000.0,SP-13,Direct
S00616,H067,D014,2025-09-25,1,226000,15.0,192100.0,SP-11,Distributor
S00617,H047,D041,2025-09-12,4,27314000,5.0,103793200.0,SP-02,Distributor
S00618,H097,D007,2024-03-26,2,413000,12.0,726880.0,SP-11,Direct
S00619,H069,D014,2026-07-19,5,208000,15.0,884000.0,SP-09,Distributor
S00620,H023,D001,2024-11-22,3,1276000,0.0,3828000.0,SP-03,Distributor
S00621,H055,D034,2024-01-16,2,6628000,10.0,11930400.0,SP-07,Direct
S00622,H021,D017,2024-11-09,1,176000,0.0,176000.0,SP-02,Distributor
S00623,H079,D010,2026-07-29,2,334000,15.0,567800.0,SP-15,Direct
S00624,H057,D053,2024-03-02,1,926000,5.0,879700.0,SP-25,Direct
S00625,H015,D026,2025-02-22,3,55000,12.0,145200.0,SP-16,Direct
S00626,H004,D034,2025-12-26,2,6532000,7.0,12149520.0,SP-04,Distributor
S00627,H064,D020,2026-02-26,2,568000,5.0,1079200.0,SP-11,Direct
S00628,H030,D018,2025-03-17,1,197000,10.0,177300.0,SP-20,Direct
S00629,H036,D048,2024-03-11,3,60510000,7.0,168822900.0,SP-16,Distributor
S00630,H051,D054,2026-01-05,1,1674000,10.0,1506600.0,SP-02,Direct
S00631,H051,D017,2025-03-21,1,183000,5.0,173850.0,SP-16,Direct
S00632,H081,D023,2025-03-15,1,1624000,10.0,1461600.0,SP-01,Direct
S00633,H089,D029,2025-07-11,3,133000,5.0,379050.0,SP-09,Direct
S00634,H026,D001,2025-09-14,1,1304000,5.0,1238800.0,SP-22,Direct
S00635,H082,D013,2024-07-26,1,220000,15.0,187000.0,SP-01,Distributor
S00636,H002,D009,2025-02-24,4,390000,10.0,1404000.0,SP-12,Direct
S00637,H029,D043,2024-03-27,5,41665000,0.0,208325000.0,SP-22,Distributor
S00638,H026,D026,2024-05-23,2,54000,10.0,97200.0,SP-18,Distributor
S00639,H095,D032,2026-05-25,2,7535000,5.0,14316500.0,SP-04,Direct
S00640,H015,D026,2026-03-24,3,54000,10.0,145800.0,SP-03,Distributor
S00641,H010,D023,2025-11-26,4,1702000,12.0,5991040.0,SP-21,Direct
S00642,H048,D002,2026-05-18,4,5209000,5.0,19794200.0,SP-05,Direct
S00643,H093,D019,2025-05-06,2,1150000,10.0,2070000.0,SP-06,Distributor
S00644,H035,D011,2026-07-15,1,256000,2.0,250880.0,SP-07,Distributor
S00645,H010,D033,2026-03-05,1,3339000,12.0,2938320.0,SP-15,Direct
S00646,H004,D043,2025-05-14,2,39129000,2.0,76692840.0,SP-08,Direct
S00647,H080,D039,2026-04-03,1,28070000,0.0,28070000.0,SP-05,Direct
S00648,H018,D050,2026-06-04,1,2167000,2.0,2123660.0,SP-22,Direct
S00649,H012,D053,2026-01-23,1,977000,15.0,830450.0,SP-18,Direct
S00650,H060,D003,2026-09-20,1,1251000,15.0,1063350.0,SP-02,Direct
S00651,H053,D024,2026-07-24,1,969000,10.0,872100.0,SP-09,Direct
S00652,H050,D026,2024-06-07,2,52000,5.0,98800.0,SP-16,Direct
S00653,H100,D058,2025-09-20,2,190000,2.0,372400.0,SP-06,Direct
S00654,H014,D040,2025-05-10,3,29806000,7.0,83158740.0,SP-15,Direct
S00655,H021,D027,2025-03-12,1,112000,5.0,106400.0,SP-06,Direct
S00656,H100,D004,2026-09-27,2,4785000,15.0,8134500.0,SP-18,Direct
S00657,H001,D005,2026-04-30,1,4841000,0.0,4841000.0,SP-12,Direct
S00658,H019,D008,2025-12-19,2,263000,5.0,499700.0,SP-11,Direct
S00659,H057,D015,2025-02-13,1,183000,5.0,173850.0,SP-05,Direct
S00660,H027,D018,2024-06-22,5,197000,15.0,837250.0,SP-11,Direct
S00661,H065,D034,2024-11-21,1,6411000,5.0,6090450.0,SP-19,Direct
S00662,H020,D059,2024-11-12,1,708000,12.0,623040.0,SP-07,Distributor
S00663,H070,D057,2025-01-26,2,441000,5.0,837900.0,SP-13,Direct
S00664,H065,D047,2025-07-02,1,54073000,0.0,54073000.0,SP-17,Distributor
S00665,H054,D019,2025-06-02,1,1152000,12.0,1013760.0,SP-19,Direct
S00666,H093,D041,2025-04-27,3,26087000,2.0,76695780.0,SP-09,Direct
S00667,H009,D016,2024-06-28,3,120000,15.0,306000.0,SP-14,Direct
S00668,H083,D040,2026-05-03,1,32471000,2.0,31821580.0,SP-03,Distributor
S00669,H049,D024,2025-03-26,5,958000,10.0,4311000.0,SP-15,Direct
S00670,H079,D009,2024-10-09,2,390000,10.0,702000.0,SP-23,Direct
S00671,H041,D011,2024-04-07,2,246000,5.0,467400.0,SP-01,Direct
S00672,H065,D027,2025-07-30,1,117000,0.0,117000.0,SP-05,Direct
S00673,H030,D023,2026-06-03,3,1701000,5.0,4847850.0,SP-24,Direct
S00674,H062,D002,2024-03-14,1,5055000,0.0,5055000.0,SP-19,Distributor
S00675,H044,D046,2024-08-03,1,65251000,2.0,63945980.0,SP-15,Distributor
S00676,H069,D021,2026-06-27,2,1743000,2.0,3416280.0,SP-11,Direct
S00677,H032,D034,2024-02-20,5,6824000,0.0,34120000.0,SP-19,Distributor
S00678,H052,D030,2024-11-18,1,141000,12.0,124080.0,SP-16,Distributor
S00679,H032,D031,2026-08-24,1,4986000,7.0,4636980.0,SP-08,Direct
S00680,H096,D043,2026-03-12,2,39297000,12.0,69162720.0,SP-11,Direct
S00681,H005,D060,2025-06-02,2,532000,5.0,1010800.0,SP-23,Distributor
S00682,H063,D047,2025-03-05,1,54703000,5.0,51967850.0,SP-09,Direct
S00683,H008,D002,2025-09-29,4,5417000,10.0,19501200.0,SP-10,Direct
S00684,H004,D048,2025-01-19,1,58164000,5.0,55255800.0,SP-02,Distributor
S00685,H079,D002,2025-05-08,1,5133000,5.0,4876350.0,SP-14,Direct
S00686,H048,D029,2025-08-06,3,132000,0.0,396000.0,SP-01,Direct
S00687,H024,D005,2025-06-12,1,4933000,7.0,4587690.0,SP-22,Direct
S00688,H064,D010,2024-09-06,1,321000,0.0,321000.0,SP-10,Direct
S00689,H089,D033,2024-09-11,5,3492000,10.0,15714000.0,SP-08,Distributor
S00690,H056,D008,2025-09-06,1,258000,15.0,219300.0,SP-17,Distributor
S00691,H078,D054,2025-05-06,1,1716000,10.0,1544400.0,SP-23,Distributor
S00692,H011,D040,2024-05-14,5,31055000,0.0,155275000.0,SP-06,Distributor
S00693,H100,D005,2026-09-22,2,4933000,12.0,8682080.0,SP-13,Direct
S00694,H089,D006,2024-06-24,3,5038000,0.0,15114000.0,SP-02,Direct
S00695,H010,D049,2024-08-19,2,2573000,10.0,4631400.0,SP-05,Direct
S00696,H045,D033,2024-07-22,3,3282000,10.0,8861400.0,SP-02,Direct
S00697,H056,D027,2024-12-05,2,119000,2.0,233240.0,SP-02,Distributor
S00698,H069,D016,2024-07-01,2,116000,0.0,232000.0,SP-13,Direct
S00699,H057,D010,2026-08-25,4,314000,7.0,1168080.0,SP-14,Direct
S00700,H098,D045,2024-02-02,3,41472000,10.0,111974400.0,SP-18,Direct
S00701,H049,D005,2025-09-20,1,5061000,12.0,4453680.0,SP-17,Distributor
S00702,H083,D059,2025-04-23,1,703000,5.0,667850.0,SP-11,Distributor
S00703,H032,D016,2024-10-02,1,122000,2.0,119560.0,SP-09,Direct
S00704,H019,D010,2025-06-16,2,310000,12.0,545600.0,SP-22,Direct
S00705,H051,D002,2026-01-01,5,5502000,2.0,26959800.0,SP-23,Direct
S00706,H082,D031,2025-11-19,5,4775000,5.0,22681250.0,SP-13,Distributor
S00707,H003,D049,2024-05-07,3,2506000,15.0,6390300.0,SP-21,Distributor
S00708,H022,D006,2024-02-12,4,5373000,5.0,20417400.0,SP-23,Distributor
S00709,H097,D018,2026-02-23,1,208000,5.0,197600.0,SP-04,Distributor
S00710,H016,D057,2026-07-02,5,445000,2.0,2180500.0,SP-23,Direct
S00711,H026,D037,2025-06-03,1,28084000,0.0,28084000.0,SP-21,Direct
S00712,H045,D013,2025-08-14,1,226000,7.0,210180.0,SP-21,Distributor
S00713,H019,D029,2024-07-22,5,121000,5.0,574750.0,SP-04,Direct
S00714,H035,D011,2026-08-01,3,255000,7.0,711450.0,SP-22,Direct
S00715,H079,D048,2025-03-21,4,60316000,0.0,241264000.0,SP-24,Distributor
S00716,H086,D002,2025-02-02,3,5290000,12.0,13965600.0,SP-02,Direct
S00717,H082,D038,2024-01-18,1,34067000,7.0,31682310.0,SP-19,Distributor
S00718,H093,D014,2024-04-12,5,207000,15.0,879750.0,SP-22,Distributor
S00719,H068,D029,2026-03-10,1,121000,0.0,121000.0,SP-13,Distributor
S00720,H013,D054,2024-05-05,1,1674000,7.0,1556820.0,SP-14,Distributor
S00721,H100,D044,2025-03-21,3,77996000,12.0,205909440.0,SP-21,Direct
S00722,H007,D060,2025-10-20,3,537000,0.0,1611000.0,SP-06,Distributor
S00723,H052,D042,2025-12-14,1,35221000,5.0,33459950.0,SP-07,Direct
S00724,H066,D056,2026-09-09,5,459000,10.0,2065500.0,SP-10,Direct
S00725,H044,D029,2026-06-01,1,125000,5.0,118750.0,SP-03,Direct
S00726,H017,D006,2025-08-15,5,5304000,0.0,26520000.0,SP-19,Distributor
S00727,H023,D012,2024-10-27,1,170000,7.0,158100.0,SP-06,Direct
S00728,H085,D007,2026-07-07,2,382000,5.0,725800.0,SP-21,Direct
S00729,H054,D044,2024-09-05,1,77991000,10.0,70191900.0,SP-17,Direct
S00730,H044,D033,2024-06-30,2,3216000,10.0,5788800.0,SP-22,Distributor
S00731,H078,D047,2026-02-15,3,53425000,0.0,160275000.0,SP-12,Direct
S00732,H092,D034,2025-01-12,2,6461000,12.0,11371360.0,SP-13,Direct
S00733,H072,D023,2026-08-03,3,1653000,0.0,4959000.0,SP-20,Direct
S00734,H002,D057,2024-01-03,1,416000,5.0,395200.0,SP-17,Direct
S00735,H024,D011,2025-06-29,1,251000,7.0,233430.0,SP-05,Direct
S00736,H024,D009,2024-01-30,1,390000,5.0,370500.0,SP-21,Direct
S00737,H075,D050,2025-01-20,2,2332000,7.0,4337520.0,SP-06,Direct
S00738,H031,D021,2024-02-11,2,1780000,5.0,3382000.0,SP-17,Direct
S00739,H091,D055,2024-10-12,2,478000,5.0,908200.0,SP-14,Direct
S00740,H085,D008,2026-09-04,2,259000,7.0,481740.0,SP-09,Direct
S00741,H069,D032,2025-12-08,1,7267000,7.0,6758310.0,SP-21,Direct
S00742,H042,D040,2024-11-24,1,30075000,15.0,25563750.0,SP-22,Direct
S00743,H037,D010,2024-04-03,2,316000,15.0,537200.0,SP-23,Direct
S00744,H065,D002,2024-02-10,1,5344000,5.0,5076800.0,SP-10,Direct
S00745,H065,D033,2026-06-06,4,3316000,15.0,11274400.0,SP-16,Distributor
S00746,H025,D043,2026-05-17,1,40834000,2.0,40017320.0,SP-05,Direct
S00747,H077,D007,2024-07-31,2,410000,7.0,762600.0,SP-25,Direct
S00748,H028,D001,2024-12-25,1,1320000,5.0,1254000.0,SP-06,Distributor
S00749,H045,D052,2026-03-01,1,1232000,5.0,1170400.0,SP-12,Direct
S00750,H040,D028,2025-02-17,4,137000,2.0,537040.0,SP-04,Direct
S00751,H078,D020,2025-08-16,2,541000,12.0,952160.0,SP-03,Direct
S00752,H044,D039,2024-10-26,4,28241000,10.0,101667600.0,SP-19,Direct
S00753,H096,D006,2024-01-31,3,5309000,12.0,14015760.0,SP-14,Distributor
S00754,H069,D059,2024-08-23,4,706000,7.0,2626320.0,SP-16,Distributor
S00755,H086,D020,2024-01-21,2,539000,5.0,1024100.0,SP-17,Distributor
S00756,H015,D043,2025-01-02,1,37897000,0.0,37897000.0,SP-11,Direct
S00757,H015,D060,2024-07-25,1,542000,2.0,531160.0,SP-07,Distributor
S00758,H029,D028,2024-03-11,1,127000,10.0,114300.0,SP-12,Direct
S00759,H016,D041,2025-02-02,3,27366000,10.0,73888200.0,SP-01,Distributor
S00760,H100,D039,2024-08-31,5,29871000,2.0,146367900.0,SP-03,Distributor
S00761,H099,D010,2026-07-14,3,326000,0.0,978000.0,SP-15,Direct
S00762,H088,D006,2024-06-12,4,5369000,5.0,20402200.0,SP-22,Distributor
S00763,H092,D012,2025-11-14,1,165000,5.0,156750.0,SP-17,Distributor
S00764,H085,D057,2026-09-12,3,436000,10.0,1177200.0,SP-02,Distributor
S00765,H008,D031,2026-05-25,2,4686000,12.0,8247360.0,SP-13,Distributor
S00766,H021,D003,2024-07-31,1,1293000,15.0,1099050.0,SP-06,Direct
S00767,H002,D011,2025-10-08,1,265000,7.0,246450.0,SP-25,Distributor
S00768,H070,D022,2024-11-19,3,1441000,12.0,3804240.0,SP-18,Distributor
S00769,H016,D007,2025-12-25,4,403000,5.0,1531400.0,SP-12,Direct
S00770,H029,D034,2024-05-16,2,6649000,7.0,12367140.0,SP-17,Direct
S00771,H065,D031,2025-05-23,5,5002000,7.0,23259300.0,SP-03,Distributor
S00772,H085,D017,2024-11-28,4,181000,2.0,709520.0,SP-10,Direct
S00773,H063,D017,2026-08-21,1,188000,2.0,184240.0,SP-02,Direct
S00774,H069,D004,2024-06-25,1,4679000,2.0,4585420.0,SP-04,Direct
S00775,H044,D001,2025-11-25,1,1386000,2.0,1358280.0,SP-23,Direct
S00776,H032,D046,2025-04-10,4,68404000,12.0,240782080.0,SP-12,Direct
S00777,H067,D008,2024-04-21,1,264000,12.0,232320.0,SP-03,Direct
S00778,H016,D028,2025-11-19,1,133000,12.0,117040.0,SP-05,Direct
S00779,H011,D005,2025-01-28,1,4963000,10.0,4466700.0,SP-22,Direct
S00780,H016,D042,2024-11-03,2,33653000,0.0,67306000.0,SP-01,Direct
S00781,H004,D040,2026-03-03,1,29776000,0.0,29776000.0,SP-22,Distributor
S00782,H005,D057,2026-02-02,1,445000,10.0,400500.0,SP-09,Direct
S00783,H029,D021,2024-01-06,2,1755000,12.0,3088800.0,SP-12,Direct
S00784,H073,D026,2026-05-07,4,54000,5.0,205200.0,SP-11,Direct
S00785,H024,D025,2026-09-11,2,108000,10.0,194400.0,SP-12,Direct
S00786,H038,D053,2024-05-14,1,898000,2.0,880040.0,SP-13,Direct
S00787,H008,D026,2024-09-20,1,52000,10.0,46800.0,SP-16,Distributor
S00788,H057,D027,2024-07-13,1,118000,5.0,112100.0,SP-02,Direct
S00789,H042,D031,2026-08-28,2,4701000,7.0,8743860.0,SP-16,Direct
S00790,H034,D047,2026-03-18,3,55222000,2.0,162352680.0,SP-20,Direct
S00791,H041,D025,2026-06-07,5,100000,5.0,475000.0,SP-23,Distributor
S00792,H069,D046,2024-02-19,1,67323000,0.0,67323000.0,SP-15,Direct
S00793,H046,D013,2024-08-14,4,213000,2.0,834960.0,SP-01,Direct
S00794,H062,D035,2026-05-22,1,7383000,0.0,7383000.0,SP-07,Direct
S00795,H020,D032,2025-04-21,2,7644000,15.0,12994800.0,SP-11,Distributor
S00796,H007,D025,2026-07-24,5,103000,5.0,489250.0,SP-13,Direct
S00797,H017,D056,2024-03-26,1,484000,2.0,474320.0,SP-15,Direct
S00798,H071,D033,2025-10-08,1,3166000,5.0,3007700.0,SP-01,Direct
S00799,H079,D027,2026-01-26,1,112000,5.0,106400.0,SP-07,Distributor
S00800,H031,D034,2026-09-28,2,6741000,12.0,11864160.0,SP-10,Distributor
S00801,H017,D059,2024-05-17,1,663000,10.0,596700.0,SP-18,Direct
S00802,H002,D049,2024-10-02,3,2465000,15.0,6285750.0,SP-06,Direct
S00803,H045,D011,2025-07-22,2,261000,12.0,459360.0,SP-11,Direct
S00804,H005,D026,2025-04-09,1,55000,10.0,49500.0,SP-02,Direct
S00805,H046,D025,2024-07-25,1,103000,7.0,95790.0,SP-18,Direct
S00806,H095,D024,2025-03-05,2,965000,0.0,1930000.0,SP-19,Direct
S00807,H091,D031,2025-04-20,2,4704000,10.0,8467200.0,SP-17,Distributor
S00808,H042,D059,2025-02-07,1,682000,0.0,682000.0,SP-22,Distributor
S00809,H019,D048,2025-09-02,2,60685000,2.0,118942600.0,SP-19,Direct
S00810,H083,D041,2024-03-14,4,25773000,0.0,103092000.0,SP-21,Distributor
S00811,H044,D010,2024-09-30,1,322000,2.0,315560.0,SP-10,Direct
S00812,H014,D036,2025-10-20,1,1613000,0.0,1613000.0,SP-01,Distributor
S00813,H008,D013,2024-05-10,4,213000,0.0,852000.0,SP-24,Direct
S00814,H064,D042,2024-01-24,2,34416000,2.0,67455360.0,SP-04,Direct
S00815,H094,D054,2025-08-25,3,1654000,10.0,4465800.0,SP-08,Direct
S00816,H045,D013,2025-09-29,5,217000,5.0,1030750.0,SP-14,Direct
S00817,H071,D042,2025-07-30,2,33450000,7.0,62217000.0,SP-18,Direct
S00818,H037,D054,2024-05-30,2,1736000,7.0,3228960.0,SP-09,Distributor
S00819,H013,D021,2026-04-26,4,1749000,0.0,6996000.0,SP-10,Distributor
S00820,H023,D020,2024-10-08,5,549000,5.0,2607750.0,SP-17,Direct
S00821,H006,D042,2025-12-17,1,35722000,5.0,33935900.0,SP-20,Direct
S00822,H029,D038,2024-06-29,5,36364000,12.0,160001600.0,SP-25,Distributor
S00823,H052,D035,2026-03-13,1,7398000,10.0,6658200.0,SP-04,Direct
S00824,H039,D003,2026-08-02,5,1342000,5.0,6374500.0,SP-10,Distributor
S00825,H059,D045,2025-10-22,5,39940000,5.0,189715000.0,SP-05,Direct
S00826,H088,D035,2025-04-21,2,7397000,5.0,14054300.0,SP-17,Distributor
S00827,H037,D030,2025-10-26,1,139000,10.0,125100.0,SP-20,Direct
S00828,H064,D030,2024-06-03,2,140000,5.0,266000.0,SP-25,Direct
S00829,H040,D038,2025-09-23,4,35959000,0.0,143836000.0,SP-25,Direct
S00830,H081,D034,2025-08-20,1,6787000,10.0,6108300.0,SP-17,Direct
S00831,H029,D042,2025-09-20,3,36034000,2.0,105939960.0,SP-06,Direct
S00832,H086,D026,2024-08-31,2,55000,5.0,104500.0,SP-06,Direct
S00833,H007,D010,2024-12-10,2,316000,2.0,619360.0,SP-01,Direct
S00834,H032,D002,2024-02-01,2,5329000,7.0,9911940.0,SP-21,Direct
S00835,H069,D005,2024-03-01,4,4999000,7.0,18596280.0,SP-12,Direct
S00836,H082,D047,2026-07-06,1,53159000,12.0,46779920.0,SP-17,Direct
S00837,H025,D019,2025-07-10,1,1174000,5.0,1115300.0,SP-05,Distributor
S00838,H011,D016,2024-01-07,2,121000,12.0,212960.0,SP-13,Direct
S00839,H032,D022,2026-09-27,1,1478000,0.0,1478000.0,SP-09,Direct
S00840,H022,D021,2025-10-27,2,1659000,10.0,2986200.0,SP-24,Direct
S00841,H066,D003,2026-03-27,3,1328000,7.0,3705120.0,SP-11,Direct
S00842,H054,D037,2024-07-24,1,27001000,10.0,24300900.0,SP-02,Direct
S00843,H079,D018,2025-08-21,2,205000,7.0,381300.0,SP-23,Distributor
S00844,H088,D033,2025-09-24,2,3365000,7.0,6258900.0,SP-20,Direct
S00845,H074,D027,2026-05-03,2,111000,0.0,222000.0,SP-22,Direct
S00846,H053,D047,2025-09-09,1,56794000,2.0,55658120.0,SP-20,Distributor
S00847,H096,D012,2024-06-25,3,167000,2.0,490980.0,SP-08,Direct
S00848,H025,D026,2026-09-29,1,55000,2.0,53900.0,SP-25,Distributor
S00849,H081,D010,2026-02-13,1,326000,5.0,309700.0,SP-04,Distributor
S00850,H028,D033,2025-07-05,1,3363000,7.0,3127590.0,SP-13,Direct
S00851,H073,D004,2024-07-30,1,4652000,5.0,4419400.0,SP-24,Direct
S00852,H063,D059,2024-12-24,1,688000,2.0,674240.0,SP-10,Direct
S00853,H023,D018,2025-09-08,2,216000,5.0,410400.0,SP-06,Direct
S00854,H015,D029,2024-12-17,1,123000,10.0,110700.0,SP-11,Direct
S00855,H036,D035,2025-06-03,1,7546000,15.0,6414100.0,SP-20,Direct
S00856,H094,D045,2024-10-18,4,41416000,5.0,157380800.0,SP-21,Direct
S00857,H012,D021,2026-06-23,5,1748000,7.0,8128200.0,SP-17,Distributor
S00858,H087,D059,2025-07-19,1,655000,2.0,641900.0,SP-22,Distributor
S00859,H022,D037,2025-07-31,2,27253000,0.0,54506000.0,SP-13,Distributor
S00860,H018,D021,2025-09-06,1,1790000,10.0,1611000.0,SP-03,Distributor
S00861,H019,D008,2025-02-12,2,243000,10.0,437400.0,SP-13,Distributor
S00862,H031,D034,2025-03-09,1,6719000,7.0,6248670.0,SP-15,Direct
S00863,H013,D003,2024-06-29,1,1363000,12.0,1199440.0,SP-08,Direct
S00864,H022,D040,2025-04-24,1,31076000,12.0,27346880.0,SP-14,Direct
S00865,H086,D004,2024-02-08,1,4880000,12.0,4294400.0,SP-15,Direct
S00866,H093,D045,2024-11-28,1,41964000,12.0,36928320.0,SP-20,Distributor
S00867,H077,D030,2026-09-13,1,132000,7.0,122760.0,SP-12,Direct
S00868,H007,D007,2024-01-04,1,399000,5.0,379050.0,SP-08,Direct
S00869,H098,D028,2026-05-21,5,128000,15.0,544000.0,SP-11,Distributor
S00870,H074,D019,2025-01-02,2,1115000,10.0,2007000.0,SP-23,Distributor
S00871,H084,D020,2026-01-16,2,536000,12.0,943360.0,SP-05,Direct
S00872,H020,D015,2024-01-05,2,190000,5.0,361000.0,SP-12,Direct
S00873,H059,D040,2024-05-04,1,29704000,10.0,26733600.0,SP-22,Direct
S00874,H054,D044,2026-06-17,2,78680000,7.0,146344800.0,SP-06,Direct
S00875,H017,D041,2025-11-05,3,28029000,12.0,73996560.0,SP-12,Direct
S00876,H076,D045,2025-06-29,1,39070000,2.0,38288600.0,SP-21,Direct
S00877,H038,D011,2024-12-01,1,243000,0.0,243000.0,SP-24,Direct
S00878,H008,D045,2025-03-28,5,42231000,2.0,206931900.0,SP-20,Direct
S00879,H058,D055,2024-12-03,2,457000,5.0,868300.0,SP-08,Direct
S00880,H011,D030,2025-07-17,1,132000,0.0,132000.0,SP-11,Direct
S00881,H094,D029,2024-04-01,1,123000,0.0,123000.0,SP-06,Distributor
S00882,H092,D002,2025-02-11,1,5374000,5.0,5105300.0,SP-15,Direct
S00883,H040,D038,2024-10-01,1,35851000,5.0,34058450.0,SP-04,Direct
S00884,H031,D007,2024-09-19,5,402000,5.0,1909500.0,SP-02,Direct
S00885,H055,D031,2025-10-19,1,4802000,12.0,4225760.0,SP-02,Direct
S00886,H081,D003,2026-01-24,2,1315000,12.0,2314400.0,SP-09,Direct
S00887,H052,D026,2025-02-06,1,54000,7.0,50220.0,SP-04,Distributor
S00888,H037,D051,2024-02-19,1,2345000,5.0,2227750.0,SP-04,Direct
S00889,H048,D056,2026-05-05,5,492000,12.0,2164800.0,SP-22,Direct
S00890,H076,D060,2025-08-02,5,501000,10.0,2254500.0,SP-15,Distributor
S00891,H033,D044,2026-08-09,1,76907000,15.0,65370950.0,SP-05,Direct
S00892,H079,D011,2025-07-11,2,257000,5.0,488300.0,SP-19,Direct
S00893,H055,D020,2026-09-19,4,576000,10.0,2073600.0,SP-15,Distributor
S00894,H025,D039,2024-09-20,1,29127000,0.0,29127000.0,SP-02,Distributor
S00895,H053,D037,2024-02-07,1,28201000,0.0,28201000.0,SP-25,Direct
S00896,H019,D058,2024-10-09,5,193000,5.0,916750.0,SP-25,Distributor
S00897,H070,D021,2024-03-19,1,1638000,5.0,1556100.0,SP-23,Direct
S00898,H033,D046,2024-03-27,2,68806000,7.0,127979160.0,SP-09,Direct
S00899,H054,D003,2026-02-11,1,1356000,7.0,1261080.0,SP-11,Direct
S00900,H077,D036,2026-01-15,1,1518000,2.0,1487640.0,SP-11,Distributor
S00901,H034,D022,2024-08-25,3,1531000,10.0,4133700.0,SP-07,Direct
S00902,H005,D042,2026-05-22,2,33710000,7.0,62700600.0,SP-10,Distributor
S00903,H076,D005,2025-04-23,3,4895000,10.0,13216500.0,SP-23,Distributor
S00904,H066,D032,2025-10-15,2,7933000,12.0,13962080.0,SP-16,Direct
S00905,H066,D036,2024-02-01,1,1593000,10.0,1433700.0,SP-02,Direct
S00906,H091,D048,2026-06-07,2,59183000,15.0,100611100.0,SP-10,Distributor
S00907,H003,D048,2026-04-06,1,62543000,0.0,62543000.0,SP-01,Direct
S00908,H066,D005,2025-11-15,2,5154000,2.0,10101840.0,SP-05,Distributor
S00909,H021,D013,2026-08-15,1,228000,10.0,205200.0,SP-05,Direct
S00910,H078,D004,2024-03-27,2,4801000,2.0,9409960.0,SP-08,Direct
S00911,H044,D056,2024-04-29,1,475000,15.0,403750.0,SP-11,Direct
S00912,H032,D019,2024-11-22,1,1106000,10.0,995400.0,SP-13,Direct
S00913,H063,D041,2025-01-29,1,26912000,0.0,26912000.0,SP-19,Direct
S00914,H017,D010,2024-08-15,3,317000,10.0,855900.0,SP-03,Direct
S00915,H060,D047,2024-12-01,1,54483000,10.0,49034700.0,SP-01,Distributor
S00916,H015,D028,2024-12-20,1,133000,5.0,126350.0,SP-20,Direct
S00917,H093,D048,2024-10-24,5,62269000,7.0,289550850.0,SP-21,Distributor
S00918,H061,D009,2024-12-24,1,381000,5.0,361950.0,SP-08,Distributor
S00919,H027,D026,2024-02-16,1,52000,12.0,45760.0,SP-24,Direct
S00920,H013,D005,2026-03-26,1,5162000,10.0,4645800.0,SP-08,Direct
S00921,H025,D058,2025-10-28,4,199000,5.0,756200.0,SP-12,Direct
S00922,H058,D003,2026-01-20,2,1358000,0.0,2716000.0,SP-16,Direct
S00923,H002,D032,2025-10-05,2,7281000,2.0,14270760.0,SP-18,Direct
S00924,H011,D003,2026-01-12,3,1342000,0.0,4026000.0,SP-04,Direct
S00925,H094,D048,2025-10-09,2,60392000,0.0,120784000.0,SP-02,Distributor
S00926,H021,D048,2025-11-16,5,57895000,0.0,289475000.0,SP-03,Direct
S00927,H066,D028,2025-01-31,5,127000,0.0,635000.0,SP-09,Direct
S00928,H089,D002,2026-07-05,1,5077000,12.0,4467760.0,SP-16,Distributor
S00929,H051,D025,2026-04-21,1,100000,10.0,90000.0,SP-09,Distributor
S00930,H026,D022,2026-08-26,5,1413000,5.0,6711750.0,SP-14,Direct
S00931,H064,D016,2024-12-08,2,120000,0.0,240000.0,SP-22,Direct
S00932,H017,D002,2025-02-05,2,5311000,10.0,9559800.0,SP-12,Direct
S00933,H009,D007,2024-07-24,2,381000,5.0,723900.0,SP-25,Direct
S00934,H020,D029,2024-05-26,1,127000,7.0,118110.0,SP-08,Direct
S00935,H046,D015,2026-07-23,3,198000,2.0,582120.0,SP-08,Direct
S00936,H096,D008,2026-03-24,4,263000,5.0,999400.0,SP-21,Direct
S00937,H042,D032,2024-08-07,4,7458000,10.0,26848800.0,SP-16,Direct
S00938,H001,D045,2026-08-23,1,40774000,7.0,37919820.0,SP-11,Direct
S00939,H058,D036,2026-02-09,1,1589000,15.0,1350650.0,SP-17,Direct
S00940,H029,D054,2024-03-05,5,1664000,5.0,7904000.0,SP-06,Distributor
S00941,H088,D040,2024-10-21,1,31600000,5.0,30020000.0,SP-04,Distributor
S00942,H037,D016,2024-04-11,2,123000,0.0,246000.0,SP-19,Distributor
S00943,H087,D015,2024-03-03,1,197000,2.0,193060.0,SP-04,Direct
S00944,H051,D042,2026-05-16,1,33131000,5.0,31474450.0,SP-03,Distributor
S00945,H024,D059,2025-06-30,4,701000,10.0,2523600.0,SP-10,Direct
S00946,H072,D058,2025-12-20,3,199000,15.0,507450.0,SP-02,Direct
S00947,H095,D018,2024-10-04,2,212000,5.0,402800.0,SP-15,Direct
S00948,H057,D055,2025-09-28,1,475000,12.0,418000.0,SP-05,Direct
S00949,H099,D035,2025-03-29,2,7911000,0.0,15822000.0,SP-23,Direct
S00950,H056,D026,2024-02-27,1,53000,7.0,49290.0,SP-08,Direct
S00951,H046,D043,2025-03-15,3,40346000,2.0,118617240.0,SP-16,Direct
S00952,H045,D010,2026-04-18,1,310000,7.0,288300.0,SP-16,Direct
S00953,H055,D027,2026-05-31,2,111000,7.0,206460.0,SP-16,Distributor
S00954,H077,D038,2024-02-29,1,35345000,5.0,33577750.0,SP-19,Direct
S00955,H016,D011,2025-05-30,1,259000,0.0,259000.0,SP-07,Distributor
S00956,H005,D030,2025-07-18,1,141000,5.0,133950.0,SP-16,Direct
S00957,H027,D048,2026-04-07,2,60084000,2.0,117764640.0,SP-03,Direct
S00958,H019,D017,2026-06-05,5,186000,5.0,883500.0,SP-05,Direct
S00959,H097,D022,2024-06-08,1,1527000,12.0,1343760.0,SP-04,Distributor
S00960,H042,D045,2024-01-16,2,38902000,7.0,72357720.0,SP-02,Distributor
S00961,H095,D013,2025-11-26,1,226000,12.0,198880.0,SP-21,Direct
S00962,H087,D035,2024-12-29,3,7623000,7.0,21268170.0,SP-16,Direct
S00963,H099,D055,2026-04-22,2,473000,10.0,851400.0,SP-22,Direct
S00964,H018,D052,2025-08-09,3,1160000,5.0,3306000.0,SP-19,Direct
S00965,H097,D005,2024-03-26,3,5066000,12.0,13374240.0,SP-03,Direct
S00966,H086,D033,2026-01-22,1,3205000,2.0,3140900.0,SP-15,Distributor
S00967,H060,D055,2026-04-17,1,460000,12.0,404800.0,SP-02,Distributor
S00968,H054,D040,2025-02-20,1,32120000,12.0,28265600.0,SP-20,Direct
S00969,H055,D004,2026-08-25,3,5052000,7.0,14095080.0,SP-18,Direct
S00970,H020,D025,2026-04-09,2,99000,15.0,168300.0,SP-25,Distributor
S00971,H034,D007,2026-09-28,1,411000,0.0,411000.0,SP-21,Distributor
S00972,H066,D047,2024-11-19,5,53564000,12.0,235681600.0,SP-04,Distributor
S00973,H014,D017,2025-05-05,3,179000,12.0,472560.0,SP-24,Direct
S00974,H067,D058,2026-07-06,1,202000,5.0,191900.0,SP-01,Distributor
S00975,H031,D039,2024-01-03,5,27732000,10.0,124794000.0,SP-05,Distributor
S00976,H097,D025,2026-08-29,1,102000,0.0,102000.0,SP-08,Distributor
S00977,H020,D046,2026-01-22,1,64065000,7.0,59580450.0,SP-13,Direct
S00978,H006,D002,2024-03-21,3,5391000,12.0,14232240.0,SP-09,Direct
S00979,H069,D056,2025-10-08,1,482000,5.0,457900.0,SP-09,Distributor
S00980,H081,D049,2026-05-29,1,2518000,2.0,2467640.0,SP-09,Direct
S00981,H070,D014,2026-05-24,3,221000,7.0,616590.0,SP-03,Distributor
S00982,H100,D052,2025-04-11,1,1187000,12.0,1044560.0,SP-03,Distributor
S00983,H098,D045,2026-01-31,4,40233000,10.0,144838800.0,SP-21,Distributor
S00984,H014,D021,2024-04-24,1,1737000,10.0,1563300.0,SP-17,Distributor
S00985,H052,D032,2026-03-14,2,7545000,5.0,14335500.0,SP-16,Distributor
S00986,H057,D045,2025-05-25,2,41201000,10.0,74161800.0,SP-20,Direct
S00987,H034,D050,2025-10-08,3,2163000,5.0,6164550.0,SP-17,Distributor
S00988,H053,D030,2026-03-07,2,133000,5.0,252700.0,SP-09,Direct
S00989,H051,D022,2024-04-25,3,1515000,12.0,3999600.0,SP-05,Direct
S00990,H016,D030,2025-11-20,2,138000,2.0,270480.0,SP-13,Distributor
S00991,H089,D048,2025-09-16,1,60514000,5.0,57488300.0,SP-14,Direct
S00992,H088,D055,2025-05-29,4,464000,5.0,1763200.0,SP-07,Direct
S00993,H062,D023,2024-04-15,1,1687000,7.0,1568910.0,SP-23,Distributor
S00994,H022,D053,2024-04-10,3,982000,10.0,2651400.0,SP-22,Direct
S00995,H097,D052,2026-04-25,1,1257000,0.0,1257000.0,SP-15,Direct
S00996,H056,D027,2024-09-10,5,112000,7.0,520800.0,SP-08,Distributor
S00997,H100,D039,2025-04-15,3,29908000,5.0,85237800.0,SP-18,Direct
S00998,H020,D013,2025-10-01,2,214000,2.0,419440.0,SP-12,Direct
S00999,H012,D010,2024-01-21,2,314000,7.0,584040.0,SP-18,Direct
S01000,H032,D013,2024-08-12,1,232000,10.0,208800.0,SP-09,Direct
S01001,H039,D030,2026-08-22,1,142000,0.0,142000.0,SP-03,Distributor
S01002,H059,D051,2025-06-03,1,2157000,12.0,1898160.0,SP-18,Direct
S01003,H015,D047,2024-07-25,4,52278000,7.0,194474160.0,SP-21,Direct
S01004,H014,D043,2026-03-12,4,41250000,5.0,156750000.0,SP-14,Distributor
S01005,H059,D039,2025-07-23,1,30295000,0.0,30295000.0,SP-03,Direct
S01006,H028,D034,2024-09-22,2,6881000,7.0,12798660.0,SP-23,Distributor
S01007,H025,D047,2024-05-19,1,51998000,5.0,49398100.0,SP-19,Direct
S01008,H057,D019,2024-06-18,2,1195000,10.0,2151000.0,SP-17,Direct
S01009,H012,D053,2025-08-22,5,919000,2.0,4503100.0,SP-07,Direct
S01010,H056,D014,2024-08-28,1,219000,5.0,208050.0,SP-25,Distributor
S01011,H063,D051,2026-06-14,2,2333000,0.0,4666000.0,SP-01,Direct
S01012,H006,D011,2025-11-01,2,258000,5.0,490200.0,SP-23,Direct
S01013,H051,D021,2024-07-30,2,1704000,0.0,3408000.0,SP-17,Direct
S01014,H008,D006,2025-11-01,1,4940000,5.0,4693000.0,SP-02,Direct
S01015,H016,D010,2024-03-16,1,316000,10.0,284400.0,SP-20,Direct
S01016,H063,D021,2026-03-13,2,1639000,5.0,3114100.0,SP-19,Distributor
S01017,H018,D033,2024-12-29,5,3413000,2.0,16723700.0,SP-09,Direct
S01018,H067,D001,2025-05-17,5,1364000,7.0,6342600.0,SP-16,Distributor
S01019,H068,D021,2025-06-20,1,1695000,0.0,1695000.0,SP-24,Direct
S01020,H011,D039,2025-11-21,2,30142000,15.0,51241400.0,SP-25,Direct
S01021,H077,D035,2024-12-24,2,7884000,10.0,14191200.0,SP-21,Direct
S01022,H012,D005,2025-07-25,2,4824000,0.0,9648000.0,SP-04,Distributor
S01023,H099,D030,2025-01-23,4,142000,10.0,511200.0,SP-20,Distributor
S01024,H002,D056,2025-09-20,1,456000,0.0,456000.0,SP-25,Distributor
S01025,H052,D010,2025-06-02,3,340000,15.0,867000.0,SP-23,Direct
S01026,H088,D039,2026-04-21,1,27973000,12.0,24616240.0,SP-19,Distributor
S01027,H021,D008,2024-09-17,1,253000,5.0,240350.0,SP-04,Direct
S01028,H100,D055,2026-05-30,1,469000,12.0,412720.0,SP-19,Direct
S01029,H041,D014,2026-04-04,2,222000,0.0,444000.0,SP-25,Direct
S01030,H039,D028,2025-01-29,4,130000,0.0,520000.0,SP-11,Direct
S01031,H016,D031,2024-09-21,2,4681000,12.0,8238560.0,SP-01,Direct
S01032,H014,D057,2025-07-26,2,440000,10.0,792000.0,SP-19,Direct
S01033,H029,D039,2026-08-16,1,28491000,5.0,27066450.0,SP-22,Direct
S01034,H023,D048,2024-10-16,1,62080000,0.0,62080000.0,SP-02,Direct
S01035,H003,D004,2025-12-09,1,4833000,10.0,4349700.0,SP-16,Direct
S01036,H007,D054,2026-05-09,1,1640000,2.0,1607200.0,SP-03,Direct
S01037,H095,D035,2024-04-19,1,7605000,10.0,6844500.0,SP-07,Direct
S01038,H073,D003,2024-03-07,3,1317000,0.0,3951000.0,SP-04,Distributor
S01039,H073,D037,2024-01-23,1,27940000,0.0,27940000.0,SP-16,Direct
S01040,H056,D033,2024-07-17,3,3439000,12.0,9078960.0,SP-19,Distributor
S01041,H024,D026,2026-07-29,5,53000,0.0,265000.0,SP-16,Direct
S01042,H039,D031,2024-09-19,2,4770000,15.0,8109000.0,SP-02,Direct
S01043,H067,D046,2024-08-18,1,63129000,12.0,55553520.0,SP-02,Direct
S01044,H069,D008,2024-12-09,1,250000,0.0,250000.0,SP-13,Direct
S01045,H095,D015,2024-11-30,2,186000,0.0,372000.0,SP-17,Distributor
S01046,H027,D018,2024-11-26,1,215000,2.0,210700.0,SP-17,Direct
S01047,H017,D012,2026-02-23,2,167000,2.0,327320.0,SP-03,Distributor
S01048,H062,D016,2025-10-14,3,116000,10.0,313200.0,SP-19,Distributor
S01049,H077,D056,2026-07-27,4,470000,10.0,1692000.0,SP-08,Direct
S01050,H010,D013,2025-03-29,2,211000,0.0,422000.0,SP-08,Distributor
S01051,H001,D056,2024-10-07,2,480000,5.0,912000.0,SP-23,Distributor
S01052,H061,D039,2025-04-07,3,29541000,5.0,84191850.0,SP-17,Direct
S01053,H057,D059,2024-08-13,1,683000,5.0,648850.0,SP-25,Distributor
S01054,H036,D036,2025-01-07,5,1499000,5.0,7120250.0,SP-25,Distributor
S01055,H062,D032,2024-01-22,2,7782000,2.0,15252720.0,SP-18,Direct
S01056,H063,D043,2025-09-05,4,38316000,12.0,134872320.0,SP-22,Direct
S01057,H077,D012,2025-08-31,1,178000,5.0,169100.0,SP-04,Direct
S01058,H099,D058,2025-05-22,1,199000,5.0,189050.0,SP-13,Direct
S01059,H085,D012,2026-07-17,3,169000,5.0,481650.0,SP-01,Distributor
S01060,H004,D032,2026-01-22,2,7685000,5.0,14601500.0,SP-23,Direct
S01061,H067,D015,2025-06-26,2,184000,10.0,331200.0,SP-11,Direct
S01062,H022,D055,2025-07-21,1,479000,0.0,479000.0,SP-17,Direct
S01063,H016,D007,2025-04-07,1,393000,5.0,373350.0,SP-23,Direct
S01064,H082,D058,2024-08-14,4,190000,5.0,722000.0,SP-16,Distributor
S01065,H009,D026,2024-01-23,4,54000,7.0,200880.0,SP-05,Direct
S01066,H080,D011,2024-06-16,1,266000,0.0,266000.0,SP-16,Direct
S01067,H024,D058,2025-04-10,1,192000,12.0,168960.0,SP-11,Direct
S01068,H092,D018,2026-07-12,2,198000,7.0,368280.0,SP-24,Direct
S01069,H010,D029,2025-03-28,4,122000,0.0,488000.0,SP-18,Direct
S01070,H084,D023,2024-03-15,1,1616000,10.0,1454400.0,SP-05,Direct
S01071,H007,D002,2024-03-10,1,5016000,7.0,4664880.0,SP-01,Distributor
S01072,H022,D040,2025-10-21,2,29720000,10.0,53496000.0,SP-10,Direct
S01073,H076,D047,2024-07-14,1,56486000,0.0,56486000.0,SP-15,Direct
S01074,H097,D013,2024-12-01,1,227000,12.0,199760.0,SP-23,Distributor
S01075,H095,D056,2024-11-13,5,491000,0.0,2455000.0,SP-21,Distributor
S01076,H028,D046,2026-08-27,1,66411000,2.0,65082780.0,SP-22,Direct
S01077,H034,D032,2025-03-24,3,7756000,0.0,23268000.0,SP-22,Direct
S01078,H071,D003,2024-06-06,4,1360000,12.0,4787200.0,SP-23,Distributor
S01079,H002,D010,2026-06-03,2,331000,7.0,615660.0,SP-13,Direct
S01080,H024,D060,2025-01-15,1,497000,12.0,437360.0,SP-16,Direct
S01081,H085,D036,2024-03-09,4,1555000,7.0,5784600.0,SP-07,Direct
S01082,H096,D005,2025-05-26,1,5166000,5.0,4907700.0,SP-22,Direct
S01083,H057,D023,2025-06-13,1,1730000,0.0,1730000.0,SP-22,Distributor
S01084,H089,D006,2025-03-29,1,5260000,2.0,5154800.0,SP-25,Distributor
S01085,H051,D058,2025-09-16,2,203000,10.0,365400.0,SP-23,Distributor
S01086,H044,D024,2024-10-01,4,974000,5.0,3701200.0,SP-11,Direct
S01087,H084,D057,2026-07-12,2,430000,5.0,817000.0,SP-14,Direct
S01088,H087,D057,2024-12-26,5,412000,5.0,1957000.0,SP-10,Distributor
S01089,H046,D034,2024-11-19,4,6997000,0.0,27988000.0,SP-18,Direct
S01090,H021,D039,2024-10-24,1,28373000,12.0,24968240.0,SP-21,Distributor
S01091,H014,D028,2025-09-06,4,137000,7.0,509640.0,SP-05,Distributor
S01092,H028,D032,2024-05-08,1,7386000,15.0,6278100.0,SP-11,Distributor
S01093,H099,D009,2024-03-07,1,378000,0.0,378000.0,SP-19,Distributor
S01094,H016,D028,2025-07-13,1,129000,10.0,116100.0,SP-08,Direct
S01095,H009,D013,2025-09-30,2,227000,2.0,444920.0,SP-25,Direct
S01096,H065,D028,2024-07-31,1,137000,0.0,137000.0,SP-14,Distributor
S01097,H053,D027,2024-11-15,2,117000,0.0,234000.0,SP-06,Distributor
S01098,H070,D037,2024-12-08,1,28304000,7.0,26322720.0,SP-11,Direct
S01099,H092,D047,2024-05-10,1,54085000,0.0,54085000.0,SP-12,Direct
S01100,H042,D056,2025-03-19,2,496000,0.0,992000.0,SP-14,Direct
S01101,H013,D036,2024-09-02,2,1626000,5.0,3089400.0,SP-15,Direct
S01102,H092,D042,2026-04-21,2,33463000,10.0,60233400.0,SP-01,Distributor
S01103,H051,D010,2024-04-23,2,333000,10.0,599400.0,SP-08,Direct
S01104,H050,D056,2024-10-01,1,488000,10.0,439200.0,SP-19,Distributor
S01105,H081,D029,2024-06-09,2,124000,10.0,223200.0,SP-19,Distributor
S01106,H027,D043,2025-07-12,1,38763000,12.0,34111440.0,SP-22,Distributor
S01107,H079,D045,2026-02-06,4,40809000,5.0,155074200.0,SP-25,Direct
S01108,H012,D035,2024-02-15,1,7554000,10.0,6798600.0,SP-13,Direct
S01109,H070,D015,2026-03-07,3,197000,5.0,561450.0,SP-19,Distributor
S01110,H089,D045,2024-09-12,5,38464000,7.0,178857600.0,SP-07,Direct
S01111,H066,D060,2024-11-22,2,500000,12.0,880000.0,SP-22,Direct
S01112,H045,D040,2025-04-18,1,31341000,5.0,29773950.0,SP-17,Direct
S01113,H027,D055,2024-07-18,2,492000,12.0,865920.0,SP-02,Distributor
S01114,H005,D016,2025-08-14,3,122000,7.0,340380.0,SP-01,Direct
S01115,H021,D009,2025-10-01,3,374000,0.0,1122000.0,SP-19,Distributor
S01116,H022,D046,2024-11-01,1,66076000,15.0,56164600.0,SP-09,Direct
S01117,H011,D003,2024-09-29,1,1276000,15.0,1084600.0,SP-01,Direct
S01118,H009,D014,2024-10-02,1,221000,15.0,187850.0,SP-20,Direct
S01119,H051,D004,2024-02-04,1,4863000,0.0,4863000.0,SP-13,Distributor
S01120,H090,D017,2024-09-04,1,185000,15.0,157250.0,SP-17,Distributor
S01121,H097,D016,2026-08-07,1,121000,7.0,112530.0,SP-07,Distributor
S01122,H025,D022,2026-04-23,1,1433000,0.0,1433000.0,SP-04,Distributor
S01123,H070,D023,2024-05-09,1,1648000,12.0,1450240.0,SP-12,Direct
S01124,H012,D007,2026-08-06,2,403000,5.0,765700.0,SP-18,Direct
S01125,H063,D035,2024-02-01,2,7762000,12.0,13661120.0,SP-14,Distributor
S01126,H061,D017,2025-03-10,1,184000,7.0,171120.0,SP-24,Distributor
S01127,H002,D046,2025-09-04,5,67083000,12.0,295165200.0,SP-19,Direct
S01128,H048,D021,2024-09-15,3,1795000,0.0,5385000.0,SP-22,Direct
S01129,H068,D052,2024-11-04,1,1210000,10.0,1089000.0,SP-21,Distributor
S01130,H035,D047,2024-09-02,4,52453000,2.0,205615760.0,SP-03,Direct
S01131,H085,D024,2026-04-07,1,957000,2.0,937860.0,SP-19,Direct
S01132,H087,D037,2024-08-09,1,26486000,0.0,26486000.0,SP-13,Direct
S01133,H043,D043,2025-12-26,2,41658000,0.0,83316000.0,SP-04,Direct
S01134,H086,D011,2024-09-02,5,262000,2.0,1283800.0,SP-09,Direct
S01135,H002,D017,2026-09-21,1,192000,0.0,192000.0,SP-17,Direct
S01136,H021,D023,2025-12-03,1,1620000,10.0,1458000.0,SP-16,Direct
S01137,H023,D053,2026-07-19,4,901000,2.0,3531920.0,SP-18,Distributor
S01138,H039,D004,2024-01-24,2,4681000,10.0,8425800.0,SP-19,Distributor
S01139,H010,D021,2026-07-31,1,1635000,0.0,1635000.0,SP-23,Direct
S01140,H067,D045,2026-09-20,2,40481000,10.0,72865800.0,SP-08,Direct
S01141,H014,D032,2024-09-08,2,7827000,15.0,13305900.0,SP-11,Direct
S01142,H089,D043,2024-05-16,1,38785000,12.0,34130800.0,SP-18,Distributor
S01143,H096,D043,2024-01-12,2,41105000,2.0,80565800.0,SP-10,Direct
S01144,H052,D039,2025-03-12,2,27931000,10.0,50275800.0,SP-09,Distributor
S01145,H065,D027,2024-05-22,1,119000,5.0,113050.0,SP-23,Direct
S01146,H083,D003,2024-08-11,2,1359000,5.0,2582100.0,SP-21,Direct
S01147,H046,D054,2024-07-12,2,1644000,5.0,3123600.0,SP-23,Distributor
S01148,H046,D023,2024-10-07,1,1631000,5.0,1549450.0,SP-13,Direct
S01149,H092,D044,2024-02-29,1,81538000,7.0,75830340.0,SP-04,Direct
S01150,H050,D054,2024-06-16,1,1737000,7.0,1615410.0,SP-11,Direct
S01151,H062,D010,2024-02-08,4,328000,5.0,1246400.0,SP-16,Distributor
S01152,H074,D038,2026-04-23,1,35444000,7.0,32962920.0,SP-22,Direct
S01153,H040,D024,2024-01-30,1,983000,0.0,983000.0,SP-10,Direct
S01154,H028,D016,2026-01-24,1,122000,7.0,113460.0,SP-14,Distributor
S01155,H022,D033,2024-05-21,4,3486000,0.0,13944000.0,SP-01,Direct
S01156,H080,D014,2024-11-29,1,213000,7.0,198090.0,SP-08,Direct
S01157,H096,D004,2024-03-28,1,4875000,0.0,4875000.0,SP-14,Direct
S01158,H070,D007,2024-01-17,1,407000,2.0,398860.0,SP-15,Direct
S01159,H085,D055,2024-10-12,1,497000,10.0,447300.0,SP-11,Direct
S01160,H005,D059,2025-08-16,1,700000,12.0,616000.0,SP-17,Distributor
S01161,H003,D020,2024-09-25,4,579000,5.0,2200200.0,SP-10,Direct
S01162,H059,D006,2025-04-11,5,5198000,15.0,22091500.0,SP-14,Direct
S01163,H006,D024,2024-10-06,2,1013000,5.0,1924700.0,SP-10,Direct
S01164,H062,D035,2024-03-02,1,7615000,7.0,7081950.0,SP-03,Distributor
S01165,H072,D028,2026-03-01,3,132000,12.0,348480.0,SP-09,Distributor
S01166,H059,D040,2025-09-26,1,31915000,7.0,29680950.0,SP-25,Direct
S01167,H096,D012,2024-10-23,1,176000,5.0,167200.0,SP-13,Direct
S01168,H089,D002,2026-02-14,1,5498000,7.0,5113140.0,SP-18,Distributor
S01169,H077,D026,2024-04-14,1,53000,2.0,51940.0,SP-03,Direct
S01170,H020,D024,2025-09-28,3,954000,2.0,2804760.0,SP-01,Distributor
S01171,H099,D059,2026-02-10,5,656000,5.0,3116000.0,SP-15,Direct
S01172,H002,D045,2026-05-14,2,41359000,7.0,76927740.0,SP-19,Direct
S01173,H013,D030,2026-07-07,1,136000,15.0,115600.0,SP-05,Direct
S01174,H064,D015,2026-09-14,1,194000,12.0,170720.0,SP-13,Distributor
S01175,H015,D060,2025-08-27,1,496000,7.0,461280.0,SP-06,Direct
S01176,H021,D035,2026-08-15,1,7514000,15.0,6386900.0,SP-15,Direct
S01177,H033,D043,2024-06-29,1,38699000,5.0,36764050.0,SP-09,Direct
S01178,H012,D014,2024-08-06,1,207000,12.0,182160.0,SP-03,Direct
S01179,H031,D020,2025-04-25,1,536000,5.0,509200.0,SP-17,Direct
S01180,H069,D032,2025-07-23,1,7497000,5.0,7122150.0,SP-04,Direct
S01181,H095,D014,2026-09-01,1,220000,5.0,209000.0,SP-03,Direct
S01182,H066,D053,2025-02-03,2,977000,10.0,1758600.0,SP-19,Direct
S01183,H071,D058,2024-10-05,1,200000,7.0,186000.0,SP-16,Direct
S01184,H007,D059,2024-07-29,3,662000,0.0,1986000.0,SP-21,Direct
S01185,H087,D056,2026-02-21,2,470000,15.0,799000.0,SP-14,Distributor
S01186,H032,D051,2025-04-24,1,2317000,10.0,2085300.0,SP-21,Distributor
S01187,H067,D049,2025-07-29,1,2536000,10.0,2282400.0,SP-17,Distributor
S01188,H075,D005,2026-06-08,4,5120000,5.0,19456000.0,SP-03,Direct
S01189,H061,D017,2025-04-10,3,183000,10.0,494100.0,SP-13,Direct
S01190,H017,D014,2024-09-18,1,212000,12.0,186560.0,SP-02,Direct
S01191,H042,D059,2025-11-19,3,701000,7.0,1955790.0,SP-17,Distributor
S01192,H091,D002,2025-07-19,4,5144000,0.0,20576000.0,SP-07,Direct
S01193,H051,D043,2026-02-15,2,39287000,7.0,73073820.0,SP-20,Distributor
S01194,H072,D056,2025-12-19,5,481000,12.0,2116400.0,SP-18,Direct
S01195,H089,D059,2024-09-23,2,686000,10.0,1234800.0,SP-08,Direct
S01196,H037,D009,2026-07-01,1,363000,5.0,344850.0,SP-20,Direct
S01197,H067,D035,2026-05-05,1,7640000,7.0,7105200.0,SP-05,Direct
S01198,H057,D049,2026-02-15,3,2448000,5.0,6976800.0,SP-22,Direct
S01199,H083,D058,2026-01-30,1,192000,12.0,168960.0,SP-20,Distributor
S01200,H097,D038,2026-08-27,1,36562000,2.0,35830760.0,SP-25,Distributor
S01201,H020,D020,2025-07-26,2,534000,0.0,1068000.0,SP-02,Direct
S01202,H026,D005,2026-06-29,3,5191000,5.0,14794350.0,SP-04,Distributor
S01203,H053,D051,2025-02-05,1,2317000,12.0,2038960.0,SP-19,Distributor
S01204,H060,D031,2025-06-14,1,4790000,12.0,4215200.0,SP-21,Direct
S01205,H026,D049,2026-07-10,1,2405000,7.0,2236650.0,SP-25,Direct
S01206,H072,D024,2024-09-01,3,979000,15.0,2496450.0,SP-14,Direct
S01207,H004,D002,2026-03-21,2,5513000,15.0,9372100.0,SP-09,Direct
S01208,H011,D036,2025-06-08,1,1532000,7.0,1424760.0,SP-17,Distributor
S01209,H082,D037,2025-04-02,1,27037000,2.0,26496260.0,SP-04,Direct
S01210,H063,D031,2024-04-13,1,4996000,10.0,4496400.0,SP-06,Distributor
S01211,H002,D056,2024-04-09,1,464000,0.0,464000.0,SP-25,Distributor
S01212,H039,D010,2024-11-23,1,318000,5.0,302100.0,SP-25,Direct
S01213,H054,D059,2024-03-15,1,662000,5.0,628900.0,SP-10,Distributor
S01214,H015,D054,2025-08-09,5,1663000,5.0,7899250.0,SP-22,Direct
S01215,H015,D001,2026-06-05,1,1362000,5.0,1293900.0,SP-18,Distributor
S01216,H043,D022,2025-12-11,1,1441000,10.0,1296900.0,SP-16,Direct
S01217,H025,D019,2025-03-30,4,1127000,5.0,4282600.0,SP-25,Direct
S01218,H096,D018,2026-03-23,3,212000,12.0,559680.0,SP-23,Distributor
S01219,H074,D013,2024-04-27,3,217000,10.0,585900.0,SP-05,Direct
S01220,H048,D024,2025-07-30,3,1017000,12.0,2684880.0,SP-23,Direct
S01221,H062,D041,2026-02-24,2,26069000,5.0,49531100.0,SP-01,Direct
S01222,H026,D049,2025-07-28,4,2454000,0.0,9816000.0,SP-09,Distributor
S01223,H099,D003,2026-07-24,2,1256000,5.0,2386400.0,SP-24,Direct
S01224,H068,D043,2025-06-17,1,41309000,10.0,37178100.0,SP-15,Distributor
S01225,H089,D023,2025-10-07,1,1677000,7.0,1559610.0,SP-01,Distributor
S01226,H087,D035,2024-10-18,1,7474000,15.0,6352900.0,SP-21,Distributor
S01227,H044,D028,2026-07-29,1,136000,5.0,129200.0,SP-04,Direct
S01228,H031,D002,2025-11-10,2,5124000,0.0,10248000.0,SP-07,Direct
S01229,H061,D043,2025-02-06,1,40793000,10.0,36713700.0,SP-03,Distributor
S01230,H073,D034,2024-12-06,1,6835000,10.0,6151500.0,SP-08,Direct
S01231,H009,D037,2026-07-02,3,28053000,15.0,71535150.0,SP-21,Distributor
S01232,H086,D023,2026-08-16,4,1638000,2.0,6420960.0,SP-25,Direct
S01233,H018,D036,2024-03-01,2,1638000,10.0,2948400.0,SP-11,Distributor
S01234,H020,D040,2025-06-20,2,31087000,0.0,62174000.0,SP-07,Distributor
S01235,H019,D033,2024-12-27,2,3166000,5.0,6015400.0,SP-03,Distributor
S01236,H093,D059,2024-11-22,2,683000,2.0,1338680.0,SP-10,Direct
S01237,H023,D042,2025-10-05,1,33582000,5.0,31902900.0,SP-09,Direct
S01238,H066,D034,2025-06-12,1,6720000,2.0,6585600.0,SP-02,Distributor
S01239,H031,D030,2024-09-12,5,143000,0.0,715000.0,SP-18,Distributor
S01240,H038,D006,2024-12-11,1,5437000,0.0,5437000.0,SP-22,Direct
S01241,H062,D037,2024-12-22,2,26937000,0.0,53874000.0,SP-16,Direct
S01242,H079,D059,2025-10-23,5,709000,7.0,3296850.0,SP-22,Distributor
S01243,H090,D005,2024-09-10,3,4891000,2.0,14379540.0,SP-06,Direct
S01244,H053,D010,2024-05-16,4,312000,7.0,1160640.0,SP-19,Direct
S01245,H086,D002,2024-04-06,1,5160000,15.0,4386000.0,SP-06,Direct
S01246,H038,D039,2025-08-31,3,28583000,10.0,77174100.0,SP-14,Direct
S01247,H038,D038,2025-04-09,4,34882000,7.0,129761040.0,SP-18,Distributor
S01248,H047,D002,2026-09-18,3,5105000,12.0,13477200.0,SP-22,Direct
S01249,H062,D048,2024-12-24,2,61695000,5.0,117220500.0,SP-16,Direct
S01250,H005,D037,2025-03-26,1,28420000,12.0,25009600.0,SP-09,Distributor
S01251,H049,D004,2026-01-29,4,4594000,7.0,17089680.0,SP-15,Direct
S01252,H033,D059,2025-09-23,1,678000,12.0,596640.0,SP-07,Distributor
S01253,H035,D052,2024-08-20,1,1243000,2.0,1218140.0,SP-19,Direct
S01254,H066,D022,2025-09-06,2,1515000,10.0,2727000.0,SP-02,Direct
S01255,H078,D006,2024-12-15,1,5402000,15.0,4591700.0,SP-20,Direct
S01256,H058,D020,2024-07-06,4,549000,5.0,2086200.0,SP-04,Direct
S01257,H054,D050,2024-02-02,2,2300000,15.0,3910000.0,SP-02,Distributor
S01258,H065,D024,2025-04-03,1,1028000,7.0,956040.0,SP-24,Direct
S01259,H081,D029,2026-02-14,2,131000,0.0,262000.0,SP-04,Direct
S01260,H039,D014,2024-10-08,2,219000,5.0,416100.0,SP-09,Direct
S01261,H084,D019,2025-10-31,4,1154000,15.0,3923600.0,SP-09,Direct
S01262,H004,D044,2025-01-29,2,79623000,15.0,135359100.0,SP-14,Distributor
S01263,H039,D021,2025-08-11,1,1703000,2.0,1668940.0,SP-06,Distributor
S01264,H037,D026,2025-10-22,1,56000,5.0,53200.0,SP-05,Direct
S01265,H004,D039,2025-05-13,1,29106000,12.0,25613280.0,SP-08,Distributor
S01266,H006,D015,2024-11-11,1,187000,7.0,173910.0,SP-19,Direct
S01267,H032,D029,2025-07-30,1,123000,0.0,123000.0,SP-24,Direct
S01268,H049,D008,2025-01-20,5,245000,10.0,1102500.0,SP-01,Distributor
S01269,H058,D017,2024-12-27,2,192000,10.0,345600.0,SP-21,Direct
S01270,H010,D009,2024-06-19,5,390000,10.0,1755000.0,SP-23,Direct
S01271,H005,D056,2024-10-26,4,492000,7.0,1830240.0,SP-14,Direct
S01272,H008,D004,2026-08-19,5,4750000,5.0,22562500.0,SP-14,Direct
S01273,H063,D022,2024-08-20,5,1427000,0.0,7135000.0,SP-20,Direct
S01274,H013,D047,2024-02-04,2,53359000,2.0,104583640.0,SP-06,Direct
S01275,H023,D001,2025-04-02,3,1373000,12.0,3624720.0,SP-10,Direct
S01276,H100,D037,2026-02-11,1,27161000,7.0,25259730.0,SP-05,Direct
S01277,H023,D020,2026-01-21,2,587000,0.0,1174000.0,SP-15,Direct
S01278,H022,D032,2026-02-07,4,7305000,10.0,26298000.0,SP-05,Distributor
S01279,H038,D036,2025-12-10,4,1629000,2.0,6385680.0,SP-12,Direct
S01280,H011,D010,2024-07-17,2,324000,2.0,635040.0,SP-04,Direct
S01281,H070,D045,2026-09-30,5,40778000,0.0,203890000.0,SP-24,Distributor
S01282,H065,D035,2025-12-19,3,7242000,0.0,21726000.0,SP-11,Direct
S01283,H048,D027,2025-01-24,1,122000,2.0,119560.0,SP-23,Distributor
S01284,H072,D052,2024-06-03,3,1237000,0.0,3711000.0,SP-19,Direct
S01285,H060,D039,2025-10-02,2,28226000,5.0,53629400.0,SP-08,Direct
S01286,H061,D007,2026-08-17,3,405000,7.0,1129950.0,SP-16,Direct
S01287,H036,D049,2026-01-13,2,2529000,5.0,4805100.0,SP-01,Distributor
S01288,H096,D035,2024-01-04,1,7370000,2.0,7222600.0,SP-24,Direct
S01289,H034,D047,2026-03-29,1,53860000,10.0,48474000.0,SP-12,Direct
S01290,H053,D027,2025-04-27,1,116000,2.0,113680.0,SP-10,Direct
S01291,H027,D055,2025-01-14,5,491000,7.0,2283150.0,SP-08,Distributor
S01292,H027,D024,2024-01-20,4,944000,0.0,3776000.0,SP-05,Distributor
S01293,H027,D057,2025-11-05,3,441000,0.0,1323000.0,SP-19,Direct
S01294,H051,D044,2025-10-26,2,77857000,0.0,155714000.0,SP-15,Direct
S01295,H037,D044,2024-12-29,1,79660000,7.0,74083800.0,SP-25,Distributor
S01296,H063,D045,2025-08-08,1,40561000,7.0,37721730.0,SP-08,Distributor
S01297,H048,D004,2025-04-13,3,4999000,5.0,14247150.0,SP-17,Direct
S01298,H002,D038,2024-02-29,4,35489000,5.0,134858200.0,SP-24,Direct
S01299,H013,D011,2025-12-19,1,261000,10.0,234900.0,SP-10,Direct
S01300,H012,D042,2024-03-28,3,32850000,5.0,93622500.0,SP-07,Distributor
S01301,H062,D021,2024-07-20,2,1653000,12.0,2909280.0,SP-07,Distributor
S01302,H039,D040,2025-10-12,1,31232000,15.0,26547200.0,SP-23,Direct
S01303,H028,D019,2024-11-13,1,1102000,0.0,1102000.0,SP-23,Distributor
S01304,H030,D041,2024-08-10,2,27884000,10.0,50191200.0,SP-01,Direct
S01305,H062,D018,2024-03-14,4,214000,12.0,753280.0,SP-08,Direct
S01306,H044,D004,2024-10-23,1,4601000,12.0,4048880.0,SP-17,Distributor
S01307,H041,D039,2025-09-02,5,30262000,7.0,140718300.0,SP-02,Direct
S01308,H001,D001,2026-09-12,5,1259000,12.0,5539600.0,SP-18,Direct
S01309,H015,D002,2026-06-22,1,5086000,12.0,4475680.0,SP-20,Direct
S01310,H038,D058,2024-05-26,1,200000,15.0,170000.0,SP-09,Direct
S01311,H063,D027,2024-08-07,5,121000,12.0,532400.0,SP-16,Distributor
S01312,H030,D040,2025-12-07,2,31383000,5.0,59627700.0,SP-01,Distributor
S01313,H004,D060,2024-01-17,2,537000,7.0,998820.0,SP-25,Distributor
S01314,H007,D009,2024-11-19,1,385000,12.0,338800.0,SP-02,Distributor
S01315,H039,D045,2024-12-07,1,41616000,5.0,39535200.0,SP-08,Distributor
S01316,H073,D011,2026-04-27,5,261000,5.0,1239750.0,SP-12,Direct
S01317,H099,D007,2025-06-23,1,413000,0.0,413000.0,SP-23,Direct
S01318,H084,D023,2025-05-25,2,1759000,10.0,3166200.0,SP-16,Direct
S01319,H071,D035,2025-07-09,1,7950000,5.0,7552500.0,SP-15,Direct
S01320,H004,D006,2026-07-07,3,5295000,5.0,15090750.0,SP-19,Direct
S01321,H047,D042,2026-09-02,1,33775000,5.0,32086250.0,SP-18,Distributor
S01322,H023,D051,2025-06-14,1,2198000,0.0,2198000.0,SP-06,Distributor
S01323,H100,D046,2026-02-20,3,66749000,0.0,200247000.0,SP-11,Distributor
S01324,H066,D055,2026-07-27,3,476000,0.0,1428000.0,SP-20,Direct
S01325,H043,D047,2024-09-11,2,57315000,5.0,108898500.0,SP-05,Distributor
S01326,H041,D037,2025-04-14,1,27190000,7.0,25286700.0,SP-15,Distributor
S01327,H052,D058,2025-07-19,5,201000,15.0,854250.0,SP-12,Distributor
S01328,H003,D048,2026-04-17,3,60632000,5.0,172801200.0,SP-17,Direct
S01329,H005,D023,2026-08-16,1,1678000,5.0,1594100.0,SP-06,Direct
S01330,H059,D018,2024-11-15,1,198000,12.0,174240.0,SP-06,Direct
S01331,H005,D035,2024-02-01,2,7719000,7.0,14357340.0,SP-11,Direct
S01332,H019,D012,2025-04-09,2,176000,5.0,334400.0,SP-01,Distributor
S01333,H073,D027,2026-02-02,1,115000,2.0,112700.0,SP-02,Direct
S01334,H084,D014,2026-02-11,3,210000,5.0,598500.0,SP-15,Direct
S01335,H057,D052,2026-06-24,1,1205000,12.0,1060400.0,SP-03,Direct
S01336,H061,D056,2024-06-01,1,474000,7.0,440820.0,SP-04,Direct
S01337,H008,D021,2024-01-02,4,1757000,5.0,6676600.0,SP-12,Direct
S01338,H045,D003,2025-05-24,2,1343000,5.0,2551700.0,SP-17,Distributor
S01339,H070,D055,2024-01-06,2,486000,7.0,903960.0,SP-08,Distributor
S01340,H086,D027,2024-09-25,4,121000,12.0,425920.0,SP-24,Distributor
S01341,H059,D026,2025-04-01,1,53000,0.0,53000.0,SP-15,Direct
S01342,H095,D045,2024-09-12,3,40920000,2.0,120304800.0,SP-08,Distributor
S01343,H013,D001,2025-03-18,1,1346000,15.0,1144100.0,SP-02,Direct
S01344,H009,D048,2026-08-14,3,59182000,10.0,159791400.0,SP-12,Distributor
S01345,H067,D013,2024-07-21,1,228000,10.0,205200.0,SP-08,Direct
S01346,H023,D055,2025-01-15,1,488000,15.0,414800.0,SP-23,Direct
S01347,H099,D051,2026-05-07,1,2263000,10.0,2036700.0,SP-05,Direct
S01348,H064,D052,2026-01-08,1,1263000,2.0,1237740.0,SP-02,Direct
S01349,H097,D023,2025-11-30,1,1669000,10.0,1502100.0,SP-13,Direct
S01350,H069,D045,2026-02-23,2,42160000,5.0,80104000.0,SP-25,Direct
S01351,H087,D002,2026-03-21,2,5133000,10.0,9239400.0,SP-14,Direct
S01352,H056,D001,2025-10-23,1,1315000,15.0,1117750.0,SP-18,Direct
S01353,H094,D039,2025-09-02,1,30371000,2.0,29763580.0,SP-06,Distributor
S01354,H015,D027,2026-03-18,1,123000,2.0,120540.0,SP-12,Direct
S01355,H042,D042,2024-09-13,3,33844000,7.0,94424760.0,SP-07,Distributor
S01356,H075,D021,2024-11-24,1,1677000,12.0,1475760.0,SP-18,Direct
S01357,H068,D005,2026-07-12,1,5047000,2.0,4946060.0,SP-08,Direct
S01358,H071,D003,2025-07-03,1,1312000,12.0,1154560.0,SP-23,Direct
S01359,H080,D030,2026-01-13,4,134000,2.0,525280.0,SP-22,Distributor
S01360,H062,D046,2024-02-09,4,66413000,0.0,265652000.0,SP-03,Direct
S01361,H032,D045,2025-11-18,1,40736000,2.0,39921280.0,SP-18,Direct
S01362,H005,D060,2024-09-19,5,519000,0.0,2595000.0,SP-24,Distributor
S01363,H005,D008,2024-05-07,3,266000,15.0,678300.0,SP-07,Direct
S01364,H033,D007,2025-12-12,3,390000,0.0,1170000.0,SP-20,Direct
S01365,H027,D018,2025-04-05,3,207000,7.0,577530.0,SP-23,Direct
S01366,H015,D042,2025-01-19,5,34684000,7.0,161280600.0,SP-05,Distributor
S01367,H087,D005,2026-03-10,1,5105000,5.0,4849750.0,SP-24,Distributor
S01368,H096,D031,2024-07-07,1,4968000,7.0,4620240.0,SP-01,Direct
S01369,H095,D031,2025-03-10,5,4769000,0.0,23845000.0,SP-22,Distributor
S01370,H099,D047,2026-06-07,3,56979000,0.0,170937000.0,SP-08,Distributor
S01371,H068,D026,2024-03-18,1,54000,10.0,48600.0,SP-22,Direct
S01372,H019,D018,2025-03-18,3,210000,0.0,630000.0,SP-20,Direct
S01373,H079,D018,2024-02-21,1,209000,0.0,209000.0,SP-08,Direct
S01374,H023,D047,2024-08-03,1,52855000,7.0,49155150.0,SP-19,Distributor
S01375,H021,D022,2026-01-10,2,1446000,7.0,2689560.0,SP-24,Direct
S01376,H029,D053,2026-06-26,2,947000,7.0,1761420.0,SP-08,Direct
S01377,H061,D054,2025-03-03,4,1695000,10.0,6102000.0,SP-07,Direct
S01378,H095,D020,2024-05-22,3,572000,2.0,1681680.0,SP-23,Direct
S01379,H015,D043,2026-03-28,4,41120000,5.0,156256000.0,SP-03,Direct
S01380,H064,D024,2024-05-30,1,943000,7.0,876990.0,SP-07,Distributor
S01381,H082,D047,2025-01-28,4,56834000,15.0,193235600.0,SP-12,Direct
S01382,H090,D009,2026-07-19,2,385000,15.0,654500.0,SP-19,Distributor
S01383,H067,D013,2024-07-05,5,230000,10.0,1035000.0,SP-15,Distributor
S01384,H010,D017,2026-05-17,1,182000,0.0,182000.0,SP-09,Direct
S01385,H020,D009,2024-02-08,1,377000,15.0,320450.0,SP-23,Direct
S01386,H003,D025,2026-02-17,4,103000,10.0,370800.0,SP-06,Distributor
S01387,H015,D049,2024-03-27,2,2565000,15.0,4360500.0,SP-17,Direct
S01388,H001,D014,2024-08-29,2,221000,10.0,397800.0,SP-08,Distributor
S01389,H066,D020,2024-04-11,1,586000,2.0,574280.0,SP-11,Direct
S01390,H049,D048,2025-01-23,3,62337000,10.0,168309900.0,SP-22,Direct
S01391,H070,D036,2025-04-03,1,1542000,7.0,1434060.0,SP-01,Distributor
S01392,H043,D047,2025-05-09,1,56477000,0.0,56477000.0,SP-15,Direct
S01393,H060,D011,2026-02-18,4,265000,5.0,1007000.0,SP-06,Distributor
S01394,H098,D015,2025-07-05,1,188000,10.0,169200.0,SP-10,Distributor
S01395,H076,D046,2024-02-04,3,66997000,15.0,170842350.0,SP-15,Direct
S01396,H071,D054,2026-06-04,2,1674000,7.0,3113640.0,SP-05,Distributor
S01397,H045,D033,2025-03-22,5,3206000,0.0,16030000.0,SP-11,Direct
S01398,H099,D016,2025-03-02,1,115000,7.0,106950.0,SP-10,Distributor
S01399,H010,D027,2025-06-04,2,114000,0.0,228000.0,SP-25,Distributor
S01400,H022,D037,2025-09-09,3,28050000,0.0,84150000.0,SP-20,Distributor
S01401,H090,D008,2024-08-23,5,254000,0.0,1270000.0,SP-03,Direct
S01402,H007,D045,2024-09-22,1,38560000,15.0,32776000.0,SP-01,Direct
S01403,H084,D052,2026-03-01,2,1270000,5.0,2413000.0,SP-05,Direct
S01404,H075,D028,2025-12-29,1,127000,10.0,114300.0,SP-20,Distributor
S01405,H020,D016,2025-10-16,2,116000,7.0,215760.0,SP-07,Distributor
S01406,H073,D010,2024-05-07,5,327000,15.0,1389750.0,SP-20,Direct
S01407,H034,D021,2026-07-22,3,1729000,5.0,4927650.0,SP-18,Direct
S01408,H095,D057,2024-12-23,1,433000,5.0,411350.0,SP-06,Direct
S01409,H093,D037,2024-07-08,2,28664000,12.0,50448640.0,SP-21,Direct
S01410,H042,D004,2025-07-10,1,4951000,0.0,4951000.0,SP-08,Direct
S01411,H030,D020,2026-01-27,1,553000,2.0,541940.0,SP-16,Direct
S01412,H026,D056,2024-07-26,5,457000,12.0,2010800.0,SP-15,Direct
S01413,H069,D031,2024-11-13,2,4871000,12.0,8572960.0,SP-25,Distributor
S01414,H022,D038,2024-08-30,3,35240000,5.0,100434000.0,SP-15,Direct
S01415,H031,D034,2026-03-02,1,6798000,5.0,6458100.0,SP-18,Distributor
S01416,H021,D054,2025-01-29,1,1751000,15.0,1488350.0,SP-06,Direct
S01417,H020,D036,2024-08-28,1,1590000,12.0,1399200.0,SP-15,Direct
S01418,H040,D017,2024-09-12,4,185000,10.0,666000.0,SP-06,Direct
S01419,H012,D003,2025-05-13,5,1291000,5.0,6132250.0,SP-16,Distributor
S01420,H067,D012,2026-05-03,5,180000,0.0,900000.0,SP-22,Direct
S01421,H073,D055,2026-08-01,2,476000,2.0,932960.0,SP-06,Direct
S01422,H099,D010,2024-09-17,4,318000,7.0,1182960.0,SP-25,Direct
S01423,H068,D023,2025-12-13,1,1771000,7.0,1647030.0,SP-11,Distributor
S01424,H067,D046,2025-09-01,4,63540000,2.0,249076800.0,SP-19,Direct
S01425,H013,D052,2026-08-10,1,1195000,10.0,1075500.0,SP-20,Direct
S01426,H093,D007,2024-09-26,1,404000,0.0,404000.0,SP-04,Distributor
S01427,H044,D010,2025-09-07,2,315000,2.0,617400.0,SP-24,Direct
S01428,H090,D055,2024-04-20,1,480000,15.0,408000.0,SP-15,Direct
S01429,H089,D041,2024-10-14,1,28083000,15.0,23870550.0,SP-10,Distributor
S01430,H017,D022,2024-06-04,2,1467000,0.0,2934000.0,SP-01,Direct
S01431,H013,D004,2024-03-10,1,4981000,10.0,4482900.0,SP-18,Direct
S01432,H077,D033,2024-09-07,2,3351000,10.0,6031800.0,SP-13,Direct
S01433,H076,D023,2025-08-06,4,1722000,15.0,5854800.0,SP-25,Distributor
S01434,H020,D059,2026-01-04,2,687000,5.0,1305300.0,SP-10,Distributor
S01435,H072,D010,2026-05-01,3,320000,2.0,940800.0,SP-11,Distributor
S01436,H093,D047,2024-11-18,4,55157000,5.0,209596600.0,SP-11,Direct
S01437,H058,D024,2025-01-25,1,981000,0.0,981000.0,SP-23,Direct
S01438,H025,D045,2026-01-15,5,40217000,15.0,170922250.0,SP-19,Distributor
S01439,H080,D001,2026-07-30,1,1292000,10.0,1162800.0,SP-01,Direct
S01440,H071,D060,2025-01-29,1,515000,2.0,504700.0,SP-20,Direct
S01441,H046,D046,2024-04-10,3,65564000,10.0,177022800.0,SP-25,Distributor
S01442,H032,D018,2024-02-01,1,200000,5.0,190000.0,SP-13,Distributor
S01443,H010,D033,2026-09-01,4,3305000,5.0,12559000.0,SP-01,Direct
S01444,H007,D056,2026-07-31,4,463000,12.0,1629760.0,SP-22,Direct
S01445,H066,D042,2024-03-30,4,33348000,5.0,126722400.0,SP-16,Direct
S01446,H059,D043,2024-08-01,1,41040000,10.0,36936000.0,SP-10,Direct
S01447,H041,D007,2024-12-01,3,399000,0.0,1197000.0,SP-17,Direct
S01448,H084,D034,2025-05-27,1,6447000,7.0,5995710.0,SP-05,Direct
S01449,H071,D002,2026-01-12,5,5423000,12.0,23861200.0,SP-05,Direct
S01450,H080,D039,2025-11-08,1,30106000,0.0,30106000.0,SP-01,Direct
S01451,H071,D010,2025-01-16,5,320000,5.0,1520000.0,SP-14,Distributor
S01452,H012,D052,2026-01-29,1,1172000,5.0,1113400.0,SP-09,Direct
S01453,H028,D026,2025-06-28,1,54000,5.0,51300.0,SP-15,Distributor
S01454,H084,D012,2025-02-14,1,173000,5.0,164350.0,SP-04,Direct
S01455,H084,D034,2024-05-14,1,6609000,0.0,6609000.0,SP-25,Direct
S01456,H043,D034,2025-07-22,2,6641000,10.0,11953800.0,SP-10,Distributor
S01457,H042,D027,2025-12-24,1,118000,7.0,109740.0,SP-19,Distributor
S01458,H080,D054,2025-05-20,1,1734000,0.0,1734000.0,SP-14,Distributor
S01459,H098,D051,2026-05-17,4,2310000,2.0,9055200.0,SP-23,Distributor
S01460,H069,D058,2025-05-17,1,194000,7.0,180420.0,SP-08,Distributor
S01461,H066,D006,2024-02-27,5,5104000,12.0,22457600.0,SP-03,Direct
S01462,H085,D001,2025-10-20,2,1301000,15.0,2211700.0,SP-08,Distributor
S01463,H057,D034,2024-06-25,1,6745000,15.0,5733250.0,SP-01,Direct
S01464,H089,D028,2025-10-09,2,137000,10.0,246600.0,SP-08,Distributor
S01465,H041,D026,2025-11-12,5,55000,0.0,275000.0,SP-08,Direct
S01466,H042,D028,2026-05-17,5,132000,0.0,660000.0,SP-16,Direct
S01467,H033,D041,2026-08-29,4,25688000,15.0,87339200.0,SP-04,Distributor
S01468,H020,D031,2024-03-20,2,4999000,15.0,8498300.0,SP-14,Direct
S01469,H004,D040,2024-12-22,5,31563000,7.0,146767950.0,SP-22,Distributor
S01470,H051,D035,2025-01-26,1,7628000,5.0,7246600.0,SP-19,Direct
S01471,H023,D022,2024-06-04,4,1413000,5.0,5369400.0,SP-08,Direct
S01472,H080,D031,2025-03-27,2,4960000,2.0,9721600.0,SP-03,Direct
S01473,H058,D002,2025-11-28,4,5406000,7.0,20110320.0,SP-21,Distributor
S01474,H007,D047,2026-03-13,1,53068000,10.0,47761200.0,SP-14,Direct
S01475,H001,D056,2024-01-13,4,478000,7.0,1778160.0,SP-04,Distributor
S01476,H056,D003,2024-01-07,1,1338000,0.0,1338000.0,SP-20,Direct
S01477,H041,D010,2025-08-26,3,326000,2.0,958440.0,SP-07,Distributor
S01478,H087,D031,2024-10-16,1,4812000,7.0,4475160.0,SP-08,Direct
S01479,H001,D058,2026-09-30,2,191000,15.0,324700.0,SP-14,Direct
S01480,H062,D029,2025-01-02,1,126000,15.0,107100.0,SP-10,Distributor
S01481,H004,D009,2026-01-02,4,384000,10.0,1382400.0,SP-07,Distributor
S01482,H004,D026,2024-07-16,5,55000,15.0,233750.0,SP-16,Direct
S01483,H025,D014,2024-03-11,5,211000,0.0,1055000.0,SP-05,Direct
S01484,H032,D018,2026-09-05,5,206000,5.0,978500.0,SP-22,Direct
S01485,H092,D045,2024-12-24,3,40815000,10.0,110200500.0,SP-17,Distributor
S01486,H072,D035,2026-03-05,1,7745000,0.0,7745000.0,SP-22,Direct
S01487,H091,D045,2026-08-16,4,39357000,5.0,149556600.0,SP-22,Direct
S01488,H042,D034,2025-01-04,2,6655000,12.0,11712800.0,SP-21,Distributor
S01489,H036,D042,2025-05-23,2,35428000,15.0,60227600.0,SP-11,Distributor
S01490,H053,D013,2024-01-23,3,225000,2.0,661500.0,SP-01,Direct
S01491,H011,D010,2025-06-16,1,308000,7.0,286440.0,SP-22,Direct
S01492,H015,D029,2025-03-15,1,129000,5.0,122550.0,SP-01,Direct
S01493,H039,D032,2024-11-15,4,7292000,5.0,27709600.0,SP-20,Distributor
S01494,H065,D050,2025-03-04,2,2266000,5.0,4305400.0,SP-20,Direct
S01495,H036,D004,2026-08-28,5,4783000,10.0,21523500.0,SP-06,Distributor
S01496,H027,D040,2024-06-12,4,31781000,0.0,127124000.0,SP-18,Direct
S01497,H063,D039,2025-01-20,1,29176000,7.0,27133680.0,SP-18,Direct
S01498,H073,D053,2026-07-28,1,908000,7.0,844440.0,SP-17,Direct
S01499,H083,D041,2024-09-13,1,27847000,5.0,26454650.0,SP-11,Distributor
S01500,H051,D015,2025-06-03,1,192000,0.0,192000.0,SP-12,Direct
S01501,H065,D007,2024-06-30,1,397000,5.0,377150.0,SP-01,Direct
S01502,H099,D031,2024-02-27,1,4727000,5.0,4490650.0,SP-25,Distributor
S01503,H014,D023,2024-10-28,1,1718000,5.0,1632100.0,SP-09,Distributor
S01504,H098,D052,2024-04-30,1,1183000,5.0,1123850.0,SP-04,Direct
S01505,H004,D012,2025-01-15,2,169000,5.0,321100.0,SP-07,Distributor
S01506,H093,D021,2024-03-17,4,1709000,7.0,6357480.0,SP-13,Direct
S01507,H025,D042,2025-08-31,5,33885000,0.0,169425000.0,SP-25,Direct
S01508,H013,D023,2026-01-01,2,1723000,10.0,3101400.0,SP-21,Distributor
S01509,H019,D047,2024-11-05,1,56151000,7.0,52220430.0,SP-22,Direct
S01510,H013,D045,2026-02-23,1,38509000,2.0,37738820.0,SP-03,Direct
S01511,H058,D050,2024-04-15,1,2154000,0.0,2154000.0,SP-20,Direct
S01512,H015,D014,2024-12-25,2,208000,0.0,416000.0,SP-11,Direct
S01513,H050,D017,2024-05-19,1,184000,5.0,174800.0,SP-11,Direct
S01514,H004,D034,2024-02-05,2,6829000,5.0,12975100.0,SP-12,Distributor
S01515,H010,D008,2025-01-06,3,243000,0.0,729000.0,SP-05,Direct
S01516,H054,D006,2024-02-09,5,5186000,10.0,23337000.0,SP-21,Distributor
S01517,H068,D044,2025-11-09,2,81623000,15.0,138759100.0,SP-09,Direct
S01518,H037,D058,2024-08-12,1,196000,7.0,182280.0,SP-19,Distributor
S01519,H008,D029,2024-02-08,1,125000,7.0,116250.0,SP-20,Distributor
S01520,H001,D025,2025-10-24,3,105000,0.0,315000.0,SP-22,Direct
S01521,H070,D035,2026-03-06,3,7821000,12.0,20647440.0,SP-14,Distributor
S01522,H042,D028,2026-03-03,4,129000,12.0,454080.0,SP-22,Direct
S01523,H050,D015,2026-07-04,1,184000,5.0,174800.0,SP-15,Direct
S01524,H027,D049,2025-10-30,1,2491000,5.0,2366450.0,SP-03,Distributor
S01525,H011,D048,2024-09-26,2,57266000,0.0,114532000.0,SP-25,Distributor
S01526,H076,D030,2025-11-09,1,137000,0.0,137000.0,SP-04,Distributor
S01527,H002,D048,2025-07-27,1,57585000,7.0,53554050.0,SP-24,Direct
S01528,H073,D029,2024-08-20,1,129000,7.0,119970.0,SP-11,Distributor
S01529,H081,D020,2025-07-11,4,552000,12.0,1943040.0,SP-19,Direct
S01530,H060,D023,2025-04-24,2,1633000,7.0,3037380.0,SP-08,Direct
S01531,H096,D025,2025-01-30,1,100000,0.0,100000.0,SP-20,Direct
S01532,H003,D048,2026-03-02,1,61854000,12.0,54431520.0,SP-25,Distributor
S01533,H035,D050,2024-12-20,2,2359000,15.0,4010300.0,SP-08,Distributor
S01534,H080,D033,2026-02-17,1,3291000,12.0,2896080.0,SP-03,Distributor
S01535,H076,D025,2024-02-18,3,107000,12.0,282480.0,SP-19,Distributor
S01536,H018,D031,2026-08-12,3,4838000,0.0,14514000.0,SP-14,Direct
S01537,H085,D006,2024-10-08,1,5265000,0.0,5265000.0,SP-19,Direct
S01538,H070,D035,2024-06-28,1,7346000,0.0,7346000.0,SP-23,Distributor
S01539,H002,D036,2026-02-09,2,1585000,10.0,2853000.0,SP-20,Distributor
S01540,H040,D017,2024-05-30,1,187000,0.0,187000.0,SP-10,Direct
S01541,H030,D033,2024-11-17,4,3248000,15.0,11043200.0,SP-06,Direct
S01542,H039,D048,2026-05-06,5,57057000,7.0,265315050.0,SP-13,Direct
S01543,H084,D029,2026-02-06,1,129000,5.0,122550.0,SP-14,Distributor
S01544,H002,D018,2026-02-16,1,202000,0.0,202000.0,SP-25,Distributor
S01545,H061,D053,2024-10-05,1,957000,5.0,909150.0,SP-24,Distributor
S01546,H003,D008,2025-05-16,1,243000,0.0,243000.0,SP-07,Distributor
S01547,H054,D036,2025-12-07,1,1603000,10.0,1442700.0,SP-19,Direct
S01548,H040,D012,2024-04-30,2,169000,2.0,331240.0,SP-24,Direct
S01549,H009,D020,2025-11-30,1,577000,12.0,507760.0,SP-09,Distributor
S01550,H024,D043,2025-02-12,5,39524000,10.0,177858000.0,SP-18,Direct
S01551,H027,D015,2026-02-25,2,188000,7.0,349680.0,SP-11,Direct
S01552,H054,D043,2024-08-08,5,40722000,12.0,179176800.0,SP-12,Distributor
S01553,H028,D025,2025-09-12,1,102000,5.0,96900.0,SP-12,Distributor
S01554,H097,D044,2025-01-16,4,78697000,5.0,299048600.0,SP-21,Direct
S01555,H054,D017,2026-08-02,5,193000,10.0,868500.0,SP-06,Direct
S01556,H044,D036,2026-07-26,1,1511000,0.0,1511000.0,SP-08,Distributor
S01557,H088,D005,2026-06-27,4,4820000,10.0,17352000.0,SP-19,Direct
S01558,H016,D027,2024-10-23,1,115000,5.0,109250.0,SP-05,Direct
S01559,H073,D059,2025-07-22,1,698000,10.0,628200.0,SP-01,Direct
S01560,H025,D025,2025-01-11,5,104000,10.0,468000.0,SP-17,Direct
S01561,H094,D023,2026-02-11,2,1763000,5.0,3349700.0,SP-14,Distributor
S01562,H040,D052,2026-04-10,5,1194000,0.0,5970000.0,SP-20,Direct
S01563,H020,D005,2026-02-21,5,5105000,10.0,22972500.0,SP-14,Direct
S01564,H064,D020,2026-04-09,5,575000,7.0,2673750.0,SP-13,Distributor
S01565,H008,D017,2026-07-06,1,192000,5.0,182400.0,SP-05,Direct
S01566,H037,D048,2025-03-05,1,61593000,15.0,52354050.0,SP-08,Distributor
S01567,H080,D028,2024-02-07,2,130000,12.0,228800.0,SP-13,Direct
S01568,H001,D040,2025-12-09,4,31223000,0.0,124892000.0,SP-22,Direct
S01569,H070,D042,2024-03-04,2,35725000,10.0,64305000.0,SP-08,Distributor
S01570,H085,D010,2025-10-15,1,331000,5.0,314450.0,SP-22,Direct
S01571,H027,D049,2026-04-09,5,2507000,12.0,11030800.0,SP-19,Direct
S01572,H077,D013,2026-04-10,1,213000,0.0,213000.0,SP-10,Distributor
S01573,H047,D021,2024-04-02,1,1710000,12.0,1504800.0,SP-08,Distributor
S01574,H057,D020,2024-12-27,4,540000,0.0,2160000.0,SP-06,Direct
S01575,H071,D009,2025-04-19,2,359000,5.0,682100.0,SP-07,Direct
S01576,H100,D028,2025-01-29,2,134000,0.0,268000.0,SP-01,Distributor
S01577,H028,D056,2024-07-23,4,483000,15.0,1642200.0,SP-25,Direct
S01578,H084,D027,2026-05-10,5,117000,12.0,514800.0,SP-05,Direct
S01579,H037,D048,2025-12-17,2,60177000,5.0,114336300.0,SP-17,Direct
S01580,H022,D039,2024-11-18,1,29479000,10.0,26531100.0,SP-05,Direct
S01581,H036,D045,2026-07-24,4,38504000,10.0,138614400.0,SP-09,Direct
S01582,H037,D035,2024-04-27,4,7253000,2.0,28431760.0,SP-01,Direct
S01583,H060,D006,2026-07-17,4,5151000,7.0,19161720.0,SP-17,Direct
S01584,H014,D024,2024-08-11,5,1001000,2.0,4904900.0,SP-21,Direct
S01585,H020,D028,2026-09-15,2,131000,15.0,222700.0,SP-14,Direct
S01586,H072,D016,2026-01-03,2,115000,10.0,207000.0,SP-14,Distributor
S01587,H091,D027,2026-01-10,1,116000,15.0,98600.0,SP-13,Direct
S01588,H044,D004,2026-04-29,1,4854000,0.0,4854000.0,SP-25,Distributor
S01589,H061,D038,2026-09-14,2,36935000,15.0,62789500.0,SP-09,Distributor
S01590,H096,D029,2024-09-15,3,125000,7.0,348750.0,SP-06,Direct
S01591,H005,D039,2024-02-04,3,29222000,5.0,83282700.0,SP-01,Distributor
S01592,H050,D007,2025-09-19,4,382000,5.0,1451600.0,SP-16,Distributor
S01593,H071,D027,2026-09-17,1,112000,10.0,100800.0,SP-18,Direct
S01594,H046,D017,2025-01-04,1,182000,0.0,182000.0,SP-10,Direct
S01595,H020,D022,2026-01-17,5,1544000,5.0,7334000.0,SP-12,Direct
S01596,H024,D018,2025-02-13,1,214000,5.0,203300.0,SP-01,Direct
S01597,H040,D041,2025-03-08,2,27069000,5.0,51431100.0,SP-04,Direct
S01598,H031,D044,2024-06-20,1,74182000,10.0,66763800.0,SP-07,Distributor
S01599,H097,D010,2025-08-01,5,324000,5.0,1539000.0,SP-20,Direct
S01600,H043,D028,2024-04-10,2,140000,5.0,266000.0,SP-06,Distributor
S01601,H049,D046,2025-04-23,3,68085000,7.0,189957150.0,SP-17,Direct
S01602,H030,D008,2025-06-06,5,254000,2.0,1244600.0,SP-06,Direct
S01603,H029,D009,2025-04-15,1,375000,2.0,367500.0,SP-05,Distributor
S01604,H045,D045,2024-12-19,1,41753000,0.0,41753000.0,SP-25,Direct
S01605,H026,D038,2026-02-16,1,37194000,10.0,33474600.0,SP-10,Direct
S01606,H011,D026,2024-01-07,1,56000,10.0,50400.0,SP-25,Distributor
S01607,H073,D060,2024-03-16,1,508000,15.0,431800.0,SP-09,Distributor
S01608,H005,D023,2026-04-09,5,1740000,15.0,7395000.0,SP-20,Direct
S01609,H093,D047,2026-02-08,1,55179000,10.0,49661100.0,SP-23,Direct
S01610,H031,D015,2024-12-28,1,195000,10.0,175500.0,SP-17,Direct
S01611,H090,D058,2026-08-24,2,193000,0.0,386000.0,SP-10,Direct
S01612,H048,D029,2024-12-31,5,131000,7.0,609150.0,SP-06,Direct
S01613,H059,D015,2024-07-14,3,196000,10.0,529200.0,SP-06,Direct
S01614,H091,D013,2025-01-28,1,233000,5.0,221350.0,SP-11,Distributor
S01615,H022,D007,2024-08-04,4,404000,0.0,1616000.0,SP-12,Distributor
S01616,H091,D030,2026-05-25,1,141000,0.0,141000.0,SP-24,Distributor
S01617,H071,D056,2024-06-28,2,494000,0.0,988000.0,SP-02,Direct
S01618,H093,D059,2026-08-11,2,686000,15.0,1166200.0,SP-02,Direct
S01619,H019,D011,2026-08-22,1,256000,12.0,225280.0,SP-11,Direct
S01620,H041,D057,2026-05-19,1,407000,10.0,366300.0,SP-06,Direct
S01621,H077,D010,2025-05-26,1,329000,15.0,279650.0,SP-03,Distributor
S01622,H037,D053,2024-09-02,1,891000,7.0,828630.0,SP-20,Distributor
S01623,H057,D028,2026-02-02,5,135000,5.0,641250.0,SP-06,Direct
S01624,H026,D007,2025-07-27,5,413000,0.0,2065000.0,SP-11,Direct
S01625,H095,D054,2024-05-23,3,1760000,0.0,5280000.0,SP-08,Direct
S01626,H068,D020,2025-04-16,5,563000,7.0,2617950.0,SP-24,Direct
S01627,H088,D004,2026-09-09,2,4606000,7.0,8567160.0,SP-10,Direct
S01628,H066,D023,2026-04-11,1,1702000,5.0,1616900.0,SP-01,Direct
S01629,H019,D035,2024-12-19,1,7865000,0.0,7865000.0,SP-06,Distributor
S01630,H058,D001,2025-02-05,1,1347000,12.0,1185360.0,SP-19,Distributor
S01631,H043,D002,2024-08-29,2,5381000,5.0,10223900.0,SP-18,Direct
S01632,H099,D047,2025-10-13,1,52326000,7.0,48663180.0,SP-19,Direct
S01633,H003,D017,2024-02-05,2,190000,5.0,361000.0,SP-07,Distributor
S01634,H082,D025,2026-02-07,5,107000,10.0,481500.0,SP-25,Distributor
S01635,H015,D006,2025-07-12,5,5044000,7.0,23454600.0,SP-25,Direct
S01636,H034,D009,2024-06-21,1,372000,5.0,353400.0,SP-25,Distributor
S01637,H004,D030,2024-12-03,2,143000,5.0,271700.0,SP-21,Direct
S01638,H002,D059,2025-09-24,1,691000,12.0,608080.0,SP-04,Distributor
S01639,H021,D013,2024-01-12,3,230000,7.0,641700.0,SP-20,Distributor
S01640,H067,D012,2025-10-26,2,172000,7.0,319920.0,SP-20,Direct
S01641,H076,D043,2026-06-17,2,40543000,0.0,81086000.0,SP-17,Direct
S01642,H036,D043,2024-09-04,1,41166000,15.0,34991100.0,SP-20,Direct
S01643,H045,D034,2024-03-06,3,6999000,7.0,19527210.0,SP-02,Direct
S01644,H057,D021,2024-07-23,1,1764000,7.0,1640520.0,SP-14,Direct
S01645,H025,D009,2025-12-18,3,375000,12.0,990000.0,SP-06,Direct
S01646,H046,D039,2026-02-14,5,28339000,7.0,131776350.0,SP-14,Direct
S01647,H056,D046,2025-06-09,1,69362000,7.0,64506660.0,SP-18,Direct
S01648,H072,D030,2024-10-10,1,138000,7.0,128340.0,SP-07,Direct
S01649,H021,D015,2025-04-11,5,196000,2.0,960400.0,SP-17,Direct
S01650,H014,D004,2024-07-24,2,4863000,0.0,9726000.0,SP-10,Distributor
S01651,H035,D059,2025-01-19,1,664000,2.0,650720.0,SP-25,Direct
S01652,H021,D060,2025-09-15,4,503000,7.0,1871160.0,SP-15,Direct
S01653,H016,D041,2024-10-16,1,26414000,0.0,26414000.0,SP-25,Direct
S01654,H076,D054,2024-11-18,2,1798000,10.0,3236400.0,SP-14,Distributor
S01655,H013,D022,2026-09-06,2,1446000,10.0,2602800.0,SP-17,Direct
S01656,H096,D009,2026-06-27,3,391000,5.0,1114350.0,SP-04,Direct
S01657,H067,D054,2025-09-05,1,1647000,0.0,1647000.0,SP-03,Distributor
S01658,H022,D025,2025-11-24,2,104000,7.0,193440.0,SP-06,Direct
S01659,H087,D013,2025-04-08,2,215000,7.0,399900.0,SP-19,Direct
S01660,H060,D010,2025-03-14,1,334000,2.0,327320.0,SP-12,Distributor
S01661,H083,D011,2026-07-12,4,250000,5.0,950000.0,SP-04,Distributor
S01662,H063,D051,2024-02-01,4,2170000,5.0,8246000.0,SP-24,Direct
S01663,H004,D035,2025-01-27,1,7432000,10.0,6688800.0,SP-14,Distributor
S01664,H097,D030,2025-05-10,1,135000,12.0,118800.0,SP-12,Direct
S01665,H025,D052,2026-05-26,3,1277000,0.0,3831000.0,SP-24,Direct
S01666,H053,D030,2025-08-23,1,140000,2.0,137200.0,SP-23,Direct
S01667,H052,D042,2024-06-14,1,33087000,12.0,29116560.0,SP-16,Direct
S01668,H015,D039,2024-01-21,1,29372000,5.0,27903400.0,SP-05,Distributor
S01669,H063,D032,2025-04-01,3,7277000,0.0,21831000.0,SP-16,Distributor
S01670,H056,D060,2024-09-03,2,495000,10.0,891000.0,SP-01,Direct
S01671,H003,D038,2026-01-17,2,36392000,5.0,69144800.0,SP-02,Direct
S01672,H015,D037,2025-11-16,1,26661000,0.0,26661000.0,SP-06,Direct
S01673,H096,D043,2024-12-07,1,40967000,12.0,36050960.0,SP-22,Direct
S01674,H053,D012,2026-02-15,5,177000,0.0,885000.0,SP-12,Distributor
S01675,H030,D006,2024-08-18,2,5182000,5.0,9845800.0,SP-05,Direct
S01676,H073,D042,2025-06-27,2,33360000,7.0,62049600.0,SP-06,Direct
S01677,H083,D042,2024-06-04,1,34421000,15.0,29257850.0,SP-14,Distributor
S01678,H037,D013,2026-08-04,2,225000,10.0,405000.0,SP-11,Direct
S01679,H016,D015,2024-05-21,1,182000,0.0,182000.0,SP-15,Distributor
S01680,H017,D002,2026-01-05,3,5390000,15.0,13744500.0,SP-19,Distributor
S01681,H094,D048,2025-03-23,1,62261000,5.0,59147950.0,SP-17,Distributor
S01682,H097,D045,2024-08-20,3,40960000,5.0,116736000.0,SP-08,Direct
S01683,H068,D002,2026-04-11,4,5156000,7.0,19180320.0,SP-19,Direct
S01684,H090,D053,2024-04-11,5,936000,12.0,4118400.0,SP-13,Direct
S01685,H024,D026,2026-06-12,1,55000,5.0,52250.0,SP-21,Direct
S01686,H068,D031,2026-05-10,1,4776000,10.0,4298400.0,SP-12,Distributor
S01687,H055,D003,2025-08-16,1,1335000,5.0,1268250.0,SP-07,Distributor
S01688,H008,D032,2026-01-13,4,7984000,15.0,27145600.0,SP-10,Distributor
S01689,H055,D056,2025-07-10,1,497000,15.0,422450.0,SP-14,Direct
S01690,H011,D034,2025-08-15,1,6621000,10.0,5958900.0,SP-03,Direct
S01691,H028,D025,2025-08-28,1,101000,15.0,85850.0,SP-04,Direct
S01692,H086,D029,2026-05-16,3,123000,0.0,369000.0,SP-02,Direct
S01693,H042,D027,2024-12-16,3,118000,0.0,354000.0,SP-10,Direct
S01694,H043,D015,2024-06-02,1,182000,2.0,178360.0,SP-16,Distributor
S01695,H001,D007,2025-03-01,1,381000,5.0,361950.0,SP-19,Distributor
S01696,H079,D042,2025-09-07,1,34071000,10.0,30663900.0,SP-02,Distributor
S01697,H068,D052,2025-10-02,1,1190000,5.0,1130500.0,SP-03,Distributor
S01698,H001,D006,2026-01-03,1,5180000,15.0,4403000.0,SP-02,Direct
S01699,H091,D023,2024-12-20,4,1652000,2.0,6475840.0,SP-16,Distributor
S01700,H030,D043,2025-01-13,1,38474000,15.0,32702900.0,SP-01,Direct
S01701,H065,D005,2024-10-03,1,5104000,2.0,5001920.0,SP-17,Direct
S01702,H039,D028,2025-08-01,1,137000,7.0,127410.0,SP-01,Distributor
S01703,H099,D048,2024-08-28,5,57445000,12.0,252758000.0,SP-24,Distributor
S01704,H033,D024,2024-01-21,4,985000,7.0,3664200.0,SP-25,Direct
S01705,H086,D045,2025-05-09,1,41910000,2.0,41071800.0,SP-01,Distributor
S01706,H030,D056,2025-03-30,5,465000,7.0,2162250.0,SP-25,Distributor
S01707,H041,D040,2024-03-24,1,31828000,5.0,30236600.0,SP-19,Direct
S01708,H078,D028,2024-04-18,1,135000,0.0,135000.0,SP-21,Distributor
S01709,H041,D042,2025-12-28,1,34945000,5.0,33197750.0,SP-06,Direct
S01710,H064,D004,2024-08-03,1,4686000,5.0,4451700.0,SP-17,Direct
S01711,H084,D055,2025-07-02,1,457000,0.0,457000.0,SP-05,Direct
S01712,H002,D049,2024-10-14,1,2487000,0.0,2487000.0,SP-09,Direct
S01713,H018,D003,2024-07-16,3,1266000,10.0,3418200.0,SP-22,Distributor
S01714,H006,D013,2025-03-18,1,218000,10.0,196200.0,SP-11,Distributor
S01715,H066,D023,2024-07-19,1,1639000,15.0,1393150.0,SP-01,Direct
S01716,H040,D036,2026-06-06,1,1635000,10.0,1471500.0,SP-18,Direct
S01717,H019,D033,2025-02-25,1,3464000,0.0,3464000.0,SP-13,Direct
S01718,H052,D042,2026-03-08,1,35112000,2.0,34409760.0,SP-24,Distributor
S01719,H042,D043,2024-03-15,1,39635000,0.0,39635000.0,SP-22,Distributor
S01720,H060,D028,2024-07-31,4,135000,2.0,529200.0,SP-13,Direct
S01721,H099,D013,2024-01-14,4,220000,5.0,836000.0,SP-01,Direct
S01722,H070,D025,2024-12-27,2,99000,0.0,198000.0,SP-14,Distributor
S01723,H025,D006,2024-04-17,2,5190000,5.0,9861000.0,SP-04,Direct
S01724,H006,D018,2026-07-18,1,204000,0.0,204000.0,SP-15,Distributor
S01725,H034,D001,2026-07-17,1,1261000,15.0,1071850.0,SP-21,Distributor
S01726,H025,D016,2024-07-22,3,122000,5.0,347700.0,SP-17,Direct
S01727,H028,D052,2026-08-17,1,1173000,2.0,1149540.0,SP-17,Direct
S01728,H023,D022,2026-05-19,2,1523000,10.0,2741400.0,SP-20,Distributor
S01729,H016,D003,2025-11-03,2,1239000,5.0,2354100.0,SP-23,Direct
S01730,H083,D057,2025-10-20,2,432000,10.0,777600.0,SP-09,Direct
S01731,H035,D056,2025-09-15,1,477000,10.0,429300.0,SP-15,Distributor
S01732,H055,D002,2026-03-01,5,5450000,5.0,25887500.0,SP-10,Distributor
S01733,H094,D007,2025-04-05,5,389000,2.0,1906100.0,SP-08,Direct
S01734,H042,D018,2024-04-18,1,200000,12.0,176000.0,SP-17,Direct
S01735,H072,D033,2026-01-02,1,3484000,0.0,3484000.0,SP-17,Direct
S01736,H080,D013,2025-05-25,2,226000,0.0,452000.0,SP-11,Direct
S01737,H025,D030,2024-01-11,4,134000,2.0,525280.0,SP-07,Distributor
S01738,H071,D023,2026-06-25,2,1742000,2.0,3414320.0,SP-08,Direct
S01739,H020,D035,2024-01-19,1,7416000,10.0,6674400.0,SP-16,Direct
S01740,H001,D059,2026-09-25,2,687000,10.0,1236600.0,SP-08,Direct
S01741,H020,D041,2024-04-30,3,26630000,0.0,79890000.0,SP-09,Direct
S01742,H046,D047,2024-05-23,2,52031000,15.0,88452700.0,SP-15,Direct
S01743,H066,D001,2026-05-22,2,1325000,0.0,2650000.0,SP-19,Direct
S01744,H099,D053,2024-12-04,2,900000,7.0,1674000.0,SP-13,Distributor
S01745,H007,D043,2025-11-21,1,38887000,0.0,38887000.0,SP-01,Distributor
S01746,H060,D023,2025-09-02,5,1749000,15.0,7433250.0,SP-13,Direct
S01747,H056,D049,2025-09-20,1,2473000,2.0,2423540.0,SP-10,Direct
S01748,H036,D024,2025-03-24,5,958000,5.0,4550500.0,SP-05,Direct
S01749,H004,D023,2025-04-16,3,1644000,10.0,4438800.0,SP-01,Direct
S01750,H016,D024,2025-02-01,1,960000,15.0,816000.0,SP-14,Distributor
S01751,H008,D020,2024-12-16,2,543000,0.0,1086000.0,SP-24,Direct
S01752,H064,D060,2026-03-06,2,529000,2.0,1036840.0,SP-18,Direct
S01753,H082,D011,2024-01-01,1,247000,15.0,209950.0,SP-04,Distributor
S01754,H017,D011,2026-06-01,4,256000,7.0,952320.0,SP-08,Distributor
S01755,H091,D046,2024-12-15,1,69319000,15.0,58921150.0,SP-23,Distributor
S01756,H053,D043,2025-06-22,1,39746000,0.0,39746000.0,SP-09,Distributor
S01757,H011,D038,2024-11-25,1,36103000,5.0,34297850.0,SP-11,Distributor
S01758,H071,D003,2024-01-02,2,1326000,0.0,2652000.0,SP-21,Distributor
S01759,H045,D025,2026-02-02,1,102000,0.0,102000.0,SP-19,Distributor
S01760,H089,D048,2025-05-01,1,57073000,10.0,51365700.0,SP-08,Distributor
S01761,H010,D035,2024-10-26,1,7401000,15.0,6290850.0,SP-03,Direct
S01762,H091,D034,2024-11-08,1,6465000,10.0,5818500.0,SP-18,Direct
S01763,H057,D045,2025-01-13,1,41235000,10.0,37111500.0,SP-13,Direct
S01764,H014,D040,2026-08-19,1,32027000,7.0,29785110.0,SP-14,Distributor
S01765,H073,D042,2026-02-28,1,34967000,5.0,33218650.0,SP-03,Direct
S01766,H064,D033,2026-05-22,1,3176000,10.0,2858400.0,SP-22,Direct
S01767,H040,D059,2025-02-27,1,706000,15.0,600100.0,SP-24,Distributor
S01768,H066,D049,2024-10-12,1,2622000,5.0,2490900.0,SP-13,Direct
S01769,H035,D052,2025-03-19,1,1197000,2.0,1173060.0,SP-22,Direct
S01770,H044,D001,2026-08-04,2,1315000,7.0,2445900.0,SP-12,Direct
S01771,H053,D019,2025-01-13,1,1116000,0.0,1116000.0,SP-05,Direct
S01772,H002,D018,2026-08-11,1,204000,0.0,204000.0,SP-23,Direct
S01773,H050,D053,2024-09-21,2,942000,12.0,1657920.0,SP-06,Distributor
S01774,H069,D027,2024-12-29,3,111000,0.0,333000.0,SP-10,Direct
S01775,H089,D050,2026-02-07,1,2352000,5.0,2234400.0,SP-01,Direct
S01776,H042,D025,2025-11-09,3,107000,5.0,304950.0,SP-08,Direct
S01777,H045,D003,2024-03-20,1,1300000,5.0,1235000.0,SP-20,Direct
S01778,H075,D055,2024-05-27,1,473000,7.0,439890.0,SP-13,Direct
S01779,H079,D033,2026-06-04,5,3437000,12.0,15122800.0,SP-23,Direct
S01780,H051,D025,2024-11-15,5,100000,12.0,440000.0,SP-07,Distributor
S01781,H041,D014,2025-08-17,1,211000,10.0,189900.0,SP-17,Distributor
S01782,H061,D019,2024-08-01,4,1106000,0.0,4424000.0,SP-19,Direct
S01783,H099,D006,2024-04-23,1,5045000,2.0,4944100.0,SP-24,Direct
S01784,H031,D038,2025-04-18,1,37107000,0.0,37107000.0,SP-10,Distributor
S01785,H100,D006,2026-06-19,2,5267000,10.0,9480600.0,SP-20,Direct
S01786,H049,D031,2025-12-05,2,4817000,7.0,8959620.0,SP-11,Direct
S01787,H006,D013,2026-05-19,1,220000,0.0,220000.0,SP-01,Direct
S01788,H071,D011,2025-07-18,1,242000,10.0,217800.0,SP-07,Distributor
S01789,H043,D004,2026-04-11,4,4900000,10.0,17640000.0,SP-18,Distributor
S01790,H073,D027,2026-01-10,4,112000,0.0,448000.0,SP-03,Direct
S01791,H091,D022,2026-06-06,3,1450000,5.0,4132500.0,SP-20,Direct
S01792,H083,D038,2024-06-26,1,35274000,5.0,33510300.0,SP-25,Direct
S01793,H025,D018,2025-07-18,1,202000,5.0,191900.0,SP-20,Direct
S01794,H039,D051,2024-02-07,4,2327000,15.0,7911800.0,SP-03,Distributor
S01795,H090,D059,2024-04-09,1,675000,10.0,607500.0,SP-23,Direct
S01796,H038,D028,2026-07-06,4,139000,12.0,489280.0,SP-03,Direct
S01797,H084,D004,2024-08-21,1,4809000,5.0,4568550.0,SP-08,Distributor
S01798,H023,D036,2025-11-30,3,1587000,12.0,4189680.0,SP-08,Direct
S01799,H031,D022,2025-03-06,1,1478000,10.0,1330200.0,SP-02,Distributor
S01800,H068,D039,2026-04-27,1,30278000,5.0,28764100.0,SP-16,Direct
S01801,H034,D012,2025-06-14,5,173000,12.0,761200.0,SP-04,Direct
S01802,H076,D004,2026-04-29,2,4612000,5.0,8762800.0,SP-11,Distributor
S01803,H086,D040,2026-03-29,1,32575000,7.0,30294750.0,SP-07,Direct
S01804,H062,D025,2025-07-05,5,104000,12.0,457600.0,SP-04,Direct
S01805,H022,D031,2025-03-12,3,4586000,0.0,13758000.0,SP-13,Direct
S01806,H100,D033,2025-12-16,1,3278000,12.0,2884640.0,SP-04,Distributor
S01807,H018,D031,2026-05-26,1,4824000,10.0,4341600.0,SP-06,Direct
S01808,H022,D021,2024-01-04,2,1664000,2.0,3261440.0,SP-12,Distributor
S01809,H076,D023,2025-08-30,1,1703000,12.0,1498640.0,SP-01,Direct
S01810,H094,D040,2025-08-29,2,30491000,15.0,51834700.0,SP-07,Distributor
S01811,H048,D043,2024-02-13,5,41528000,0.0,207640000.0,SP-10,Distributor
S01812,H055,D029,2025-07-20,1,131000,5.0,124450.0,SP-12,Direct
S01813,H026,D016,2025-06-29,2,118000,10.0,212400.0,SP-18,Direct
S01814,H066,D019,2025-11-07,1,1196000,10.0,1076400.0,SP-14,Direct
S01815,H078,D033,2026-06-18,3,3236000,0.0,9708000.0,SP-20,Direct
S01816,H050,D002,2026-09-18,1,5013000,2.0,4912740.0,SP-14,Direct
S01817,H030,D007,2025-01-07,3,398000,10.0,1074600.0,SP-07,Direct
S01818,H002,D034,2025-11-15,2,6368000,7.0,11844480.0,SP-23,Distributor
S01819,H007,D050,2025-12-15,1,2281000,7.0,2121330.0,SP-04,Direct
S01820,H069,D032,2026-07-26,4,7661000,7.0,28498920.0,SP-17,Direct
S01821,H020,D039,2025-12-05,1,30120000,5.0,28614000.0,SP-21,Distributor
S01822,H016,D057,2025-05-22,2,412000,7.0,766320.0,SP-04,Distributor
S01823,H050,D013,2026-01-27,3,217000,7.0,605430.0,SP-13,Direct
S01824,H013,D010,2025-06-04,3,339000,5.0,966150.0,SP-25,Direct
S01825,H095,D029,2025-10-25,1,123000,10.0,110700.0,SP-05,Direct
S01826,H027,D035,2025-09-11,5,7319000,5.0,34765250.0,SP-16,Direct
S01827,H092,D048,2025-09-20,2,60355000,0.0,120710000.0,SP-08,Direct
S01828,H030,D046,2026-09-27,2,69128000,2.0,135490880.0,SP-14,Direct
S01829,H006,D056,2024-10-31,1,500000,5.0,475000.0,SP-16,Direct
S01830,H004,D042,2026-05-01,3,32855000,0.0,98565000.0,SP-23,Direct
S01831,H069,D017,2024-04-16,5,179000,10.0,805500.0,SP-10,Distributor
S01832,H053,D051,2024-06-24,1,2291000,5.0,2176450.0,SP-24,Distributor
S01833,H014,D059,2025-05-20,1,671000,10.0,603900.0,SP-22,Direct
S01834,H020,D057,2025-04-14,1,413000,2.0,404740.0,SP-10,Distributor
S01835,H067,D035,2025-05-08,4,7285000,5.0,27683000.0,SP-13,Direct
S01836,H020,D045,2026-06-18,5,38589000,15.0,164003250.0,SP-10,Distributor
S01837,H082,D048,2024-09-25,1,57417000,7.0,53397810.0,SP-02,Distributor
S01838,H064,D015,2024-09-11,5,198000,5.0,940500.0,SP-17,Distributor
S01839,H079,D027,2026-03-17,4,119000,5.0,452200.0,SP-17,Distributor
S01840,H037,D011,2024-02-22,3,257000,0.0,771000.0,SP-22,Distributor
S01841,H035,D047,2025-06-20,2,52041000,0.0,104082000.0,SP-20,Direct
S01842,H079,D025,2024-06-12,1,107000,5.0,101650.0,SP-12,Direct
S01843,H035,D011,2024-10-15,2,266000,7.0,494760.0,SP-23,Distributor
S01844,H002,D011,2025-04-27,3,253000,12.0,667920.0,SP-19,Distributor
S01845,H012,D058,2026-08-04,1,202000,5.0,191900.0,SP-02,Direct
S01846,H072,D024,2024-06-06,1,1009000,5.0,958550.0,SP-06,Direct
S01847,H041,D047,2026-03-28,5,54509000,15.0,231663250.0,SP-05,Distributor
S01848,H025,D041,2026-04-26,4,26491000,7.0,98546520.0,SP-04,Direct
S01849,H068,D034,2024-04-03,5,6968000,2.0,34143200.0,SP-01,Distributor
S01850,H092,D035,2025-01-30,1,7841000,0.0,7841000.0,SP-04,Direct
S01851,H095,D051,2025-11-11,2,2193000,10.0,3947400.0,SP-16,Direct
S01852,H018,D051,2026-04-14,3,2360000,5.0,6726000.0,SP-12,Direct
S01853,H063,D035,2025-07-11,1,7851000,5.0,7458450.0,SP-17,Distributor
S01854,H043,D024,2024-09-19,1,1018000,0.0,1018000.0,SP-22,Direct
S01855,H078,D025,2024-05-23,2,105000,5.0,199500.0,SP-16,Distributor
S01856,H014,D039,2025-07-29,5,29855000,0.0,149275000.0,SP-12,Direct
S01857,H039,D037,2024-11-01,4,27086000,5.0,102926800.0,SP-12,Direct
S01858,H090,D016,2026-01-03,1,123000,10.0,110700.0,SP-10,Direct
S01859,H067,D048,2026-02-25,1,62171000,5.0,59062450.0,SP-24,Distributor
S01860,H021,D036,2024-07-14,4,1515000,12.0,5332800.0,SP-13,Direct
S01861,H023,D036,2024-01-09,1,1642000,10.0,1477800.0,SP-20,Direct
S01862,H045,D042,2026-06-30,2,34386000,7.0,63957960.0,SP-05,Direct
S01863,H073,D041,2025-09-15,1,27056000,12.0,23809280.0,SP-05,Direct
S01864,H099,D048,2025-09-28,1,57084000,7.0,53088120.0,SP-17,Distributor
S01865,H085,D059,2025-08-05,2,701000,5.0,1331900.0,SP-21,Distributor
S01866,H098,D036,2025-10-01,2,1570000,5.0,2983000.0,SP-13,Direct
S01867,H001,D049,2024-08-10,1,2497000,10.0,2247300.0,SP-21,Direct
S01868,H034,D037,2024-09-26,4,28551000,10.0,102783600.0,SP-19,Direct
S01869,H061,D028,2024-08-05,1,140000,10.0,126000.0,SP-20,Direct
S01870,H063,D058,2024-10-23,2,192000,0.0,384000.0,SP-17,Direct
S01871,H068,D007,2025-03-26,4,406000,2.0,1591520.0,SP-24,Direct
S01872,H049,D008,2026-01-23,1,253000,0.0,253000.0,SP-17,Distributor
S01873,H052,D030,2025-07-18,4,140000,12.0,492800.0,SP-14,Distributor
S01874,H088,D042,2025-04-27,3,35674000,15.0,90968700.0,SP-15,Direct
S01875,H071,D031,2025-05-16,1,4626000,10.0,4163400.0,SP-12,Direct
S01876,H088,D024,2026-04-30,1,982000,10.0,883800.0,SP-08,Distributor
S01877,H073,D009,2026-02-03,1,393000,7.0,365490.0,SP-14,Distributor
S01878,H068,D028,2026-04-13,1,133000,5.0,126350.0,SP-21,Direct
S01879,H070,D011,2024-01-03,1,261000,5.0,247950.0,SP-01,Direct
S01880,H018,D001,2024-10-07,1,1278000,0.0,1278000.0,SP-12,Distributor
S01881,H002,D060,2024-05-04,3,531000,7.0,1481490.0,SP-23,Direct
S01882,H004,D035,2025-12-13,1,7429000,15.0,6314650.0,SP-12,Direct
S01883,H087,D028,2025-09-24,1,132000,10.0,118800.0,SP-24,Distributor
S01884,H003,D036,2026-04-01,2,1573000,10.0,2831400.0,SP-03,Distributor
S01885,H078,D030,2024-08-29,1,135000,0.0,135000.0,SP-07,Distributor
S01886,H018,D034,2025-10-09,4,6909000,5.0,26254200.0,SP-19,Distributor
S01887,H033,D030,2025-01-22,5,140000,2.0,686000.0,SP-06,Distributor
S01888,H064,D003,2024-10-22,1,1293000,2.0,1267140.0,SP-15,Distributor
S01889,H023,D049,2026-05-22,1,2492000,5.0,2367400.0,SP-15,Direct
S01890,H034,D005,2026-06-08,3,5165000,5.0,14720250.0,SP-06,Direct
S01891,H079,D030,2026-07-23,2,134000,2.0,262640.0,SP-25,Distributor
S01892,H074,D043,2024-05-17,1,38471000,0.0,38471000.0,SP-01,Distributor
S01893,H097,D057,2025-01-06,2,409000,15.0,695300.0,SP-14,Direct
S01894,H031,D012,2026-08-01,1,166000,12.0,146080.0,SP-21,Direct
S01895,H015,D015,2024-01-24,1,191000,7.0,177630.0,SP-08,Direct
S01896,H023,D034,2026-07-28,2,6741000,5.0,12807900.0,SP-19,Distributor
S01897,H067,D019,2024-01-16,1,1186000,0.0,1186000.0,SP-19,Direct
S01898,H036,D043,2026-08-19,5,38502000,0.0,192510000.0,SP-15,Direct
S01899,H020,D026,2026-07-21,2,54000,10.0,97200.0,SP-16,Direct
S01900,H077,D003,2024-02-12,2,1326000,5.0,2519400.0,SP-16,Direct
S01901,H095,D020,2026-08-06,1,541000,10.0,486900.0,SP-19,Distributor
S01902,H064,D026,2024-09-02,1,52000,10.0,46800.0,SP-16,Distributor
S01903,H039,D055,2024-08-23,1,479000,10.0,431100.0,SP-12,Direct
S01904,H061,D009,2025-12-28,1,366000,12.0,322080.0,SP-07,Distributor
S01905,H082,D038,2025-04-13,3,35238000,5.0,100428300.0,SP-20,Direct
S01906,H021,D020,2025-07-02,1,536000,2.0,525280.0,SP-03,Distributor
S01907,H078,D004,2025-09-24,5,4653000,5.0,22101750.0,SP-21,Direct
S01908,H100,D038,2025-07-19,1,35609000,2.0,34896820.0,SP-05,Distributor
S01909,H095,D021,2025-12-18,1,1761000,12.0,1549680.0,SP-22,Distributor
S01910,H023,D054,2025-06-07,1,1698000,12.0,1494240.0,SP-20,Direct
S01911,H003,D004,2024-07-20,1,4804000,12.0,4227520.0,SP-18,Distributor
S01912,H030,D022,2026-02-03,1,1425000,0.0,1425000.0,SP-24,Direct
S01913,H069,D010,2024-08-08,1,316000,5.0,300200.0,SP-02,Distributor
S01914,H003,D037,2026-03-23,4,28416000,15.0,96614400.0,SP-11,Distributor
S01915,H096,D036,2026-04-01,2,1643000,15.0,2793100.0,SP-11,Direct
S01916,H081,D048,2024-01-02,1,60511000,7.0,56275230.0,SP-04,Direct
S01917,H078,D044,2025-09-17,1,78290000,2.0,76724200.0,SP-23,Distributor
S01918,H036,D049,2024-09-15,1,2567000,10.0,2310300.0,SP-03,Direct
S01919,H090,D031,2026-07-29,1,4868000,10.0,4381200.0,SP-10,Distributor
S01920,H066,D007,2026-07-21,1,394000,5.0,374300.0,SP-11,Distributor
S01921,H066,D057,2024-09-15,5,423000,10.0,1903500.0,SP-06,Direct
S01922,H094,D060,2024-12-31,3,539000,10.0,1455300.0,SP-22,Distributor
S01923,H062,D059,2024-12-07,2,721000,5.0,1369900.0,SP-06,Direct
S01924,H097,D055,2025-11-22,1,461000,7.0,428730.0,SP-13,Distributor
S01925,H083,D031,2024-09-10,2,4836000,5.0,9188400.0,SP-23,Distributor
S01926,H041,D060,2025-09-02,1,515000,2.0,504700.0,SP-24,Direct
S01927,H091,D014,2024-12-08,2,211000,5.0,400900.0,SP-04,Direct
S01928,H072,D023,2024-08-10,5,1777000,0.0,8885000.0,SP-08,Distributor
S01929,H055,D016,2025-06-19,2,119000,10.0,214200.0,SP-05,Distributor
S01930,H083,D003,2024-12-17,2,1307000,10.0,2352600.0,SP-05,Distributor
S01931,H058,D055,2026-03-12,1,501000,12.0,440880.0,SP-19,Direct
S01932,H081,D026,2025-10-12,2,56000,5.0,106400.0,SP-16,Distributor
S01933,H077,D034,2024-08-23,3,6999000,2.0,20577060.0,SP-15,Direct
S01934,H041,D059,2024-05-16,1,683000,10.0,614700.0,SP-11,Distributor
S01935,H081,D057,2025-06-08,3,433000,2.0,1273020.0,SP-01,Distributor
S01936,H050,D022,2026-07-29,1,1448000,5.0,1375600.0,SP-16,Direct
S01937,H014,D060,2025-03-14,4,518000,12.0,1823360.0,SP-12,Direct
S01938,H085,D025,2026-08-26,2,105000,5.0,199500.0,SP-02,Direct
S01939,H056,D018,2024-05-11,4,205000,12.0,721600.0,SP-10,Direct
S01940,H014,D041,2025-01-01,1,26557000,12.0,23370160.0,SP-11,Distributor
S01941,H016,D020,2025-04-28,1,586000,2.0,574280.0,SP-03,Direct
S01942,H058,D016,2024-08-19,1,115000,2.0,112700.0,SP-02,Distributor
S01943,H090,D021,2026-01-29,1,1697000,5.0,1612150.0,SP-25,Direct
S01944,H088,D008,2024-11-24,1,250000,15.0,212500.0,SP-22,Direct
S01945,H003,D005,2026-09-20,1,5121000,10.0,4608900.0,SP-18,Direct
S01946,H071,D039,2024-11-08,1,29637000,15.0,25191450.0,SP-13,Distributor
S01947,H045,D036,2026-08-09,2,1530000,7.0,2845800.0,SP-17,Direct
S01948,H005,D029,2026-03-30,5,129000,0.0,645000.0,SP-14,Direct
S01949,H073,D010,2026-06-16,4,330000,0.0,1320000.0,SP-16,Distributor
S01950,H018,D013,2026-03-13,1,221000,5.0,209950.0,SP-02,Direct
S01951,H074,D022,2024-10-15,2,1472000,0.0,2944000.0,SP-17,Direct
S01952,H017,D026,2024-12-30,5,54000,5.0,256500.0,SP-16,Direct
S01953,H033,D055,2025-05-08,3,500000,0.0,1500000.0,SP-08,Direct
S01954,H023,D001,2024-03-26,1,1287000,10.0,1158300.0,SP-08,Direct
S01955,H024,D017,2025-11-27,5,193000,10.0,868500.0,SP-22,Distributor
S01956,H048,D022,2024-06-20,1,1452000,5.0,1379400.0,SP-09,Direct
S01957,H073,D044,2025-12-26,1,74942000,10.0,67447800.0,SP-02,Direct
S01958,H070,D031,2024-05-19,2,4683000,0.0,9366000.0,SP-19,Direct
S01959,H002,D046,2025-06-15,1,68888000,12.0,60621440.0,SP-05,Direct
S01960,H019,D046,2025-12-23,1,69251000,2.0,67865980.0,SP-14,Direct
S01961,H083,D050,2025-02-25,1,2309000,12.0,2031920.0,SP-20,Direct
S01962,H071,D021,2026-03-18,5,1730000,15.0,7352500.0,SP-09,Direct
S01963,H084,D031,2024-07-13,3,4859000,15.0,12390450.0,SP-06,Direct
S01964,H062,D030,2026-05-18,1,136000,0.0,136000.0,SP-06,Direct
S01965,H054,D057,2025-08-09,1,420000,5.0,399000.0,SP-03,Distributor
S01966,H060,D019,2025-10-12,1,1103000,7.0,1025790.0,SP-07,Direct
S01967,H025,D011,2026-05-03,1,245000,10.0,220500.0,SP-17,Direct
S01968,H012,D022,2024-06-12,1,1504000,5.0,1428800.0,SP-19,Direct
S01969,H026,D049,2025-01-01,2,2464000,10.0,4435200.0,SP-02,Direct
S01970,H010,D057,2026-06-09,1,425000,5.0,403750.0,SP-21,Direct
S01971,H038,D047,2024-05-25,2,54550000,0.0,109100000.0,SP-03,Direct
S01972,H030,D007,2025-12-21,4,406000,10.0,1461600.0,SP-07,Distributor
S01973,H056,D004,2024-07-04,1,4936000,12.0,4343680.0,SP-15,Direct
S01974,H076,D003,2026-01-12,3,1340000,0.0,4020000.0,SP-22,Direct
S01975,H036,D005,2026-07-28,2,5025000,12.0,8844000.0,SP-06,Direct
S01976,H026,D032,2025-06-14,5,7822000,5.0,37154500.0,SP-09,Direct
S01977,H069,D015,2026-05-24,2,185000,0.0,370000.0,SP-09,Direct
S01978,H027,D004,2025-07-16,3,4843000,12.0,12785520.0,SP-02,Direct
S01979,H036,D018,2024-08-13,1,210000,7.0,195300.0,SP-02,Direct
S01980,H032,D020,2024-11-17,4,545000,15.0,1853000.0,SP-09,Direct
S01981,H079,D004,2026-05-16,1,4778000,0.0,4778000.0,SP-08,Direct
S01982,H061,D016,2025-05-18,2,122000,0.0,244000.0,SP-20,Distributor
S01983,H079,D018,2024-10-22,5,201000,5.0,954750.0,SP-21,Direct
S01984,H017,D052,2025-07-07,2,1260000,5.0,2394000.0,SP-25,Distributor
S01985,H098,D044,2025-03-22,3,77846000,7.0,217190340.0,SP-25,Distributor
S01986,H085,D049,2026-02-17,1,2451000,7.0,2279430.0,SP-25,Direct
S01987,H019,D053,2026-08-12,1,944000,5.0,896800.0,SP-15,Direct
S01988,H011,D053,2024-08-11,5,891000,5.0,4232250.0,SP-05,Direct
S01989,H065,D042,2025-05-23,1,34438000,5.0,32716100.0,SP-22,Direct
S01990,H035,D012,2025-11-25,1,178000,0.0,178000.0,SP-23,Direct
S01991,H093,D058,2024-06-16,5,196000,5.0,931000.0,SP-03,Direct
S01992,H025,D008,2025-04-25,2,247000,5.0,469300.0,SP-12,Direct
S01993,H005,D037,2026-04-10,1,28379000,2.0,27811420.0,SP-13,Distributor
S01994,H006,D010,2025-03-03,2,310000,15.0,527000.0,SP-15,Direct
S01995,H042,D026,2026-04-25,1,52000,5.0,49400.0,SP-13,Distributor
S01996,H021,D020,2024-04-17,4,559000,12.0,1967680.0,SP-16,Direct
S01997,H048,D053,2024-07-09,2,906000,15.0,1540200.0,SP-21,Distributor
S01998,H082,D034,2024-06-20,1,6439000,5.0,6117050.0,SP-07,Direct
S01999,H082,D058,2024-05-15,1,194000,12.0,170720.0,SP-15,Direct
S02000,H065,D020,2024-07-12,2,563000,5.0,1069700.0,SP-09,Direct
S02001,H033,D021,2025-03-29,1,1660000,10.0,1494000.0,SP-08,Direct
S02002,H046,D025,2025-12-06,3,107000,5.0,304950.0,SP-14,Distributor
S02003,H028,D041,2026-08-19,3,28039000,0.0,84117000.0,SP-20,Direct
S02004,H017,D046,2024-06-22,1,65863000,7.0,61252590.0,SP-11,Direct
S02005,H032,D041,2024-07-18,2,25858000,2.0,50681680.0,SP-02,Distributor
S02006,H056,D011,2026-08-08,1,261000,10.0,234900.0,SP-16,Distributor
S02007,H038,D031,2025-06-26,5,4624000,10.0,20808000.0,SP-17,Direct
S02008,H008,D049,2025-11-26,1,2426000,12.0,2134880.0,SP-07,Distributor
S02009,H061,D005,2024-05-30,1,5153000,0.0,5153000.0,SP-22,Direct
S02010,H054,D041,2024-12-04,2,27449000,2.0,53800040.0,SP-23,Direct
S02011,H006,D051,2025-02-17,1,2162000,2.0,2118760.0,SP-08,Direct
S02012,H079,D026,2024-09-13,4,54000,10.0,194400.0,SP-09,Distributor
S02013,H078,D051,2024-12-21,1,2318000,0.0,2318000.0,SP-01,Direct
S02014,H006,D035,2026-06-20,1,7606000,0.0,7606000.0,SP-18,Distributor
S02015,H062,D026,2026-06-02,1,55000,12.0,48400.0,SP-11,Direct
S02016,H082,D012,2026-01-30,1,170000,5.0,161500.0,SP-21,Direct
S02017,H026,D003,2026-09-02,1,1257000,0.0,1257000.0,SP-22,Distributor
S02018,H085,D047,2025-09-18,2,52618000,7.0,97869480.0,SP-24,Direct
S02019,H078,D042,2025-04-21,2,35660000,15.0,60622000.0,SP-06,Distributor
S02020,H011,D054,2024-01-27,3,1663000,0.0,4989000.0,SP-11,Direct
S02021,H099,D042,2025-03-22,1,34511000,15.0,29334350.0,SP-10,Direct
S02022,H052,D043,2025-04-17,5,41266000,7.0,191886900.0,SP-06,Direct
S02023,H050,D019,2026-04-09,1,1136000,12.0,999680.0,SP-07,Distributor
S02024,H059,D056,2024-05-03,1,470000,2.0,460600.0,SP-13,Direct
S02025,H042,D060,2025-10-09,1,512000,7.0,476160.0,SP-02,Distributor
S02026,H002,D039,2026-06-21,2,27755000,10.0,49959000.0,SP-06,Distributor
S02027,H053,D044,2024-07-29,2,74374000,7.0,138335640.0,SP-02,Distributor
S02028,H011,D004,2024-08-30,1,4661000,5.0,4427950.0,SP-17,Distributor
S02029,H092,D048,2025-12-16,4,59184000,0.0,236736000.0,SP-22,Direct
S02030,H070,D048,2025-08-14,4,58290000,5.0,221502000.0,SP-07,Direct
S02031,H004,D040,2026-07-30,4,29880000,7.0,111153600.0,SP-18,Direct
S02032,H021,D043,2026-08-22,1,40115000,10.0,36103500.0,SP-08,Direct
S02033,H012,D051,2025-11-26,1,2185000,2.0,2141300.0,SP-11,Direct
S02034,H074,D043,2025-03-19,1,41057000,7.0,38183010.0,SP-05,Direct
S02035,H020,D060,2025-11-17,5,495000,10.0,2227500.0,SP-09,Direct
S02036,H067,D003,2025-07-11,2,1336000,5.0,2538400.0,SP-25,Direct
S02037,H094,D020,2025-08-04,4,577000,15.0,1961800.0,SP-06,Direct
S02038,H021,D049,2025-02-28,4,2611000,2.0,10235120.0,SP-20,Direct
S02039,H091,D041,2026-01-21,1,26709000,5.0,25373550.0,SP-18,Direct
S02040,H085,D010,2024-05-08,5,340000,2.0,1666000.0,SP-16,Direct
S02041,H034,D012,2025-01-03,2,166000,5.0,315400.0,SP-01,Direct
S02042,H053,D017,2024-08-19,1,191000,10.0,171900.0,SP-12,Direct
S02043,H033,D009,2026-06-18,1,365000,2.0,357700.0,SP-20,Direct
S02044,H050,D040,2025-11-07,5,30464000,12.0,134041600.0,SP-11,Distributor
S02045,H016,D013,2024-02-01,1,226000,10.0,203400.0,SP-13,Direct
S02046,H015,D047,2025-05-03,1,56132000,5.0,53325400.0,SP-10,Distributor
S02047,H029,D043,2024-04-08,5,38082000,10.0,171369000.0,SP-11,Direct
S02048,H060,D009,2024-07-01,1,369000,7.0,343170.0,SP-09,Distributor
S02049,H058,D021,2024-08-04,1,1727000,7.0,1606110.0,SP-15,Direct
S02050,H060,D013,2024-12-01,4,214000,7.0,796080.0,SP-10,Distributor
S02051,H003,D060,2024-06-18,1,511000,5.0,485450.0,SP-19,Distributor
S02052,H071,D049,2026-06-11,2,2553000,5.0,4850700.0,SP-12,Distributor
S02053,H013,D027,2025-05-23,2,111000,10.0,199800.0,SP-06,Direct
S02054,H095,D010,2025-05-24,1,321000,5.0,304950.0,SP-24,Distributor
S02055,H087,D028,2026-08-25,5,138000,12.0,607200.0,SP-05,Direct
S02056,H060,D019,2025-10-20,1,1187000,2.0,1163260.0,SP-05,Direct
S02057,H019,D012,2026-06-21,1,177000,12.0,155760.0,SP-14,Distributor
S02058,H082,D019,2025-01-26,5,1125000,10.0,5062500.0,SP-25,Direct
S02059,H073,D031,2024-12-17,1,4612000,7.0,4289160.0,SP-12,Distributor
S02060,H062,D006,2024-02-24,5,5113000,0.0,25565000.0,SP-19,Distributor
S02061,H082,D051,2025-06-16,1,2280000,10.0,2052000.0,SP-25,Direct
S02062,H055,D002,2025-08-17,2,5027000,5.0,9551300.0,SP-19,Direct
S02063,H100,D004,2025-05-15,3,4669000,10.0,12606300.0,SP-22,Direct
S02064,H097,D018,2024-04-28,2,214000,12.0,376640.0,SP-01,Distributor
S02065,H089,D050,2024-11-28,1,2276000,10.0,2048400.0,SP-11,Distributor
S02066,H030,D025,2025-02-18,4,101000,12.0,355520.0,SP-04,Direct
S02067,H063,D010,2025-12-28,3,312000,12.0,823680.0,SP-16,Direct
S02068,H067,D026,2025-11-04,3,53000,15.0,135150.0,SP-07,Direct
S02069,H073,D018,2026-06-26,1,197000,5.0,187150.0,SP-04,Distributor
S02070,H007,D032,2025-08-15,1,7243000,10.0,6518700.0,SP-16,Direct
S02071,H021,D014,2025-05-04,2,219000,5.0,416100.0,SP-06,Direct
S02072,H001,D054,2024-12-12,3,1795000,5.0,5115750.0,SP-20,Direct
S02073,H096,D003,2024-12-17,2,1320000,10.0,2376000.0,SP-01,Distributor
S02074,H033,D039,2026-02-14,1,29592000,2.0,29000160.0,SP-25,Distributor
S02075,H085,D038,2024-12-10,1,36459000,10.0,32813100.0,SP-13,Direct
S02076,H017,D041,2024-10-18,2,26532000,10.0,47757600.0,SP-21,Distributor
S02077,H056,D043,2024-04-13,3,40185000,10.0,108499500.0,SP-13,Direct
S02078,H085,D048,2026-08-26,2,62166000,5.0,118115400.0,SP-03,Direct
S02079,H094,D060,2026-07-04,3,504000,7.0,1406160.0,SP-02,Direct
S02080,H079,D004,2024-11-22,1,4896000,10.0,4406400.0,SP-02,Direct
S02081,H089,D042,2025-09-20,2,33534000,2.0,65726640.0,SP-03,Direct
S02082,H022,D057,2025-08-05,4,414000,5.0,1573200.0,SP-16,Direct
S02083,H090,D052,2025-08-28,5,1160000,7.0,5394000.0,SP-23,Distributor
S02084,H064,D057,2025-06-20,2,423000,5.0,803700.0,SP-21,Direct
S02085,H022,D047,2024-11-23,1,52630000,0.0,52630000.0,SP-07,Direct
S02086,H090,D044,2024-08-28,1,75710000,5.0,71924500.0,SP-11,Direct
S02087,H080,D033,2024-01-17,2,3492000,15.0,5936400.0,SP-21,Distributor
S02088,H037,D045,2025-08-05,3,41518000,5.0,118326300.0,SP-21,Direct
S02089,H094,D011,2025-02-09,1,259000,7.0,240870.0,SP-01,Direct
S02090,H038,D031,2026-03-06,5,4597000,0.0,22985000.0,SP-18,Direct
S02091,H081,D038,2026-02-03,4,37208000,7.0,138413760.0,SP-08,Direct
S02092,H098,D046,2024-04-17,4,63202000,10.0,227527200.0,SP-07,Direct
S02093,H034,D030,2025-11-22,2,131000,10.0,235800.0,SP-05,Direct
S02094,H026,D043,2025-01-19,5,38179000,15.0,162260750.0,SP-18,Direct
S02095,H030,D026,2024-08-09,1,55000,2.0,53900.0,SP-16,Distributor
S02096,H041,D002,2025-09-01,1,5446000,12.0,4792480.0,SP-09,Direct
S02097,H036,D056,2025-09-21,5,491000,10.0,2209500.0,SP-17,Distributor
S02098,H045,D035,2026-01-14,2,7786000,10.0,14014800.0,SP-24,Direct
S02099,H100,D046,2025-06-26,1,68044000,5.0,64641800.0,SP-18,Distributor
S02100,H079,D025,2025-08-21,1,104000,0.0,104000.0,SP-21,Distributor
S02101,H018,D054,2026-01-30,5,1695000,15.0,7203750.0,SP-19,Direct
S02102,H046,D039,2024-08-28,1,28068000,2.0,27506640.0,SP-10,Direct
S02103,H081,D038,2026-01-28,1,35405000,7.0,32926650.0,SP-22,Direct
S02104,H009,D021,2026-09-23,1,1743000,12.0,1533840.0,SP-15,Direct
S02105,H020,D046,2025-02-04,3,66341000,2.0,195042540.0,SP-05,Distributor
S02106,H025,D047,2024-09-11,2,55847000,0.0,111694000.0,SP-23,Direct
S02107,H020,D018,2025-10-12,1,200000,10.0,180000.0,SP-24,Direct
S02108,H011,D005,2024-08-29,5,5027000,0.0,25135000.0,SP-20,Distributor
S02109,H068,D016,2024-02-16,2,118000,2.0,231280.0,SP-05,Direct
S02110,H031,D034,2024-04-18,1,6974000,2.0,6834520.0,SP-23,Distributor
S02111,H069,D041,2024-06-18,1,26407000,12.0,23238160.0,SP-04,Distributor
S02112,H006,D034,2025-02-10,5,6762000,10.0,30429000.0,SP-24,Direct
S02113,H090,D032,2025-02-19,1,7365000,15.0,6260250.0,SP-07,Direct
S02114,H091,D024,2026-02-05,1,1035000,5.0,983250.0,SP-07,Distributor
S02115,H057,D004,2024-11-14,1,4609000,5.0,4378550.0,SP-25,Distributor
S02116,H059,D032,2024-08-06,5,7572000,2.0,37102800.0,SP-16,Direct
S02117,H067,D020,2024-08-07,2,584000,7.0,1086240.0,SP-12,Direct
S02118,H052,D059,2024-07-14,2,706000,7.0,1313160.0,SP-04,Direct
S02119,H082,D010,2025-12-10,4,325000,5.0,1235000.0,SP-19,Direct
S02120,H007,D021,2026-03-18,3,1640000,15.0,4182000.0,SP-16,Distributor
S02121,H044,D008,2025-08-05,2,256000,5.0,486400.0,SP-18,Direct
S02122,H015,D036,2024-03-30,1,1636000,5.0,1554200.0,SP-20,Direct
S02123,H077,D034,2024-02-26,5,6690000,5.0,31777500.0,SP-03,Distributor
S02124,H071,D014,2026-03-08,1,215000,5.0,204250.0,SP-15,Distributor
S02125,H005,D011,2025-12-21,1,260000,7.0,241800.0,SP-04,Direct
S02126,H005,D051,2025-07-12,1,2247000,15.0,1909950.0,SP-07,Direct
S02127,H051,D060,2024-07-31,1,536000,12.0,471680.0,SP-09,Distributor
S02128,H089,D052,2026-02-08,1,1176000,7.0,1093680.0,SP-03,Direct
S02129,H012,D005,2024-09-19,2,4939000,2.0,9680440.0,SP-10,Direct
S02130,H040,D013,2025-01-23,2,230000,0.0,460000.0,SP-12,Direct
S02131,H098,D037,2024-07-10,1,28114000,5.0,26708300.0,SP-16,Distributor
S02132,H070,D005,2024-04-13,1,4802000,5.0,4561900.0,SP-20,Direct
S02133,H070,D028,2026-09-13,3,135000,0.0,405000.0,SP-08,Direct
S02134,H072,D020,2024-03-12,3,556000,5.0,1584600.0,SP-14,Direct
S02135,H071,D043,2026-09-19,5,41004000,15.0,174267000.0,SP-08,Distributor
S02136,H009,D053,2026-05-24,2,906000,5.0,1721400.0,SP-13,Distributor
S02137,H021,D020,2025-02-22,4,560000,5.0,2128000.0,SP-19,Distributor
S02138,H077,D042,2025-01-20,1,35615000,7.0,33121950.0,SP-02,Direct
S02139,H059,D010,2026-06-17,1,333000,5.0,316350.0,SP-05,Direct
S02140,H004,D033,2026-06-20,2,3337000,12.0,5873120.0,SP-17,Direct
S02141,H030,D043,2024-05-03,4,38253000,10.0,137710800.0,SP-25,Direct
S02142,H063,D002,2024-06-21,5,5039000,10.0,22675500.0,SP-13,Direct
S02143,H082,D005,2024-06-22,5,5099000,2.0,24985100.0,SP-13,Distributor
S02144,H029,D004,2025-07-11,1,4742000,15.0,4030700.0,SP-11,Distributor
S02145,H078,D027,2024-04-17,1,115000,5.0,109250.0,SP-21,Distributor
S02146,H064,D001,2025-09-18,2,1257000,5.0,2388300.0,SP-13,Direct
S02147,H028,D011,2025-07-28,1,245000,7.0,227850.0,SP-03,Direct
S02148,H025,D025,2024-05-26,1,101000,0.0,101000.0,SP-15,Distributor
S02149,H057,D033,2025-05-08,4,3371000,10.0,12135600.0,SP-23,Direct
S02150,H064,D010,2025-02-17,1,319000,5.0,303050.0,SP-10,Distributor
S02151,H046,D009,2025-02-11,1,388000,10.0,349200.0,SP-13,Direct
S02152,H043,D046,2024-12-10,2,67671000,15.0,115040700.0,SP-10,Direct
S02153,H015,D044,2025-05-23,3,74502000,10.0,201155400.0,SP-06,Direct
S02154,H051,D044,2026-05-29,1,77846000,7.0,72396780.0,SP-18,Direct
S02155,H068,D056,2024-12-19,1,496000,12.0,436480.0,SP-18,Direct
S02156,H097,D057,2026-02-07,1,413000,10.0,371700.0,SP-03,Distributor
S02157,H028,D031,2025-06-15,4,4822000,7.0,17937840.0,SP-18,Direct
S02158,H042,D040,2024-03-26,2,31876000,0.0,63752000.0,SP-24,Direct
S02159,H042,D002,2026-03-01,5,5005000,10.0,22522500.0,SP-08,Distributor
S02160,H042,D042,2025-04-15,2,33383000,5.0,63427700.0,SP-10,Direct
S02161,H019,D044,2024-02-22,2,74350000,0.0,148700000.0,SP-04,Distributor
S02162,H018,D030,2024-10-06,5,141000,0.0,705000.0,SP-10,Distributor
S02163,H069,D027,2026-03-28,2,119000,7.0,221340.0,SP-02,Distributor
S02164,H096,D041,2024-10-04,2,25982000,7.0,48326520.0,SP-08,Distributor
S02165,H011,D033,2024-03-30,5,3393000,5.0,16116750.0,SP-18,Direct
S02166,H063,D054,2025-10-20,1,1804000,10.0,1623600.0,SP-24,Direct
S02167,H046,D003,2026-09-23,1,1296000,0.0,1296000.0,SP-22,Direct
S02168,H067,D043,2025-01-13,1,41064000,5.0,39010800.0,SP-24,Direct
S02169,H036,D040,2024-01-11,5,30117000,5.0,143055750.0,SP-13,Distributor
S02170,H037,D049,2026-04-27,1,2503000,7.0,2327790.0,SP-16,Direct
S02171,H038,D052,2026-05-04,1,1201000,0.0,1201000.0,SP-10,Direct
S02172,H059,D012,2024-05-24,4,174000,2.0,682080.0,SP-17,Distributor
S02173,H036,D017,2024-09-20,3,177000,5.0,504450.0,SP-13,Direct
S02174,H052,D053,2025-12-30,3,931000,7.0,2597490.0,SP-22,Direct
S02175,H062,D057,2026-08-07,4,421000,10.0,1515600.0,SP-04,Direct
S02176,H093,D040,2024-08-22,5,31086000,12.0,136778400.0,SP-05,Direct
S02177,H039,D028,2024-01-10,1,139000,5.0,132050.0,SP-06,Distributor
S02178,H100,D019,2024-02-22,1,1121000,7.0,1042530.0,SP-20,Distributor
S02179,H023,D038,2024-07-29,5,34612000,15.0,147101000.0,SP-14,Direct
S02180,H090,D016,2024-07-10,3,112000,0.0,336000.0,SP-17,Direct
S02181,H019,D011,2025-06-29,1,262000,12.0,230560.0,SP-07,Distributor
S02182,H043,D002,2026-02-17,1,5297000,5.0,5032150.0,SP-13,Direct
S02183,H026,D023,2025-08-17,2,1736000,10.0,3124800.0,SP-09,Direct
S02184,H077,D019,2024-02-24,1,1144000,0.0,1144000.0,SP-01,Direct
S02185,H090,D014,2024-02-22,1,220000,7.0,204600.0,SP-20,Distributor
S02186,H040,D018,2026-07-27,3,207000,10.0,558900.0,SP-25,Distributor
S02187,H062,D013,2026-01-01,2,228000,10.0,410400.0,SP-23,Distributor
S02188,H064,D003,2026-08-27,5,1238000,12.0,5447200.0,SP-23,Direct
S02189,H092,D039,2024-04-24,1,28923000,2.0,28344540.0,SP-01,Direct
S02190,H003,D047,2025-10-15,5,57347000,12.0,252326800.0,SP-15,Direct
S02191,H006,D027,2026-09-01,4,123000,0.0,492000.0,SP-18,Direct
S02192,H010,D057,2024-01-19,4,421000,7.0,1566120.0,SP-20,Distributor
S02193,H047,D051,2026-04-04,1,2258000,2.0,2212840.0,SP-05,Distributor
S02194,H061,D029,2026-03-24,2,124000,5.0,235600.0,SP-12,Distributor
S02195,H042,D051,2024-06-08,3,2347000,7.0,6548130.0,SP-06,Direct
S02196,H080,D019,2024-05-13,2,1142000,10.0,2055600.0,SP-22,Direct
S02197,H064,D008,2024-09-23,4,249000,10.0,896400.0,SP-03,Direct
S02198,H022,D046,2026-01-05,1,64547000,2.0,63256060.0,SP-20,Direct
S02199,H038,D002,2026-01-29,3,5299000,7.0,14784210.0,SP-25,Direct
S02200,H087,D029,2025-10-10,5,131000,0.0,655000.0,SP-18,Distributor
S02201,H085,D036,2026-04-27,1,1630000,5.0,1548500.0,SP-06,Direct
S02202,H026,D059,2025-05-04,2,698000,12.0,1228480.0,SP-03,Direct
S02203,H038,D056,2026-07-04,1,463000,2.0,453740.0,SP-19,Direct
S02204,H025,D010,2026-06-08,1,310000,7.0,288300.0,SP-16,Direct
S02205,H033,D043,2026-07-17,4,37798000,10.0,136072800.0,SP-06,Direct
S02206,H071,D009,2025-05-26,2,375000,10.0,675000.0,SP-04,Direct
S02207,H023,D020,2025-05-23,1,564000,5.0,535800.0,SP-24,Direct
S02208,H067,D017,2024-06-02,1,176000,10.0,158400.0,SP-19,Direct
S02209,H088,D040,2024-02-22,1,30692000,7.0,28543560.0,SP-12,Direct
S02210,H096,D033,2024-10-18,1,3446000,7.0,3204780.0,SP-08,Direct
S02211,H018,D040,2024-11-27,2,31216000,0.0,62432000.0,SP-11,Distributor
S02212,H085,D027,2024-07-19,1,116000,0.0,116000.0,SP-10,Direct
S02213,H098,D033,2026-07-23,2,3473000,5.0,6598700.0,SP-11,Direct
S02214,H031,D020,2025-08-31,3,549000,2.0,1614060.0,SP-13,Distributor
S02215,H018,D021,2024-02-17,5,1664000,5.0,7904000.0,SP-11,Direct
S02216,H100,D024,2025-04-10,5,1031000,10.0,4639500.0,SP-24,Direct
S02217,H072,D038,2024-06-04,2,35349000,5.0,67163100.0,SP-25,Direct
S02218,H047,D005,2024-06-09,5,5095000,0.0,25475000.0,SP-08,Distributor
S02219,H009,D046,2025-02-09,1,66218000,0.0,66218000.0,SP-13,Distributor
S02220,H065,D001,2026-05-24,5,1304000,10.0,5868000.0,SP-22,Distributor
S02221,H079,D038,2026-05-09,5,36146000,5.0,171693500.0,SP-10,Distributor
S02222,H092,D058,2026-07-11,1,192000,0.0,192000.0,SP-24,Distributor
S02223,H042,D046,2025-06-26,5,68702000,5.0,326334500.0,SP-18,Direct
S02224,H013,D058,2025-12-06,3,204000,0.0,612000.0,SP-03,Direct
S02225,H039,D034,2026-02-21,1,6831000,15.0,5806350.0,SP-20,Distributor
S02226,H059,D020,2026-08-01,1,563000,7.0,523590.0,SP-20,Direct
S02227,H015,D017,2026-03-01,3,189000,5.0,538650.0,SP-24,Direct
S02228,H010,D014,2025-10-31,2,222000,0.0,444000.0,SP-19,Direct
S02229,H065,D032,2025-08-30,2,7478000,5.0,14208200.0,SP-08,Direct
S02230,H090,D043,2024-05-15,2,38538000,5.0,73222200.0,SP-25,Direct
S02231,H066,D026,2024-04-24,3,54000,0.0,162000.0,SP-07,Direct
S02232,H020,D011,2026-01-03,1,248000,15.0,210800.0,SP-06,Direct
S02233,H066,D058,2025-12-17,2,192000,10.0,345600.0,SP-12,Direct
S02234,H070,D036,2025-02-22,1,1535000,12.0,1350800.0,SP-13,Direct
S02235,H030,D056,2025-02-18,2,462000,5.0,877800.0,SP-03,Distributor
S02236,H024,D050,2025-07-29,2,2217000,15.0,3768900.0,SP-25,Direct
S02237,H012,D003,2024-01-16,1,1333000,5.0,1266350.0,SP-08,Direct
S02238,H065,D045,2024-10-29,1,42115000,7.0,39166950.0,SP-05,Direct
S02239,H007,D018,2026-06-20,4,211000,10.0,759600.0,SP-20,Direct
S02240,H054,D004,2025-12-22,2,4903000,10.0,8825400.0,SP-11,Distributor
S02241,H007,D023,2024-08-31,1,1668000,0.0,1668000.0,SP-07,Distributor
S02242,H024,D029,2025-10-21,4,123000,5.0,467400.0,SP-21,Direct
S02243,H088,D016,2026-04-03,3,115000,5.0,327750.0,SP-08,Direct
S02244,H003,D042,2026-09-04,4,33120000,0.0,132480000.0,SP-11,Distributor
S02245,H039,D053,2025-08-06,1,977000,7.0,908610.0,SP-03,Direct
S02246,H087,D039,2026-02-22,1,28438000,15.0,24172300.0,SP-04,Direct
S02247,H074,D057,2024-06-19,3,410000,12.0,1082400.0,SP-06,Direct
S02248,H085,D052,2024-03-20,4,1199000,12.0,4220480.0,SP-20,Direct
S02249,H026,D025,2025-07-17,5,104000,0.0,520000.0,SP-04,Distributor
S02250,H080,D006,2024-08-22,1,5129000,2.0,5026420.0,SP-16,Distributor
S02251,H056,D025,2026-06-06,2,105000,5.0,199500.0,SP-12,Direct
S02252,H011,D007,2024-11-23,2,382000,7.0,710520.0,SP-14,Direct
S02253,H024,D034,2026-02-11,3,6664000,0.0,19992000.0,SP-02,Direct
S02254,H002,D021,2025-04-15,1,1648000,10.0,1483200.0,SP-10,Direct
S02255,H051,D045,2025-05-06,2,39725000,7.0,73888500.0,SP-18,Distributor
S02256,H078,D040,2024-09-27,1,29993000,7.0,27893490.0,SP-05,Direct
S02257,H088,D030,2024-01-06,1,142000,7.0,132060.0,SP-02,Direct
S02258,H064,D016,2026-07-25,1,114000,7.0,106020.0,SP-16,Distributor
S02259,H008,D009,2025-06-20,1,390000,15.0,331500.0,SP-24,Direct
S02260,H072,D034,2025-10-27,1,6529000,0.0,6529000.0,SP-22,Direct
S02261,H090,D013,2026-07-13,5,218000,12.0,959200.0,SP-14,Direct
S02262,H028,D043,2024-03-06,2,40366000,7.0,75080760.0,SP-25,Distributor
S02263,H096,D051,2025-04-19,1,2181000,10.0,1962900.0,SP-10,Direct
S02264,H005,D009,2024-06-06,1,361000,2.0,353780.0,SP-12,Direct
S02265,H075,D057,2024-02-03,2,427000,15.0,725900.0,SP-11,Distributor
S02266,H023,D044,2024-06-29,2,77284000,7.0,143748240.0,SP-11,Direct
S02267,H075,D048,2026-09-21,2,62394000,10.0,112309200.0,SP-04,Direct
S02268,H094,D058,2025-09-25,1,190000,0.0,190000.0,SP-22,Direct
S02269,H021,D048,2024-07-10,2,58081000,12.0,102222560.0,SP-05,Direct
S02270,H089,D040,2024-09-23,1,30006000,10.0,27005400.0,SP-13,Distributor
S02271,H020,D011,2025-02-08,1,261000,0.0,261000.0,SP-10,Direct
S02272,H080,D051,2024-06-29,1,2221000,7.0,2065530.0,SP-13,Distributor
S02273,H031,D007,2024-03-02,1,412000,12.0,362560.0,SP-22,Direct
S02274,H024,D026,2026-06-15,5,55000,5.0,261250.0,SP-13,Direct
S02275,H002,D050,2025-03-23,1,2279000,7.0,2119470.0,SP-07,Direct
S02276,H080,D009,2024-12-17,1,383000,2.0,375340.0,SP-13,Distributor
S02277,H079,D048,2025-09-23,1,61174000,12.0,53833120.0,SP-18,Direct
S02278,H003,D034,2025-05-24,1,6545000,2.0,6414100.0,SP-23,Direct
S02279,H021,D056,2026-06-17,5,493000,5.0,2341750.0,SP-08,Distributor
S02280,H056,D058,2026-07-16,1,192000,0.0,192000.0,SP-19,Direct
S02281,H089,D057,2025-09-04,2,406000,0.0,812000.0,SP-15,Direct
S02282,H058,D024,2025-04-20,1,1039000,10.0,935100.0,SP-03,Direct
S02283,H036,D017,2024-09-16,1,182000,10.0,163800.0,SP-17,Direct
S02284,H061,D014,2026-04-12,1,216000,5.0,205200.0,SP-12,Direct
S02285,H022,D017,2025-01-31,1,183000,12.0,161040.0,SP-04,Direct
S02286,H054,D050,2026-07-08,1,2206000,5.0,2095700.0,SP-10,Distributor
S02287,H075,D025,2024-08-24,4,104000,0.0,416000.0,SP-20,Distributor
S02288,H049,D053,2026-01-04,2,909000,7.0,1690740.0,SP-09,Direct
S02289,H072,D004,2025-08-22,1,4979000,5.0,4730050.0,SP-22,Direct
S02290,H007,D052,2025-11-03,4,1176000,5.0,4468800.0,SP-03,Direct
S02291,H013,D049,2026-09-26,1,2538000,10.0,2284200.0,SP-10,Distributor
S02292,H092,D009,2024-02-04,4,364000,7.0,1354080.0,SP-19,Direct
S02293,H046,D029,2025-02-28,1,131000,2.0,128380.0,SP-10,Distributor
S02294,H036,D015,2026-04-23,1,188000,7.0,174840.0,SP-01,Distributor
S02295,H031,D043,2025-05-15,2,40053000,5.0,76100700.0,SP-15,Direct
S02296,H076,D019,2025-02-05,2,1171000,5.0,2224900.0,SP-23,Direct
S02297,H084,D060,2025-06-07,1,527000,0.0,527000.0,SP-12,Direct
S02298,H021,D024,2026-06-13,1,1001000,5.0,950950.0,SP-15,Direct
S02299,H069,D007,2024-07-20,1,395000,5.0,375250.0,SP-07,Direct
S02300,H001,D025,2024-12-18,1,99000,0.0,99000.0,SP-17,Distributor
S02301,H084,D001,2025-10-09,5,1268000,7.0,5896200.0,SP-25,Distributor
S02302,H047,D031,2024-04-18,1,5031000,10.0,4527900.0,SP-05,Distributor
S02303,H004,D047,2024-03-02,2,52343000,15.0,88983100.0,SP-04,Distributor
S02304,H015,D012,2025-01-19,1,168000,2.0,164640.0,SP-21,Direct
S02305,H085,D002,2026-07-14,1,5161000,7.0,4799730.0,SP-24,Direct
S02306,H097,D033,2024-12-17,5,3422000,0.0,17110000.0,SP-19,Direct
S02307,H018,D050,2026-01-11,2,2179000,10.0,3922200.0,SP-14,Direct
S02308,H002,D014,2026-05-20,3,222000,5.0,632700.0,SP-24,Distributor
S02309,H093,D044,2026-01-25,1,76163000,5.0,72354850.0,SP-16,Direct
S02310,H073,D012,2024-12-23,2,179000,0.0,358000.0,SP-08,Direct
S02311,H046,D050,2025-06-11,3,2317000,5.0,6603450.0,SP-10,Direct
S02312,H006,D009,2024-06-24,2,370000,10.0,666000.0,SP-25,Direct
S02313,H091,D003,2025-05-19,1,1284000,10.0,1155600.0,SP-19,Distributor
S02314,H035,D029,2026-03-14,1,126000,0.0,126000.0,SP-09,Direct
S02315,H100,D006,2025-08-15,1,5362000,0.0,5362000.0,SP-14,Distributor
S02316,H054,D023,2025-09-23,5,1701000,2.0,8334900.0,SP-05,Distributor
S02317,H083,D024,2026-05-12,5,1003000,2.0,4914700.0,SP-16,Direct
S02318,H013,D046,2025-10-18,2,65396000,10.0,117712800.0,SP-24,Direct
S02319,H060,D031,2024-05-01,5,4673000,0.0,23365000.0,SP-08,Distributor
S02320,H071,D019,2024-01-08,4,1187000,2.0,4653040.0,SP-22,Direct
S02321,H045,D025,2025-04-01,5,103000,0.0,515000.0,SP-07,Distributor
S02322,H078,D022,2025-02-02,1,1543000,7.0,1434990.0,SP-11,Direct
S02323,H046,D049,2024-02-28,1,2395000,12.0,2107600.0,SP-01,Direct
S02324,H083,D024,2024-06-02,1,1003000,2.0,982940.0,SP-19,Direct
S02325,H009,D012,2024-02-26,2,181000,2.0,354760.0,SP-05,Distributor
S02326,H048,D009,2024-05-09,2,375000,0.0,750000.0,SP-24,Direct
S02327,H099,D022,2024-01-02,5,1546000,5.0,7343500.0,SP-05,Direct
S02328,H060,D007,2024-09-27,1,380000,2.0,372400.0,SP-16,Distributor
S02329,H080,D005,2024-01-30,1,4885000,15.0,4152250.0,SP-09,Direct
S02330,H051,D049,2026-05-24,5,2389000,12.0,10511600.0,SP-08,Distributor
S02331,H015,D025,2026-03-26,1,101000,7.0,93930.0,SP-11,Direct
S02332,H040,D057,2026-06-14,2,441000,7.0,820260.0,SP-02,Direct
S02333,H075,D044,2024-08-05,2,80377000,5.0,152716300.0,SP-05,Distributor
S02334,H059,D037,2025-09-06,1,27987000,5.0,26587650.0,SP-22,Distributor
S02335,H024,D041,2026-09-15,1,26387000,7.0,24539910.0,SP-16,Direct
S02336,H018,D003,2026-01-07,1,1309000,5.0,1243550.0,SP-19,Distributor
S02337,H032,D041,2025-01-14,3,25739000,2.0,75672660.0,SP-17,Direct
S02338,H012,D024,2024-05-11,2,1039000,5.0,1974100.0,SP-02,Direct
S02339,H065,D010,2025-05-24,5,316000,15.0,1343000.0,SP-23,Direct
S02340,H077,D015,2024-01-14,2,185000,5.0,351500.0,SP-24,Direct
S02341,H035,D043,2025-11-06,2,37965000,10.0,68337000.0,SP-23,Direct
S02342,H017,D038,2024-08-14,4,34559000,5.0,131324200.0,SP-03,Distributor
S02343,H076,D031,2025-12-07,1,4946000,5.0,4698700.0,SP-08,Distributor
S02344,H090,D040,2024-08-10,3,32454000,7.0,90546660.0,SP-16,Distributor
S02345,H003,D032,2024-01-25,1,7468000,7.0,6945240.0,SP-01,Distributor
S02346,H025,D018,2026-09-03,1,214000,7.0,199020.0,SP-05,Direct
S02347,H087,D059,2024-12-02,5,689000,10.0,3100500.0,SP-17,Direct
S02348,H002,D017,2024-09-14,5,180000,5.0,855000.0,SP-21,Distributor
S02349,H081,D031,2024-04-01,2,5034000,12.0,8859840.0,SP-23,Distributor
S02350,H021,D040,2026-08-05,1,30003000,0.0,30003000.0,SP-15,Direct
S02351,H050,D020,2025-05-07,3,577000,0.0,1731000.0,SP-05,Direct
S02352,H033,D047,2024-11-29,5,52169000,10.0,234760500.0,SP-02,Direct
S02353,H008,D012,2024-05-15,4,175000,15.0,595000.0,SP-15,Distributor
S02354,H026,D025,2024-03-07,5,101000,5.0,479750.0,SP-23,Direct
S02355,H030,D028,2026-09-16,1,132000,5.0,125400.0,SP-03,Distributor
S02356,H071,D002,2024-02-11,1,5053000,0.0,5053000.0,SP-04,Direct
S02357,H076,D004,2024-10-26,1,4978000,12.0,4380640.0,SP-20,Direct
S02358,H073,D056,2026-01-11,1,488000,12.0,429440.0,SP-20,Distributor
S02359,H018,D045,2025-03-17,2,38720000,2.0,75891200.0,SP-11,Direct
S02360,H017,D037,2024-01-24,4,29132000,5.0,110701600.0,SP-14,Direct
S02361,H090,D023,2025-08-02,1,1723000,5.0,1636850.0,SP-16,Direct
S02362,H052,D053,2024-02-06,3,977000,10.0,2637900.0,SP-17,Direct
S02363,H100,D055,2024-06-23,3,496000,10.0,1339200.0,SP-07,Direct
S02364,H023,D038,2024-01-25,3,35381000,7.0,98712990.0,SP-16,Distributor
S02365,H098,D015,2024-07-02,2,195000,15.0,331500.0,SP-22,Distributor
S02366,H011,D050,2024-03-06,1,2177000,12.0,1915760.0,SP-13,Direct
S02367,H091,D024,2024-04-17,1,987000,2.0,967260.0,SP-10,Distributor
S02368,H008,D029,2025-05-05,1,129000,0.0,129000.0,SP-12,Direct
S02369,H093,D007,2026-07-10,4,405000,2.0,1587600.0,SP-07,Direct
S02370,H030,D056,2026-06-03,1,465000,5.0,441750.0,SP-07,Direct
S02371,H080,D033,2025-02-28,4,3338000,15.0,11349200.0,SP-12,Direct
S02372,H098,D002,2025-04-30,1,5508000,0.0,5508000.0,SP-12,Direct
S02373,H091,D058,2024-06-12,1,204000,10.0,183600.0,SP-13,Direct
S02374,H031,D053,2024-11-23,1,962000,0.0,962000.0,SP-06,Direct
S02375,H004,D007,2024-02-15,4,388000,5.0,1474400.0,SP-24,Direct
S02376,H089,D012,2024-03-03,1,175000,5.0,166250.0,SP-04,Direct
S02377,H033,D023,2024-03-12,1,1632000,7.0,1517760.0,SP-20,Direct
S02378,H049,D003,2024-02-24,1,1310000,5.0,1244500.0,SP-18,Distributor
S02379,H020,D016,2025-06-17,1,121000,2.0,118580.0,SP-04,Direct
S02380,H066,D041,2026-01-01,4,25782000,0.0,103128000.0,SP-07,Direct
S02381,H006,D027,2024-06-14,2,120000,7.0,223200.0,SP-24,Direct
S02382,H017,D033,2024-09-22,4,3294000,0.0,13176000.0,SP-16,Direct
S02383,H095,D053,2026-06-26,1,982000,7.0,913260.0,SP-05,Distributor
S02384,H083,D032,2025-02-06,5,7559000,7.0,35149350.0,SP-08,Direct
S02385,H046,D016,2025-09-13,1,122000,10.0,109800.0,SP-08,Direct
S02386,H024,D056,2024-05-07,1,459000,10.0,413100.0,SP-10,Direct
S02387,H029,D047,2024-12-24,4,53943000,5.0,204983400.0,SP-19,Direct
S02388,H021,D040,2026-05-03,1,29854000,5.0,28361300.0,SP-02,Direct
S02389,H058,D025,2025-07-02,2,103000,12.0,181280.0,SP-06,Direct
S02390,H011,D051,2026-01-08,2,2286000,0.0,4572000.0,SP-22,Distributor
S02391,H046,D036,2024-04-16,1,1634000,2.0,1601320.0,SP-15,Direct
S02392,H075,D010,2026-06-25,1,337000,2.0,330260.0,SP-03,Distributor
S02393,H049,D007,2025-10-06,1,380000,2.0,372400.0,SP-21,Distributor
S02394,H030,D060,2024-11-22,1,499000,2.0,489020.0,SP-08,Direct
S02395,H031,D048,2025-02-06,5,57357000,15.0,243767250.0,SP-14,Distributor
S02396,H086,D037,2025-12-18,1,26647000,0.0,26647000.0,SP-07,Direct
S02397,H030,D048,2024-04-13,3,59150000,10.0,159705000.0,SP-04,Direct
S02398,H088,D060,2024-11-28,1,541000,0.0,541000.0,SP-05,Direct
S02399,H087,D041,2026-09-24,4,28058000,5.0,106620400.0,SP-22,Direct
S02400,H038,D011,2024-10-03,1,258000,7.0,239940.0,SP-18,Distributor
S02401,H044,D032,2024-07-20,2,7729000,10.0,13912200.0,SP-13,Direct
S02402,H066,D036,2025-10-07,2,1617000,0.0,3234000.0,SP-21,Direct
S02403,H045,D029,2026-08-31,4,129000,5.0,490200.0,SP-16,Direct
S02404,H043,D059,2024-08-11,1,698000,2.0,684040.0,SP-15,Distributor
S02405,H093,D001,2024-08-12,1,1376000,2.0,1348480.0,SP-13,Direct
S02406,H070,D018,2026-05-24,5,198000,0.0,990000.0,SP-11,Direct
S02407,H098,D060,2026-08-22,3,520000,7.0,1450800.0,SP-20,Distributor
S02408,H005,D058,2025-09-08,1,194000,10.0,174600.0,SP-03,Direct
S02409,H098,D054,2026-05-11,1,1794000,12.0,1578720.0,SP-03,Distributor
S02410,H022,D030,2024-01-07,1,142000,2.0,139160.0,SP-13,Direct
S02411,H032,D009,2024-02-28,3,362000,5.0,1031700.0,SP-06,Distributor
S02412,H063,D056,2026-02-02,3,475000,0.0,1425000.0,SP-14,Direct
S02413,H002,D048,2025-08-22,1,58626000,5.0,55694700.0,SP-05,Distributor
S02414,H049,D019,2025-09-02,5,1171000,0.0,5855000.0,SP-02,Distributor
S02415,H020,D034,2026-02-04,1,6555000,10.0,5899500.0,SP-15,Distributor
S02416,H063,D023,2025-12-15,1,1765000,12.0,1553200.0,SP-15,Direct
S02417,H031,D013,2025-09-07,2,222000,15.0,377400.0,SP-09,Direct
S02418,H007,D050,2024-06-26,1,2153000,0.0,2153000.0,SP-09,Direct
S02419,H098,D044,2024-11-21,1,76484000,5.0,72659800.0,SP-10,Direct
S02420,H001,D054,2025-11-22,2,1671000,0.0,3342000.0,SP-25,Direct
S02421,H034,D012,2024-04-06,1,168000,5.0,159600.0,SP-02,Distributor
S02422,H031,D016,2024-04-05,2,114000,7.0,212040.0,SP-01,Direct
S02423,H056,D047,2026-01-20,2,52808000,15.0,89773600.0,SP-06,Direct
S02424,H098,D022,2025-01-22,2,1432000,7.0,2663520.0,SP-03,Direct
S02425,H022,D039,2024-01-29,2,29043000,0.0,58086000.0,SP-06,Distributor
S02426,H075,D040,2026-05-01,1,30951000,15.0,26308350.0,SP-20,Direct
S02427,H009,D041,2025-01-29,5,26564000,7.0,123522600.0,SP-11,Distributor
S02428,H084,D024,2026-03-22,1,978000,5.0,929100.0,SP-10,Distributor
S02429,H099,D057,2026-06-26,2,430000,7.0,799800.0,SP-18,Direct
S02430,H088,D047,2026-05-13,1,52860000,5.0,50217000.0,SP-18,Distributor
S02431,H053,D035,2025-06-18,2,7305000,12.0,12856800.0,SP-08,Distributor
S02432,H094,D052,2025-03-03,1,1208000,2.0,1183840.0,SP-16,Direct
S02433,H095,D028,2025-01-11,1,135000,5.0,128250.0,SP-16,Distributor
S02434,H038,D007,2024-12-03,4,414000,5.0,1573200.0,SP-23,Direct
S02435,H082,D024,2024-09-07,2,978000,12.0,1721280.0,SP-11,Distributor
S02436,H017,D019,2025-08-19,1,1214000,5.0,1153300.0,SP-13,Direct
S02437,H027,D044,2025-08-02,4,78315000,10.0,281934000.0,SP-06,Direct
S02438,H063,D018,2025-03-17,5,201000,12.0,884400.0,SP-08,Direct
S02439,H060,D039,2025-09-27,2,28661000,0.0,57322000.0,SP-05,Direct
S02440,H032,D008,2026-02-13,3,256000,0.0,768000.0,SP-18,Direct
S02441,H023,D036,2025-01-06,1,1588000,5.0,1508600.0,SP-25,Direct
S02442,H071,D043,2025-11-26,5,39812000,10.0,179154000.0,SP-20,Direct
S02443,H050,D059,2024-08-24,4,709000,2.0,2779280.0,SP-25,Distributor
S02444,H031,D041,2026-04-29,1,27243000,0.0,27243000.0,SP-04,Distributor
S02445,H037,D021,2026-07-19,1,1670000,0.0,1670000.0,SP-02,Direct
S02446,H085,D049,2026-01-10,1,2587000,10.0,2328300.0,SP-19,Direct
S02447,H013,D023,2024-02-17,2,1710000,0.0,3420000.0,SP-19,Direct
S02448,H075,D031,2024-04-29,1,4673000,10.0,4205700.0,SP-09,Direct
S02449,H084,D053,2026-01-04,2,915000,5.0,1738500.0,SP-10,Direct
S02450,H058,D001,2026-07-05,1,1322000,5.0,1255900.0,SP-06,Direct
S02451,H019,D052,2024-07-04,4,1211000,5.0,4601800.0,SP-04,Direct
S02452,H062,D022,2026-04-10,1,1543000,0.0,1543000.0,SP-06,Direct
S02453,H047,D022,2024-04-16,5,1486000,12.0,6538400.0,SP-07,Direct
S02454,H028,D058,2026-02-22,1,202000,5.0,191900.0,SP-22,Direct
S02455,H070,D012,2025-07-24,1,174000,5.0,165300.0,SP-25,Distributor
S02456,H070,D021,2024-06-03,5,1783000,12.0,7845200.0,SP-11,Direct
S02457,H022,D054,2025-04-13,1,1700000,10.0,1530000.0,SP-09,Direct
S02458,H056,D029,2024-11-30,2,129000,10.0,232200.0,SP-14,Direct
S02459,H010,D031,2026-09-28,5,4788000,5.0,22743000.0,SP-12,Direct
S02460,H068,D023,2024-01-14,1,1627000,12.0,1431760.0,SP-24,Distributor
S02461,H076,D060,2024-01-02,1,508000,7.0,472440.0,SP-24,Distributor
S02462,H051,D027,2025-03-07,2,119000,15.0,202300.0,SP-01,Direct
S02463,H055,D031,2025-08-18,1,4854000,10.0,4368600.0,SP-22,Direct
S02464,H059,D004,2025-04-24,4,4781000,10.0,17211600.0,SP-13,Direct
S02465,H060,D052,2025-03-27,3,1251000,12.0,3302640.0,SP-09,Distributor
S02466,H021,D032,2024-02-28,1,7842000,10.0,7057800.0,SP-18,Distributor
S02467,H085,D002,2026-08-27,2,5413000,12.0,9526880.0,SP-23,Distributor
S02468,H098,D050,2025-09-23,1,2234000,2.0,2189320.0,SP-10,Direct
S02469,H033,D046,2025-01-10,5,68886000,2.0,337541400.0,SP-13,Distributor
S02470,H096,D034,2025-02-27,3,6503000,10.0,17558100.0,SP-06,Distributor
S02471,H011,D049,2026-06-08,1,2494000,0.0,2494000.0,SP-05,Distributor
S02472,H027,D010,2026-08-05,2,337000,15.0,572900.0,SP-24,Direct
S02473,H013,D036,2026-02-15,4,1645000,10.0,5922000.0,SP-10,Direct
S02474,H100,D009,2026-04-21,4,383000,2.0,1501360.0,SP-09,Direct
S02475,H085,D001,2025-09-01,1,1288000,5.0,1223600.0,SP-07,Direct
S02476,H025,D003,2025-04-13,1,1329000,7.0,1235970.0,SP-08,Direct
S02477,H024,D041,2025-10-16,1,27759000,12.0,24427920.0,SP-25,Distributor
S02478,H064,D024,2026-06-16,1,1019000,5.0,968050.0,SP-19,Distributor
S02479,H058,D058,2025-04-29,1,194000,5.0,184300.0,SP-10,Distributor
S02480,H071,D047,2024-09-07,1,54001000,10.0,48600900.0,SP-09,Direct
S02481,H028,D034,2024-01-16,2,6837000,10.0,12306600.0,SP-19,Direct
S02482,H070,D021,2024-08-27,1,1730000,5.0,1643500.0,SP-16,Distributor
S02483,H079,D042,2024-04-21,1,33754000,12.0,29703520.0,SP-14,Distributor
S02484,H073,D045,2026-05-16,2,39487000,10.0,71076600.0,SP-01,Distributor
S02485,H079,D060,2025-01-15,1,507000,0.0,507000.0,SP-21,Distributor
S02486,H084,D033,2025-02-02,1,3335000,0.0,3335000.0,SP-09,Direct
S02487,H092,D023,2025-01-30,1,1644000,0.0,1644000.0,SP-19,Direct
S02488,H044,D034,2025-08-23,1,6854000,15.0,5825900.0,SP-06,Distributor
S02489,H047,D039,2024-02-04,3,28962000,10.0,78197400.0,SP-15,Direct
S02490,H040,D006,2024-09-28,5,5153000,5.0,24476750.0,SP-10,Direct
S02491,H026,D035,2026-05-07,1,7518000,5.0,7142100.0,SP-18,Direct
S02492,H001,D045,2024-03-25,1,39135000,5.0,37178250.0,SP-08,Direct
S02493,H039,D030,2025-09-17,5,131000,7.0,609150.0,SP-10,Distributor
S02494,H027,D003,2026-07-17,3,1249000,7.0,3484710.0,SP-13,Distributor
S02495,H060,D015,2024-10-01,5,187000,12.0,822800.0,SP-20,Direct
S02496,H039,D011,2025-11-30,1,253000,15.0,215050.0,SP-13,Direct
S02497,H012,D030,2025-06-26,1,142000,0.0,142000.0,SP-01,Distributor
S02498,H028,D019,2025-04-23,5,1147000,2.0,5620300.0,SP-09,Distributor
S02499,H050,D033,2024-12-05,5,3357000,5.0,15945750.0,SP-23,Direct
S02500,H087,D021,2026-08-19,1,1728000,12.0,1520640.0,SP-06,Direct
S02501,H046,D044,2026-05-04,2,75927000,15.0,129075900.0,SP-20,Direct
S02502,H018,D002,2025-10-08,5,5299000,10.0,23845500.0,SP-22,Direct
S02503,H028,D051,2025-07-17,5,2330000,7.0,10834500.0,SP-07,Direct
S02504,H091,D018,2024-02-21,5,212000,5.0,1007000.0,SP-15,Distributor
S02505,H043,D045,2025-05-27,3,40374000,15.0,102953700.0,SP-16,Distributor
S02506,H071,D032,2024-04-12,5,7650000,5.0,36337500.0,SP-16,Direct
S02507,H078,D046,2026-05-10,3,64869000,12.0,171254160.0,SP-16,Direct
S02508,H023,D059,2025-05-06,1,709000,7.0,659370.0,SP-23,Direct
S02509,H009,D028,2026-03-26,2,134000,12.0,235840.0,SP-08,Distributor
S02510,H016,D033,2024-11-24,1,3407000,5.0,3236650.0,SP-23,Direct
S02511,H016,D051,2025-05-25,4,2351000,10.0,8463600.0,SP-23,Distributor
S02512,H020,D032,2024-11-11,1,7684000,15.0,6531400.0,SP-15,Distributor
S02513,H097,D033,2024-07-15,4,3455000,10.0,12438000.0,SP-03,Distributor
S02514,H097,D009,2024-02-19,1,386000,2.0,378280.0,SP-16,Direct
S02515,H093,D032,2025-07-15,1,7476000,5.0,7102200.0,SP-22,Distributor
S02516,H074,D052,2024-01-14,5,1196000,5.0,5681000.0,SP-07,Distributor
S02517,H004,D052,2026-01-21,1,1159000,15.0,985150.0,SP-09,Distributor
S02518,H037,D012,2026-07-13,4,178000,2.0,697760.0,SP-15,Direct
S02519,H047,D013,2025-01-02,2,224000,15.0,380800.0,SP-16,Direct
S02520,H006,D021,2024-03-08,1,1671000,10.0,1503900.0,SP-18,Direct
S02521,H068,D020,2024-02-10,2,534000,5.0,1014600.0,SP-12,Distributor
S02522,H024,D004,2025-12-12,5,5017000,0.0,25085000.0,SP-20,Direct
S02523,H081,D058,2026-09-05,2,205000,5.0,389500.0,SP-14,Direct
S02524,H021,D030,2024-03-18,3,139000,10.0,375300.0,SP-25,Distributor
S02525,H034,D050,2026-08-05,2,2351000,7.0,4372860.0,SP-21,Distributor
S02526,H100,D007,2025-02-09,1,403000,10.0,362700.0,SP-16,Distributor
S02527,H067,D011,2025-12-02,1,246000,5.0,233700.0,SP-19,Distributor
S02528,H054,D060,2024-06-06,5,497000,7.0,2311050.0,SP-12,Direct
S02529,H042,D021,2024-10-03,4,1733000,5.0,6585400.0,SP-22,Direct
S02530,H089,D004,2024-05-17,2,4628000,5.0,8793200.0,SP-04,Distributor
S02531,H076,D034,2025-01-07,2,6537000,7.0,12158820.0,SP-24,Direct
S02532,H027,D048,2026-09-18,1,58851000,5.0,55908450.0,SP-17,Direct
S02533,H025,D003,2025-03-21,4,1361000,5.0,5171800.0,SP-03,Direct
S02534,H072,D021,2025-09-15,5,1729000,7.0,8039850.0,SP-24,Distributor
S02535,H039,D042,2024-05-04,1,34860000,5.0,33117000.0,SP-08,Direct
S02536,H097,D047,2024-07-14,5,55295000,2.0,270945500.0,SP-22,Direct
S02537,H085,D005,2025-06-26,1,5008000,0.0,5008000.0,SP-21,Direct
S02538,H043,D056,2025-08-25,1,474000,5.0,450300.0,SP-04,Direct
S02539,H092,D024,2026-06-15,1,1029000,0.0,1029000.0,SP-25,Distributor
S02540,H001,D017,2026-01-23,1,177000,7.0,164610.0,SP-03,Distributor
S02541,H053,D056,2024-12-14,1,459000,15.0,390150.0,SP-12,Direct
S02542,H016,D057,2026-08-29,1,414000,7.0,385020.0,SP-13,Distributor
S02543,H019,D047,2026-05-12,5,56848000,15.0,241604000.0,SP-16,Direct
S02544,H093,D051,2024-05-02,2,2248000,0.0,4496000.0,SP-21,Direct
S02545,H014,D018,2026-03-22,5,207000,5.0,983250.0,SP-11,Distributor
S02546,H011,D031,2024-02-18,5,4828000,7.0,22450200.0,SP-11,Direct
S02547,H086,D025,2025-11-24,1,102000,10.0,91800.0,SP-12,Distributor
S02548,H074,D041,2024-08-08,5,25797000,7.0,119956050.0,SP-20,Distributor
S02549,H027,D012,2024-12-17,1,180000,2.0,176400.0,SP-19,Distributor
S02550,H089,D015,2024-11-09,4,188000,7.0,699360.0,SP-06,Direct
S02551,H015,D042,2026-09-20,1,35321000,0.0,35321000.0,SP-03,Direct
S02552,H086,D048,2026-01-14,1,57889000,5.0,54994550.0,SP-05,Direct
S02553,H070,D056,2026-03-16,1,463000,15.0,393550.0,SP-12,Direct
S02554,H013,D029,2025-02-04,4,125000,10.0,450000.0,SP-18,Distributor
S02555,H013,D042,2026-03-30,4,35330000,0.0,141320000.0,SP-04,Distributor
S02556,H038,D055,2025-12-11,5,486000,2.0,2381400.0,SP-03,Direct
S02557,H022,D008,2025-08-25,2,260000,5.0,494000.0,SP-18,Distributor
S02558,H074,D001,2026-03-08,4,1266000,12.0,4456320.0,SP-14,Distributor
S02559,H055,D035,2026-06-28,1,7436000,2.0,7287280.0,SP-15,Direct
S02560,H067,D052,2025-09-04,3,1188000,7.0,3314520.0,SP-02,Distributor
S02561,H049,D047,2026-05-19,1,53576000,2.0,52504480.0,SP-24,Direct
S02562,H002,D056,2024-05-22,2,472000,0.0,944000.0,SP-02,Direct
S02563,H048,D048,2026-02-25,4,59430000,0.0,237720000.0,SP-20,Distributor
S02564,H086,D013,2024-10-01,3,226000,5.0,644100.0,SP-11,Distributor
S02565,H084,D011,2024-02-11,1,261000,0.0,261000.0,SP-18,Distributor
S02566,H090,D015,2024-10-06,4,199000,7.0,740280.0,SP-05,Direct
S02567,H006,D015,2024-01-03,5,198000,0.0,990000.0,SP-13,Distributor
S02568,H063,D011,2025-11-05,4,244000,10.0,878400.0,SP-16,Distributor
S02569,H034,D038,2025-11-16,5,36137000,15.0,153582250.0,SP-16,Direct
S02570,H061,D008,2025-09-06,1,244000,0.0,244000.0,SP-09,Direct
S02571,H030,D038,2024-03-22,1,36685000,2.0,35951300.0,SP-25,Distributor
S02572,H095,D038,2026-06-06,2,34401000,2.0,67425960.0,SP-03,Direct
S02573,H073,D013,2024-05-03,2,231000,2.0,452760.0,SP-16,Direct
S02574,H099,D036,2026-08-15,2,1616000,10.0,2908800.0,SP-07,Direct
S02575,H072,D059,2025-12-25,4,691000,0.0,2764000.0,SP-13,Direct
S02576,H009,D018,2024-01-22,1,197000,2.0,193060.0,SP-01,Distributor
S02577,H055,D026,2025-03-06,2,51000,10.0,91800.0,SP-21,Direct
S02578,H031,D040,2025-06-02,2,32608000,15.0,55433600.0,SP-01,Distributor
S02579,H009,D047,2024-03-20,2,52729000,10.0,94912200.0,SP-07,Distributor
S02580,H098,D005,2024-11-20,2,4908000,2.0,9619680.0,SP-04,Direct
S02581,H038,D030,2026-09-21,2,132000,0.0,264000.0,SP-07,Distributor
S02582,H033,D020,2025-04-17,1,578000,7.0,537540.0,SP-12,Distributor
S02583,H015,D019,2025-11-08,1,1153000,7.0,1072290.0,SP-24,Distributor
S02584,H078,D037,2026-07-08,1,28262000,0.0,28262000.0,SP-16,Direct
S02585,H061,D012,2026-06-29,2,176000,10.0,316800.0,SP-22,Direct
S02586,H093,D012,2026-06-10,5,168000,12.0,739200.0,SP-07,Distributor
S02587,H074,D032,2025-09-28,5,7480000,0.0,37400000.0,SP-09,Direct
S02588,H082,D027,2024-02-15,1,120000,5.0,114000.0,SP-14,Direct
S02589,H019,D025,2024-11-21,2,108000,7.0,200880.0,SP-19,Distributor
S02590,H019,D007,2026-02-03,2,404000,7.0,751440.0,SP-17,Direct
S02591,H082,D029,2026-07-05,1,131000,12.0,115280.0,SP-05,Distributor
S02592,H074,D057,2025-07-13,2,440000,5.0,836000.0,SP-22,Distributor
S02593,H046,D039,2024-08-08,2,27954000,10.0,50317200.0,SP-24,Direct
S02594,H084,D021,2026-06-15,1,1733000,7.0,1611690.0,SP-17,Direct
S02595,H085,D007,2026-05-27,2,381000,0.0,762000.0,SP-25,Direct
S02596,H035,D016,2024-09-09,4,118000,7.0,438960.0,SP-17,Direct
S02597,H016,D048,2026-08-07,1,56984000,5.0,54134800.0,SP-21,Direct
S02598,H022,D001,2025-04-06,1,1326000,2.0,1299480.0,SP-08,Distributor
S02599,H032,D028,2026-09-12,1,136000,7.0,126480.0,SP-04,Distributor
S02600,H087,D036,2026-03-01,1,1605000,15.0,1364250.0,SP-13,Distributor
S02601,H084,D024,2024-06-11,1,1017000,7.0,945810.0,SP-22,Distributor
S02602,H009,D029,2025-12-29,3,131000,2.0,385140.0,SP-08,Direct
S02603,H067,D043,2025-11-14,4,39921000,5.0,151699800.0,SP-25,Distributor
S02604,H059,D031,2024-01-17,1,4586000,2.0,4494280.0,SP-21,Direct
S02605,H042,D020,2026-05-25,2,544000,10.0,979200.0,SP-16,Distributor
S02606,H019,D043,2025-10-23,1,39871000,0.0,39871000.0,SP-25,Direct
S02607,H077,D045,2024-08-29,1,39283000,12.0,34569040.0,SP-19,Direct
S02608,H017,D004,2026-01-14,3,4637000,7.0,12937230.0,SP-20,Direct
S02609,H036,D057,2026-02-23,3,409000,2.0,1202460.0,SP-19,Distributor
S02610,H028,D017,2026-01-19,1,182000,5.0,172900.0,SP-15,Direct
S02611,H015,D048,2025-09-14,2,59874000,10.0,107773200.0,SP-24,Distributor
S02612,H036,D046,2025-04-11,1,69012000,15.0,58660200.0,SP-16,Direct
S02613,H066,D012,2025-05-28,1,180000,12.0,158400.0,SP-21,Direct
S02614,H089,D056,2024-02-03,2,471000,5.0,894900.0,SP-23,Direct
S02615,H037,D033,2026-02-24,1,3429000,2.0,3360420.0,SP-02,Direct
S02616,H020,D044,2024-11-16,3,79452000,2.0,233588880.0,SP-12,Direct
S02617,H079,D028,2024-12-28,4,137000,0.0,548000.0,SP-07,Distributor
S02618,H001,D052,2025-07-12,4,1227000,7.0,4564440.0,SP-19,Direct
S02619,H010,D049,2024-02-25,1,2607000,12.0,2294160.0,SP-13,Direct
S02620,H077,D003,2026-02-21,1,1346000,12.0,1184480.0,SP-12,Distributor
S02621,H080,D025,2026-09-20,2,106000,0.0,212000.0,SP-16,Direct
S02622,H068,D003,2024-10-11,2,1316000,0.0,2632000.0,SP-09,Direct
S02623,H027,D044,2026-03-28,1,74042000,7.0,68859060.0,SP-24,Direct
S02624,H088,D038,2024-01-13,2,35451000,0.0,70902000.0,SP-14,Distributor
S02625,H027,D046,2025-04-30,2,63419000,5.0,120496100.0,SP-15,Direct
S02626,H091,D023,2025-04-26,1,1752000,10.0,1576800.0,SP-03,Direct
S02627,H007,D006,2025-10-21,5,5223000,5.0,24809250.0,SP-22,Direct
S02628,H090,D026,2025-02-02,2,53000,7.0,98580.0,SP-25,Direct
S02629,H039,D032,2024-10-04,1,7486000,5.0,7111700.0,SP-16,Direct
S02630,H017,D006,2024-07-29,3,5059000,5.0,14418150.0,SP-11,Direct
S02631,H008,D009,2025-03-09,3,366000,10.0,988200.0,SP-22,Direct
S02632,H062,D047,2024-08-01,1,54516000,2.0,53425680.0,SP-16,Distributor
S02633,H018,D015,2025-12-10,1,183000,0.0,183000.0,SP-04,Direct
S02634,H001,D042,2025-06-28,2,34576000,2.0,67768960.0,SP-15,Distributor
S02635,H098,D057,2024-10-01,2,433000,5.0,822700.0,SP-24,Direct
S02636,H010,D012,2026-02-08,3,177000,0.0,531000.0,SP-15,Direct
S02637,H076,D006,2024-09-30,4,5221000,10.0,18795600.0,SP-21,Distributor
S02638,H046,D034,2026-09-27,5,6467000,5.0,30718250.0,SP-10,Direct
S02639,H040,D051,2026-06-02,4,2175000,0.0,8700000.0,SP-02,Direct
S02640,H084,D037,2025-02-08,5,27488000,0.0,137440000.0,SP-23,Distributor
S02641,H072,D021,2026-06-14,2,1702000,0.0,3404000.0,SP-17,Direct
S02642,H041,D030,2025-09-08,1,131000,5.0,124450.0,SP-24,Distributor
S02643,H016,D014,2026-05-02,1,215000,10.0,193500.0,SP-12,Distributor
S02644,H039,D011,2024-08-27,1,259000,0.0,259000.0,SP-11,Distributor
S02645,H054,D029,2024-07-09,2,125000,5.0,237500.0,SP-05,Distributor
S02646,H010,D026,2026-06-24,2,54000,0.0,108000.0,SP-22,Distributor
S02647,H006,D004,2024-04-01,1,5021000,7.0,4669530.0,SP-17,Direct
S02648,H080,D016,2025-03-19,1,118000,0.0,118000.0,SP-09,Direct
S02649,H019,D049,2024-02-20,3,2500000,10.0,6750000.0,SP-09,Distributor
S02650,H037,D005,2024-06-19,4,5231000,5.0,19877800.0,SP-17,Direct
S02651,H042,D018,2024-12-02,1,216000,0.0,216000.0,SP-14,Distributor
S02652,H078,D059,2024-12-19,1,719000,10.0,647100.0,SP-06,Distributor
S02653,H060,D045,2025-02-28,1,38737000,12.0,34088560.0,SP-19,Direct
S02654,H057,D045,2026-06-15,1,38484000,7.0,35790120.0,SP-12,Distributor
S02655,H076,D044,2025-12-17,2,80352000,12.0,141419520.0,SP-22,Direct
S02656,H048,D054,2026-05-01,1,1659000,12.0,1459920.0,SP-13,Direct
S02657,H022,D011,2026-09-22,3,257000,12.0,678480.0,SP-03,Direct
S02658,H086,D045,2024-12-14,1,39589000,0.0,39589000.0,SP-16,Direct
S02659,H088,D049,2025-10-10,1,2624000,5.0,2492800.0,SP-11,Direct
S02660,H016,D048,2024-11-01,1,61298000,10.0,55168200.0,SP-23,Distributor
S02661,H080,D027,2025-12-21,1,112000,12.0,98560.0,SP-09,Distributor
S02662,H091,D007,2026-01-29,5,408000,10.0,1836000.0,SP-11,Direct
S02663,H068,D043,2024-12-28,2,40094000,10.0,72169200.0,SP-23,Direct
S02664,H018,D043,2024-08-03,5,37815000,12.0,166386000.0,SP-19,Direct
S02665,H065,D053,2024-11-19,1,928000,10.0,835200.0,SP-21,Direct
S02666,H052,D004,2025-08-07,1,4628000,12.0,4072640.0,SP-18,Distributor
S02667,H096,D021,2026-08-03,5,1775000,12.0,7810000.0,SP-13,Direct
S02668,H086,D005,2026-05-23,3,5202000,10.0,14045400.0,SP-25,Direct
S02669,H033,D053,2026-03-19,1,940000,15.0,799000.0,SP-05,Direct
S02670,H065,D013,2026-04-11,4,212000,10.0,763200.0,SP-25,Direct
S02671,H089,D028,2024-05-26,4,135000,0.0,540000.0,SP-15,Distributor
S02672,H057,D006,2025-12-19,3,4979000,7.0,13891410.0,SP-20,Direct
S02673,H098,D023,2024-12-11,1,1663000,10.0,1496700.0,SP-21,Direct
S02674,H077,D024,2024-07-03,1,973000,7.0,904890.0,SP-04,Direct
S02675,H067,D039,2026-08-18,4,30284000,7.0,112656480.0,SP-18,Direct
S02676,H083,D040,2024-08-08,1,30738000,7.0,28586340.0,SP-13,Direct
S02677,H069,D045,2026-08-29,1,40223000,7.0,37407390.0,SP-06,Direct
S02678,H085,D056,2024-07-26,4,500000,5.0,1900000.0,SP-16,Direct
S02679,H088,D055,2025-12-01,2,499000,0.0,998000.0,SP-12,Direct
S02680,H028,D020,2025-07-25,1,578000,0.0,578000.0,SP-15,Direct
S02681,H050,D030,2024-03-19,4,133000,2.0,521360.0,SP-11,Distributor
S02682,H006,D042,2026-03-09,2,34608000,5.0,65755200.0,SP-06,Direct
S02683,H070,D034,2025-09-18,1,6626000,10.0,5963400.0,SP-15,Distributor
S02684,H005,D040,2025-03-27,1,29865000,5.0,28371750.0,SP-04,Distributor
S02685,H034,D058,2024-09-29,1,189000,15.0,160650.0,SP-25,Distributor
S02686,H022,D056,2025-08-24,2,468000,10.0,842400.0,SP-24,Distributor
S02687,H020,D022,2024-04-17,1,1446000,0.0,1446000.0,SP-19,Direct
S02688,H051,D022,2024-07-15,2,1505000,2.0,2949800.0,SP-12,Distributor
S02689,H029,D007,2025-04-30,1,391000,10.0,351900.0,SP-22,Direct
S02690,H090,D051,2024-09-26,5,2276000,0.0,11380000.0,SP-06,Direct
S02691,H016,D014,2024-12-29,4,218000,10.0,784800.0,SP-25,Direct
S02692,H004,D025,2026-04-02,5,100000,2.0,490000.0,SP-07,Direct
S02693,H080,D005,2026-04-12,1,5089000,5.0,4834550.0,SP-19,Distributor
S02694,H010,D008,2024-05-30,2,244000,7.0,453840.0,SP-25,Distributor
S02695,H067,D023,2024-10-20,4,1722000,2.0,6750240.0,SP-17,Distributor
S02696,H032,D031,2026-01-23,3,4687000,10.0,12654900.0,SP-21,Distributor
S02697,H031,D038,2024-10-24,1,35396000,5.0,33626200.0,SP-20,Direct
S02698,H051,D038,2024-07-04,2,36259000,7.0,67441740.0,SP-25,Direct
S02699,H033,D031,2026-08-15,1,4928000,5.0,4681600.0,SP-04,Distributor
S02700,H066,D026,2026-06-07,3,54000,2.0,158760.0,SP-23,Distributor
S02701,H062,D003,2024-03-31,3,1332000,7.0,3716280.0,SP-08,Direct
S02702,H081,D051,2024-03-31,1,2350000,15.0,1997500.0,SP-02,Distributor
S02703,H088,D058,2024-08-25,1,191000,7.0,177630.0,SP-19,Direct
S02704,H087,D054,2024-08-29,4,1646000,0.0,6584000.0,SP-13,Direct
S02705,H028,D043,2024-07-22,1,38984000,0.0,38984000.0,SP-24,Direct
S02706,H027,D034,2024-06-20,2,6595000,0.0,13190000.0,SP-09,Direct
S02707,H015,D007,2024-02-20,1,406000,5.0,385700.0,SP-02,Distributor
S02708,H063,D059,2026-06-04,4,708000,2.0,2775360.0,SP-17,Distributor
S02709,H090,D052,2024-10-20,4,1272000,0.0,5088000.0,SP-21,Direct
S02710,H017,D044,2026-07-29,2,79980000,0.0,159960000.0,SP-12,Distributor
S02711,H091,D025,2024-02-25,1,103000,10.0,92700.0,SP-23,Direct
S02712,H011,D032,2024-07-16,4,7972000,0.0,31888000.0,SP-10,Direct
S02713,H059,D008,2025-09-26,4,248000,2.0,972160.0,SP-17,Direct
S02714,H084,D004,2025-10-02,2,4868000,2.0,9541280.0,SP-20,Direct
S02715,H041,D052,2025-04-14,3,1223000,5.0,3485550.0,SP-19,Direct
S02716,H046,D048,2024-04-05,1,60245000,10.0,54220500.0,SP-12,Direct
S02717,H098,D020,2026-04-07,5,549000,5.0,2607750.0,SP-03,Direct
S02718,H027,D059,2026-04-26,1,654000,10.0,588600.0,SP-08,Direct
S02719,H096,D034,2024-02-29,1,6489000,7.0,6034770.0,SP-23,Direct
S02720,H021,D004,2026-09-10,1,4662000,7.0,4335660.0,SP-25,Distributor
S02721,H010,D032,2025-12-05,1,7581000,5.0,7201950.0,SP-08,Direct
S02722,H058,D043,2026-06-16,5,38159000,10.0,171715500.0,SP-20,Direct
S02723,H051,D025,2026-06-17,1,101000,10.0,90900.0,SP-22,Direct
S02724,H067,D056,2026-06-06,1,495000,10.0,445500.0,SP-19,Direct
S02725,H087,D049,2025-05-14,1,2604000,2.0,2551920.0,SP-02,Distributor
S02726,H033,D040,2026-01-11,4,32470000,5.0,123386000.0,SP-17,Direct
S02727,H054,D003,2024-08-24,4,1273000,2.0,4990160.0,SP-23,Distributor
S02728,H011,D040,2025-08-05,3,30199000,2.0,88785060.0,SP-15,Direct
S02729,H066,D037,2026-04-25,2,28812000,2.0,56471520.0,SP-14,Direct
S02730,H093,D019,2026-04-06,1,1211000,2.0,1186780.0,SP-25,Direct
S02731,H020,D017,2024-09-28,1,188000,0.0,188000.0,SP-14,Distributor
S02732,H025,D035,2024-06-19,3,7345000,5.0,20933250.0,SP-02,Distributor
S02733,H007,D057,2024-09-20,4,413000,10.0,1486800.0,SP-04,Direct
S02734,H083,D047,2024-11-27,1,55519000,0.0,55519000.0,SP-12,Direct
S02735,H023,D013,2024-04-07,1,220000,5.0,209000.0,SP-23,Distributor
S02736,H004,D003,2026-03-03,1,1323000,10.0,1190700.0,SP-25,Distributor
S02737,H061,D056,2024-04-12,1,470000,5.0,446500.0,SP-13,Distributor
S02738,H062,D058,2024-11-10,4,202000,15.0,686800.0,SP-12,Distributor
S02739,H093,D016,2025-02-01,1,118000,5.0,112100.0,SP-24,Direct
S02740,H034,D020,2025-10-24,2,540000,12.0,950400.0,SP-17,Distributor
S02741,H070,D013,2026-05-29,3,219000,5.0,624150.0,SP-12,Distributor
S02742,H057,D012,2026-02-18,3,178000,0.0,534000.0,SP-07,Distributor
S02743,H023,D004,2025-10-01,1,4669000,0.0,4669000.0,SP-06,Direct
S02744,H066,D040,2026-06-15,2,31176000,7.0,57987360.0,SP-04,Distributor
S02745,H043,D020,2024-10-17,1,539000,5.0,512050.0,SP-06,Direct
S02746,H013,D059,2024-04-11,1,662000,12.0,582560.0,SP-03,Direct
S02747,H024,D037,2024-09-06,5,26622000,10.0,119799000.0,SP-23,Direct
S02748,H030,D010,2025-11-06,5,318000,10.0,1431000.0,SP-13,Direct
S02749,H088,D022,2024-01-22,2,1470000,15.0,2499000.0,SP-25,Direct
S02750,H080,D057,2026-07-20,1,408000,10.0,367200.0,SP-14,Direct
S02751,H077,D020,2025-11-29,2,555000,15.0,943500.0,SP-05,Direct
S02752,H058,D016,2025-07-25,1,121000,2.0,118580.0,SP-16,Distributor
S02753,H069,D006,2026-01-12,1,5258000,0.0,5258000.0,SP-17,Direct
S02754,H080,D003,2025-05-26,1,1360000,2.0,1332800.0,SP-03,Direct
S02755,H091,D057,2025-08-16,5,408000,10.0,1836000.0,SP-13,Direct
S02756,H059,D005,2026-07-25,4,5047000,5.0,19178600.0,SP-16,Direct
S02757,H086,D014,2026-08-29,4,217000,2.0,850640.0,SP-09,Distributor
S02758,H071,D039,2025-12-02,4,29257000,5.0,111176600.0,SP-22,Distributor
S02759,H041,D040,2024-07-21,2,30303000,12.0,53333280.0,SP-02,Distributor
S02760,H007,D037,2026-06-25,1,28991000,7.0,26961630.0,SP-13,Distributor
S02761,H052,D034,2024-12-22,3,6594000,7.0,18397260.0,SP-01,Direct
S02762,H096,D049,2024-10-03,4,2513000,10.0,9046800.0,SP-11,Distributor
S02763,H022,D019,2026-08-12,1,1154000,7.0,1073220.0,SP-02,Direct
S02764,H070,D028,2024-04-18,1,135000,10.0,121500.0,SP-15,Direct
S02765,H052,D007,2025-10-12,1,397000,10.0,357300.0,SP-01,Direct
S02766,H049,D019,2025-10-07,3,1105000,0.0,3315000.0,SP-17,Distributor
S02767,H056,D021,2026-03-26,2,1668000,2.0,3269280.0,SP-18,Direct
S02768,H056,D036,2025-03-01,4,1574000,2.0,6170080.0,SP-24,Direct
S02769,H056,D014,2025-12-01,1,216000,5.0,205200.0,SP-01,Direct
S02770,H076,D016,2026-08-17,4,115000,2.0,450800.0,SP-22,Distributor
S02771,H021,D019,2024-09-23,1,1186000,5.0,1126700.0,SP-01,Direct
S02772,H046,D040,2025-09-19,3,30537000,10.0,82449900.0,SP-15,Direct
S02773,H035,D039,2026-01-09,1,29702000,12.0,26137760.0,SP-24,Distributor
S02774,H025,D005,2025-03-08,1,4811000,5.0,4570450.0,SP-12,Direct
S02775,H041,D025,2026-02-22,1,99000,12.0,87120.0,SP-13,Distributor
S02776,H061,D020,2024-06-19,2,576000,7.0,1071360.0,SP-16,Direct
S02777,H094,D052,2024-07-19,1,1185000,7.0,1102050.0,SP-20,Distributor
S02778,H078,D032,2026-08-29,1,7915000,7.0,7360950.0,SP-07,Direct
S02779,H042,D039,2024-10-28,4,30343000,10.0,109234800.0,SP-07,Direct
S02780,H083,D013,2024-03-04,4,223000,7.0,829560.0,SP-06,Direct
S02781,H059,D011,2026-04-18,4,261000,0.0,1044000.0,SP-19,Distributor
S02782,H041,D005,2024-01-29,2,4856000,10.0,8740800.0,SP-15,Distributor
S02783,H083,D017,2025-11-07,1,193000,2.0,189140.0,SP-03,Direct
S02784,H044,D041,2026-03-01,1,27450000,12.0,24156000.0,SP-23,Direct
S02785,H035,D059,2024-11-18,2,716000,0.0,1432000.0,SP-24,Direct
S02786,H083,D014,2025-09-24,3,218000,0.0,654000.0,SP-02,Direct
S02787,H024,D059,2025-10-26,1,682000,15.0,579700.0,SP-11,Distributor
S02788,H061,D058,2024-10-30,3,204000,0.0,612000.0,SP-02,Distributor
S02789,H007,D030,2026-08-04,4,142000,0.0,568000.0,SP-19,Distributor
S02790,H024,D017,2024-11-19,3,193000,10.0,521100.0,SP-05,Direct
S02791,H026,D060,2026-08-24,2,527000,0.0,1054000.0,SP-21,Distributor
S02792,H035,D047,2026-08-25,5,54620000,0.0,273100000.0,SP-16,Direct
S02793,H067,D034,2025-10-06,3,6404000,7.0,17867160.0,SP-05,Direct
S02794,H070,D005,2025-05-31,1,4819000,5.0,4578050.0,SP-05,Direct
S02795,H015,D048,2025-07-14,2,58224000,5.0,110625600.0,SP-07,Direct
S02796,H071,D017,2024-09-29,4,194000,2.0,760480.0,SP-17,Direct
S02797,H056,D024,2025-05-08,1,942000,2.0,923160.0,SP-22,Direct
S02798,H072,D009,2026-08-20,2,381000,0.0,762000.0,SP-21,Direct
S02799,H027,D008,2024-04-23,4,267000,0.0,1068000.0,SP-15,Direct
S02800,H002,D034,2025-08-12,1,6496000,5.0,6171200.0,SP-05,Direct
S02801,H034,D030,2025-01-27,5,137000,5.0,650750.0,SP-20,Distributor
S02802,H089,D023,2026-08-03,3,1675000,2.0,4924500.0,SP-21,Direct
S02803,H008,D042,2025-09-21,3,35808000,0.0,107424000.0,SP-18,Direct
S02804,H043,D016,2026-09-18,2,122000,10.0,219600.0,SP-17,Direct
S02805,H045,D050,2024-02-12,1,2293000,2.0,2247140.0,SP-16,Direct
S02806,H098,D053,2024-04-03,5,934000,10.0,4203000.0,SP-09,Direct
S02807,H080,D026,2025-04-02,3,53000,10.0,143100.0,SP-13,Direct
S02808,H037,D038,2025-09-10,2,36956000,5.0,70216400.0,SP-10,Direct
S02809,H060,D044,2026-09-23,4,81202000,5.0,308567600.0,SP-16,Direct
S02810,H074,D049,2024-05-11,1,2622000,12.0,2307360.0,SP-03,Direct
S02811,H078,D042,2025-08-20,2,32979000,5.0,62660100.0,SP-24,Direct
S02812,H032,D041,2024-07-11,1,27945000,15.0,23753250.0,SP-18,Direct
S02813,H019,D021,2024-10-08,4,1795000,5.0,6821000.0,SP-23,Distributor
S02814,H009,D010,2025-12-05,1,320000,15.0,272000.0,SP-07,Direct
S02815,H087,D053,2025-02-16,5,899000,7.0,4180350.0,SP-12,Direct
S02816,H040,D041,2026-07-08,1,27966000,2.0,27406680.0,SP-21,Distributor
S02817,H089,D006,2026-08-04,5,5394000,7.0,25082100.0,SP-25,Distributor
S02818,H079,D058,2024-02-02,1,194000,5.0,184300.0,SP-10,Distributor
S02819,H033,D050,2026-01-09,2,2166000,15.0,3682200.0,SP-24,Direct
S02820,H035,D060,2025-09-24,4,526000,5.0,1998800.0,SP-04,Distributor
S02821,H013,D047,2024-10-14,1,52231000,2.0,51186380.0,SP-13,Direct
S02822,H032,D037,2026-04-23,3,28724000,15.0,73246200.0,SP-12,Direct
S02823,H004,D001,2026-05-21,1,1312000,5.0,1246400.0,SP-24,Distributor
S02824,H027,D052,2025-10-07,2,1165000,15.0,1980500.0,SP-09,Direct
S02825,H088,D049,2025-03-11,1,2387000,12.0,2100560.0,SP-19,Direct
S02826,H062,D017,2025-09-15,2,191000,12.0,336160.0,SP-24,Direct
S02827,H044,D042,2025-04-21,1,34387000,7.0,31979910.0,SP-02,Distributor
S02828,H032,D015,2024-01-03,2,191000,12.0,336160.0,SP-23,Direct
S02829,H072,D044,2026-01-17,1,75925000,7.0,70610250.0,SP-18,Direct
S02830,H021,D015,2024-01-12,3,185000,2.0,543900.0,SP-11,Direct
S02831,H006,D046,2024-07-26,1,64608000,7.0,60085440.0,SP-11,Distributor
S02832,H072,D017,2025-10-15,1,178000,2.0,174440.0,SP-04,Direct
S02833,H065,D046,2024-10-12,2,65416000,15.0,111207200.0,SP-21,Direct
S02834,H024,D049,2024-02-23,1,2461000,7.0,2288730.0,SP-06,Distributor
S02835,H091,D042,2025-01-01,2,34829000,7.0,64781940.0,SP-12,Distributor
S02836,H008,D021,2026-09-10,4,1666000,0.0,6664000.0,SP-07,Direct
S02837,H069,D043,2024-08-28,1,40628000,0.0,40628000.0,SP-15,Direct
S02838,H047,D050,2024-07-28,5,2171000,15.0,9226750.0,SP-10,Direct
S02839,H094,D036,2024-10-14,2,1546000,15.0,2628200.0,SP-19,Direct
S02840,H067,D042,2025-01-02,5,32979000,2.0,161597100.0,SP-19,Distributor
S02841,H082,D007,2026-03-30,4,397000,2.0,1556240.0,SP-18,Direct
S02842,H044,D026,2025-12-22,2,54000,2.0,105840.0,SP-17,Direct
S02843,H087,D013,2026-01-19,3,233000,10.0,629100.0,SP-05,Distributor
S02844,H095,D019,2025-10-09,1,1215000,15.0,1032750.0,SP-08,Distributor
S02845,H077,D049,2025-01-15,2,2615000,5.0,4968500.0,SP-21,Direct
S02846,H031,D046,2024-09-18,1,64659000,12.0,56899920.0,SP-08,Direct
S02847,H003,D019,2026-02-03,1,1157000,15.0,983450.0,SP-05,Direct
S02848,H080,D013,2025-09-28,4,218000,5.0,828400.0,SP-04,Distributor
S02849,H029,D055,2025-07-14,3,502000,5.0,1430700.0,SP-18,Direct
S02850,H097,D056,2026-06-18,1,489000,10.0,440100.0,SP-22,Direct
S02851,H080,D026,2025-12-05,1,53000,7.0,49290.0,SP-09,Distributor
S02852,H017,D027,2026-04-13,1,112000,2.0,109760.0,SP-15,Direct
S02853,H022,D003,2026-09-07,2,1324000,5.0,2515600.0,SP-13,Direct
S02854,H035,D050,2024-04-12,1,2193000,0.0,2193000.0,SP-02,Distributor
S02855,H004,D043,2024-12-01,4,39888000,10.0,143596800.0,SP-08,Direct
S02856,H065,D009,2024-10-17,1,392000,2.0,384160.0,SP-01,Direct
S02857,H049,D011,2025-06-28,5,252000,5.0,1197000.0,SP-03,Direct
S02858,H098,D020,2025-11-27,5,551000,5.0,2617250.0,SP-01,Direct
S02859,H036,D022,2025-08-11,1,1511000,0.0,1511000.0,SP-22,Distributor
S02860,H085,D040,2025-06-16,1,32387000,10.0,29148300.0,SP-08,Direct
S02861,H004,D002,2024-07-01,1,5487000,15.0,4663950.0,SP-21,Direct
S02862,H096,D041,2024-01-30,2,27082000,2.0,53080720.0,SP-20,Distributor
S02863,H013,D048,2025-03-29,1,59343000,5.0,56375850.0,SP-01,Distributor
S02864,H034,D050,2024-07-19,3,2305000,5.0,6569250.0,SP-02,Direct
S02865,H029,D053,2024-12-29,1,941000,15.0,799850.0,SP-10,Direct
S02866,H100,D046,2025-12-23,4,63726000,2.0,249805920.0,SP-01,Direct
S02867,H064,D012,2026-09-01,1,166000,2.0,162680.0,SP-10,Direct
S02868,H046,D036,2026-04-12,1,1631000,2.0,1598380.0,SP-09,Distributor
S02869,H066,D055,2026-06-18,1,485000,2.0,475300.0,SP-04,Direct
S02870,H008,D029,2025-08-31,1,124000,10.0,111600.0,SP-23,Distributor
S02871,H078,D057,2024-08-02,1,406000,5.0,385700.0,SP-23,Distributor
S02872,H069,D007,2025-11-16,1,413000,2.0,404740.0,SP-15,Distributor
S02873,H048,D056,2024-12-30,2,454000,0.0,908000.0,SP-04,Direct
S02874,H080,D039,2026-08-10,3,28328000,0.0,84984000.0,SP-16,Distributor
S02875,H017,D004,2024-11-20,4,4858000,5.0,18460400.0,SP-15,Direct
S02876,H019,D059,2024-10-25,2,692000,2.0,1356320.0,SP-16,Distributor
S02877,H072,D019,2025-01-13,2,1210000,7.0,2250600.0,SP-09,Distributor
S02878,H001,D026,2026-01-09,3,52000,5.0,148200.0,SP-12,Distributor
S02879,H079,D001,2025-08-27,2,1313000,10.0,2363400.0,SP-16,Direct
S02880,H024,D047,2025-06-04,1,56404000,5.0,53583800.0,SP-14,Direct
S02881,H017,D027,2025-01-13,5,114000,12.0,501600.0,SP-23,Direct
S02882,H086,D060,2024-07-03,2,542000,5.0,1029800.0,SP-16,Distributor
S02883,H045,D006,2024-04-05,2,5422000,0.0,10844000.0,SP-14,Distributor
S02884,H087,D034,2024-01-15,1,6576000,2.0,6444480.0,SP-11,Direct
S02885,H056,D033,2026-02-01,1,3221000,10.0,2898900.0,SP-18,Direct
S02886,H008,D020,2024-06-27,1,568000,0.0,568000.0,SP-09,Distributor
S02887,H040,D006,2026-06-06,4,5389000,0.0,21556000.0,SP-24,Direct
S02888,H096,D035,2024-10-07,5,7366000,10.0,33147000.0,SP-25,Distributor
S02889,H065,D050,2025-03-25,5,2164000,15.0,9197000.0,SP-17,Direct
S02890,H013,D024,2024-05-29,1,1009000,15.0,857650.0,SP-04,Distributor
S02891,H048,D004,2026-01-04,4,4808000,5.0,18270400.0,SP-19,Distributor
S02892,H047,D049,2025-05-29,1,2511000,0.0,2511000.0,SP-14,Direct
S02893,H065,D021,2026-01-28,1,1704000,7.0,1584720.0,SP-11,Direct
S02894,H097,D050,2024-08-12,1,2189000,5.0,2079550.0,SP-11,Direct
S02895,H008,D043,2024-06-14,1,40770000,12.0,35877600.0,SP-13,Direct
S02896,H096,D056,2026-08-18,1,489000,10.0,440100.0,SP-15,Distributor
S02897,H042,D054,2025-09-19,1,1754000,15.0,1490900.0,SP-15,Direct
S02898,H034,D006,2026-03-18,3,5036000,7.0,14050440.0,SP-24,Direct
S02899,H005,D037,2024-07-27,2,28211000,7.0,52472460.0,SP-04,Direct
S02900,H026,D005,2025-09-01,4,5182000,15.0,17618800.0,SP-23,Direct
S02901,H086,D045,2024-12-07,1,40384000,12.0,35537920.0,SP-03,Direct
S02902,H068,D038,2024-11-17,1,36052000,0.0,36052000.0,SP-10,Direct
S02903,H036,D003,2024-03-28,4,1285000,15.0,4369000.0,SP-01,Direct
S02904,H028,D040,2026-06-15,1,30781000,10.0,27702900.0,SP-11,Direct
S02905,H031,D046,2026-08-02,2,64442000,15.0,109551400.0,SP-08,Distributor
S02906,H047,D016,2024-11-15,5,117000,0.0,585000.0,SP-17,Direct
S02907,H002,D031,2026-04-12,1,4880000,5.0,4636000.0,SP-23,Distributor
S02908,H065,D025,2026-03-31,1,101000,0.0,101000.0,SP-09,Direct
S02909,H031,D004,2024-02-27,5,4993000,5.0,23716750.0,SP-03,Direct
S02910,H036,D035,2024-07-21,1,7725000,5.0,7338750.0,SP-16,Distributor
S02911,H004,D030,2024-01-23,5,144000,5.0,684000.0,SP-02,Direct
S02912,H042,D017,2025-08-08,1,186000,7.0,172980.0,SP-16,Direct
S02913,H092,D054,2024-02-14,4,1717000,7.0,6387240.0,SP-08,Direct
S02914,H039,D001,2026-02-05,2,1276000,5.0,2424400.0,SP-04,Distributor
S02915,H038,D046,2025-05-09,5,67429000,7.0,313544850.0,SP-12,Distributor
S02916,H044,D041,2024-05-18,3,27356000,15.0,69757800.0,SP-22,Direct
S02917,H083,D037,2024-12-26,3,27357000,0.0,82071000.0,SP-04,Direct
S02918,H003,D006,2026-01-28,1,5360000,2.0,5252800.0,SP-18,Direct
S02919,H015,D055,2026-09-29,3,499000,5.0,1422150.0,SP-13,Direct
S02920,H030,D047,2026-06-26,3,56426000,2.0,165892440.0,SP-17,Distributor
S02921,H097,D012,2025-02-18,2,166000,0.0,332000.0,SP-08,Distributor
S02922,H073,D029,2024-07-24,2,122000,5.0,231800.0,SP-22,Distributor
S02923,H075,D043,2024-12-17,5,39111000,12.0,172088400.0,SP-07,Distributor
S02924,H015,D051,2024-02-29,1,2321000,5.0,2204950.0,SP-05,Distributor
S02925,H073,D042,2026-07-27,1,33983000,2.0,33303340.0,SP-20,Direct
S02926,H095,D012,2025-05-29,4,178000,10.0,640800.0,SP-20,Distributor
S02927,H034,D029,2024-10-21,1,131000,10.0,117900.0,SP-15,Direct
S02928,H098,D014,2026-08-08,1,226000,7.0,210180.0,SP-14,Direct
S02929,H045,D031,2026-01-26,2,4835000,0.0,9670000.0,SP-17,Direct
S02930,H026,D023,2025-12-25,1,1775000,10.0,1597500.0,SP-12,Distributor
S02931,H071,D016,2025-06-15,1,121000,0.0,121000.0,SP-12,Distributor
S02932,H029,D058,2024-08-02,4,190000,7.0,706800.0,SP-22,Direct
S02933,H093,D017,2024-10-08,1,178000,10.0,160200.0,SP-16,Direct
S02934,H054,D015,2025-05-01,1,196000,10.0,176400.0,SP-12,Distributor
S02935,H096,D010,2026-07-28,1,325000,5.0,308750.0,SP-05,Direct
S02936,H008,D044,2024-02-07,1,75189000,7.0,69925770.0,SP-24,Distributor
S02937,H015,D049,2025-10-09,1,2488000,0.0,2488000.0,SP-23,Direct
S02938,H011,D021,2026-09-15,4,1689000,5.0,6418200.0,SP-11,Distributor
S02939,H017,D054,2026-06-01,2,1716000,5.0,3260400.0,SP-06,Direct
S02940,H023,D034,2025-09-16,1,6995000,10.0,6295500.0,SP-06,Direct
S02941,H071,D051,2025-09-17,1,2208000,7.0,2053440.0,SP-01,Distributor
S02942,H036,D001,2024-03-07,2,1383000,5.0,2627700.0,SP-14,Direct
S02943,H005,D041,2025-09-20,2,25591000,12.0,45040160.0,SP-16,Distributor
S02944,H071,D034,2024-05-30,2,6567000,12.0,11557920.0,SP-08,Direct
S02945,H022,D004,2024-09-08,2,4955000,0.0,9910000.0,SP-22,Direct
S02946,H082,D007,2026-09-12,1,405000,0.0,405000.0,SP-02,Distributor
S02947,H085,D060,2025-01-25,2,528000,12.0,929280.0,SP-08,Direct
S02948,H052,D025,2025-01-09,1,100000,5.0,95000.0,SP-10,Distributor
S02949,H065,D051,2025-11-27,1,2179000,2.0,2135420.0,SP-03,Distributor
S02950,H011,D003,2026-08-22,1,1241000,2.0,1216180.0,SP-06,Direct
S02951,H003,D052,2026-09-29,1,1237000,0.0,1237000.0,SP-09,Distributor
S02952,H064,D022,2026-06-02,3,1524000,7.0,4251960.0,SP-02,Direct
S02953,H008,D042,2025-08-06,3,32718000,10.0,88338600.0,SP-18,Direct
S02954,H055,D043,2024-04-21,1,37840000,0.0,37840000.0,SP-02,Direct
S02955,H063,D010,2024-05-20,1,321000,7.0,298530.0,SP-25,Distributor
S02956,H015,D023,2025-02-22,1,1671000,5.0,1587450.0,SP-06,Distributor
S02957,H011,D030,2026-07-21,2,140000,5.0,266000.0,SP-08,Distributor
S02958,H097,D060,2024-10-22,4,533000,10.0,1918800.0,SP-18,Direct
S02959,H069,D030,2026-06-01,4,133000,5.0,505400.0,SP-16,Direct
S02960,H009,D007,2026-09-14,3,396000,2.0,1164240.0,SP-04,Direct
S02961,H047,D041,2025-12-16,3,26756000,7.0,74649240.0,SP-14,Distributor
S02962,H092,D005,2024-04-22,3,5051000,5.0,14395350.0,SP-07,Distributor
S02963,H084,D056,2024-07-05,1,471000,12.0,414480.0,SP-07,Direct
S02964,H036,D032,2025-09-16,2,7833000,5.0,14882700.0,SP-22,Direct
S02965,H046,D058,2025-11-11,2,191000,10.0,343800.0,SP-20,Direct
S02966,H015,D006,2026-05-21,3,5023000,5.0,14315550.0,SP-15,Distributor
S02967,H006,D012,2026-07-29,5,166000,5.0,788500.0,SP-03,Distributor
S02968,H038,D056,2025-03-03,5,475000,5.0,2256250.0,SP-12,Direct
S02969,H038,D039,2025-08-24,1,28859000,5.0,27416050.0,SP-14,Direct
S02970,H016,D032,2025-06-16,4,7708000,2.0,30215360.0,SP-04,Direct
S02971,H014,D023,2025-11-10,2,1636000,5.0,3108400.0,SP-21,Direct
S02972,H092,D039,2024-07-13,5,29878000,12.0,131463200.0,SP-25,Direct
S02973,H029,D007,2025-09-08,2,392000,5.0,744800.0,SP-24,Distributor
S02974,H097,D020,2026-04-29,5,574000,10.0,2583000.0,SP-16,Distributor
S02975,H064,D039,2026-08-06,2,29209000,0.0,58418000.0,SP-03,Distributor
S02976,H065,D042,2025-07-11,1,34451000,2.0,33761980.0,SP-08,Distributor
S02977,H047,D021,2024-06-19,2,1674000,5.0,3180600.0,SP-14,Direct
S02978,H086,D055,2026-06-16,3,470000,10.0,1269000.0,SP-15,Distributor
S02979,H011,D003,2026-07-28,5,1326000,0.0,6630000.0,SP-11,Direct
S02980,H100,D042,2026-07-25,2,33185000,15.0,56414500.0,SP-10,Distributor
S02981,H024,D030,2026-02-06,3,138000,5.0,393300.0,SP-01,Direct
S02982,H086,D006,2024-01-03,2,5199000,0.0,10398000.0,SP-13,Direct
S02983,H001,D034,2025-02-13,1,6514000,10.0,5862600.0,SP-17,Direct
S02984,H044,D003,2025-08-15,3,1311000,10.0,3539700.0,SP-15,Direct
S02985,H017,D034,2026-01-11,1,6652000,5.0,6319400.0,SP-11,Direct
S02986,H073,D051,2024-05-13,4,2290000,12.0,8060800.0,SP-15,Distributor
S02987,H021,D003,2026-03-30,1,1358000,15.0,1154300.0,SP-22,Direct
S02988,H092,D023,2025-10-14,3,1637000,12.0,4321680.0,SP-22,Distributor
S02989,H062,D055,2024-12-27,1,488000,15.0,414800.0,SP-23,Direct
S02990,H056,D021,2025-12-16,2,1761000,0.0,3522000.0,SP-18,Direct
S02991,H031,D040,2025-08-24,3,32073000,0.0,96219000.0,SP-22,Direct
S02992,H051,D057,2025-02-07,1,440000,5.0,418000.0,SP-11,Direct
S02993,H077,D019,2024-10-14,1,1195000,7.0,1111350.0,SP-05,Direct
S02994,H011,D024,2024-06-09,3,1018000,5.0,2901300.0,SP-16,Direct
S02995,H006,D033,2024-01-02,2,3294000,10.0,5929200.0,SP-07,Distributor
S02996,H003,D031,2026-03-29,3,4996000,10.0,13489200.0,SP-16,Direct
S02997,H026,D006,2024-08-31,4,5134000,5.0,19509200.0,SP-15,Direct
S02998,H065,D037,2026-08-06,3,27739000,10.0,74895300.0,SP-11,Distributor
S02999,H055,D058,2026-07-29,1,189000,10.0,170100.0,SP-08,Direct
S03000,H022,D001,2024-02-08,5,1293000,7.0,6012450.0,SP-12,Direct
S03001,H060,D032,2024-09-19,3,7299000,12.0,19269360.0,SP-20,Direct
S03002,H033,D056,2024-12-24,1,457000,2.0,447860.0,SP-04,Distributor
S03003,H074,D047,2024-05-15,5,54299000,15.0,230770750.0,SP-04,Direct
S03004,H054,D006,2026-05-14,2,5035000,2.0,9868600.0,SP-06,Distributor
S03005,H092,D027,2025-07-06,2,117000,10.0,210600.0,SP-10,Direct
S03006,H077,D004,2026-01-27,5,4711000,5.0,22377250.0,SP-22,Direct
S03007,H033,D009,2024-10-16,1,382000,0.0,382000.0,SP-21,Distributor
S03008,H073,D032,2026-09-25,5,7436000,15.0,31603000.0,SP-24,Direct
S03009,H079,D009,2024-04-26,5,369000,0.0,1845000.0,SP-14,Direct
S03010,H060,D035,2026-02-28,5,7876000,7.0,36623400.0,SP-17,Distributor
S03011,H008,D006,2025-08-21,2,5435000,2.0,10652600.0,SP-24,Distributor
S03012,H092,D038,2025-01-18,1,34504000,2.0,33813920.0,SP-08,Distributor
S03013,H082,D053,2026-03-25,5,949000,12.0,4175600.0,SP-04,Direct
S03014,H048,D044,2026-02-09,1,81047000,0.0,81047000.0,SP-19,Direct
S03015,H045,D042,2025-01-02,4,35192000,7.0,130914240.0,SP-10,Direct
S03016,H002,D035,2025-06-24,1,7965000,10.0,7168500.0,SP-07,Direct
S03017,H001,D054,2024-12-02,5,1641000,0.0,8205000.0,SP-19,Distributor
S03018,H095,D041,2026-04-08,4,25855000,2.0,101351600.0,SP-17,Direct
S03019,H054,D004,2025-08-20,2,4805000,0.0,9610000.0,SP-15,Distributor
S03020,H042,D023,2024-11-15,4,1725000,10.0,6210000.0,SP-21,Direct
S03021,H018,D017,2025-05-06,5,179000,10.0,805500.0,SP-15,Direct
S03022,H013,D006,2024-07-11,1,5193000,15.0,4414050.0,SP-10,Distributor
S03023,H076,D012,2024-11-12,2,169000,7.0,314340.0,SP-02,Direct
S03024,H098,D049,2025-09-18,1,2392000,12.0,2104960.0,SP-20,Direct
S03025,H094,D046,2026-01-12,2,67208000,5.0,127695200.0,SP-01,Direct
S03026,H080,D024,2024-05-04,3,1031000,0.0,3093000.0,SP-01,Direct
S03027,H053,D016,2026-07-15,4,113000,10.0,406800.0,SP-15,Direct
S03028,H036,D024,2026-01-26,2,956000,15.0,1625200.0,SP-17,Distributor
S03029,H043,D009,2025-08-15,2,361000,10.0,649800.0,SP-01,Distributor
S03030,H100,D025,2024-04-05,5,102000,12.0,448800.0,SP-24,Direct
S03031,H096,D002,2025-09-18,1,5153000,10.0,4637700.0,SP-13,Direct
S03032,H083,D034,2026-07-18,1,6650000,5.0,6317500.0,SP-19,Direct
S03033,H008,D059,2025-03-26,4,714000,7.0,2656080.0,SP-08,Direct
S03034,H033,D017,2024-01-17,3,194000,0.0,582000.0,SP-20,Direct
S03035,H042,D015,2026-07-31,1,191000,5.0,181450.0,SP-02,Distributor
S03036,H083,D043,2024-08-02,1,39203000,10.0,35282700.0,SP-16,Distributor
S03037,H034,D026,2024-05-08,5,53000,5.0,251750.0,SP-08,Direct
S03038,H069,D034,2024-04-03,1,6829000,12.0,6009520.0,SP-25,Distributor
S03039,H011,D006,2025-05-23,3,5200000,5.0,14820000.0,SP-22,Distributor
S03040,H029,D015,2025-10-15,1,199000,12.0,175120.0,SP-24,Direct
S03041,H074,D005,2025-04-05,4,5012000,0.0,20048000.0,SP-15,Direct
S03042,H074,D013,2024-03-06,2,217000,10.0,390600.0,SP-14,Direct
S03043,H019,D050,2025-11-10,1,2321000,15.0,1972850.0,SP-09,Direct
S03044,H059,D014,2026-09-18,2,226000,2.0,442960.0,SP-20,Distributor
S03045,H048,D020,2024-07-26,1,586000,0.0,586000.0,SP-05,Distributor
S03046,H011,D050,2024-09-25,4,2294000,15.0,7799600.0,SP-02,Direct
S03047,H100,D012,2024-04-14,1,165000,12.0,145200.0,SP-14,Direct
S03048,H070,D049,2026-07-28,4,2479000,12.0,8726080.0,SP-08,Direct
S03049,H081,D015,2025-01-09,4,192000,0.0,768000.0,SP-10,Distributor
S03050,H051,D001,2025-07-04,1,1383000,12.0,1217040.0,SP-04,Distributor
S03051,H001,D036,2026-02-08,2,1502000,5.0,2853800.0,SP-18,Distributor
S03052,H012,D036,2024-08-18,3,1516000,10.0,4093200.0,SP-14,Distributor
S03053,H051,D042,2025-12-20,1,33965000,2.0,33285700.0,SP-09,Direct
S03054,H075,D029,2026-05-15,5,130000,0.0,650000.0,SP-11,Distributor
S03055,H085,D019,2026-03-25,1,1164000,7.0,1082520.0,SP-09,Distributor
S03056,H011,D028,2024-05-16,1,134000,7.0,124620.0,SP-25,Direct
S03057,H062,D016,2025-05-27,1,119000,12.0,104720.0,SP-07,Direct
S03058,H091,D001,2026-06-09,1,1341000,0.0,1341000.0,SP-14,Direct
S03059,H066,D010,2024-11-19,4,311000,12.0,1094720.0,SP-22,Distributor
S03060,H078,D024,2026-03-05,3,1035000,5.0,2949750.0,SP-14,Direct
S03061,H068,D013,2024-11-15,1,213000,12.0,187440.0,SP-11,Distributor
S03062,H032,D021,2024-08-29,1,1752000,2.0,1716960.0,SP-20,Direct
S03063,H003,D018,2025-01-27,2,212000,15.0,360400.0,SP-05,Distributor
S03064,H085,D016,2026-01-18,2,113000,5.0,214700.0,SP-18,Direct
S03065,H051,D043,2024-07-31,1,38690000,0.0,38690000.0,SP-16,Direct
S03066,H066,D006,2026-04-02,5,4975000,5.0,23631250.0,SP-05,Direct
S03067,H005,D009,2024-01-07,4,388000,7.0,1443360.0,SP-25,Direct
S03068,H070,D012,2025-04-13,4,170000,5.0,646000.0,SP-23,Distributor
S03069,H062,D021,2024-07-05,2,1651000,5.0,3136900.0,SP-15,Distributor
S03070,H056,D049,2024-01-04,1,2580000,2.0,2528400.0,SP-10,Direct
S03071,H014,D045,2026-01-04,2,40990000,5.0,77881000.0,SP-04,Distributor
S03072,H095,D036,2025-01-08,2,1497000,5.0,2844300.0,SP-05,Distributor
S03073,H008,D004,2025-08-10,5,5013000,0.0,25065000.0,SP-05,Direct
S03074,H068,D039,2024-12-26,1,29338000,7.0,27284340.0,SP-18,Distributor
S03075,H009,D012,2024-01-20,1,180000,0.0,180000.0,SP-11,Direct
S03076,H028,D016,2024-01-26,3,117000,2.0,343980.0,SP-01,Direct
S03077,H009,D032,2025-02-27,4,7473000,12.0,26304960.0,SP-24,Distributor
S03078,H093,D039,2025-12-10,1,28098000,2.0,27536040.0,SP-23,Direct
S03079,H039,D055,2026-09-16,5,465000,10.0,2092500.0,SP-10,Distributor
S03080,H002,D058,2025-12-18,1,190000,15.0,161500.0,SP-19,Direct
S03081,H019,D017,2024-09-29,4,177000,5.0,672600.0,SP-04,Direct
S03082,H033,D026,2024-08-08,2,51000,12.0,89760.0,SP-09,Distributor
S03083,H030,D050,2024-12-19,2,2180000,7.0,4054800.0,SP-15,Direct
S03084,H023,D054,2025-08-08,1,1681000,0.0,1681000.0,SP-04,Direct
S03085,H044,D040,2025-10-06,1,30369000,0.0,30369000.0,SP-14,Direct
S03086,H014,D014,2025-09-08,5,218000,15.0,926500.0,SP-20,Distributor
S03087,H092,D032,2025-02-08,4,7265000,15.0,24701000.0,SP-06,Direct
S03088,H078,D033,2024-02-15,1,3171000,12.0,2790480.0,SP-24,Direct
S03089,H032,D037,2026-05-22,2,28523000,5.0,54193700.0,SP-13,Direct
S03090,H074,D038,2026-07-18,4,36458000,10.0,131248800.0,SP-01,Distributor
S03091,H024,D030,2026-04-18,2,141000,15.0,239700.0,SP-04,Direct
S03092,H075,D009,2025-11-19,1,392000,7.0,364560.0,SP-08,Direct
S03093,H064,D033,2025-07-30,2,3355000,0.0,6710000.0,SP-23,Direct
S03094,H085,D030,2026-03-16,4,142000,0.0,568000.0,SP-09,Direct
S03095,H096,D046,2024-07-11,1,67152000,2.0,65808960.0,SP-07,Direct
S03096,H094,D040,2026-01-02,5,32479000,10.0,146155500.0,SP-15,Direct
S03097,H054,D001,2024-07-31,2,1270000,5.0,2413000.0,SP-20,Direct
S03098,H055,D045,2025-07-18,1,39644000,7.0,36868920.0,SP-19,Distributor
S03099,H008,D002,2024-12-16,5,5013000,5.0,23811750.0,SP-15,Direct
S03100,H019,D030,2024-06-18,3,135000,0.0,405000.0,SP-25,Distributor
S03101,H047,D017,2024-11-20,2,178000,5.0,338200.0,SP-22,Direct
S03102,H024,D044,2025-09-15,2,80166000,10.0,144298800.0,SP-17,Direct
S03103,H036,D025,2025-12-12,1,101000,7.0,93930.0,SP-09,Direct
S03104,H095,D046,2024-03-01,3,69185000,2.0,203403900.0,SP-21,Direct
S03105,H092,D045,2025-01-01,2,41615000,0.0,83230000.0,SP-07,Distributor
S03106,H024,D026,2025-09-19,4,52000,7.0,193440.0,SP-16,Distributor
S03107,H035,D022,2024-06-11,1,1453000,15.0,1235050.0,SP-16,Direct
S03108,H048,D047,2025-10-19,3,55297000,10.0,149301900.0,SP-25,Direct
S03109,H056,D034,2024-07-26,1,6459000,0.0,6459000.0,SP-16,Distributor
S03110,H003,D018,2025-06-30,1,207000,2.0,202860.0,SP-17,Distributor
S03111,H097,D045,2025-03-21,3,38672000,10.0,104414400.0,SP-13,Direct
S03112,H093,D017,2026-02-25,1,180000,0.0,180000.0,SP-22,Distributor
S03113,H005,D028,2026-04-10,1,131000,7.0,121830.0,SP-17,Distributor
S03114,H025,D001,2026-02-27,1,1363000,0.0,1363000.0,SP-11,Direct
S03115,H064,D013,2025-10-04,1,217000,7.0,201810.0,SP-15,Direct
S03116,H038,D019,2026-04-09,4,1158000,5.0,4400400.0,SP-20,Direct
S03117,H070,D038,2026-03-10,4,37184000,5.0,141299200.0,SP-22,Direct
S03118,H037,D015,2025-11-10,3,184000,10.0,496800.0,SP-14,Direct
S03119,H016,D015,2025-08-05,3,184000,10.0,496800.0,SP-14,Distributor
S03120,H095,D052,2024-06-28,1,1200000,5.0,1140000.0,SP-06,Direct
S03121,H054,D038,2024-05-23,1,35771000,10.0,32193900.0,SP-05,Direct
S03122,H014,D028,2024-12-30,5,128000,5.0,608000.0,SP-17,Distributor
S03123,H037,D004,2025-12-05,4,4889000,0.0,19556000.0,SP-03,Distributor
S03124,H088,D006,2025-09-11,2,5123000,7.0,9528780.0,SP-20,Direct
S03125,H075,D015,2024-05-03,1,189000,10.0,170100.0,SP-05,Direct
S03126,H080,D045,2025-08-14,3,41771000,7.0,116541090.0,SP-21,Direct
S03127,H025,D001,2026-05-13,1,1384000,2.0,1356320.0,SP-11,Direct
S03128,H017,D027,2026-09-28,2,112000,12.0,197120.0,SP-14,Direct
S03129,H057,D034,2025-08-05,3,6426000,5.0,18314100.0,SP-14,Distributor
S03130,H035,D012,2024-02-21,4,167000,15.0,567800.0,SP-18,Direct
S03131,H066,D029,2026-06-15,1,122000,0.0,122000.0,SP-02,Direct
S03132,H085,D004,2024-05-07,2,4780000,10.0,8604000.0,SP-11,Direct
S03133,H037,D003,2024-10-10,1,1282000,7.0,1192260.0,SP-17,Distributor
S03134,H025,D034,2026-08-01,3,6400000,2.0,18816000.0,SP-19,Distributor
S03135,H062,D012,2025-10-04,3,176000,15.0,448800.0,SP-11,Distributor
S03136,H096,D005,2026-03-05,1,5206000,7.0,4841580.0,SP-14,Distributor
S03137,H021,D011,2025-04-19,5,247000,10.0,1111500.0,SP-04,Distributor
S03138,H088,D004,2026-01-21,3,4823000,15.0,12298650.0,SP-01,Direct
S03139,H067,D054,2024-01-13,1,1691000,5.0,1606450.0,SP-11,Distributor
S03140,H006,D004,2025-12-24,3,4988000,0.0,14964000.0,SP-04,Distributor
S03141,H083,D013,2024-08-03,2,217000,5.0,412300.0,SP-02,Direct
S03142,H021,D031,2024-05-16,2,4675000,10.0,8415000.0,SP-20,Direct
S03143,H097,D014,2025-03-16,2,220000,5.0,418000.0,SP-15,Direct
S03144,H040,D027,2024-09-23,5,115000,10.0,517500.0,SP-13,Direct
S03145,H077,D051,2024-12-19,2,2358000,5.0,4480200.0,SP-11,Direct
S03146,H090,D012,2025-08-30,2,169000,5.0,321100.0,SP-15,Distributor
S03147,H074,D015,2024-05-08,1,181000,0.0,181000.0,SP-25,Direct
S03148,H049,D047,2026-07-10,2,56249000,5.0,106873100.0,SP-21,Direct
S03149,H003,D044,2025-10-18,3,75537000,15.0,192619350.0,SP-01,Distributor
S03150,H041,D058,2025-06-30,2,205000,2.0,401800.0,SP-11,Distributor
S03151,H089,D044,2024-09-25,2,77928000,15.0,132477600.0,SP-16,Distributor
S03152,H049,D050,2025-07-19,1,2228000,2.0,2183440.0,SP-18,Direct
S03153,H095,D043,2025-07-03,3,38851000,5.0,110725350.0,SP-18,Direct
S03154,H097,D015,2026-09-21,2,188000,5.0,357200.0,SP-10,Distributor
S03155,H045,D005,2024-06-11,1,5288000,15.0,4494800.0,SP-04,Distributor
S03156,H047,D059,2025-06-27,1,703000,0.0,703000.0,SP-17,Distributor
S03157,H082,D010,2025-07-09,2,338000,7.0,628680.0,SP-19,Direct
S03158,H041,D020,2025-04-08,1,586000,5.0,556700.0,SP-04,Direct
S03159,H035,D016,2026-09-14,4,123000,5.0,467400.0,SP-07,Direct
S03160,H063,D027,2025-05-25,1,116000,15.0,98600.0,SP-15,Direct
S03161,H019,D009,2025-12-03,1,366000,7.0,340380.0,SP-14,Distributor
S03162,H043,D043,2025-10-16,2,40934000,2.0,80230640.0,SP-03,Direct
S03163,H021,D017,2025-05-21,1,182000,0.0,182000.0,SP-06,Distributor
S03164,H027,D049,2026-09-05,1,2442000,5.0,2319900.0,SP-11,Direct
S03165,H049,D024,2025-03-08,4,1027000,0.0,4108000.0,SP-02,Direct
S03166,H014,D036,2025-11-19,4,1639000,5.0,6228200.0,SP-07,Direct
S03167,H013,D022,2025-09-14,3,1531000,7.0,4271490.0,SP-11,Distributor
S03168,H018,D023,2026-09-30,2,1749000,0.0,3498000.0,SP-03,Distributor
S03169,H074,D013,2025-09-30,4,222000,12.0,781440.0,SP-11,Distributor
S03170,H058,D058,2025-09-15,1,197000,2.0,193060.0,SP-20,Distributor
S03171,H090,D023,2024-05-16,1,1752000,5.0,1664400.0,SP-14,Distributor
S03172,H024,D013,2025-03-17,1,220000,5.0,209000.0,SP-16,Direct
S03173,H032,D042,2026-09-09,2,34838000,0.0,69676000.0,SP-21,Direct
S03174,H046,D035,2025-05-09,2,7291000,10.0,13123800.0,SP-02,Distributor
S03175,H044,D025,2024-06-01,2,102000,10.0,183600.0,SP-24,Direct
S03176,H010,D029,2025-06-14,5,129000,5.0,612750.0,SP-17,Direct
S03177,H070,D014,2024-08-24,3,221000,2.0,649740.0,SP-17,Direct
S03178,H072,D053,2026-06-02,1,891000,10.0,801900.0,SP-02,Distributor
S03179,H097,D033,2024-02-25,2,3228000,2.0,6326880.0,SP-18,Distributor
S03180,H092,D009,2026-06-28,3,379000,5.0,1080150.0,SP-05,Direct
S03181,H011,D007,2025-05-29,1,382000,15.0,324700.0,SP-13,Direct
S03182,H033,D032,2025-06-23,5,7520000,0.0,37600000.0,SP-07,Distributor
S03183,H055,D029,2025-12-19,3,126000,12.0,332640.0,SP-04,Direct
S03184,H097,D049,2024-08-03,1,2621000,0.0,2621000.0,SP-25,Direct
S03185,H018,D057,2026-08-02,3,424000,5.0,1208400.0,SP-13,Distributor
S03186,H019,D033,2026-02-15,2,3371000,0.0,6742000.0,SP-19,Distributor
S03187,H058,D040,2026-01-04,5,31790000,10.0,143055000.0,SP-07,Distributor
S03188,H047,D005,2025-02-23,1,4990000,5.0,4740500.0,SP-03,Direct
S03189,H007,D036,2025-11-16,1,1637000,15.0,1391450.0,SP-13,Distributor
S03190,H042,D056,2025-01-23,1,483000,12.0,425040.0,SP-20,Direct
S03191,H035,D046,2025-02-22,1,69483000,0.0,69483000.0,SP-06,Direct
S03192,H012,D022,2025-10-11,1,1522000,5.0,1445900.0,SP-24,Direct
S03193,H016,D032,2024-11-16,1,7779000,2.0,7623420.0,SP-21,Direct
S03194,H054,D004,2024-08-28,1,5044000,12.0,4438720.0,SP-19,Direct
S03195,H024,D046,2024-10-26,1,64634000,15.0,54938900.0,SP-17,Distributor
S03196,H078,D045,2025-09-03,1,42095000,5.0,39990250.0,SP-10,Distributor
S03197,H094,D024,2024-11-29,1,1032000,10.0,928800.0,SP-14,Direct
S03198,H006,D028,2026-03-23,1,130000,7.0,120900.0,SP-12,Distributor
S03199,H063,D053,2025-01-04,4,980000,7.0,3645600.0,SP-22,Direct
S03200,H099,D040,2025-07-05,2,31877000,15.0,54190900.0,SP-16,Direct
S03201,H031,D039,2025-12-07,1,29505000,2.0,28914900.0,SP-22,Direct
S03202,H021,D051,2025-11-06,2,2182000,2.0,4276720.0,SP-06,Distributor
S03203,H085,D005,2025-05-22,2,4950000,12.0,8712000.0,SP-04,Distributor
S03204,H099,D037,2024-12-27,3,28560000,12.0,75398400.0,SP-13,Direct
S03205,H026,D055,2024-08-29,1,491000,0.0,491000.0,SP-22,Direct
S03206,H006,D005,2024-03-07,4,5252000,7.0,19537440.0,SP-10,Distributor
S03207,H085,D024,2025-03-10,2,1023000,12.0,1800480.0,SP-05,Distributor
S03208,H085,D019,2026-07-22,1,1121000,7.0,1042530.0,SP-19,Distributor
S03209,H075,D034,2026-08-23,1,6505000,15.0,5529250.0,SP-23,Direct
S03210,H001,D051,2025-06-29,1,2345000,7.0,2180850.0,SP-17,Direct
S03211,H071,D033,2025-07-02,5,3254000,7.0,15131100.0,SP-23,Direct
S03212,H010,D030,2025-06-21,5,138000,7.0,641700.0,SP-15,Direct
S03213,H024,D056,2024-01-30,5,459000,0.0,2295000.0,SP-05,Direct
S03214,H044,D051,2026-05-18,2,2317000,12.0,4077920.0,SP-25,Distributor
S03215,H085,D001,2024-09-13,1,1351000,10.0,1215900.0,SP-05,Direct
S03216,H093,D052,2024-09-21,2,1273000,10.0,2291400.0,SP-07,Direct
S03217,H045,D022,2026-05-17,2,1474000,10.0,2653200.0,SP-13,Direct
S03218,H099,D052,2026-06-14,3,1274000,7.0,3554460.0,SP-16,Distributor
S03219,H078,D042,2025-04-11,1,35709000,2.0,34994820.0,SP-11,Direct
S03220,H076,D054,2025-09-24,1,1702000,5.0,1616900.0,SP-03,Direct
S03221,H075,D025,2024-03-09,1,106000,7.0,98580.0,SP-11,Direct
S03222,H066,D056,2024-06-06,2,463000,5.0,879700.0,SP-25,Direct
S03223,H060,D040,2025-06-11,2,32102000,7.0,59709720.0,SP-19,Distributor
S03224,H068,D025,2024-12-16,5,98000,2.0,480200.0,SP-14,Direct
S03225,H028,D017,2026-03-17,1,188000,10.0,169200.0,SP-08,Direct
S03226,H022,D001,2025-05-19,3,1295000,5.0,3690750.0,SP-06,Distributor
S03227,H009,D016,2024-07-23,2,112000,7.0,208320.0,SP-05,Direct
S03228,H097,D042,2024-06-24,2,36067000,5.0,68527300.0,SP-17,Direct
S03229,H042,D029,2024-11-12,2,133000,5.0,252700.0,SP-03,Distributor
S03230,H028,D016,2026-03-20,1,122000,12.0,107360.0,SP-08,Distributor
S03231,H096,D053,2026-08-31,1,922000,0.0,922000.0,SP-13,Direct
S03232,H075,D005,2025-12-26,1,4993000,15.0,4244050.0,SP-19,Distributor
S03233,H050,D048,2026-02-27,5,58332000,10.0,262494000.0,SP-01,Distributor
S03234,H072,D060,2026-03-26,2,529000,10.0,952200.0,SP-09,Distributor
S03235,H079,D046,2024-01-23,5,63329000,5.0,300812750.0,SP-01,Direct
S03236,H084,D046,2026-05-01,1,65109000,5.0,61853550.0,SP-24,Distributor
S03237,H005,D031,2024-04-08,2,4746000,0.0,9492000.0,SP-14,Direct
S03238,H084,D014,2026-07-24,5,210000,0.0,1050000.0,SP-03,Direct
S03239,H012,D024,2026-08-27,1,948000,0.0,948000.0,SP-21,Direct
S03240,H083,D028,2024-11-03,2,128000,5.0,243200.0,SP-18,Direct
S03241,H003,D001,2024-08-16,4,1264000,12.0,4449280.0,SP-01,Direct
S03242,H077,D034,2024-07-24,2,6942000,2.0,13606320.0,SP-04,Distributor
S03243,H027,D053,2026-09-09,1,912000,5.0,866400.0,SP-17,Distributor
S03244,H015,D044,2026-06-20,2,80118000,5.0,152224200.0,SP-24,Direct
S03245,H097,D004,2024-06-09,1,4621000,10.0,4158900.0,SP-09,Distributor
S03246,H075,D041,2025-10-04,2,27173000,10.0,48911400.0,SP-17,Direct
S03247,H088,D039,2024-08-05,1,27668000,5.0,26284600.0,SP-12,Direct
S03248,H018,D039,2026-02-26,5,29143000,10.0,131143500.0,SP-18,Direct
S03249,H070,D056,2025-11-22,1,479000,2.0,469420.0,SP-06,Distributor
S03250,H031,D005,2025-05-07,2,4947000,7.0,9201420.0,SP-06,Distributor
S03251,H065,D045,2024-09-23,3,40222000,7.0,112219380.0,SP-12,Distributor
S03252,H038,D047,2025-03-15,3,55625000,0.0,166875000.0,SP-06,Distributor
S03253,H015,D005,2025-02-22,1,4912000,5.0,4666400.0,SP-08,Direct
S03254,H072,D016,2024-06-26,4,114000,2.0,446880.0,SP-11,Distributor
S03255,H055,D020,2025-02-17,1,559000,10.0,503100.0,SP-12,Distributor
S03256,H003,D060,2026-05-18,4,509000,5.0,1934200.0,SP-06,Direct
S03257,H049,D055,2025-07-27,5,468000,15.0,1989000.0,SP-09,Distributor
S03258,H020,D006,2026-01-04,5,5038000,0.0,25190000.0,SP-17,Distributor
S03259,H078,D031,2026-09-09,3,4703000,7.0,13121370.0,SP-11,Direct
S03260,H028,D059,2024-11-20,1,668000,7.0,621240.0,SP-18,Distributor
S03261,H045,D003,2026-05-27,1,1283000,15.0,1090550.0,SP-01,Distributor
S03262,H060,D041,2026-03-31,1,26386000,5.0,25066700.0,SP-15,Direct
S03263,H026,D040,2024-03-11,2,30561000,2.0,59899560.0,SP-03,Distributor
S03264,H035,D003,2026-09-05,1,1299000,2.0,1273020.0,SP-05,Distributor
S03265,H098,D019,2024-02-02,4,1143000,5.0,4343400.0,SP-19,Direct
S03266,H060,D041,2026-01-06,1,27185000,2.0,26641300.0,SP-08,Direct
S03267,H017,D045,2024-06-21,1,41484000,5.0,39409800.0,SP-15,Direct
S03268,H032,D055,2024-01-05,1,466000,0.0,466000.0,SP-21,Direct
S03269,H037,D008,2025-03-01,2,243000,7.0,451980.0,SP-15,Direct
S03270,H038,D013,2026-09-20,2,212000,7.0,394320.0,SP-10,Distributor
S03271,H026,D021,2026-04-03,1,1703000,15.0,1447550.0,SP-01,Direct
S03272,H068,D030,2025-04-02,3,143000,15.0,364650.0,SP-17,Direct
S03273,H022,D009,2025-05-20,1,378000,7.0,351540.0,SP-07,Distributor
S03274,H031,D020,2026-03-18,2,539000,12.0,948640.0,SP-11,Direct
S03275,H028,D014,2024-09-08,5,223000,5.0,1059250.0,SP-12,Direct
S03276,H091,D023,2025-03-18,2,1681000,10.0,3025800.0,SP-02,Direct
S03277,H084,D007,2026-07-17,1,391000,10.0,351900.0,SP-12,Direct
S03278,H063,D017,2026-03-17,3,194000,7.0,541260.0,SP-03,Direct
S03279,H020,D001,2025-01-02,2,1345000,2.0,2636200.0,SP-20,Direct
S03280,H092,D010,2024-01-31,1,321000,10.0,288900.0,SP-03,Direct
S03281,H072,D041,2024-12-24,5,26823000,15.0,113997750.0,SP-13,Distributor
S03282,H059,D002,2025-06-29,1,5450000,7.0,5068500.0,SP-25,Direct
S03283,H085,D037,2024-02-20,5,26914000,2.0,131878600.0,SP-25,Direct
S03284,H011,D060,2025-07-18,4,495000,12.0,1742400.0,SP-05,Direct
S03285,H043,D030,2025-06-07,1,132000,5.0,125400.0,SP-24,Distributor
S03286,H085,D041,2026-06-28,4,27430000,15.0,93262000.0,SP-13,Distributor
S03287,H076,D019,2025-04-02,2,1145000,2.0,2244200.0,SP-08,Direct
S03288,H079,D027,2025-05-01,1,112000,2.0,109760.0,SP-15,Direct
S03289,H075,D052,2024-09-26,1,1260000,10.0,1134000.0,SP-13,Distributor
S03290,H024,D027,2026-07-27,3,120000,7.0,334800.0,SP-06,Distributor
S03291,H029,D007,2026-09-15,1,403000,5.0,382850.0,SP-20,Direct
S03292,H088,D001,2024-08-07,2,1275000,7.0,2371500.0,SP-21,Distributor
S03293,H029,D018,2024-03-19,1,203000,12.0,178640.0,SP-18,Direct
S03294,H065,D036,2026-07-02,2,1549000,7.0,2881140.0,SP-04,Distributor
S03295,H015,D048,2026-09-10,1,60581000,10.0,54522900.0,SP-19,Direct
S03296,H041,D046,2026-08-21,3,66469000,7.0,185448510.0,SP-02,Direct
S03297,H058,D060,2024-02-03,1,528000,10.0,475200.0,SP-25,Distributor
S03298,H032,D039,2025-02-03,3,30187000,0.0,90561000.0,SP-19,Direct
S03299,H001,D008,2024-03-08,1,249000,0.0,249000.0,SP-16,Direct
S03300,H097,D002,2026-07-01,1,5455000,0.0,5455000.0,SP-02,Direct
S03301,H017,D020,2024-01-27,1,571000,10.0,513900.0,SP-06,Distributor
S03302,H071,D015,2026-01-15,3,196000,7.0,546840.0,SP-01,Direct
S03303,H080,D039,2024-06-06,4,29560000,5.0,112328000.0,SP-17,Direct
S03304,H017,D031,2025-11-28,4,4973000,12.0,17504960.0,SP-16,Direct
S03305,H024,D038,2025-12-29,1,35308000,10.0,31777200.0,SP-19,Direct
S03306,H001,D015,2025-08-28,1,192000,7.0,178560.0,SP-23,Distributor
S03307,H067,D017,2025-02-01,2,187000,10.0,336600.0,SP-11,Distributor
S03308,H058,D001,2025-05-27,2,1267000,7.0,2356620.0,SP-16,Direct
S03309,H025,D055,2026-09-29,1,466000,10.0,419400.0,SP-25,Direct
S03310,H030,D025,2024-03-03,1,99000,0.0,99000.0,SP-04,Direct
S03311,H034,D001,2025-04-30,1,1286000,5.0,1221700.0,SP-02,Direct
S03312,H019,D002,2024-11-13,1,5193000,0.0,5193000.0,SP-11,Direct
S03313,H024,D056,2025-05-22,1,476000,10.0,428400.0,SP-02,Distributor
S03314,H072,D033,2026-09-08,1,3357000,15.0,2853450.0,SP-08,Direct
S03315,H072,D042,2024-12-09,4,33803000,7.0,125747160.0,SP-01,Direct
S03316,H053,D059,2026-03-26,1,709000,2.0,694820.0,SP-06,Direct
S03317,H069,D001,2026-06-11,1,1312000,5.0,1246400.0,SP-06,Direct
S03318,H081,D035,2024-08-16,4,7771000,10.0,27975600.0,SP-04,Distributor
S03319,H069,D003,2024-02-26,4,1342000,10.0,4831200.0,SP-15,Distributor
S03320,H018,D022,2024-03-13,3,1452000,10.0,3920400.0,SP-04,Direct
S03321,H019,D037,2024-02-04,1,26850000,12.0,23628000.0,SP-05,Distributor
S03322,H079,D039,2026-04-15,1,30068000,2.0,29466640.0,SP-15,Distributor
S03323,H024,D037,2024-05-18,1,27905000,5.0,26509750.0,SP-15,Direct
S03324,H054,D018,2025-10-30,1,206000,5.0,195700.0,SP-22,Distributor
S03325,H029,D018,2024-07-19,2,215000,7.0,399900.0,SP-17,Direct
S03326,H065,D051,2026-08-23,1,2291000,0.0,2291000.0,SP-22,Distributor
S03327,H087,D010,2026-09-16,2,330000,15.0,561000.0,SP-01,Direct
S03328,H091,D041,2024-08-21,3,27355000,0.0,82065000.0,SP-25,Direct
S03329,H098,D031,2026-01-12,1,4892000,5.0,4647400.0,SP-12,Direct
S03330,H081,D036,2024-10-06,3,1550000,10.0,4185000.0,SP-21,Direct
S03331,H020,D026,2025-04-25,3,52000,15.0,132600.0,SP-03,Direct
S03332,H055,D008,2024-08-16,3,262000,12.0,691680.0,SP-12,Direct
S03333,H015,D030,2025-02-18,1,139000,7.0,129270.0,SP-23,Direct
S03334,H016,D032,2024-06-29,1,7941000,0.0,7941000.0,SP-10,Distributor
S03335,H076,D048,2025-10-18,4,60802000,0.0,243208000.0,SP-18,Direct
S03336,H050,D027,2025-10-27,1,113000,12.0,99440.0,SP-05,Distributor
S03337,H084,D054,2024-09-02,5,1672000,0.0,8360000.0,SP-18,Direct
S03338,H007,D024,2026-02-04,3,986000,0.0,2958000.0,SP-07,Direct
S03339,H045,D057,2024-11-12,5,418000,5.0,1985500.0,SP-03,Direct
S03340,H034,D051,2026-04-29,1,2155000,12.0,1896400.0,SP-24,Distributor
S03341,H032,D006,2024-08-13,2,5066000,2.0,9929360.0,SP-06,Direct
S03342,H002,D033,2026-01-11,2,3305000,5.0,6279500.0,SP-01,Direct
S03343,H008,D032,2025-04-20,4,7889000,10.0,28400400.0,SP-12,Direct
S03344,H024,D015,2025-07-01,5,188000,7.0,874200.0,SP-24,Direct
S03345,H030,D009,2025-09-28,1,378000,5.0,359100.0,SP-24,Direct
S03346,H006,D043,2024-10-24,4,40518000,0.0,162072000.0,SP-16,Distributor
S03347,H053,D001,2025-12-14,4,1376000,5.0,5228800.0,SP-16,Distributor
S03348,H028,D020,2026-09-27,3,553000,2.0,1625820.0,SP-06,Direct
S03349,H003,D057,2026-08-13,1,409000,0.0,409000.0,SP-09,Direct
S03350,H055,D001,2026-03-27,5,1366000,0.0,6830000.0,SP-24,Distributor
S03351,H070,D035,2025-10-19,3,7305000,12.0,19285200.0,SP-15,Distributor
S03352,H072,D053,2024-04-06,1,964000,7.0,896520.0,SP-03,Distributor
S03353,H005,D017,2025-11-21,4,179000,7.0,665880.0,SP-14,Direct
S03354,H041,D051,2025-11-13,1,2347000,5.0,2229650.0,SP-17,Distributor
S03355,H034,D048,2024-01-30,2,60934000,2.0,119430640.0,SP-02,Direct
S03356,H006,D021,2025-06-14,4,1702000,10.0,6127200.0,SP-24,Direct
S03357,H007,D026,2024-01-12,1,55000,5.0,52250.0,SP-23,Distributor
S03358,H011,D009,2024-10-24,1,380000,5.0,361000.0,SP-13,Distributor
S03359,H016,D043,2026-03-26,2,41561000,7.0,77303460.0,SP-07,Distributor
S03360,H072,D017,2024-05-20,1,191000,15.0,162350.0,SP-07,Direct
S03361,H026,D047,2025-04-25,1,52528000,10.0,47275200.0,SP-03,Direct
S03362,H001,D025,2025-12-25,3,99000,7.0,276210.0,SP-08,Direct
S03363,H022,D033,2024-04-01,1,3329000,5.0,3162550.0,SP-09,Distributor
S03364,H039,D014,2025-08-12,5,221000,5.0,1049750.0,SP-13,Direct
S03365,H026,D035,2025-10-29,3,7284000,10.0,19666800.0,SP-16,Distributor
S03366,H012,D022,2026-06-24,1,1518000,5.0,1442100.0,SP-16,Distributor
S03367,H033,D054,2026-05-13,2,1677000,10.0,3018600.0,SP-08,Distributor
S03368,H040,D002,2026-04-05,1,5116000,0.0,5116000.0,SP-10,Direct
S03369,H009,D011,2024-02-21,1,267000,5.0,253650.0,SP-20,Distributor
S03370,H014,D019,2025-01-01,1,1104000,10.0,993600.0,SP-25,Distributor
S03371,H080,D027,2025-12-04,1,114000,12.0,100320.0,SP-05,Direct
S03372,H094,D042,2025-08-29,1,33943000,10.0,30548700.0,SP-06,Direct
S03373,H013,D053,2024-10-25,2,962000,10.0,1731600.0,SP-18,Direct
S03374,H087,D022,2024-09-18,1,1466000,15.0,1246100.0,SP-20,Direct
S03375,H041,D008,2026-08-18,2,263000,5.0,499700.0,SP-18,Direct
S03376,H054,D010,2026-03-01,1,321000,12.0,282480.0,SP-09,Direct
S03377,H086,D056,2024-06-11,3,473000,10.0,1277100.0,SP-01,Distributor
S03378,H035,D029,2024-06-01,2,131000,0.0,262000.0,SP-16,Direct
S03379,H012,D012,2026-03-18,5,174000,10.0,783000.0,SP-14,Direct
S03380,H045,D052,2024-05-25,3,1171000,0.0,3513000.0,SP-06,Direct
S03381,H070,D037,2024-05-28,1,26795000,12.0,23579600.0,SP-18,Direct
S03382,H058,D029,2024-01-24,2,131000,0.0,262000.0,SP-25,Direct
S03383,H082,D029,2026-05-11,1,123000,5.0,116850.0,SP-14,Direct
S03384,H061,D020,2026-03-24,3,583000,5.0,1661550.0,SP-01,Direct
S03385,H011,D029,2025-08-28,2,121000,7.0,225060.0,SP-25,Distributor
S03386,H029,D051,2025-07-14,1,2357000,10.0,2121300.0,SP-22,Direct
S03387,H079,D036,2025-05-06,3,1597000,0.0,4791000.0,SP-15,Distributor
S03388,H019,D040,2025-05-10,3,30461000,7.0,84986190.0,SP-01,Direct
S03389,H025,D011,2025-08-19,4,259000,5.0,984200.0,SP-13,Distributor
S03390,H051,D035,2024-04-03,4,7245000,2.0,28400400.0,SP-15,Distributor
S03391,H040,D050,2024-02-08,3,2331000,10.0,6293700.0,SP-25,Distributor
S03392,H026,D038,2024-04-11,1,36578000,7.0,34017540.0,SP-22,Direct
S03393,H055,D034,2024-08-26,3,6543000,5.0,18647550.0,SP-22,Direct
S03394,H029,D003,2024-11-25,1,1292000,7.0,1201560.0,SP-20,Direct
S03395,H004,D010,2025-09-01,3,325000,0.0,975000.0,SP-15,Direct
S03396,H034,D043,2024-11-14,4,40976000,5.0,155708800.0,SP-04,Distributor
S03397,H024,D029,2026-04-17,1,128000,10.0,115200.0,SP-20,Distributor
S03398,H052,D052,2025-05-11,5,1270000,15.0,5397500.0,SP-21,Direct
S03399,H031,D060,2026-04-03,1,529000,5.0,502550.0,SP-02,Direct
S03400,H059,D046,2024-08-01,1,64635000,10.0,58171500.0,SP-01,Direct
S03401,H038,D051,2026-05-16,2,2217000,7.0,4123620.0,SP-11,Distributor
S03402,H055,D043,2024-02-25,4,38499000,10.0,138596400.0,SP-02,Direct
S03403,H006,D030,2024-03-16,2,134000,0.0,268000.0,SP-02,Direct
S03404,H063,D030,2025-10-18,1,132000,0.0,132000.0,SP-11,Direct
S03405,H044,D040,2024-01-23,4,29908000,2.0,117239360.0,SP-10,Distributor
S03406,H049,D033,2024-04-08,2,3388000,0.0,6776000.0,SP-25,Distributor
S03407,H092,D018,2024-09-20,1,200000,5.0,190000.0,SP-25,Direct
S03408,H013,D047,2026-04-19,1,53466000,0.0,53466000.0,SP-16,Distributor
S03409,H076,D016,2025-02-05,1,121000,12.0,106480.0,SP-14,Direct
S03410,H080,D042,2026-05-19,2,32871000,12.0,57852960.0,SP-21,Distributor
S03411,H052,D042,2026-09-16,5,35373000,2.0,173327700.0,SP-18,Distributor
S03412,H070,D016,2026-05-05,2,114000,5.0,216600.0,SP-19,Distributor
S03413,H065,D022,2026-09-06,1,1554000,7.0,1445220.0,SP-23,Distributor
S03414,H080,D033,2024-04-26,5,3339000,5.0,15860250.0,SP-08,Direct
S03415,H078,D047,2024-04-17,1,54613000,10.0,49151700.0,SP-22,Direct
S03416,H085,D011,2025-05-24,2,260000,10.0,468000.0,SP-25,Direct
S03417,H093,D016,2026-07-12,5,120000,2.0,588000.0,SP-04,Distributor
S03418,H023,D029,2025-08-19,2,124000,7.0,230640.0,SP-10,Distributor
S03419,H029,D030,2026-02-06,3,141000,15.0,359550.0,SP-17,Direct
S03420,H094,D002,2025-06-13,5,5437000,5.0,25825750.0,SP-13,Direct
S03421,H067,D057,2026-05-31,1,434000,7.0,403620.0,SP-10,Distributor
S03422,H054,D009,2024-10-29,2,371000,7.0,690060.0,SP-04,Direct
S03423,H033,D048,2025-12-22,4,62322000,5.0,236823600.0,SP-19,Direct
S03424,H098,D007,2025-05-16,1,412000,7.0,383160.0,SP-10,Distributor
S03425,H071,D056,2026-03-18,5,464000,5.0,2204000.0,SP-01,Direct
S03426,H061,D001,2024-11-02,1,1262000,7.0,1173660.0,SP-12,Distributor
S03427,H062,D022,2026-06-03,1,1521000,10.0,1368900.0,SP-15,Distributor
S03428,H096,D058,2024-02-04,1,193000,10.0,173700.0,SP-24,Distributor
S03429,H090,D025,2025-08-11,3,105000,12.0,277200.0,SP-20,Direct
S03430,H012,D018,2024-01-22,2,210000,7.0,390600.0,SP-01,Direct
S03431,H004,D007,2025-07-27,1,392000,7.0,364560.0,SP-06,Direct
S03432,H033,D031,2025-06-02,2,4682000,15.0,7959400.0,SP-14,Direct
S03433,H087,D031,2025-07-04,2,4621000,5.0,8779900.0,SP-24,Distributor
S03434,H044,D052,2025-08-05,1,1163000,0.0,1163000.0,SP-17,Distributor
S03435,H076,D005,2026-03-28,1,4797000,2.0,4701060.0,SP-01,Direct
S03436,H055,D014,2025-08-04,1,215000,5.0,204250.0,SP-24,Direct
S03437,H003,D046,2025-01-07,1,67658000,12.0,59539040.0,SP-12,Direct
S03438,H014,D020,2024-02-07,1,567000,12.0,498960.0,SP-07,Direct
S03439,H085,D003,2024-07-03,1,1308000,2.0,1281840.0,SP-10,Distributor
S03440,H072,D031,2026-07-03,2,5012000,12.0,8821120.0,SP-18,Direct
S03441,H016,D059,2024-11-30,1,697000,0.0,697000.0,SP-18,Direct
S03442,H083,D039,2026-02-25,1,28787000,7.0,26771910.0,SP-10,Direct
S03443,H088,D010,2025-11-24,1,318000,7.0,295740.0,SP-07,Direct
S03444,H059,D029,2025-01-03,1,121000,15.0,102850.0,SP-01,Direct
S03445,H022,D055,2026-04-20,1,490000,15.0,416500.0,SP-17,Distributor
S03446,H041,D020,2026-02-26,1,578000,0.0,578000.0,SP-24,Distributor
S03447,H057,D057,2024-08-14,3,425000,7.0,1185750.0,SP-10,Distributor
S03448,H065,D038,2025-03-12,1,34050000,10.0,30645000.0,SP-13,Distributor
S03449,H040,D049,2025-05-20,1,2564000,0.0,2564000.0,SP-05,Distributor
S03450,H001,D001,2024-08-18,1,1358000,0.0,1358000.0,SP-06,Distributor
S03451,H074,D035,2024-08-07,5,7409000,7.0,34451850.0,SP-03,Distributor
S03452,H025,D008,2026-06-16,2,258000,12.0,454080.0,SP-08,Distributor
S03453,H045,D037,2026-01-27,3,27660000,10.0,74682000.0,SP-13,Direct
S03454,H095,D058,2025-10-02,2,189000,10.0,340200.0,SP-24,Direct
S03455,H075,D052,2026-01-11,3,1266000,0.0,3798000.0,SP-17,Direct
S03456,H031,D042,2024-11-08,1,33141000,5.0,31483950.0,SP-11,Direct
S03457,H068,D028,2024-01-23,1,132000,10.0,118800.0,SP-03,Distributor
S03458,H043,D019,2025-10-19,3,1189000,15.0,3031950.0,SP-21,Direct
S03459,H025,D033,2024-01-31,4,3223000,12.0,11344960.0,SP-16,Distributor
S03460,H081,D039,2024-05-05,1,29024000,5.0,27572800.0,SP-11,Distributor
S03461,H004,D016,2024-09-29,2,116000,2.0,227360.0,SP-22,Distributor
S03462,H082,D040,2026-07-06,4,31051000,15.0,105573400.0,SP-10,Distributor
S03463,H075,D006,2024-09-09,2,5434000,5.0,10324600.0,SP-09,Distributor
S03464,H060,D032,2024-02-06,1,7808000,12.0,6871040.0,SP-15,Direct
S03465,H017,D039,2026-06-26,1,27621000,2.0,27068580.0,SP-04,Direct
S03466,H055,D056,2024-05-11,2,466000,7.0,866760.0,SP-03,Distributor
S03467,H016,D016,2025-09-08,5,113000,10.0,508500.0,SP-19,Direct
S03468,H057,D038,2026-06-16,1,37135000,5.0,35278250.0,SP-22,Direct
S03469,H002,D043,2024-10-07,1,39583000,10.0,35624700.0,SP-02,Direct
S03470,H097,D045,2024-08-31,1,41105000,15.0,34939250.0,SP-03,Direct
S03471,H018,D019,2025-10-25,3,1110000,5.0,3163500.0,SP-06,Distributor
S03472,H070,D039,2025-05-18,1,28899000,2.0,28321020.0,SP-16,Direct
S03473,H059,D048,2026-02-25,5,58535000,12.0,257554000.0,SP-22,Distributor
S03474,H067,D057,2024-05-20,2,422000,12.0,742720.0,SP-08,Direct
S03475,H082,D049,2024-11-11,1,2510000,15.0,2133500.0,SP-02,Distributor
S03476,H023,D040,2026-06-01,2,29761000,12.0,52379360.0,SP-17,Distributor
S03477,H011,D035,2024-08-11,5,7747000,7.0,36023550.0,SP-16,Direct
S03478,H066,D057,2024-11-30,1,421000,5.0,399950.0,SP-09,Direct
S03479,H079,D052,2025-11-10,1,1176000,0.0,1176000.0,SP-25,Direct
S03480,H020,D050,2026-08-27,2,2255000,0.0,4510000.0,SP-21,Distributor
S03481,H015,D049,2024-05-08,1,2541000,10.0,2286900.0,SP-17,Direct
S03482,H082,D021,2025-07-15,1,1791000,10.0,1611900.0,SP-23,Distributor
S03483,H014,D052,2026-05-15,1,1227000,0.0,1227000.0,SP-01,Distributor
S03484,H074,D013,2025-07-19,2,230000,0.0,460000.0,SP-12,Direct
S03485,H072,D036,2024-07-18,2,1608000,0.0,3216000.0,SP-02,Direct
S03486,H017,D036,2024-07-27,1,1495000,2.0,1465100.0,SP-24,Distributor
S03487,H054,D054,2025-09-11,1,1767000,0.0,1767000.0,SP-01,Direct
S03488,H011,D009,2025-08-16,1,363000,15.0,308550.0,SP-01,Distributor
S03489,H078,D058,2024-09-12,5,205000,10.0,922500.0,SP-15,Distributor
S03490,H012,D007,2026-01-14,1,379000,7.0,352470.0,SP-20,Direct
S03491,H033,D018,2025-05-15,1,201000,2.0,196980.0,SP-08,Direct
S03492,H014,D036,2024-08-30,1,1563000,5.0,1484850.0,SP-09,Distributor
S03493,H095,D003,2026-07-12,1,1309000,2.0,1282820.0,SP-22,Direct
S03494,H025,D035,2025-07-22,4,7553000,5.0,28701400.0,SP-18,Distributor
S03495,H042,D060,2025-10-19,2,521000,0.0,1042000.0,SP-24,Distributor
S03496,H022,D035,2024-07-09,2,7852000,0.0,15704000.0,SP-01,Direct
S03497,H068,D030,2024-06-27,1,143000,2.0,140140.0,SP-11,Direct
S03498,H072,D059,2025-09-29,5,710000,10.0,3195000.0,SP-09,Direct
S03499,H005,D007,2024-10-18,1,413000,10.0,371700.0,SP-09,Distributor
S03500,H073,D056,2026-09-08,2,461000,5.0,875900.0,SP-10,Distributor
S03501,H062,D046,2026-02-25,3,65567000,12.0,173096880.0,SP-18,Direct
S03502,H045,D026,2024-08-31,1,51000,0.0,51000.0,SP-17,Distributor
S03503,H060,D041,2024-01-21,1,25456000,5.0,24183200.0,SP-11,Direct
S03504,H058,D045,2026-07-01,1,41083000,5.0,39028850.0,SP-22,Direct
S03505,H031,D043,2025-12-26,1,39515000,0.0,39515000.0,SP-23,Direct
S03506,H046,D054,2024-07-29,2,1793000,5.0,3406700.0,SP-14,Distributor
S03507,H061,D019,2025-04-21,1,1137000,0.0,1137000.0,SP-23,Direct
S03508,H073,D052,2024-06-17,2,1229000,7.0,2285940.0,SP-06,Direct
S03509,H050,D038,2024-10-19,1,35868000,12.0,31563840.0,SP-06,Direct
S03510,H007,D058,2025-04-22,1,191000,5.0,181450.0,SP-22,Distributor
S03511,H078,D027,2025-04-08,5,117000,10.0,526500.0,SP-20,Direct
S03512,H067,D030,2024-01-06,4,139000,0.0,556000.0,SP-22,Distributor
S03513,H067,D012,2024-04-14,2,171000,0.0,342000.0,SP-16,Distributor
S03514,H082,D015,2024-11-27,4,187000,12.0,658240.0,SP-12,Direct
S03515,H027,D001,2025-10-16,1,1289000,0.0,1289000.0,SP-21,Distributor
S03516,H097,D012,2024-10-31,1,178000,5.0,169100.0,SP-12,Direct
S03517,H042,D020,2024-12-20,1,570000,7.0,530100.0,SP-08,Direct
S03518,H074,D018,2025-09-11,2,202000,2.0,395920.0,SP-12,Distributor
S03519,H020,D058,2026-06-23,2,207000,7.0,385020.0,SP-09,Direct
S03520,H038,D047,2026-03-15,4,53067000,0.0,212268000.0,SP-14,Distributor
S03521,H046,D014,2026-06-03,2,211000,5.0,400900.0,SP-19,Direct
S03522,H074,D060,2024-07-30,1,513000,12.0,451440.0,SP-05,Direct
S03523,H026,D039,2025-07-06,1,29116000,10.0,26204400.0,SP-20,Direct
S03524,H057,D051,2026-05-11,1,2351000,5.0,2233450.0,SP-11,Direct
S03525,H041,D023,2024-12-29,4,1639000,0.0,6556000.0,SP-02,Direct
S03526,H063,D017,2024-01-11,1,181000,0.0,181000.0,SP-11,Direct
S03527,H094,D018,2024-03-09,1,210000,12.0,184800.0,SP-08,Direct
S03528,H009,D025,2024-12-16,2,107000,5.0,203300.0,SP-21,Direct
S03529,H009,D045,2026-09-23,1,42124000,7.0,39175320.0,SP-02,Distributor
S03530,H019,D012,2025-12-05,1,174000,2.0,170520.0,SP-25,Direct
S03531,H042,D015,2026-01-08,2,193000,7.0,358980.0,SP-02,Distributor
S03532,H016,D038,2025-11-10,2,35550000,0.0,71100000.0,SP-18,Distributor
S03533,H089,D024,2026-03-15,2,1011000,0.0,2022000.0,SP-05,Direct
S03534,H038,D007,2026-02-18,2,413000,15.0,702100.0,SP-13,Direct
S03535,H047,D011,2024-06-06,4,257000,2.0,1007440.0,SP-25,Direct
S03536,H038,D015,2026-05-21,3,198000,7.0,552420.0,SP-25,Direct
S03537,H045,D038,2024-10-19,4,37152000,10.0,133747200.0,SP-12,Direct
S03538,H033,D045,2024-09-26,1,42289000,15.0,35945650.0,SP-01,Distributor
S03539,H077,D032,2024-10-27,1,7712000,12.0,6786560.0,SP-18,Distributor
S03540,H064,D039,2026-05-05,1,29973000,5.0,28474350.0,SP-16,Direct
S03541,H060,D012,2026-06-29,3,180000,10.0,486000.0,SP-07,Direct
S03542,H051,D017,2026-05-28,2,191000,15.0,324700.0,SP-21,Distributor
S03543,H032,D030,2024-10-01,1,138000,15.0,117300.0,SP-10,Direct
S03544,H079,D011,2024-08-29,1,260000,0.0,260000.0,SP-22,Distributor
S03545,H027,D058,2026-01-19,1,190000,7.0,176700.0,SP-08,Direct
S03546,H049,D013,2024-11-18,1,218000,0.0,218000.0,SP-19,Direct
S03547,H018,D039,2026-08-25,1,29698000,7.0,27619140.0,SP-21,Direct
S03548,H072,D058,2026-04-16,1,198000,10.0,178200.0,SP-16,Direct
S03549,H100,D004,2024-12-13,1,5037000,5.0,4785150.0,SP-06,Direct
S03550,H100,D028,2025-09-13,2,139000,2.0,272440.0,SP-12,Direct
S03551,H099,D021,2025-10-20,1,1770000,2.0,1734600.0,SP-06,Distributor
S03552,H004,D005,2026-07-21,1,5262000,0.0,5262000.0,SP-18,Distributor
S03553,H083,D005,2024-08-10,4,4811000,7.0,17896920.0,SP-16,Direct
S03554,H056,D027,2025-09-26,5,123000,15.0,522750.0,SP-07,Direct
S03555,H014,D032,2024-06-28,1,7974000,10.0,7176600.0,SP-11,Direct
S03556,H036,D003,2025-01-21,4,1326000,15.0,4508400.0,SP-25,Direct
S03557,H012,D008,2025-12-22,1,259000,7.0,240870.0,SP-02,Direct
S03558,H091,D035,2026-04-10,5,7600000,7.0,35340000.0,SP-03,Distributor
S03559,H011,D060,2024-03-10,5,502000,0.0,2510000.0,SP-01,Distributor
S03560,H070,D040,2024-06-27,1,32478000,15.0,27606300.0,SP-23,Distributor
S03561,H075,D014,2026-04-19,3,220000,0.0,660000.0,SP-06,Distributor
S03562,H084,D049,2026-06-27,1,2428000,10.0,2185200.0,SP-18,Distributor
S03563,H078,D022,2026-09-05,1,1459000,10.0,1313100.0,SP-05,Direct
S03564,H069,D041,2025-06-03,2,26608000,7.0,49490880.0,SP-11,Distributor
S03565,H047,D047,2025-03-20,2,54846000,5.0,104207400.0,SP-02,Distributor
S03566,H021,D007,2026-05-13,2,397000,10.0,714600.0,SP-21,Distributor
S03567,H004,D051,2026-09-23,1,2373000,10.0,2135700.0,SP-02,Direct
S03568,H060,D048,2025-02-20,2,60119000,7.0,111821340.0,SP-06,Direct
S03569,H044,D048,2025-12-30,1,58799000,12.0,51743120.0,SP-13,Direct
S03570,H023,D001,2025-04-10,4,1349000,5.0,5126200.0,SP-01,Distributor
S03571,H037,D037,2024-09-23,4,26507000,2.0,103907440.0,SP-22,Direct
S03572,H035,D019,2024-06-08,1,1133000,10.0,1019700.0,SP-22,Direct
S03573,H034,D011,2025-08-28,3,260000,2.0,764400.0,SP-12,Direct
S03574,H036,D053,2024-05-26,5,971000,5.0,4612250.0,SP-09,Distributor
S03575,H100,D007,2026-01-04,1,400000,5.0,380000.0,SP-21,Direct
S03576,H015,D044,2025-09-22,5,78958000,2.0,386894200.0,SP-06,Direct
S03577,H029,D050,2025-07-12,4,2348000,0.0,9392000.0,SP-25,Distributor
S03578,H099,D039,2026-04-05,2,27549000,0.0,55098000.0,SP-22,Direct
S03579,H065,D002,2025-12-14,2,5355000,5.0,10174500.0,SP-12,Direct
S03580,H023,D047,2026-09-23,1,53705000,5.0,51019750.0,SP-16,Distributor
S03581,H030,D010,2025-12-14,1,310000,7.0,288300.0,SP-02,Distributor
S03582,H064,D054,2025-11-13,1,1802000,2.0,1765960.0,SP-10,Distributor
S03583,H100,D034,2024-08-20,1,6575000,5.0,6246250.0,SP-19,Distributor
S03584,H049,D023,2024-01-17,1,1618000,0.0,1618000.0,SP-05,Direct
S03585,H095,D051,2026-04-30,1,2168000,5.0,2059600.0,SP-25,Direct
S03586,H094,D044,2025-11-16,1,77656000,7.0,72220080.0,SP-17,Distributor
S03587,H089,D042,2025-08-08,1,33948000,12.0,29874240.0,SP-09,Direct
S03588,H069,D019,2025-01-12,1,1108000,5.0,1052600.0,SP-22,Direct
S03589,H100,D025,2024-08-10,4,108000,5.0,410400.0,SP-18,Distributor
S03590,H095,D053,2024-08-27,1,894000,7.0,831420.0,SP-14,Direct
S03591,H090,D007,2026-01-25,3,386000,12.0,1019040.0,SP-19,Direct
S03592,H001,D014,2024-02-24,2,216000,7.0,401760.0,SP-25,Direct
S03593,H084,D017,2026-04-29,2,177000,10.0,318600.0,SP-19,Distributor
S03594,H048,D048,2024-02-18,2,59476000,15.0,101109200.0,SP-06,Distributor
S03595,H070,D024,2026-02-25,4,1023000,10.0,3682800.0,SP-04,Distributor
S03596,H033,D024,2026-05-20,1,947000,5.0,899650.0,SP-01,Distributor
S03597,H043,D025,2025-05-05,2,98000,10.0,176400.0,SP-05,Direct
S03598,H039,D029,2025-11-13,2,129000,15.0,219300.0,SP-03,Direct
S03599,H081,D026,2024-08-21,5,55000,10.0,247500.0,SP-08,Distributor
S03600,H014,D022,2026-01-22,4,1541000,12.0,5424320.0,SP-07,Distributor
S03601,H093,D007,2024-03-01,1,403000,5.0,382850.0,SP-13,Direct
S03602,H069,D046,2025-10-25,3,66600000,7.0,185814000.0,SP-06,Direct
S03603,H006,D043,2025-05-02,1,40628000,7.0,37784040.0,SP-08,Direct
S03604,H092,D005,2026-05-17,1,5186000,7.0,4822980.0,SP-04,Direct
S03605,H065,D059,2025-02-05,1,716000,7.0,665880.0,SP-18,Direct
S03606,H092,D042,2026-01-26,1,36058000,5.0,34255100.0,SP-19,Distributor
S03607,H066,D044,2026-03-02,5,79960000,0.0,399800000.0,SP-10,Distributor
S03608,H088,D050,2026-04-11,3,2324000,10.0,6274800.0,SP-04,Direct
S03609,H082,D018,2024-05-18,1,209000,12.0,183920.0,SP-16,Direct
S03610,H062,D052,2025-04-01,5,1262000,15.0,5363500.0,SP-02,Distributor
S03611,H072,D032,2024-07-13,1,7709000,0.0,7709000.0,SP-19,Direct
S03612,H021,D006,2025-06-23,1,5150000,0.0,5150000.0,SP-21,Distributor
S03613,H014,D029,2025-01-22,1,121000,0.0,121000.0,SP-04,Distributor
S03614,H045,D029,2024-07-18,2,131000,15.0,222700.0,SP-05,Direct
S03615,H032,D007,2026-04-30,4,413000,10.0,1486800.0,SP-02,Distributor
S03616,H008,D006,2024-12-04,2,5298000,10.0,9536400.0,SP-04,Direct
S03617,H033,D001,2024-07-17,4,1298000,0.0,5192000.0,SP-05,Direct
S03618,H084,D010,2024-03-02,1,330000,7.0,306900.0,SP-18,Distributor
S03619,H069,D004,2026-09-06,1,4964000,12.0,4368320.0,SP-20,Direct
S03620,H083,D022,2025-09-24,1,1421000,5.0,1349950.0,SP-18,Direct
S03621,H054,D005,2024-03-30,1,5293000,15.0,4499050.0,SP-04,Distributor
S03622,H071,D031,2025-05-15,2,4913000,15.0,8352100.0,SP-16,Direct
S03623,H100,D036,2026-05-13,1,1526000,12.0,1342880.0,SP-01,Direct
S03624,H049,D039,2025-01-18,2,28738000,15.0,48854600.0,SP-24,Direct
S03625,H004,D054,2025-09-09,2,1680000,0.0,3360000.0,SP-22,Distributor
S03626,H045,D047,2026-07-01,5,52554000,10.0,236493000.0,SP-14,Distributor
S03627,H040,D037,2025-10-21,4,27078000,0.0,108312000.0,SP-11,Direct
S03628,H011,D022,2025-09-23,1,1432000,5.0,1360400.0,SP-25,Direct
S03629,H061,D036,2025-12-24,1,1631000,10.0,1467900.0,SP-07,Distributor
S03630,H090,D037,2025-09-01,4,27137000,15.0,92265800.0,SP-04,Distributor
S03631,H087,D005,2024-02-27,2,4821000,5.0,9159900.0,SP-02,Direct
S03632,H019,D057,2026-09-01,2,438000,2.0,858480.0,SP-23,Direct
S03633,H056,D002,2025-09-09,5,5151000,2.0,25239900.0,SP-21,Direct
S03634,H006,D004,2026-08-27,1,4897000,5.0,4652150.0,SP-07,Direct
S03635,H009,D008,2025-10-19,2,249000,10.0,448200.0,SP-23,Distributor
S03636,H056,D006,2025-04-06,4,5308000,7.0,19745760.0,SP-22,Distributor
S03637,H039,D009,2025-12-13,2,392000,15.0,666400.0,SP-01,Direct
S03638,H053,D017,2025-06-25,2,178000,12.0,313280.0,SP-15,Distributor
S03639,H061,D038,2025-07-15,5,37289000,0.0,186445000.0,SP-04,Direct
S03640,H025,D036,2025-08-31,1,1530000,0.0,1530000.0,SP-15,Distributor
S03641,H070,D019,2024-10-23,2,1179000,10.0,2122200.0,SP-10,Direct
S03642,H011,D014,2025-04-05,2,211000,15.0,358700.0,SP-24,Distributor
S03643,H006,D042,2025-07-15,5,35866000,2.0,175743400.0,SP-16,Direct
S03644,H078,D018,2024-08-27,2,209000,10.0,376200.0,SP-24,Distributor
S03645,H006,D048,2026-05-05,2,58416000,0.0,116832000.0,SP-22,Distributor
S03646,H090,D004,2025-01-21,3,4995000,5.0,14235750.0,SP-03,Direct
S03647,H045,D046,2025-07-27,1,68297000,12.0,60101360.0,SP-12,Direct
S03648,H021,D047,2025-02-17,2,53087000,0.0,106174000.0,SP-04,Direct
S03649,H026,D051,2025-11-12,4,2166000,5.0,8230800.0,SP-10,Direct
S03650,H070,D006,2026-07-04,4,5332000,10.0,19195200.0,SP-15,Distributor
S03651,H047,D052,2025-03-13,2,1208000,10.0,2174400.0,SP-02,Distributor
S03652,H073,D035,2024-08-12,1,7274000,15.0,6182900.0,SP-14,Distributor
S03653,H079,D045,2026-09-14,1,41686000,12.0,36683680.0,SP-19,Distributor
S03654,H066,D002,2025-05-11,1,5217000,10.0,4695300.0,SP-18,Direct
S03655,H089,D020,2025-09-08,1,586000,10.0,527400.0,SP-25,Direct
S03656,H058,D035,2025-08-01,5,7673000,0.0,38365000.0,SP-10,Distributor
S03657,H084,D022,2025-07-03,1,1541000,12.0,1356080.0,SP-19,Direct
S03658,H027,D032,2026-09-02,3,7322000,0.0,21966000.0,SP-01,Distributor
S03659,H057,D059,2025-01-07,3,687000,0.0,2061000.0,SP-22,Direct
S03660,H020,D032,2024-01-11,4,7455000,7.0,27732600.0,SP-23,Direct
S03661,H020,D052,2026-01-28,1,1274000,15.0,1082900.0,SP-18,Distributor
S03662,H017,D052,2025-04-07,2,1216000,2.0,2383360.0,SP-24,Distributor
S03663,H019,D048,2024-02-09,1,62525000,5.0,59398750.0,SP-15,Direct
S03664,H039,D013,2024-11-19,3,221000,5.0,629850.0,SP-10,Direct
S03665,H091,D031,2024-02-05,2,4599000,0.0,9198000.0,SP-10,Distributor
S03666,H080,D044,2024-04-20,2,78651000,5.0,149436900.0,SP-05,Distributor
S03667,H051,D029,2026-04-11,5,127000,0.0,635000.0,SP-13,Direct
S03668,H017,D057,2025-10-02,2,434000,0.0,868000.0,SP-17,Direct
S03669,H002,D040,2024-01-22,5,31197000,12.0,137266800.0,SP-25,Distributor
S03670,H014,D047,2025-08-16,5,55481000,7.0,257986650.0,SP-09,Direct
S03671,H084,D057,2026-03-11,1,436000,5.0,414200.0,SP-09,Direct
S03672,H031,D050,2025-11-15,2,2231000,0.0,4462000.0,SP-11,Direct
S03673,H011,D008,2026-07-04,1,260000,0.0,260000.0,SP-04,Direct
S03674,H060,D053,2024-02-13,5,930000,0.0,4650000.0,SP-10,Direct
S03675,H035,D022,2025-05-12,5,1494000,5.0,7096500.0,SP-23,Direct
S03676,H079,D034,2025-07-04,3,6970000,7.0,19446300.0,SP-23,Distributor
S03677,H091,D001,2026-09-16,2,1315000,7.0,2445900.0,SP-07,Direct
S03678,H095,D051,2025-09-18,3,2216000,12.0,5850240.0,SP-04,Direct
S03679,H043,D017,2026-06-19,1,193000,5.0,183350.0,SP-22,Direct
S03680,H035,D048,2025-09-06,1,60694000,7.0,56445420.0,SP-18,Direct
S03681,H099,D033,2024-01-31,1,3410000,15.0,2898500.0,SP-24,Direct
S03682,H054,D041,2024-11-19,1,26209000,12.0,23063920.0,SP-19,Direct
S03683,H024,D042,2024-04-27,1,34498000,0.0,34498000.0,SP-22,Distributor
S03684,H063,D001,2025-06-19,1,1264000,10.0,1137600.0,SP-08,Distributor
S03685,H050,D049,2024-12-28,2,2437000,0.0,4874000.0,SP-10,Distributor
S03686,H064,D046,2025-05-27,4,68255000,5.0,259369000.0,SP-09,Direct
S03687,H094,D020,2024-01-18,3,552000,5.0,1573200.0,SP-12,Direct
S03688,H093,D010,2026-04-30,5,339000,15.0,1440750.0,SP-19,Direct
S03689,H051,D019,2026-05-15,3,1215000,0.0,3645000.0,SP-01,Direct
S03690,H067,D026,2026-07-06,1,54000,7.0,50220.0,SP-23,Direct
S03691,H007,D019,2025-12-03,3,1191000,5.0,3394350.0,SP-02,Direct
S03692,H096,D004,2024-11-20,1,4831000,7.0,4492830.0,SP-22,Direct
S03693,H021,D057,2024-07-07,1,431000,12.0,379280.0,SP-14,Direct
S03694,H042,D010,2026-07-27,3,338000,10.0,912600.0,SP-22,Direct
S03695,H097,D059,2024-12-30,2,711000,7.0,1322460.0,SP-17,Direct
S03696,H095,D019,2025-10-25,1,1150000,12.0,1012000.0,SP-01,Distributor
S03697,H079,D029,2026-09-09,3,126000,0.0,378000.0,SP-20,Distributor
S03698,H002,D008,2024-09-22,2,248000,5.0,471200.0,SP-09,Direct
S03699,H090,D002,2025-07-19,2,5195000,5.0,9870500.0,SP-25,Direct
S03700,H080,D037,2024-10-15,4,28729000,12.0,101126080.0,SP-17,Distributor
S03701,H026,D017,2025-04-12,3,190000,5.0,541500.0,SP-08,Direct
S03702,H100,D038,2024-06-28,1,34361000,0.0,34361000.0,SP-10,Direct
S03703,H061,D060,2026-08-26,1,530000,10.0,477000.0,SP-14,Distributor
S03704,H004,D031,2025-09-15,1,4726000,7.0,4395180.0,SP-18,Direct
S03705,H043,D054,2025-04-20,1,1652000,0.0,1652000.0,SP-23,Direct
S03706,H091,D044,2024-04-30,5,80414000,15.0,341759500.0,SP-01,Direct
S03707,H090,D007,2025-12-30,4,387000,0.0,1548000.0,SP-21,Distributor
S03708,H077,D056,2026-06-12,1,490000,7.0,455700.0,SP-15,Distributor
S03709,H015,D021,2025-11-01,3,1800000,7.0,5022000.0,SP-12,Direct
S03710,H051,D008,2024-09-18,3,267000,5.0,760950.0,SP-15,Distributor
S03711,H011,D024,2024-05-26,2,1016000,12.0,1788160.0,SP-03,Direct
S03712,H072,D044,2024-06-11,1,76440000,5.0,72618000.0,SP-07,Distributor
S03713,H096,D004,2025-12-09,5,4679000,10.0,21055500.0,SP-25,Distributor
S03714,H097,D007,2024-02-12,1,403000,0.0,403000.0,SP-25,Direct
S03715,H081,D055,2025-05-03,1,502000,7.0,466860.0,SP-20,Distributor
S03716,H068,D030,2026-05-30,5,132000,5.0,627000.0,SP-06,Direct
S03717,H049,D043,2026-09-23,2,40867000,2.0,80099320.0,SP-21,Direct
S03718,H093,D047,2025-01-06,1,52849000,0.0,52849000.0,SP-20,Direct
S03719,H058,D030,2025-04-29,3,138000,10.0,372600.0,SP-23,Distributor
S03720,H045,D002,2024-03-30,3,5345000,2.0,15714300.0,SP-11,Distributor
S03721,H062,D025,2026-09-22,3,100000,7.0,279000.0,SP-08,Direct
S03722,H083,D060,2025-11-15,2,526000,7.0,978360.0,SP-03,Direct
S03723,H036,D031,2026-07-16,1,4604000,0.0,4604000.0,SP-08,Distributor
S03724,H012,D023,2024-04-21,5,1655000,0.0,8275000.0,SP-24,Direct
S03725,H012,D013,2024-11-09,1,219000,15.0,186150.0,SP-06,Direct
S03726,H023,D042,2025-07-15,1,35749000,5.0,33961550.0,SP-14,Distributor
S03727,H098,D056,2026-08-22,1,468000,5.0,444600.0,SP-20,Direct
S03728,H067,D005,2024-11-20,2,4955000,5.0,9414500.0,SP-25,Distributor
S03729,H004,D022,2026-09-12,2,1416000,2.0,2775360.0,SP-22,Direct
S03730,H062,D012,2025-05-05,1,175000,7.0,162750.0,SP-12,Direct
S03731,H051,D001,2025-10-10,2,1353000,0.0,2706000.0,SP-06,Direct
S03732,H081,D011,2026-05-18,2,259000,2.0,507640.0,SP-05,Distributor
S03733,H009,D001,2024-05-01,2,1307000,10.0,2352600.0,SP-09,Distributor
S03734,H004,D039,2024-07-06,2,29248000,5.0,55571200.0,SP-16,Direct
S03735,H051,D001,2025-10-22,1,1374000,7.0,1277820.0,SP-12,Direct
S03736,H047,D051,2024-04-28,2,2349000,10.0,4228200.0,SP-11,Distributor
S03737,H054,D049,2026-07-29,2,2428000,7.0,4516080.0,SP-25,Direct
S03738,H027,D052,2026-03-19,2,1272000,7.0,2365920.0,SP-17,Distributor
S03739,H048,D047,2025-01-11,2,56046000,5.0,106487400.0,SP-03,Direct
S03740,H099,D053,2026-07-08,1,896000,15.0,761600.0,SP-24,Distributor
S03741,H035,D017,2025-06-16,1,182000,5.0,172900.0,SP-22,Direct
S03742,H030,D011,2025-06-10,1,260000,0.0,260000.0,SP-08,Direct
S03743,H091,D038,2025-04-25,1,34090000,2.0,33408200.0,SP-24,Direct
S03744,H050,D051,2025-01-12,3,2329000,15.0,5938950.0,SP-18,Direct
S03745,H035,D006,2024-03-21,2,5445000,10.0,9801000.0,SP-19,Distributor
S03746,H051,D026,2025-01-10,2,55000,7.0,102300.0,SP-22,Direct
S03747,H085,D014,2024-03-25,1,224000,2.0,219520.0,SP-04,Distributor
S03748,H038,D055,2025-10-28,1,492000,12.0,432960.0,SP-24,Direct
S03749,H038,D050,2025-04-23,1,2320000,10.0,2088000.0,SP-20,Distributor
S03750,H024,D019,2024-10-17,1,1165000,15.0,990250.0,SP-24,Direct
S03751,H033,D046,2025-05-29,5,64844000,12.0,285313600.0,SP-23,Direct
S03752,H045,D005,2026-05-04,1,4938000,5.0,4691100.0,SP-11,Distributor
S03753,H071,D041,2024-02-11,1,26844000,10.0,24159600.0,SP-11,Distributor
S03754,H056,D027,2026-03-12,1,123000,10.0,110700.0,SP-22,Direct
S03755,H001,D049,2025-07-21,4,2409000,7.0,8961480.0,SP-16,Distributor
S03756,H020,D021,2025-03-12,3,1701000,7.0,4745790.0,SP-21,Direct
S03757,H028,D053,2024-05-06,3,931000,10.0,2513700.0,SP-14,Direct
S03758,H020,D050,2025-06-17,1,2327000,2.0,2280460.0,SP-09,Direct
S03759,H052,D037,2025-06-09,1,27223000,12.0,23956240.0,SP-18,Direct
S03760,H094,D033,2025-03-27,5,3352000,5.0,15922000.0,SP-23,Distributor
S03761,H077,D022,2026-04-09,1,1437000,0.0,1437000.0,SP-16,Distributor
S03762,H007,D024,2026-05-05,1,949000,10.0,854100.0,SP-25,Direct
S03763,H051,D009,2026-08-06,1,375000,10.0,337500.0,SP-11,Distributor
S03764,H030,D028,2026-05-25,1,131000,7.0,121830.0,SP-24,Direct
S03765,H077,D033,2026-03-27,5,3460000,5.0,16435000.0,SP-25,Direct
S03766,H073,D048,2025-07-28,1,62279000,0.0,62279000.0,SP-07,Distributor
S03767,H089,D028,2025-02-06,2,132000,0.0,264000.0,SP-05,Direct
S03768,H072,D052,2024-01-31,3,1212000,15.0,3090600.0,SP-03,Direct
S03769,H075,D030,2024-08-28,1,135000,7.0,125550.0,SP-16,Direct
S03770,H022,D012,2025-04-08,4,168000,5.0,638400.0,SP-20,Direct
S03771,H025,D047,2026-08-14,1,54524000,7.0,50707320.0,SP-24,Distributor
S03772,H076,D022,2025-05-31,5,1415000,5.0,6721250.0,SP-10,Direct
S03773,H054,D050,2026-03-31,1,2315000,7.0,2152950.0,SP-14,Direct
S03774,H093,D009,2024-04-23,2,373000,15.0,634100.0,SP-21,Distributor
S03775,H072,D057,2026-02-22,1,407000,10.0,366300.0,SP-03,Direct
S03776,H061,D043,2024-01-10,1,41620000,5.0,39539000.0,SP-06,Direct
S03777,H053,D052,2025-03-18,2,1190000,0.0,2380000.0,SP-24,Distributor
S03778,H025,D016,2024-07-31,1,118000,5.0,112100.0,SP-18,Direct
S03779,H004,D006,2026-04-07,1,5367000,2.0,5259660.0,SP-19,Direct
S03780,H044,D042,2026-04-14,1,35717000,0.0,35717000.0,SP-14,Distributor
S03781,H027,D003,2025-08-13,1,1240000,10.0,1116000.0,SP-21,Direct
S03782,H002,D014,2026-02-16,1,217000,0.0,217000.0,SP-09,Distributor
S03783,H058,D020,2025-06-01,4,576000,5.0,2188800.0,SP-23,Distributor
S03784,H033,D024,2025-04-10,2,987000,2.0,1934520.0,SP-24,Distributor
S03785,H036,D015,2024-06-13,2,183000,7.0,340380.0,SP-01,Distributor
S03786,H055,D058,2026-07-24,1,192000,7.0,178560.0,SP-18,Distributor
S03787,H070,D042,2026-08-19,1,33419000,10.0,30077100.0,SP-07,Direct
S03788,H063,D014,2026-01-04,2,222000,2.0,435120.0,SP-13,Direct
S03789,H044,D046,2024-09-27,1,64214000,2.0,62929720.0,SP-24,Distributor
S03790,H008,D033,2025-05-30,1,3175000,2.0,3111500.0,SP-24,Direct
S03791,H089,D020,2025-06-09,1,556000,5.0,528200.0,SP-12,Direct
S03792,H038,D047,2025-05-15,1,57166000,5.0,54307700.0,SP-03,Direct
S03793,H005,D005,2026-05-25,1,5066000,5.0,4812700.0,SP-19,Distributor
S03794,H050,D051,2024-09-15,4,2200000,10.0,7920000.0,SP-19,Distributor
S03795,H017,D031,2025-11-29,1,4630000,7.0,4305900.0,SP-02,Distributor
S03796,H018,D060,2024-12-02,5,511000,5.0,2427250.0,SP-11,Direct
S03797,H094,D006,2025-11-23,2,5343000,5.0,10151700.0,SP-08,Distributor
S03798,H029,D056,2024-11-28,1,493000,15.0,419050.0,SP-09,Direct
S03799,H022,D020,2024-11-06,4,550000,0.0,2200000.0,SP-14,Distributor
S03800,H057,D042,2025-05-06,1,33091000,15.0,28127350.0,SP-14,Direct
S03801,H014,D047,2025-02-12,3,53380000,7.0,148930200.0,SP-14,Distributor
S03802,H048,D012,2024-01-07,1,175000,0.0,175000.0,SP-10,Direct
S03803,H088,D041,2025-12-01,1,26253000,10.0,23627700.0,SP-02,Direct
S03804,H054,D014,2026-08-27,2,210000,7.0,390600.0,SP-12,Direct
S03805,H022,D050,2024-01-06,5,2350000,5.0,11162500.0,SP-22,Distributor
S03806,H004,D006,2026-05-03,1,5104000,10.0,4593600.0,SP-22,Distributor
S03807,H018,D030,2024-10-25,5,136000,10.0,612000.0,SP-17,Direct
S03808,H043,D004,2026-03-05,4,4957000,7.0,18440040.0,SP-21,Direct
S03809,H085,D031,2026-01-04,3,5040000,0.0,15120000.0,SP-24,Distributor
S03810,H089,D008,2025-05-28,5,263000,5.0,1249250.0,SP-08,Distributor
S03811,H055,D017,2025-02-25,1,186000,12.0,163680.0,SP-22,Direct
S03812,H061,D059,2026-07-19,2,669000,5.0,1271100.0,SP-07,Direct
S03813,H094,D006,2025-10-27,2,4952000,7.0,9210720.0,SP-01,Distributor
S03814,H070,D016,2024-04-23,1,114000,0.0,114000.0,SP-23,Distributor
S03815,H021,D049,2026-04-18,2,2600000,7.0,4836000.0,SP-09,Direct
S03816,H043,D017,2026-09-20,2,186000,7.0,345960.0,SP-16,Direct
S03817,H092,D049,2024-02-14,1,2632000,7.0,2447760.0,SP-04,Direct
S03818,H091,D054,2025-12-29,5,1678000,7.0,7802700.0,SP-21,Direct
S03819,H077,D012,2026-06-01,1,176000,10.0,158400.0,SP-21,Direct
S03820,H031,D058,2026-02-10,3,191000,0.0,573000.0,SP-09,Direct
S03821,H085,D023,2025-10-18,1,1757000,5.0,1669150.0,SP-02,Direct
S03822,H057,D056,2025-06-16,5,454000,5.0,2156500.0,SP-10,Direct
S03823,H072,D003,2026-09-09,5,1298000,5.0,6165500.0,SP-25,Distributor
S03824,H078,D042,2025-05-21,1,34674000,12.0,30513120.0,SP-04,Distributor
S03825,H010,D040,2026-07-14,1,32577000,15.0,27690450.0,SP-15,Direct
S03826,H078,D002,2024-11-19,3,5048000,7.0,14083920.0,SP-05,Distributor
S03827,H089,D049,2024-04-08,1,2601000,10.0,2340900.0,SP-03,Direct
S03828,H040,D039,2026-04-20,1,27930000,5.0,26533500.0,SP-06,Direct
S03829,H014,D016,2024-02-04,1,113000,7.0,105090.0,SP-20,Distributor
S03830,H087,D011,2024-06-07,2,262000,7.0,487320.0,SP-15,Direct
S03831,H037,D031,2026-07-22,1,4811000,7.0,4474230.0,SP-24,Distributor
S03832,H073,D040,2026-09-13,1,29821000,10.0,26838900.0,SP-20,Distributor
S03833,H013,D005,2024-05-11,1,4852000,15.0,4124200.0,SP-05,Distributor
S03834,H085,D026,2026-05-20,5,53000,0.0,265000.0,SP-04,Distributor
S03835,H058,D039,2025-07-11,1,27949000,7.0,25992570.0,SP-19,Direct
S03836,H100,D026,2024-04-02,2,55000,10.0,99000.0,SP-17,Direct
S03837,H023,D016,2024-06-08,2,121000,7.0,225060.0,SP-15,Direct
S03838,H093,D028,2024-06-16,4,139000,7.0,517080.0,SP-14,Direct
S03839,H091,D055,2026-01-26,1,471000,7.0,438030.0,SP-19,Direct
S03840,H027,D005,2025-02-16,2,5185000,10.0,9333000.0,SP-14,Direct
S03841,H051,D023,2025-07-22,1,1737000,7.0,1615410.0,SP-22,Distributor
S03842,H053,D008,2026-06-02,1,256000,2.0,250880.0,SP-14,Distributor
S03843,H041,D033,2024-01-24,3,3456000,2.0,10160640.0,SP-23,Distributor
S03844,H046,D046,2026-09-18,4,67421000,10.0,242715600.0,SP-23,Distributor
S03845,H027,D026,2026-04-25,3,56000,7.0,156240.0,SP-07,Distributor
S03846,H033,D055,2025-04-04,5,471000,5.0,2237250.0,SP-05,Direct
S03847,H037,D023,2025-11-17,1,1662000,10.0,1495800.0,SP-01,Direct
S03848,H020,D004,2024-02-18,4,4854000,15.0,16503600.0,SP-02,Direct
S03849,H053,D024,2024-10-29,1,1037000,10.0,933300.0,SP-04,Direct
S03850,H063,D004,2024-06-01,1,4903000,0.0,4903000.0,SP-22,Direct
S03851,H097,D038,2024-07-28,4,35032000,0.0,140128000.0,SP-19,Direct
S03852,H061,D005,2025-11-20,5,5230000,7.0,24319500.0,SP-22,Direct
S03853,H013,D035,2026-07-29,3,7807000,2.0,22952580.0,SP-07,Direct
S03854,H074,D016,2025-09-22,1,118000,0.0,118000.0,SP-04,Distributor
S03855,H039,D049,2025-03-25,2,2478000,0.0,4956000.0,SP-13,Direct
S03856,H087,D022,2025-06-24,5,1468000,5.0,6973000.0,SP-24,Direct
S03857,H046,D002,2025-08-23,2,5346000,5.0,10157400.0,SP-11,Direct
S03858,H089,D003,2024-12-31,5,1349000,5.0,6407750.0,SP-07,Direct
S03859,H027,D022,2025-04-25,4,1546000,7.0,5751120.0,SP-12,Direct
S03860,H005,D018,2024-07-17,1,200000,7.0,186000.0,SP-12,Direct
S03861,H073,D028,2025-12-19,1,135000,5.0,128250.0,SP-09,Distributor
S03862,H015,D013,2024-04-01,1,231000,15.0,196350.0,SP-18,Direct
S03863,H097,D025,2025-10-17,4,99000,7.0,368280.0,SP-03,Direct
S03864,H079,D029,2025-08-27,1,123000,2.0,120540.0,SP-10,Distributor
S03865,H023,D008,2024-01-08,4,261000,7.0,970920.0,SP-08,Direct
S03866,H044,D053,2024-03-29,2,968000,5.0,1839200.0,SP-15,Direct
S03867,H049,D004,2026-09-13,4,4819000,10.0,17348400.0,SP-05,Distributor
S03868,H016,D006,2024-10-04,1,5168000,0.0,5168000.0,SP-09,Distributor
S03869,H042,D038,2026-06-03,2,35961000,15.0,61133700.0,SP-16,Direct
S03870,H020,D043,2025-08-01,3,38586000,10.0,104182200.0,SP-10,Direct
S03871,H005,D030,2024-05-01,1,132000,2.0,129360.0,SP-09,Distributor
S03872,H081,D060,2024-04-12,4,517000,0.0,2068000.0,SP-18,Distributor
S03873,H023,D017,2024-05-28,2,178000,12.0,313280.0,SP-25,Distributor
S03874,H074,D005,2026-08-01,2,4868000,5.0,9249200.0,SP-19,Distributor
S03875,H027,D030,2024-07-05,4,141000,5.0,535800.0,SP-07,Direct
S03876,H059,D028,2025-02-27,4,137000,0.0,548000.0,SP-16,Direct
S03877,H085,D032,2025-12-08,1,7756000,2.0,7600880.0,SP-22,Direct
S03878,H082,D035,2026-03-02,5,7673000,10.0,34528500.0,SP-16,Distributor
S03879,H052,D022,2024-05-08,2,1468000,2.0,2877280.0,SP-12,Direct
S03880,H090,D028,2025-02-16,1,139000,2.0,136220.0,SP-10,Direct
S03881,H029,D015,2026-09-11,4,193000,15.0,656200.0,SP-11,Direct
S03882,H084,D005,2026-06-07,5,5227000,0.0,26135000.0,SP-22,Direct
S03883,H063,D038,2024-04-22,1,37205000,0.0,37205000.0,SP-11,Distributor
S03884,H001,D056,2026-03-07,2,497000,5.0,944300.0,SP-13,Distributor
S03885,H032,D032,2026-08-13,2,7948000,7.0,14783280.0,SP-13,Distributor
S03886,H004,D033,2025-10-22,1,3461000,12.0,3045680.0,SP-21,Direct
S03887,H068,D030,2025-02-12,4,143000,5.0,543400.0,SP-07,Direct
S03888,H078,D029,2025-02-10,1,125000,5.0,118750.0,SP-12,Direct
S03889,H040,D059,2026-06-12,5,682000,5.0,3239500.0,SP-06,Direct
S03890,H007,D057,2024-01-01,4,435000,5.0,1653000.0,SP-05,Direct
S03891,H004,D027,2024-06-29,2,120000,7.0,223200.0,SP-21,Distributor
S03892,H022,D052,2025-04-04,2,1271000,12.0,2236960.0,SP-18,Direct
S03893,H078,D033,2025-08-24,3,3305000,15.0,8427750.0,SP-05,Distributor
S03894,H072,D041,2024-05-25,1,26913000,5.0,25567350.0,SP-19,Distributor
S03895,H039,D044,2025-12-29,1,79726000,2.0,78131480.0,SP-03,Direct
S03896,H055,D060,2024-12-06,2,494000,10.0,889200.0,SP-14,Distributor
S03897,H048,D047,2024-12-12,2,53042000,12.0,93353920.0,SP-21,Direct
S03898,H100,D002,2024-02-02,1,5090000,7.0,4733700.0,SP-03,Direct
S03899,H058,D025,2025-10-13,1,98000,0.0,98000.0,SP-18,Direct
S03900,H005,D018,2026-07-31,1,201000,10.0,180900.0,SP-20,Direct
S03901,H053,D027,2026-06-10,2,118000,12.0,207680.0,SP-25,Distributor
S03902,H099,D007,2025-07-06,1,405000,10.0,364500.0,SP-06,Direct
S03903,H064,D046,2026-05-15,1,64911000,2.0,63612780.0,SP-23,Distributor
S03904,H015,D022,2025-03-04,2,1531000,2.0,3000760.0,SP-09,Direct
S03905,H007,D056,2024-10-21,1,484000,15.0,411400.0,SP-22,Direct
S03906,H021,D053,2025-11-25,2,968000,0.0,1936000.0,SP-13,Direct
S03907,H034,D046,2026-02-20,2,69273000,10.0,124691400.0,SP-09,Distributor
S03908,H020,D027,2026-06-26,1,113000,10.0,101700.0,SP-24,Distributor
S03909,H037,D045,2026-05-05,3,41340000,5.0,117819000.0,SP-21,Direct
S03910,H021,D056,2026-06-10,2,475000,7.0,883500.0,SP-22,Direct
S03911,H082,D053,2025-10-28,4,894000,5.0,3397200.0,SP-25,Distributor
S03912,H022,D005,2026-07-16,2,5193000,15.0,8828100.0,SP-10,Direct
S03913,H053,D008,2025-01-08,3,247000,12.0,652080.0,SP-12,Direct
S03914,H048,D012,2025-10-07,1,175000,0.0,175000.0,SP-01,Direct
S03915,H061,D039,2025-03-06,5,27685000,0.0,138425000.0,SP-13,Direct
S03916,H027,D007,2026-08-23,1,387000,2.0,379260.0,SP-24,Distributor
S03917,H018,D049,2024-06-26,2,2475000,0.0,4950000.0,SP-06,Direct
S03918,H069,D005,2025-01-29,2,5173000,7.0,9621780.0,SP-11,Direct
S03919,H014,D015,2025-10-10,4,183000,0.0,732000.0,SP-01,Direct
S03920,H061,D055,2025-06-17,2,480000,5.0,912000.0,SP-25,Distributor
S03921,H072,D012,2024-06-09,5,171000,7.0,795150.0,SP-20,Direct
S03922,H033,D049,2026-08-01,3,2414000,2.0,7097160.0,SP-22,Direct
S03923,H053,D033,2026-07-01,2,3402000,0.0,6804000.0,SP-07,Distributor
S03924,H023,D037,2024-01-18,2,27018000,7.0,50253480.0,SP-25,Direct
S03925,H013,D038,2024-02-26,1,35372000,0.0,35372000.0,SP-04,Direct
S03926,H020,D023,2026-03-30,4,1638000,10.0,5896800.0,SP-20,Direct
S03927,H033,D005,2025-06-01,1,4993000,5.0,4743350.0,SP-25,Distributor
S03928,H008,D024,2024-06-08,1,955000,0.0,955000.0,SP-04,Direct
S03929,H078,D032,2025-01-28,1,7738000,0.0,7738000.0,SP-01,Distributor
S03930,H039,D034,2024-12-03,4,6696000,5.0,25444800.0,SP-13,Direct
S03931,H007,D026,2024-10-24,1,51000,5.0,48450.0,SP-17,Direct
S03932,H067,D043,2026-08-02,5,41251000,5.0,195942250.0,SP-14,Direct
S03933,H051,D027,2025-01-19,2,114000,2.0,223440.0,SP-13,Direct
S03934,H024,D037,2026-03-07,4,26532000,5.0,100821600.0,SP-10,Distributor
S03935,H011,D004,2024-04-27,5,4671000,7.0,21720150.0,SP-10,Direct
S03936,H079,D011,2025-06-23,2,251000,10.0,451800.0,SP-04,Direct
S03937,H090,D053,2024-10-08,1,945000,5.0,897750.0,SP-23,Direct
S03938,H094,D040,2025-01-30,4,30445000,5.0,115691000.0,SP-11,Distributor
S03939,H044,D002,2024-10-29,1,5133000,5.0,4876350.0,SP-19,Distributor
S03940,H082,D018,2024-11-17,1,201000,5.0,190950.0,SP-22,Direct
S03941,H028,D056,2025-09-17,5,487000,10.0,2191500.0,SP-20,Direct
S03942,H030,D039,2025-01-17,2,29679000,2.0,58170840.0,SP-03,Distributor
S03943,H076,D029,2025-10-01,4,124000,0.0,496000.0,SP-11,Direct
S03944,H069,D049,2026-01-10,1,2503000,10.0,2252700.0,SP-10,Direct
S03945,H065,D051,2024-11-15,5,2312000,10.0,10404000.0,SP-04,Distributor
S03946,H031,D050,2025-02-24,1,2221000,5.0,2109950.0,SP-05,Direct
S03947,H022,D007,2025-12-17,4,413000,7.0,1536360.0,SP-21,Direct
S03948,H079,D060,2025-08-01,1,541000,2.0,530180.0,SP-03,Direct
S03949,H031,D056,2024-06-07,4,497000,0.0,1988000.0,SP-16,Direct
S03950,H082,D003,2025-06-01,5,1340000,0.0,6700000.0,SP-23,Direct
S03951,H039,D048,2024-02-04,3,58536000,0.0,175608000.0,SP-17,Direct
S03952,H046,D027,2026-07-24,2,118000,12.0,207680.0,SP-04,Distributor
S03953,H005,D035,2025-02-17,4,7585000,0.0,30340000.0,SP-05,Direct
S03954,H030,D017,2025-09-05,2,192000,10.0,345600.0,SP-14,Direct
S03955,H005,D026,2025-08-26,1,51000,2.0,49980.0,SP-25,Direct
S03956,H076,D002,2024-11-15,1,5457000,7.0,5075010.0,SP-17,Direct
S03957,H028,D057,2026-05-12,5,437000,2.0,2141300.0,SP-01,Direct
S03958,H073,D015,2026-04-22,3,186000,12.0,491040.0,SP-08,Direct
S03959,H073,D052,2026-01-25,1,1186000,0.0,1186000.0,SP-03,Distributor
S03960,H015,D006,2025-08-10,1,5294000,0.0,5294000.0,SP-03,Direct
S03961,H026,D018,2026-01-02,2,216000,15.0,367200.0,SP-09,Distributor
S03962,H062,D060,2026-06-29,1,493000,0.0,493000.0,SP-10,Distributor
S03963,H013,D005,2024-10-04,1,5086000,0.0,5086000.0,SP-24,Direct
S03964,H074,D056,2024-07-07,1,456000,12.0,401280.0,SP-10,Direct
S03965,H091,D017,2024-12-15,1,188000,10.0,169200.0,SP-06,Direct
S03966,H008,D039,2024-01-01,1,29321000,12.0,25802480.0,SP-09,Direct
S03967,H032,D009,2024-04-18,4,391000,10.0,1407600.0,SP-04,Direct
S03968,H013,D048,2026-03-09,1,60765000,5.0,57726750.0,SP-21,Distributor
S03969,H089,D002,2024-05-10,1,5099000,12.0,4487120.0,SP-20,Direct
S03970,H067,D011,2026-02-21,5,248000,5.0,1178000.0,SP-15,Direct
S03971,H057,D021,2024-06-09,2,1638000,0.0,3276000.0,SP-08,Direct
S03972,H018,D004,2025-12-20,4,5024000,0.0,20096000.0,SP-21,Direct
S03973,H003,D046,2026-04-10,4,66875000,7.0,248775000.0,SP-08,Distributor
S03974,H014,D032,2025-06-10,1,7569000,0.0,7569000.0,SP-04,Direct
S03975,H068,D037,2024-12-06,1,27163000,10.0,24446700.0,SP-03,Direct
S03976,H094,D049,2025-11-27,2,2595000,7.0,4826700.0,SP-04,Distributor
S03977,H076,D040,2025-03-06,2,31457000,12.0,55364320.0,SP-07,Direct
S03978,H011,D008,2025-05-29,1,261000,15.0,221850.0,SP-12,Distributor
S03979,H001,D047,2026-01-12,5,53346000,10.0,240057000.0,SP-13,Direct
S03980,H017,D051,2024-08-11,1,2189000,2.0,2145220.0,SP-22,Distributor
S03981,H097,D014,2024-07-26,1,207000,12.0,182160.0,SP-25,Distributor
S03982,H091,D051,2025-06-12,2,2231000,7.0,4149660.0,SP-24,Distributor
S03983,H063,D026,2024-11-19,1,56000,0.0,56000.0,SP-03,Distributor
S03984,H020,D033,2025-01-02,3,3326000,2.0,9778440.0,SP-19,Distributor
S03985,H097,D050,2026-06-12,1,2334000,5.0,2217300.0,SP-03,Direct
S03986,H048,D020,2026-03-04,2,538000,5.0,1022200.0,SP-03,Distributor
S03987,H027,D059,2025-01-10,2,717000,10.0,1290600.0,SP-17,Distributor
S03988,H047,D004,2024-08-16,2,4910000,12.0,8641600.0,SP-22,Distributor
S03989,H002,D018,2026-03-15,4,212000,2.0,831040.0,SP-02,Distributor
S03990,H100,D008,2026-05-19,1,259000,12.0,227920.0,SP-10,Distributor
S03991,H063,D028,2024-02-29,1,134000,7.0,124620.0,SP-14,Direct
S03992,H036,D023,2024-11-27,1,1683000,2.0,1649340.0,SP-16,Distributor
S03993,H084,D008,2024-06-27,1,248000,12.0,218240.0,SP-22,Distributor
S03994,H093,D016,2026-05-23,4,114000,10.0,410400.0,SP-15,Direct
S03995,H067,D033,2026-01-08,4,3268000,12.0,11503360.0,SP-17,Direct
S03996,H068,D010,2025-09-08,2,336000,5.0,638400.0,SP-07,Distributor
S03997,H051,D015,2024-12-24,3,188000,2.0,552720.0,SP-02,Direct
S03998,H089,D023,2024-04-28,1,1690000,0.0,1690000.0,SP-15,Direct
S03999,H097,D017,2025-10-12,2,191000,5.0,362900.0,SP-11,Direct
S04000,H040,D036,2024-09-14,1,1605000,5.0,1524750.0,SP-14,Direct
S04001,H043,D058,2025-06-23,2,190000,7.0,353400.0,SP-21,Direct
S04002,H088,D047,2025-07-08,1,55948000,0.0,55948000.0,SP-19,Distributor
S04003,H097,D010,2024-06-12,4,317000,7.0,1179240.0,SP-11,Direct
S04004,H067,D037,2025-09-28,5,28548000,5.0,135603000.0,SP-25,Distributor
S04005,H003,D047,2024-01-10,1,54289000,5.0,51574550.0,SP-21,Distributor
S04006,H087,D004,2024-08-20,2,4999000,10.0,8998200.0,SP-24,Direct
S04007,H007,D010,2024-04-20,1,322000,7.0,299460.0,SP-05,Direct
S04008,H079,D005,2026-05-09,5,5235000,10.0,23557500.0,SP-06,Distributor
S04009,H002,D037,2025-05-13,1,28928000,12.0,25456640.0,SP-18,Direct
S04010,H029,D019,2024-11-22,2,1107000,0.0,2214000.0,SP-22,Direct
S04011,H092,D025,2025-12-19,4,107000,7.0,398040.0,SP-12,Direct
S04012,H030,D060,2026-05-08,4,527000,0.0,2108000.0,SP-22,Direct
S04013,H037,D014,2024-08-30,1,208000,5.0,197600.0,SP-22,Direct
S04014,H026,D054,2024-01-15,1,1743000,15.0,1481550.0,SP-17,Direct
S04015,H021,D039,2024-02-17,4,29812000,0.0,119248000.0,SP-21,Direct
S04016,H014,D048,2025-07-03,1,58325000,0.0,58325000.0,SP-18,Direct
S04017,H097,D025,2025-06-11,3,104000,5.0,296400.0,SP-12,Direct
S04018,H050,D039,2026-06-22,5,29380000,5.0,139555000.0,SP-06,Distributor
S04019,H079,D051,2025-08-07,1,2283000,0.0,2283000.0,SP-19,Distributor
S04020,H070,D002,2024-01-04,4,5318000,10.0,19144800.0,SP-02,Distributor
S04021,H002,D060,2025-12-17,1,523000,10.0,470700.0,SP-09,Direct
S04022,H021,D049,2024-03-29,1,2482000,10.0,2233800.0,SP-15,Direct
S04023,H019,D046,2026-04-19,4,68150000,10.0,245340000.0,SP-11,Distributor
S04024,H041,D001,2026-03-07,3,1286000,5.0,3665100.0,SP-04,Direct
S04025,H046,D038,2026-09-22,1,34423000,5.0,32701850.0,SP-25,Distributor
S04026,H018,D036,2026-02-06,3,1605000,7.0,4477950.0,SP-20,Direct
S04027,H062,D036,2024-09-17,1,1610000,10.0,1449000.0,SP-19,Direct
S04028,H081,D015,2025-03-16,1,186000,10.0,167400.0,SP-12,Distributor
S04029,H053,D047,2025-01-06,1,55221000,10.0,49698900.0,SP-07,Direct
S04030,H074,D060,2024-10-12,4,536000,0.0,2144000.0,SP-17,Distributor
S04031,H052,D036,2024-05-26,2,1613000,5.0,3064700.0,SP-01,Direct
S04032,H063,D029,2026-08-05,2,133000,5.0,252700.0,SP-18,Direct
S04033,H019,D046,2026-04-24,1,67171000,0.0,67171000.0,SP-02,Direct
S04034,H024,D053,2026-08-18,5,935000,5.0,4441250.0,SP-24,Direct
S04035,H058,D023,2024-12-09,1,1714000,10.0,1542600.0,SP-11,Distributor
S04036,H001,D018,2026-04-09,1,214000,0.0,214000.0,SP-22,Distributor
S04037,H078,D057,2026-09-13,1,438000,7.0,407340.0,SP-14,Direct
S04038,H048,D012,2024-03-22,1,165000,5.0,156750.0,SP-08,Direct
S04039,H067,D039,2025-04-14,1,30183000,0.0,30183000.0,SP-14,Distributor
S04040,H078,D045,2025-09-21,1,40891000,5.0,38846450.0,SP-15,Direct
S04041,H057,D016,2025-10-01,1,118000,12.0,103840.0,SP-06,Distributor
S04042,H010,D011,2025-03-11,3,261000,12.0,689040.0,SP-09,Direct
S04043,H063,D043,2025-02-21,2,40142000,0.0,80284000.0,SP-15,Direct
S04044,H014,D043,2024-01-13,4,37796000,2.0,148160320.0,SP-12,Direct
S04045,H022,D026,2026-04-21,1,54000,2.0,52920.0,SP-21,Direct
S04046,H032,D058,2025-06-28,1,195000,2.0,191100.0,SP-10,Direct
S04047,H028,D028,2024-09-26,4,132000,12.0,464640.0,SP-12,Distributor
S04048,H051,D044,2026-09-24,2,76028000,10.0,136850400.0,SP-07,Direct
S04049,H086,D014,2025-11-04,4,220000,5.0,836000.0,SP-14,Distributor
S04050,H076,D046,2024-03-05,1,66546000,5.0,63218700.0,SP-24,Distributor
S04051,H042,D049,2025-12-24,2,2495000,10.0,4491000.0,SP-02,Distributor
S04052,H053,D042,2026-03-22,1,34699000,5.0,32964050.0,SP-10,Direct
S04053,H062,D020,2025-08-25,1,549000,10.0,494100.0,SP-08,Direct
S04054,H044,D041,2025-08-01,1,27238000,10.0,24514200.0,SP-22,Direct
S04055,H058,D026,2025-04-11,1,56000,7.0,52080.0,SP-12,Distributor
S04056,H016,D016,2026-01-09,1,120000,10.0,108000.0,SP-05,Direct
S04057,H020,D040,2026-08-30,3,31150000,5.0,88777500.0,SP-02,Direct
S04058,H092,D025,2024-11-12,1,100000,5.0,95000.0,SP-04,Distributor
S04059,H006,D038,2025-05-20,5,34831000,7.0,161964150.0,SP-02,Direct
S04060,H062,D011,2026-09-04,1,252000,0.0,252000.0,SP-17,Direct
S04061,H078,D041,2026-05-17,2,26155000,5.0,49694500.0,SP-13,Direct
S04062,H071,D038,2024-06-21,1,37242000,5.0,35379900.0,SP-14,Direct
S04063,H042,D032,2026-06-25,5,7800000,2.0,38220000.0,SP-03,Distributor
S04064,H019,D016,2025-01-30,1,119000,15.0,101150.0,SP-02,Direct
S04065,H039,D016,2026-08-12,1,118000,2.0,115640.0,SP-13,Distributor
S04066,H077,D019,2026-07-17,4,1152000,5.0,4377600.0,SP-20,Direct
S04067,H092,D034,2026-02-27,1,6804000,12.0,5987520.0,SP-09,Direct
S04068,H023,D018,2025-07-19,1,214000,5.0,203300.0,SP-17,Direct
S04069,H028,D032,2024-04-09,3,7850000,12.0,20724000.0,SP-13,Direct
S04070,H067,D031,2026-03-31,5,4791000,15.0,20361750.0,SP-01,Direct
S04071,H087,D041,2026-06-20,1,25485000,2.0,24975300.0,SP-13,Direct
S04072,H068,D004,2025-09-09,1,4905000,0.0,4905000.0,SP-04,Direct
S04073,H024,D012,2025-12-19,5,170000,0.0,850000.0,SP-16,Direct
S04074,H039,D034,2025-12-26,1,6696000,7.0,6227280.0,SP-24,Direct
S04075,H011,D054,2025-07-10,2,1640000,2.0,3214400.0,SP-25,Distributor
S04076,H022,D004,2025-02-08,3,4910000,2.0,14435400.0,SP-21,Distributor
S04077,H037,D022,2024-09-27,1,1546000,5.0,1468700.0,SP-23,Direct
S04078,H049,D024,2026-06-06,1,1004000,10.0,903600.0,SP-17,Distributor
S04079,H020,D040,2025-12-08,2,30992000,2.0,60744320.0,SP-19,Direct
S04080,H032,D011,2025-10-30,1,266000,5.0,252700.0,SP-20,Distributor
S04081,H064,D022,2026-04-12,2,1478000,0.0,2956000.0,SP-01,Distributor
S04082,H074,D059,2024-02-20,1,719000,5.0,683050.0,SP-07,Distributor
S04083,H037,D018,2025-05-06,1,207000,0.0,207000.0,SP-06,Distributor
S04084,H068,D014,2025-11-20,2,220000,10.0,396000.0,SP-22,Distributor
S04085,H045,D045,2025-09-08,4,39784000,7.0,147996480.0,SP-12,Direct
S04086,H034,D057,2025-02-21,3,408000,5.0,1162800.0,SP-17,Distributor
S04087,H064,D050,2025-10-12,1,2359000,15.0,2005150.0,SP-22,Direct
S04088,H038,D040,2025-04-04,2,31490000,10.0,56682000.0,SP-17,Distributor
S04089,H022,D041,2025-07-10,5,27843000,7.0,129469950.0,SP-21,Direct
S04090,H082,D018,2024-04-27,2,216000,0.0,432000.0,SP-11,Direct
S04091,H096,D026,2024-07-31,5,52000,5.0,247000.0,SP-02,Direct
S04092,H020,D044,2024-03-06,3,76524000,10.0,206614800.0,SP-11,Direct
S04093,H038,D035,2025-05-19,2,7574000,7.0,14087640.0,SP-09,Direct
S04094,H011,D027,2024-04-26,1,113000,5.0,107350.0,SP-14,Direct
S04095,H049,D014,2026-06-08,4,217000,5.0,824600.0,SP-15,Direct
S04096,H030,D038,2025-01-18,3,35124000,7.0,97995960.0,SP-09,Distributor
S04097,H033,D009,2024-08-24,3,390000,0.0,1170000.0,SP-05,Direct
S04098,H018,D054,2026-07-25,4,1768000,2.0,6930560.0,SP-09,Direct
S04099,H025,D039,2025-02-27,1,29576000,0.0,29576000.0,SP-10,Direct
S04100,H006,D045,2026-02-18,5,40498000,10.0,182241000.0,SP-16,Direct
S04101,H077,D030,2024-09-07,1,140000,0.0,140000.0,SP-02,Direct
S04102,H004,D029,2024-07-23,3,130000,7.0,362700.0,SP-13,Direct
S04103,H033,D026,2026-02-28,2,55000,7.0,102300.0,SP-21,Distributor
S04104,H085,D029,2026-06-02,4,128000,7.0,476160.0,SP-21,Direct
S04105,H064,D044,2024-11-08,1,78020000,12.0,68657600.0,SP-02,Direct
S04106,H017,D028,2024-12-23,3,133000,7.0,371070.0,SP-08,Direct
S04107,H073,D030,2026-04-20,2,136000,0.0,272000.0,SP-17,Direct
S04108,H092,D017,2025-09-25,1,183000,2.0,179340.0,SP-17,Direct
S04109,H032,D006,2026-07-24,5,5333000,10.0,23998500.0,SP-16,Distributor
S04110,H090,D001,2024-02-28,1,1307000,2.0,1280860.0,SP-02,Direct
S04111,H073,D021,2025-09-01,1,1632000,10.0,1468800.0,SP-20,Direct
S04112,H001,D039,2026-04-30,3,29616000,5.0,84405600.0,SP-24,Direct
S04113,H029,D053,2024-02-08,1,899000,0.0,899000.0,SP-24,Distributor
S04114,H037,D015,2025-11-21,2,185000,12.0,325600.0,SP-03,Distributor
S04115,H048,D001,2025-03-15,3,1320000,0.0,3960000.0,SP-05,Direct
S04116,H065,D002,2024-10-04,1,5249000,10.0,4724100.0,SP-08,Distributor
S04117,H080,D043,2026-07-13,2,38585000,2.0,75626600.0,SP-19,Distributor
S04118,H029,D022,2026-08-28,1,1428000,10.0,1285200.0,SP-23,Direct
S04119,H011,D010,2025-08-27,1,329000,15.0,279650.0,SP-02,Direct
S04120,H023,D042,2025-05-07,1,35528000,2.0,34817440.0,SP-15,Distributor
S04121,H031,D044,2025-06-22,1,80199000,5.0,76189050.0,SP-10,Direct
S04122,H099,D058,2026-02-12,2,196000,12.0,344960.0,SP-07,Direct
S04123,H032,D036,2024-11-19,2,1624000,0.0,3248000.0,SP-10,Direct
S04124,H086,D026,2026-02-15,5,54000,2.0,264600.0,SP-01,Direct
S04125,H036,D030,2024-11-03,1,141000,7.0,131130.0,SP-24,Direct
S04126,H040,D051,2024-06-12,3,2341000,15.0,5969550.0,SP-12,Direct
S04127,H040,D058,2026-02-14,1,195000,7.0,181350.0,SP-09,Direct
S04128,H008,D053,2025-01-15,4,957000,15.0,3253800.0,SP-14,Direct
S04129,H055,D046,2025-05-25,3,63516000,5.0,181020600.0,SP-10,Direct
S04130,H086,D055,2026-04-23,5,484000,2.0,2371600.0,SP-24,Direct
S04131,H029,D022,2024-10-29,2,1523000,10.0,2741400.0,SP-04,Direct
S04132,H003,D035,2024-03-31,1,7278000,0.0,7278000.0,SP-16,Direct
S04133,H004,D021,2025-04-29,3,1655000,5.0,4716750.0,SP-24,Distributor
S04134,H013,D047,2024-12-30,1,57137000,0.0,57137000.0,SP-05,Direct
S04135,H018,D022,2025-09-08,3,1445000,10.0,3901500.0,SP-09,Direct
S04136,H027,D045,2024-10-17,4,41388000,10.0,148996800.0,SP-17,Distributor
S04137,H058,D042,2024-01-23,2,35149000,5.0,66783100.0,SP-03,Direct
S04138,H013,D045,2026-01-05,2,40182000,7.0,74738520.0,SP-20,Distributor
S04139,H025,D029,2025-09-18,1,131000,5.0,124450.0,SP-17,Direct
S04140,H023,D031,2026-08-08,3,4992000,5.0,14227200.0,SP-15,Distributor
S04141,H084,D047,2024-04-08,1,53351000,5.0,50683450.0,SP-07,Direct
S04142,H039,D028,2025-02-16,3,131000,7.0,365490.0,SP-18,Direct
S04143,H039,D017,2024-06-23,3,189000,0.0,567000.0,SP-09,Direct
S04144,H077,D021,2025-05-27,2,1787000,7.0,3323820.0,SP-05,Direct
S04145,H036,D002,2024-05-11,5,5324000,12.0,23425600.0,SP-06,Direct
S04146,H086,D028,2025-12-02,3,128000,2.0,376320.0,SP-17,Direct
S04147,H038,D047,2024-05-04,5,53836000,5.0,255721000.0,SP-08,Direct
S04148,H033,D052,2024-03-14,2,1184000,5.0,2249600.0,SP-17,Direct
S04149,H060,D049,2025-08-15,2,2424000,10.0,4363200.0,SP-14,Distributor
S04150,H059,D004,2025-04-29,1,5035000,12.0,4430800.0,SP-24,Direct
S04151,H003,D050,2024-06-19,2,2214000,7.0,4118040.0,SP-11,Distributor
S04152,H031,D014,2026-06-12,1,212000,15.0,180200.0,SP-15,Distributor
S04153,H030,D008,2024-01-09,1,243000,10.0,218700.0,SP-06,Direct
S04154,H030,D054,2026-07-11,5,1663000,0.0,8315000.0,SP-16,Distributor
S04155,H031,D042,2024-04-06,1,32800000,10.0,29520000.0,SP-21,Distributor
S04156,H090,D049,2025-10-02,2,2483000,15.0,4221100.0,SP-10,Distributor
S04157,H010,D044,2024-03-10,1,79996000,15.0,67996600.0,SP-22,Direct
S04158,H085,D044,2024-11-12,1,74176000,15.0,63049600.0,SP-25,Direct
S04159,H100,D038,2025-04-22,3,36930000,5.0,105250500.0,SP-22,Direct
S04160,H081,D025,2025-11-14,2,101000,5.0,191900.0,SP-22,Direct
S04161,H043,D013,2025-06-25,2,221000,7.0,411060.0,SP-24,Direct
S04162,H086,D044,2026-03-15,5,78037000,10.0,351166500.0,SP-01,Distributor
S04163,H013,D012,2024-04-12,3,168000,12.0,443520.0,SP-14,Direct
S04164,H064,D033,2026-01-25,2,3222000,0.0,6444000.0,SP-01,Direct
S04165,H064,D003,2025-03-18,1,1283000,0.0,1283000.0,SP-17,Distributor
S04166,H035,D025,2024-03-25,1,102000,10.0,91800.0,SP-02,Direct
S04167,H030,D016,2024-06-30,5,124000,5.0,589000.0,SP-07,Direct
S04168,H016,D032,2026-02-15,4,7672000,7.0,28539840.0,SP-14,Direct
S04169,H097,D059,2026-08-18,1,668000,10.0,601200.0,SP-15,Distributor
S04170,H048,D032,2024-11-11,5,7329000,7.0,34079850.0,SP-04,Direct
S04171,H100,D019,2025-04-17,1,1168000,0.0,1168000.0,SP-11,Direct
S04172,H100,D037,2024-04-22,1,28874000,0.0,28874000.0,SP-14,Distributor
S04173,H041,D008,2024-10-03,3,249000,7.0,694710.0,SP-09,Distributor
S04174,H006,D007,2026-02-10,2,404000,12.0,711040.0,SP-14,Distributor
S04175,H031,D004,2025-03-23,3,5009000,0.0,15027000.0,SP-04,Distributor
S04176,H008,D020,2024-08-27,3,541000,10.0,1460700.0,SP-02,Direct
S04177,H038,D012,2026-08-26,4,175000,0.0,700000.0,SP-15,Direct
S04178,H038,D001,2024-10-27,1,1358000,15.0,1154300.0,SP-06,Distributor
S04179,H060,D056,2024-07-28,4,475000,15.0,1615000.0,SP-23,Direct
S04180,H011,D002,2025-05-07,1,5231000,5.0,4969450.0,SP-02,Direct
S04181,H007,D033,2026-09-22,4,3268000,5.0,12418400.0,SP-18,Distributor
S04182,H083,D004,2024-11-06,2,5034000,0.0,10068000.0,SP-19,Distributor
S04183,H053,D003,2026-07-02,1,1345000,5.0,1277750.0,SP-11,Direct
S04184,H076,D046,2024-01-21,3,66664000,2.0,195992160.0,SP-16,Distributor
S04185,H062,D027,2026-02-15,1,115000,5.0,109250.0,SP-23,Direct
S04186,H094,D041,2024-12-25,3,27371000,5.0,78007350.0,SP-16,Direct
S04187,H034,D024,2026-09-24,5,992000,12.0,4364800.0,SP-18,Direct
S04188,H078,D051,2024-06-19,1,2272000,0.0,2272000.0,SP-21,Distributor
S04189,H017,D013,2025-12-17,1,226000,0.0,226000.0,SP-13,Distributor
S04190,H025,D001,2024-05-03,3,1314000,0.0,3942000.0,SP-17,Distributor
S04191,H067,D007,2025-07-20,1,398000,15.0,338300.0,SP-18,Direct
S04192,H009,D004,2024-12-21,1,4858000,7.0,4517940.0,SP-24,Direct
S04193,H024,D020,2026-02-13,5,541000,2.0,2650900.0,SP-09,Direct
S04194,H043,D054,2025-09-18,4,1753000,7.0,6521160.0,SP-02,Direct
S04195,H020,D010,2026-04-21,4,318000,2.0,1246560.0,SP-12,Distributor
S04196,H017,D017,2026-06-25,5,194000,5.0,921500.0,SP-23,Distributor
S04197,H047,D018,2024-09-24,1,205000,12.0,180400.0,SP-22,Distributor
S04198,H059,D031,2024-09-07,1,5046000,2.0,4945080.0,SP-03,Direct
S04199,H084,D056,2025-06-06,1,463000,0.0,463000.0,SP-08,Distributor
S04200,H010,D011,2026-06-04,1,249000,15.0,211650.0,SP-20,Direct
S04201,H076,D028,2024-04-27,1,134000,10.0,120600.0,SP-03,Distributor
S04202,H031,D037,2024-06-05,2,26742000,15.0,45461400.0,SP-06,Direct
S04203,H098,D004,2026-09-07,1,4910000,5.0,4664500.0,SP-10,Direct
S04204,H001,D002,2025-01-21,4,5406000,15.0,18380400.0,SP-06,Direct
S04205,H048,D045,2024-07-25,2,41901000,12.0,73745760.0,SP-18,Direct
S04206,H008,D033,2024-04-29,5,3283000,0.0,16415000.0,SP-13,Direct
S04207,H072,D002,2025-06-26,2,5292000,7.0,9843120.0,SP-06,Direct
S04208,H098,D036,2025-03-22,2,1552000,12.0,2731520.0,SP-10,Direct
S04209,H027,D038,2024-08-22,3,35414000,12.0,93492960.0,SP-19,Distributor
S04210,H079,D043,2024-01-25,1,41256000,0.0,41256000.0,SP-15,Distributor
S04211,H004,D044,2025-04-07,1,80169000,10.0,72152100.0,SP-22,Distributor
S04212,H014,D013,2025-11-14,3,219000,7.0,611010.0,SP-13,Distributor
S04213,H064,D013,2024-10-27,1,225000,5.0,213750.0,SP-25,Distributor
S04214,H031,D038,2024-03-01,1,34892000,5.0,33147400.0,SP-06,Direct
S04215,H009,D050,2025-01-11,1,2151000,12.0,1892880.0,SP-01,Direct
S04216,H007,D044,2024-06-26,2,80499000,15.0,136848300.0,SP-01,Distributor
S04217,H079,D046,2025-02-28,1,66224000,12.0,58277120.0,SP-03,Direct
S04218,H051,D007,2024-01-14,1,389000,2.0,381220.0,SP-12,Direct
S04219,H045,D028,2026-06-24,2,135000,2.0,264600.0,SP-06,Direct
S04220,H063,D034,2025-10-21,1,6707000,0.0,6707000.0,SP-08,Direct
S04221,H097,D049,2024-09-26,2,2598000,5.0,4936200.0,SP-11,Distributor
S04222,H066,D019,2025-07-17,1,1170000,2.0,1146600.0,SP-06,Direct
S04223,H022,D008,2025-03-02,1,261000,10.0,234900.0,SP-24,Direct
S04224,H089,D011,2026-04-29,5,261000,12.0,1148400.0,SP-16,Distributor
S04225,H089,D017,2024-03-19,2,179000,10.0,322200.0,SP-04,Direct
S04226,H052,D023,2025-02-22,2,1612000,12.0,2837120.0,SP-21,Direct
S04227,H085,D005,2025-10-12,1,5152000,5.0,4894400.0,SP-25,Direct
S04228,H027,D006,2026-02-10,5,5294000,2.0,25940600.0,SP-24,Distributor
S04229,H094,D036,2026-09-06,1,1643000,15.0,1396550.0,SP-01,Direct
S04230,H041,D037,2024-09-12,1,26940000,15.0,22899000.0,SP-04,Direct
S04231,H071,D016,2025-04-27,2,120000,12.0,211200.0,SP-17,Direct
S04232,H072,D002,2025-02-14,2,5307000,5.0,10083300.0,SP-10,Distributor
S04233,H069,D059,2025-10-30,3,656000,5.0,1869600.0,SP-14,Distributor
S04234,H071,D001,2025-09-02,2,1285000,5.0,2441500.0,SP-19,Distributor
S04235,H006,D006,2025-09-26,5,5278000,7.0,24542700.0,SP-18,Direct
S04236,H020,D019,2024-07-28,1,1103000,15.0,937550.0,SP-18,Direct
S04237,H043,D033,2024-03-05,2,3481000,2.0,6822760.0,SP-09,Distributor
S04238,H059,D059,2025-02-20,2,691000,10.0,1243800.0,SP-22,Distributor
S04239,H059,D009,2024-09-10,2,384000,7.0,714240.0,SP-17,Direct
S04240,H032,D049,2024-09-08,2,2461000,7.0,4577460.0,SP-03,Distributor
S04241,H072,D008,2026-03-22,1,263000,0.0,263000.0,SP-18,Distributor
S04242,H036,D024,2025-09-11,2,969000,15.0,1647300.0,SP-07,Direct
S04243,H094,D005,2024-10-01,5,5039000,2.0,24691100.0,SP-14,Distributor
S04244,H031,D010,2025-06-07,1,315000,15.0,267750.0,SP-01,Direct
S04245,H100,D036,2024-10-02,1,1544000,0.0,1544000.0,SP-06,Distributor
S04246,H047,D005,2025-02-10,5,5266000,10.0,23697000.0,SP-03,Direct
S04247,H011,D019,2024-12-11,1,1198000,12.0,1054240.0,SP-12,Direct
S04248,H053,D009,2025-11-02,1,359000,5.0,341050.0,SP-12,Distributor
S04249,H096,D020,2025-07-30,5,585000,2.0,2866500.0,SP-12,Distributor
S04250,H087,D060,2025-07-13,5,505000,0.0,2525000.0,SP-01,Direct
S04251,H079,D049,2026-03-02,1,2453000,7.0,2281290.0,SP-07,Distributor
S04252,H041,D007,2024-10-02,3,412000,5.0,1174200.0,SP-21,Direct
S04253,H092,D011,2025-07-10,1,244000,0.0,244000.0,SP-01,Direct
S04254,H065,D043,2024-07-16,2,40558000,5.0,77060200.0,SP-01,Direct
S04255,H041,D002,2025-07-02,5,5346000,7.0,24858900.0,SP-13,Distributor
S04256,H015,D017,2024-03-08,1,176000,10.0,158400.0,SP-14,Direct
S04257,H021,D034,2025-02-09,1,6716000,7.0,6245880.0,SP-14,Direct
S04258,H030,D035,2025-12-13,1,7683000,0.0,7683000.0,SP-21,Direct
S04259,H038,D032,2024-10-15,1,7521000,10.0,6768900.0,SP-02,Distributor
S04260,H014,D004,2026-03-11,1,4757000,0.0,4757000.0,SP-10,Direct
S04261,H011,D031,2026-03-11,3,4831000,2.0,14203140.0,SP-20,Direct
S04262,H046,D036,2024-12-03,2,1635000,0.0,3270000.0,SP-06,Distributor
S04263,H019,D036,2024-03-25,1,1500000,5.0,1425000.0,SP-05,Direct
S04264,H025,D055,2024-02-14,1,477000,7.0,443610.0,SP-06,Distributor
S04265,H006,D026,2024-10-07,2,55000,0.0,110000.0,SP-13,Direct
S04266,H089,D046,2024-04-19,1,64981000,7.0,60432330.0,SP-24,Direct
S04267,H070,D003,2025-06-01,1,1301000,0.0,1301000.0,SP-08,Direct
S04268,H002,D019,2025-02-07,1,1155000,5.0,1097250.0,SP-11,Distributor
S04269,H050,D044,2025-09-27,1,80594000,5.0,76564300.0,SP-16,Distributor
S04270,H072,D042,2025-12-28,3,33632000,0.0,100896000.0,SP-23,Direct
S04271,H069,D036,2025-08-31,3,1525000,15.0,3888750.0,SP-11,Distributor
S04272,H084,D018,2026-03-31,2,216000,7.0,401760.0,SP-17,Direct
S04273,H032,D022,2026-08-23,1,1527000,5.0,1450650.0,SP-12,Direct
S04274,H036,D057,2025-12-18,1,425000,0.0,425000.0,SP-04,Direct
S04275,H082,D012,2024-05-21,1,173000,7.0,160890.0,SP-25,Distributor
S04276,H030,D039,2024-05-01,2,28106000,0.0,56212000.0,SP-04,Distributor
S04277,H094,D014,2024-08-25,5,222000,2.0,1087800.0,SP-21,Direct
S04278,H088,D036,2026-09-19,1,1608000,15.0,1366800.0,SP-14,Direct
S04279,H068,D023,2026-07-13,5,1683000,2.0,8246700.0,SP-07,Direct
S04280,H012,D054,2026-03-23,2,1705000,5.0,3239500.0,SP-24,Direct
S04281,H047,D022,2025-02-13,4,1533000,12.0,5396160.0,SP-12,Distributor
S04282,H053,D005,2025-10-02,1,4993000,10.0,4493700.0,SP-01,Distributor
S04283,H054,D030,2024-09-30,1,135000,10.0,121500.0,SP-15,Distributor
S04284,H003,D047,2024-08-29,5,52522000,7.0,244227300.0,SP-06,Distributor
S04285,H069,D013,2024-12-03,1,212000,7.0,197160.0,SP-03,Direct
S04286,H097,D011,2025-07-02,3,252000,5.0,718200.0,SP-10,Direct
S04287,H084,D035,2025-06-10,1,7608000,2.0,7455840.0,SP-17,Distributor
S04288,H060,D034,2025-11-26,3,6728000,5.0,19174800.0,SP-06,Direct
S04289,H048,D039,2024-06-03,5,29272000,5.0,139042000.0,SP-15,Distributor
S04290,H012,D037,2026-06-06,2,26857000,0.0,53714000.0,SP-10,Direct
S04291,H033,D052,2025-05-20,2,1270000,5.0,2413000.0,SP-20,Direct
S04292,H082,D047,2024-08-14,1,56014000,7.0,52093020.0,SP-10,Distributor
S04293,H048,D043,2024-12-10,4,41434000,7.0,154134480.0,SP-04,Direct
S04294,H079,D039,2024-11-05,2,29755000,5.0,56534500.0,SP-09,Direct
S04295,H043,D033,2025-09-08,1,3264000,5.0,3100800.0,SP-04,Distributor
S04296,H029,D041,2026-03-16,5,26327000,15.0,111889750.0,SP-24,Direct
S04297,H022,D059,2026-08-30,2,709000,15.0,1205300.0,SP-06,Direct
S04298,H027,D008,2026-08-04,3,255000,2.0,749700.0,SP-13,Direct
S04299,H090,D021,2025-10-06,1,1733000,5.0,1646350.0,SP-11,Direct
S04300,H051,D001,2024-12-23,2,1322000,10.0,2379600.0,SP-13,Direct
S04301,H018,D031,2026-06-19,1,4981000,10.0,4482900.0,SP-07,Direct
S04302,H036,D024,2025-11-17,1,1038000,2.0,1017240.0,SP-25,Distributor
S04303,H020,D004,2024-11-29,1,4703000,5.0,4467850.0,SP-07,Distributor
S04304,H046,D006,2024-04-29,2,5057000,15.0,8596900.0,SP-09,Direct
S04305,H054,D005,2024-04-10,2,4802000,12.0,8451520.0,SP-19,Direct
S04306,H022,D015,2025-12-07,1,191000,10.0,171900.0,SP-20,Direct
S04307,H091,D013,2026-08-28,3,220000,7.0,613800.0,SP-06,Distributor
S04308,H008,D051,2025-10-07,2,2200000,10.0,3960000.0,SP-21,Direct
S04309,H054,D029,2024-02-24,2,128000,12.0,225280.0,SP-02,Direct
S04310,H063,D027,2024-11-30,1,114000,10.0,102600.0,SP-15,Direct
S04311,H028,D009,2024-07-11,4,375000,10.0,1350000.0,SP-08,Distributor
S04312,H089,D044,2025-02-04,4,81032000,10.0,291715200.0,SP-13,Direct
S04313,H034,D019,2024-10-23,2,1188000,5.0,2257200.0,SP-14,Direct
S04314,H036,D016,2025-11-04,5,116000,0.0,580000.0,SP-23,Distributor
S04315,H028,D001,2025-11-06,1,1359000,0.0,1359000.0,SP-03,Distributor
S04316,H038,D050,2026-04-04,1,2165000,2.0,2121700.0,SP-14,Distributor
S04317,H017,D014,2024-03-19,4,210000,2.0,823200.0,SP-04,Direct
S04318,H021,D015,2026-06-10,4,197000,0.0,788000.0,SP-14,Distributor
S04319,H088,D003,2026-04-09,1,1340000,0.0,1340000.0,SP-07,Distributor
S04320,H076,D060,2026-09-12,2,504000,12.0,887040.0,SP-15,Distributor
S04321,H062,D025,2024-08-10,1,100000,7.0,93000.0,SP-17,Direct
S04322,H006,D007,2026-08-29,3,388000,12.0,1024320.0,SP-15,Distributor
S04323,H086,D008,2026-06-03,1,262000,7.0,243660.0,SP-07,Direct
S04324,H007,D046,2024-11-17,1,64150000,7.0,59659500.0,SP-23,Distributor
S04325,H045,D058,2024-08-07,1,196000,7.0,182280.0,SP-10,Direct
S04326,H011,D024,2024-08-04,1,959000,0.0,959000.0,SP-04,Distributor
S04327,H041,D040,2026-03-28,2,31313000,15.0,53232100.0,SP-08,Distributor
S04328,H007,D024,2024-04-12,3,1006000,15.0,2565300.0,SP-23,Direct
S04329,H033,D056,2024-06-22,3,469000,2.0,1378860.0,SP-23,Direct
S04330,H068,D040,2026-06-09,2,29565000,12.0,52034400.0,SP-19,Distributor
S04331,H020,D010,2025-06-03,2,310000,5.0,589000.0,SP-01,Distributor
S04332,H048,D032,2026-02-28,1,7412000,2.0,7263760.0,SP-13,Distributor
S04333,H071,D034,2025-02-05,1,6718000,5.0,6382100.0,SP-02,Direct
S04334,H056,D021,2024-01-05,4,1640000,7.0,6100800.0,SP-18,Distributor
S04335,H084,D044,2024-05-26,4,78319000,10.0,281948400.0,SP-08,Direct
S04336,H009,D052,2025-12-10,5,1208000,0.0,6040000.0,SP-15,Distributor
S04337,H062,D031,2024-05-07,1,4853000,5.0,4610350.0,SP-24,Distributor
S04338,H026,D002,2026-04-30,2,5144000,0.0,10288000.0,SP-10,Direct
S04339,H022,D007,2025-11-28,2,408000,7.0,758880.0,SP-15,Direct
S04340,H054,D035,2026-01-08,2,7568000,5.0,14379200.0,SP-07,Direct
S04341,H059,D032,2026-09-26,1,7390000,12.0,6503200.0,SP-01,Distributor
S04342,H085,D025,2025-10-07,1,108000,5.0,102600.0,SP-19,Direct
S04343,H074,D023,2026-04-14,2,1703000,5.0,3235700.0,SP-25,Direct
S04344,H015,D042,2025-03-01,2,35124000,5.0,66735600.0,SP-21,Distributor
S04345,H079,D058,2024-07-17,5,192000,2.0,940800.0,SP-08,Distributor
S04346,H019,D018,2024-07-15,1,202000,5.0,191900.0,SP-12,Distributor
S04347,H031,D039,2025-05-16,1,27791000,7.0,25845630.0,SP-06,Direct
S04348,H058,D060,2025-07-11,5,533000,7.0,2478450.0,SP-10,Distributor
S04349,H024,D012,2025-07-23,3,170000,0.0,510000.0,SP-01,Direct
S04350,H029,D017,2024-09-01,1,192000,12.0,168960.0,SP-11,Distributor
S04351,H095,D035,2026-09-22,5,7628000,5.0,36233000.0,SP-17,Distributor
S04352,H080,D044,2024-03-05,2,75933000,10.0,136679400.0,SP-09,Direct
S04353,H022,D016,2024-08-21,3,116000,0.0,348000.0,SP-18,Direct
S04354,H085,D004,2025-04-02,2,4621000,7.0,8595060.0,SP-07,Distributor
S04355,H041,D058,2024-03-05,1,204000,10.0,183600.0,SP-04,Direct
S04356,H086,D042,2025-05-23,5,32858000,15.0,139646500.0,SP-13,Distributor
S04357,H075,D056,2026-01-08,1,482000,5.0,457900.0,SP-23,Direct
S04358,H034,D052,2026-03-12,3,1231000,5.0,3508350.0,SP-20,Distributor
S04359,H009,D034,2026-08-13,1,6727000,15.0,5717950.0,SP-23,Direct
S04360,H065,D054,2026-04-23,1,1636000,10.0,1472400.0,SP-12,Direct
S04361,H092,D028,2024-12-26,1,139000,10.0,125100.0,SP-16,Direct
S04362,H025,D022,2025-01-15,1,1534000,0.0,1534000.0,SP-21,Direct
S04363,H011,D012,2025-12-26,3,171000,0.0,513000.0,SP-13,Direct
S04364,H056,D059,2025-04-27,3,669000,10.0,1806300.0,SP-14,Distributor
S04365,H038,D022,2025-10-17,1,1451000,0.0,1451000.0,SP-03,Direct
S04366,H099,D056,2025-04-02,1,465000,7.0,432450.0,SP-17,Distributor
S04367,H006,D001,2024-03-23,3,1258000,15.0,3207900.0,SP-04,Distributor
S04368,H034,D040,2024-03-05,1,29807000,5.0,28316650.0,SP-08,Distributor
S04369,H009,D051,2025-05-30,2,2323000,5.0,4413700.0,SP-16,Distributor
S04370,H052,D036,2026-08-20,1,1587000,2.0,1555260.0,SP-20,Distributor
S04371,H063,D049,2024-10-27,5,2560000,5.0,12160000.0,SP-08,Distributor
S04372,H019,D039,2025-02-27,2,29864000,15.0,50768800.0,SP-16,Direct
S04373,H068,D030,2024-12-16,1,131000,0.0,131000.0,SP-23,Direct
S04374,H009,D020,2025-12-20,1,556000,0.0,556000.0,SP-24,Direct
S04375,H019,D014,2024-08-28,2,216000,10.0,388800.0,SP-21,Distributor
S04376,H081,D056,2026-08-18,3,492000,15.0,1254600.0,SP-09,Direct
S04377,H100,D018,2026-03-27,3,213000,12.0,562320.0,SP-17,Distributor
S04378,H071,D052,2025-10-30,1,1213000,0.0,1213000.0,SP-25,Direct
S04379,H020,D003,2024-03-20,2,1355000,0.0,2710000.0,SP-12,Distributor
S04380,H015,D012,2026-04-30,2,174000,5.0,330600.0,SP-13,Direct
S04381,H062,D039,2025-06-13,2,29851000,10.0,53731800.0,SP-08,Distributor
S04382,H036,D053,2024-09-30,2,923000,5.0,1753700.0,SP-02,Distributor
S04383,H089,D020,2026-07-28,2,538000,15.0,914600.0,SP-16,Direct
S04384,H046,D029,2025-01-19,4,130000,10.0,468000.0,SP-01,Direct
S04385,H004,D015,2026-08-09,1,193000,2.0,189140.0,SP-13,Distributor
S04386,H099,D004,2025-01-14,2,4954000,12.0,8719040.0,SP-13,Distributor
S04387,H013,D009,2025-05-25,2,382000,10.0,687600.0,SP-23,Distributor
S04388,H083,D044,2024-11-18,2,79090000,15.0,134453000.0,SP-06,Distributor
S04389,H017,D047,2025-02-19,1,56471000,5.0,53647450.0,SP-24,Distributor
S04390,H049,D035,2024-09-09,2,7534000,7.0,14013240.0,SP-11,Direct
S04391,H009,D054,2024-10-15,1,1793000,5.0,1703350.0,SP-16,Direct
S04392,H051,D027,2025-04-12,1,120000,5.0,114000.0,SP-21,Direct
S04393,H012,D017,2024-06-13,1,186000,5.0,176700.0,SP-18,Direct
S04394,H029,D027,2026-02-14,1,112000,12.0,98560.0,SP-18,Distributor
S04395,H099,D005,2024-03-16,1,5207000,15.0,4425950.0,SP-04,Direct
S04396,H098,D016,2024-09-12,5,115000,7.0,534750.0,SP-11,Distributor
S04397,H003,D037,2025-12-22,2,28099000,0.0,56198000.0,SP-17,Direct
S04398,H077,D023,2025-09-21,2,1769000,0.0,3538000.0,SP-09,Direct
S04399,H053,D027,2025-04-07,1,115000,5.0,109250.0,SP-08,Distributor
S04400,H065,D041,2024-05-13,2,27364000,10.0,49255200.0,SP-09,Distributor
S04401,H018,D031,2025-06-13,1,4587000,0.0,4587000.0,SP-09,Direct
S04402,H008,D020,2025-07-22,2,578000,12.0,1017280.0,SP-17,Distributor
S04403,H051,D041,2024-01-15,3,26512000,5.0,75559200.0,SP-08,Direct
S04404,H057,D054,2025-04-19,1,1680000,0.0,1680000.0,SP-14,Direct
S04405,H067,D048,2024-02-10,1,57661000,0.0,57661000.0,SP-19,Direct
S04406,H029,D041,2026-09-11,5,27054000,5.0,128506500.0,SP-23,Direct
S04407,H063,D039,2024-03-14,1,28199000,5.0,26789050.0,SP-06,Direct
S04408,H011,D049,2024-05-09,1,2498000,7.0,2323140.0,SP-02,Direct
S04409,H009,D037,2026-03-22,3,27903000,12.0,73663920.0,SP-22,Direct
S04410,H008,D029,2025-01-14,1,132000,5.0,125400.0,SP-12,Direct
S04411,H039,D021,2026-02-09,4,1740000,2.0,6820800.0,SP-09,Distributor
S04412,H019,D010,2025-12-27,2,340000,7.0,632400.0,SP-19,Distributor
S04413,H039,D060,2024-10-07,1,535000,5.0,508250.0,SP-16,Distributor
S04414,H080,D028,2024-11-10,1,131000,2.0,128380.0,SP-10,Direct
S04415,H064,D042,2026-06-13,1,32847000,10.0,29562300.0,SP-11,Direct
S04416,H051,D024,2024-05-19,1,1025000,10.0,922500.0,SP-20,Distributor
S04417,H084,D042,2024-06-19,1,32924000,0.0,32924000.0,SP-19,Direct
S04418,H094,D059,2025-08-23,1,683000,10.0,614700.0,SP-24,Direct
S04419,H083,D045,2026-03-29,2,39334000,10.0,70801200.0,SP-23,Distributor
S04420,H075,D015,2024-08-27,5,182000,0.0,910000.0,SP-12,Direct
S04421,H089,D039,2024-03-04,5,27621000,15.0,117389250.0,SP-19,Direct
S04422,H035,D025,2024-08-29,5,107000,12.0,470800.0,SP-25,Direct
S04423,H043,D003,2025-08-14,2,1249000,7.0,2323140.0,SP-21,Distributor
S04424,H041,D003,2026-05-10,2,1314000,10.0,2365200.0,SP-20,Direct
S04425,H089,D050,2025-06-23,2,2306000,2.0,4519760.0,SP-04,Direct
S04426,H048,D001,2025-01-21,1,1281000,2.0,1255380.0,SP-16,Direct
S04427,H021,D052,2026-08-13,1,1257000,12.0,1106160.0,SP-03,Direct
S04428,H031,D037,2025-06-26,1,26482000,10.0,23833800.0,SP-06,Direct
S04429,H089,D031,2024-07-31,2,4963000,0.0,9926000.0,SP-14,Direct
S04430,H077,D005,2024-02-07,5,5044000,7.0,23454600.0,SP-25,Direct
S04431,H079,D003,2025-01-03,1,1328000,10.0,1195200.0,SP-03,Direct
S04432,H089,D029,2024-07-20,1,130000,5.0,123500.0,SP-04,Distributor
S04433,H099,D004,2025-05-07,1,4755000,12.0,4184400.0,SP-04,Direct
S04434,H098,D014,2025-06-15,1,226000,0.0,226000.0,SP-03,Direct
S04435,H089,D009,2024-12-27,1,362000,12.0,318560.0,SP-05,Distributor
S04436,H062,D021,2024-10-13,1,1672000,7.0,1554960.0,SP-17,Direct
S04437,H043,D030,2024-06-24,2,135000,10.0,243000.0,SP-04,Direct
S04438,H076,D014,2026-03-01,2,226000,10.0,406800.0,SP-10,Distributor
S04439,H031,D050,2024-04-22,2,2283000,2.0,4474680.0,SP-05,Direct
S04440,H031,D044,2024-12-30,1,76789000,10.0,69110100.0,SP-05,Distributor
S04441,H004,D001,2024-11-01,2,1289000,2.0,2526440.0,SP-04,Distributor
S04442,H024,D055,2026-08-02,1,493000,2.0,483140.0,SP-21,Direct
S04443,H047,D001,2024-04-22,1,1385000,5.0,1315750.0,SP-19,Direct
S04444,H076,D012,2024-05-10,1,171000,15.0,145350.0,SP-11,Direct
S04445,H039,D012,2025-09-08,1,169000,15.0,143650.0,SP-04,Distributor
S04446,H022,D011,2024-04-04,1,242000,10.0,217800.0,SP-09,Direct
S04447,H074,D050,2024-06-22,1,2205000,5.0,2094750.0,SP-14,Direct
S04448,H078,D049,2025-04-12,1,2404000,10.0,2163600.0,SP-14,Direct
S04449,H019,D056,2025-09-10,4,458000,5.0,1740400.0,SP-09,Distributor
S04450,H084,D058,2025-12-26,1,200000,5.0,190000.0,SP-22,Distributor
S04451,H064,D014,2025-06-18,1,221000,12.0,194480.0,SP-10,Distributor
S04452,H033,D050,2024-06-05,1,2207000,2.0,2162860.0,SP-13,Distributor
S04453,H080,D014,2026-01-06,3,227000,5.0,646950.0,SP-23,Direct
S04454,H047,D016,2026-07-01,1,117000,2.0,114660.0,SP-04,Distributor
S04455,H032,D057,2024-11-12,4,410000,12.0,1443200.0,SP-18,Distributor
S04456,H023,D041,2024-02-13,3,27412000,0.0,82236000.0,SP-04,Distributor
S04457,H098,D042,2026-09-10,1,32786000,7.0,30490980.0,SP-24,Direct
S04458,H075,D011,2024-10-11,2,244000,0.0,488000.0,SP-15,Direct
S04459,H077,D049,2025-06-02,4,2521000,2.0,9882320.0,SP-07,Direct
S04460,H055,D053,2025-01-03,1,946000,5.0,898700.0,SP-05,Direct
S04461,H091,D019,2024-01-18,2,1141000,0.0,2282000.0,SP-03,Direct
S04462,H006,D027,2025-08-17,4,121000,0.0,484000.0,SP-10,Direct
S04463,H050,D046,2026-09-27,2,63844000,0.0,127688000.0,SP-25,Direct
S04464,H003,D024,2026-05-03,2,996000,12.0,1752960.0,SP-24,Distributor
S04465,H004,D043,2024-05-22,3,41058000,5.0,117015300.0,SP-14,Direct
S04466,H001,D016,2024-12-26,1,113000,0.0,113000.0,SP-20,Distributor
S04467,H075,D029,2025-10-02,1,131000,2.0,128380.0,SP-11,Distributor
S04468,H055,D005,2025-08-29,3,4969000,0.0,14907000.0,SP-24,Direct
S04469,H079,D038,2025-04-07,1,36238000,5.0,34426100.0,SP-13,Distributor
S04470,H073,D035,2024-02-01,4,7856000,12.0,27653120.0,SP-14,Direct
S04471,H013,D017,2026-03-08,1,183000,12.0,161040.0,SP-10,Distributor
S04472,H061,D027,2024-05-18,4,121000,7.0,450120.0,SP-07,Direct
S04473,H080,D021,2024-01-25,2,1801000,5.0,3421900.0,SP-13,Distributor
S04474,H080,D030,2024-05-17,2,144000,0.0,288000.0,SP-10,Direct
S04475,H089,D044,2026-04-16,1,74066000,0.0,74066000.0,SP-10,Direct
S04476,H017,D060,2025-10-04,1,542000,15.0,460700.0,SP-11,Direct
S04477,H035,D050,2026-03-07,2,2181000,5.0,4143900.0,SP-22,Distributor
S04478,H064,D030,2024-08-09,1,142000,0.0,142000.0,SP-20,Direct
S04479,H006,D011,2025-12-18,2,245000,10.0,441000.0,SP-06,Distributor
S04480,H093,D043,2025-04-23,2,39038000,10.0,70268400.0,SP-23,Direct
S04481,H045,D043,2024-07-12,4,38899000,10.0,140036400.0,SP-04,Distributor
S04482,H004,D059,2025-11-12,1,659000,5.0,626050.0,SP-14,Direct
S04483,H065,D042,2024-10-04,4,32703000,2.0,128195760.0,SP-04,Direct
S04484,H066,D021,2024-12-30,1,1798000,0.0,1798000.0,SP-18,Direct
S04485,H017,D007,2024-12-16,4,389000,7.0,1447080.0,SP-25,Direct
S04486,H001,D033,2024-01-07,1,3257000,15.0,2768450.0,SP-09,Direct
S04487,H059,D049,2025-10-27,1,2634000,12.0,2317920.0,SP-02,Direct
S04488,H073,D054,2025-06-15,1,1667000,5.0,1583650.0,SP-19,Direct
S04489,H042,D057,2025-07-16,1,409000,5.0,388550.0,SP-14,Direct
S04490,H061,D046,2025-01-04,1,68864000,0.0,68864000.0,SP-12,Direct
S04491,H083,D031,2024-03-20,1,4946000,7.0,4599780.0,SP-17,Distributor
S04492,H016,D013,2026-09-02,2,217000,2.0,425320.0,SP-20,Direct
S04493,H064,D031,2025-05-10,1,4930000,2.0,4831400.0,SP-19,Direct
S04494,H043,D013,2024-11-07,4,222000,12.0,781440.0,SP-05,Direct
S04495,H055,D030,2025-03-23,1,140000,5.0,133000.0,SP-22,Distributor
S04496,H043,D060,2025-03-31,3,508000,10.0,1371600.0,SP-23,Distributor
S04497,H017,D033,2026-04-30,1,3282000,2.0,3216360.0,SP-15,Direct
S04498,H021,D058,2024-05-30,1,206000,10.0,185400.0,SP-23,Distributor
S04499,H064,D055,2025-10-03,1,479000,0.0,479000.0,SP-14,Distributor
S04500,H023,D052,2026-07-23,1,1227000,5.0,1165650.0,SP-16,Direct
S04501,H022,D052,2026-05-07,3,1253000,10.0,3383100.0,SP-21,Direct
S04502,H037,D021,2026-03-17,2,1734000,7.0,3225240.0,SP-21,Direct
S04503,H050,D025,2026-08-06,2,101000,15.0,171700.0,SP-07,Direct
S04504,H049,D037,2024-10-16,1,26831000,10.0,24147900.0,SP-02,Direct
S04505,H025,D015,2025-11-22,1,198000,10.0,178200.0,SP-20,Distributor
S04506,H009,D038,2026-06-20,1,36570000,5.0,34741500.0,SP-01,Direct
S04507,H055,D037,2025-10-05,1,27596000,0.0,27596000.0,SP-13,Distributor
S04508,H004,D018,2025-08-15,2,196000,7.0,364560.0,SP-20,Direct
S04509,H008,D020,2026-06-10,2,536000,2.0,1050560.0,SP-08,Distributor
S04510,H081,D028,2024-06-30,1,139000,7.0,129270.0,SP-01,Direct
S04511,H045,D011,2024-10-03,1,262000,0.0,262000.0,SP-21,Direct
S04512,H034,D033,2026-03-21,3,3210000,2.0,9437400.0,SP-13,Distributor
S04513,H082,D006,2025-11-15,3,5306000,7.0,14803740.0,SP-04,Direct
S04514,H082,D031,2026-07-09,1,4632000,5.0,4400400.0,SP-08,Direct
S04515,H086,D059,2024-05-05,1,655000,0.0,655000.0,SP-16,Direct
S04516,H024,D036,2024-06-11,1,1561000,7.0,1451730.0,SP-16,Direct
S04517,H048,D019,2025-09-16,4,1142000,15.0,3882800.0,SP-18,Distributor
S04518,H003,D040,2026-06-30,1,31250000,5.0,29687500.0,SP-22,Direct
S04519,H064,D033,2026-08-10,4,3196000,10.0,11505600.0,SP-15,Distributor
S04520,H088,D011,2025-09-20,1,251000,2.0,245980.0,SP-01,Distributor
S04521,H067,D010,2025-11-28,4,310000,12.0,1091200.0,SP-25,Distributor
S04522,H068,D025,2026-06-04,2,101000,5.0,191900.0,SP-02,Direct
S04523,H048,D010,2024-07-10,1,319000,10.0,287100.0,SP-02,Direct
S04524,H067,D005,2026-07-31,1,5182000,5.0,4922900.0,SP-11,Distributor
S04525,H097,D059,2025-12-04,3,720000,7.0,2008800.0,SP-08,Distributor
S04526,H042,D030,2024-06-05,5,142000,10.0,639000.0,SP-22,Distributor
S04527,H035,D052,2025-03-13,3,1271000,7.0,3546090.0,SP-06,Direct
S04528,H044,D008,2025-08-07,2,262000,10.0,471600.0,SP-01,Distributor
S04529,H077,D002,2026-01-27,2,5184000,15.0,8812800.0,SP-16,Distributor
S04530,H052,D057,2024-06-05,4,408000,0.0,1632000.0,SP-21,Distributor
S04531,H036,D030,2024-03-21,2,131000,10.0,235800.0,SP-04,Distributor
S04532,H079,D050,2025-12-06,2,2362000,10.0,4251600.0,SP-02,Distributor
S04533,H016,D057,2026-03-18,1,430000,0.0,430000.0,SP-11,Direct
S04534,H022,D054,2026-07-29,2,1768000,0.0,3536000.0,SP-17,Distributor
S04535,H034,D055,2025-12-22,1,486000,12.0,427680.0,SP-07,Distributor
S04536,H014,D057,2025-12-11,1,425000,12.0,374000.0,SP-02,Direct
S04537,H063,D058,2026-04-14,4,190000,10.0,684000.0,SP-23,Distributor
S04538,H036,D020,2026-03-07,1,535000,2.0,524300.0,SP-20,Direct
S04539,H024,D013,2026-06-10,1,232000,0.0,232000.0,SP-13,Distributor
S04540,H021,D037,2024-03-29,4,27420000,10.0,98712000.0,SP-11,Distributor
S04541,H078,D028,2024-11-19,1,135000,5.0,128250.0,SP-03,Distributor
S04542,H046,D041,2024-06-24,1,26668000,5.0,25334600.0,SP-15,Distributor
S04543,H046,D039,2026-02-28,3,30319000,5.0,86409150.0,SP-20,Direct
S04544,H012,D057,2024-08-06,1,424000,0.0,424000.0,SP-10,Distributor
S04545,H034,D021,2024-06-25,2,1796000,2.0,3520160.0,SP-13,Direct
S04546,H009,D022,2025-11-08,1,1501000,5.0,1425950.0,SP-23,Distributor
S04547,H025,D051,2026-07-27,4,2301000,10.0,8283600.0,SP-04,Direct
S04548,H044,D009,2025-06-26,1,379000,5.0,360050.0,SP-21,Direct
S04549,H095,D024,2024-10-23,1,978000,12.0,860640.0,SP-19,Direct
S04550,H039,D021,2026-03-21,1,1760000,15.0,1496000.0,SP-12,Direct
S04551,H035,D057,2024-10-10,5,435000,12.0,1914000.0,SP-21,Distributor
S04552,H052,D060,2025-07-08,4,526000,5.0,1998800.0,SP-04,Distributor
S04553,H034,D020,2025-03-04,2,542000,5.0,1029800.0,SP-07,Distributor
S04554,H037,D049,2024-02-03,1,2478000,5.0,2354100.0,SP-09,Direct
S04555,H030,D015,2024-08-25,3,199000,10.0,537300.0,SP-03,Direct
S04556,H008,D026,2025-09-07,2,52000,0.0,104000.0,SP-11,Direct
S04557,H052,D036,2026-08-27,2,1623000,7.0,3018780.0,SP-10,Direct
S04558,H054,D022,2024-03-10,2,1476000,0.0,2952000.0,SP-09,Direct
S04559,H075,D014,2026-04-18,3,209000,10.0,564300.0,SP-15,Distributor
S04560,H027,D049,2026-01-03,5,2618000,0.0,13090000.0,SP-05,Direct
S04561,H038,D001,2024-03-22,5,1283000,10.0,5773500.0,SP-20,Distributor
S04562,H049,D037,2024-06-05,5,29058000,2.0,142384200.0,SP-16,Direct
S04563,H084,D010,2024-05-09,1,325000,0.0,325000.0,SP-10,Direct
S04564,H015,D001,2024-02-07,3,1279000,0.0,3837000.0,SP-09,Direct
S04565,H015,D045,2024-09-10,1,41355000,7.0,38460150.0,SP-17,Distributor
S04566,H028,D060,2024-01-01,1,497000,0.0,497000.0,SP-08,Direct
S04567,H066,D059,2024-11-17,4,711000,15.0,2417400.0,SP-11,Distributor
S04568,H044,D001,2024-04-24,4,1375000,7.0,5115000.0,SP-10,Direct
S04569,H097,D048,2026-09-10,4,60699000,5.0,230656200.0,SP-09,Direct
S04570,H032,D032,2026-05-28,4,7432000,15.0,25268800.0,SP-06,Direct
S04571,H014,D010,2024-12-10,3,326000,7.0,909540.0,SP-02,Direct
S04572,H092,D042,2025-08-02,3,33401000,2.0,98198940.0,SP-01,Direct
S04573,H028,D015,2024-05-16,1,185000,10.0,166500.0,SP-10,Direct
S04574,H033,D013,2025-04-25,3,217000,12.0,572880.0,SP-18,Direct
S04575,H073,D048,2025-03-24,1,60696000,0.0,60696000.0,SP-11,Distributor
S04576,H014,D055,2025-08-28,1,466000,0.0,466000.0,SP-25,Direct
S04577,H076,D037,2024-11-10,1,28464000,7.0,26471520.0,SP-18,Direct
S04578,H008,D038,2025-01-12,3,34937000,2.0,102714780.0,SP-07,Direct
S04579,H013,D021,2026-05-30,2,1682000,0.0,3364000.0,SP-07,Direct
S04580,H079,D054,2024-09-09,1,1779000,0.0,1779000.0,SP-12,Direct
S04581,H056,D023,2026-04-05,3,1768000,7.0,4932720.0,SP-22,Distributor
S04582,H017,D005,2025-04-30,1,5068000,0.0,5068000.0,SP-15,Direct
S04583,H077,D056,2024-10-04,4,460000,7.0,1711200.0,SP-22,Direct
S04584,H045,D047,2025-05-16,5,52558000,0.0,262790000.0,SP-21,Distributor
S04585,H065,D040,2025-08-14,3,32136000,12.0,84839040.0,SP-01,Distributor
S04586,H078,D054,2024-12-17,1,1761000,5.0,1672950.0,SP-19,Distributor
S04587,H021,D060,2024-03-14,2,515000,10.0,927000.0,SP-22,Distributor
S04588,H094,D008,2026-09-28,1,267000,5.0,253650.0,SP-15,Direct
S04589,H014,D042,2025-01-25,1,33452000,10.0,30106800.0,SP-06,Direct
S04590,H004,D017,2025-02-22,1,176000,10.0,158400.0,SP-16,Direct
S04591,H069,D038,2024-05-23,4,36724000,5.0,139551200.0,SP-19,Distributor
S04592,H052,D009,2025-05-03,1,376000,0.0,376000.0,SP-16,Direct
S04593,H042,D032,2025-08-30,1,7576000,7.0,7045680.0,SP-15,Distributor
S04594,H037,D057,2025-05-21,1,435000,5.0,413250.0,SP-15,Direct
S04595,H056,D048,2026-09-14,1,61226000,10.0,55103400.0,SP-01,Direct
S04596,H031,D046,2026-02-08,1,68243000,0.0,68243000.0,SP-05,Distributor
S04597,H020,D040,2024-05-06,5,31689000,5.0,150522750.0,SP-18,Distributor
S04598,H052,D020,2024-04-18,1,537000,15.0,456450.0,SP-13,Direct
S04599,H056,D058,2025-04-04,2,201000,15.0,341700.0,SP-15,Direct
S04600,H030,D049,2024-02-02,1,2493000,7.0,2318490.0,SP-09,Direct
S04601,H031,D014,2026-01-02,5,215000,12.0,946000.0,SP-25,Direct
S04602,H035,D036,2025-01-24,2,1534000,12.0,2699840.0,SP-07,Distributor
S04603,H033,D014,2026-02-03,3,221000,10.0,596700.0,SP-18,Direct
S04604,H076,D031,2024-09-06,1,5042000,0.0,5042000.0,SP-13,Direct
S04605,H046,D002,2025-03-27,1,5512000,12.0,4850560.0,SP-03,Direct
S04606,H074,D054,2025-10-10,5,1690000,2.0,8281000.0,SP-08,Direct
S04607,H062,D036,2026-07-07,3,1622000,2.0,4768680.0,SP-18,Distributor
S04608,H077,D041,2024-03-16,1,26830000,2.0,26293400.0,SP-23,Distributor
S04609,H078,D047,2025-04-17,1,53139000,10.0,47825100.0,SP-03,Direct
S04610,H091,D004,2025-06-30,1,4938000,5.0,4691100.0,SP-18,Direct
S04611,H074,D001,2025-08-26,1,1315000,0.0,1315000.0,SP-08,Distributor
S04612,H084,D050,2026-07-17,1,2259000,2.0,2213820.0,SP-16,Direct
S04613,H092,D003,2025-01-24,2,1326000,5.0,2519400.0,SP-21,Direct
S04614,H094,D038,2024-02-12,4,36108000,15.0,122767200.0,SP-19,Direct
S04615,H030,D003,2026-04-10,1,1267000,10.0,1140300.0,SP-21,Direct
S04616,H099,D001,2024-09-28,2,1360000,10.0,2448000.0,SP-24,Direct
S04617,H035,D013,2025-06-06,2,229000,10.0,412200.0,SP-07,Distributor
S04618,H092,D049,2026-02-21,2,2408000,0.0,4816000.0,SP-16,Distributor
S04619,H087,D060,2026-02-16,2,494000,12.0,869440.0,SP-19,Distributor
S04620,H085,D051,2026-02-20,4,2166000,5.0,8230800.0,SP-07,Distributor
S04621,H051,D055,2026-04-30,1,470000,15.0,399500.0,SP-10,Distributor
S04622,H067,D004,2026-06-01,1,4839000,12.0,4258320.0,SP-06,Distributor
S04623,H090,D017,2026-06-13,2,186000,7.0,345960.0,SP-01,Direct
S04624,H062,D037,2026-03-08,1,26983000,5.0,25633850.0,SP-01,Distributor
S04625,H087,D025,2024-11-19,1,105000,7.0,97650.0,SP-11,Direct
S04626,H089,D005,2024-08-01,1,4824000,0.0,4824000.0,SP-07,Distributor
S04627,H036,D044,2024-11-22,3,79449000,15.0,202594950.0,SP-08,Direct
S04628,H067,D002,2025-11-09,3,5277000,7.0,14722830.0,SP-18,Direct
S04629,H073,D025,2025-12-18,2,106000,10.0,190800.0,SP-08,Distributor
S04630,H031,D011,2024-11-02,1,266000,10.0,239400.0,SP-09,Direct
S04631,H033,D056,2025-12-29,1,491000,10.0,441900.0,SP-13,Direct
S04632,H051,D059,2024-02-01,5,698000,2.0,3420200.0,SP-13,Distributor
S04633,H037,D009,2025-04-30,2,370000,5.0,703000.0,SP-23,Direct
S04634,H089,D057,2025-02-18,5,443000,7.0,2059950.0,SP-07,Direct
S04635,H031,D008,2024-07-16,5,249000,5.0,1182750.0,SP-25,Direct
S04636,H062,D040,2026-03-02,1,30897000,10.0,27807300.0,SP-06,Distributor
S04637,H021,D003,2024-11-16,4,1281000,2.0,5021520.0,SP-13,Direct
S04638,H083,D009,2026-07-14,2,390000,5.0,741000.0,SP-04,Distributor
S04639,H046,D049,2025-06-25,5,2614000,5.0,12416500.0,SP-03,Direct
S04640,H056,D047,2024-05-03,5,54519000,10.0,245335500.0,SP-18,Direct
S04641,H081,D028,2024-03-17,1,129000,2.0,126420.0,SP-24,Distributor
S04642,H053,D011,2025-10-24,1,249000,7.0,231570.0,SP-04,Direct
S04643,H007,D006,2024-04-12,1,5054000,12.0,4447520.0,SP-15,Direct
S04644,H075,D055,2026-08-12,5,457000,5.0,2170750.0,SP-12,Direct
S04645,H004,D040,2025-01-07,1,29854000,10.0,26868600.0,SP-04,Direct
S04646,H046,D031,2026-07-06,4,4764000,2.0,18674880.0,SP-11,Distributor
S04647,H027,D043,2025-05-10,1,40237000,7.0,37420410.0,SP-08,Direct
S04648,H069,D019,2024-09-26,3,1167000,5.0,3325950.0,SP-03,Direct
S04649,H023,D010,2025-10-19,2,333000,12.0,586080.0,SP-08,Direct
S04650,H099,D019,2025-10-17,5,1107000,10.0,4981500.0,SP-09,Direct
S04651,H034,D007,2024-05-23,4,384000,12.0,1351680.0,SP-18,Distributor
S04652,H088,D011,2025-04-05,1,266000,2.0,260680.0,SP-07,Direct
S04653,H054,D017,2024-12-15,1,178000,7.0,165540.0,SP-15,Distributor
S04654,H051,D053,2026-08-27,1,963000,12.0,847440.0,SP-11,Distributor
S04655,H023,D037,2024-01-17,2,29008000,2.0,56855680.0,SP-13,Distributor
S04656,H040,D018,2024-12-03,1,209000,10.0,188100.0,SP-25,Distributor
S04657,H086,D027,2024-06-25,2,119000,0.0,238000.0,SP-02,Direct
S04658,H020,D032,2024-08-30,1,7319000,15.0,6221150.0,SP-17,Distributor
S04659,H045,D046,2025-03-06,1,64450000,15.0,54782500.0,SP-13,Distributor
S04660,H077,D041,2024-11-16,3,27997000,12.0,73912080.0,SP-18,Distributor
S04661,H099,D029,2025-03-23,1,127000,5.0,120650.0,SP-05,Distributor
S04662,H017,D015,2024-01-06,2,182000,5.0,345800.0,SP-14,Direct
S04663,H064,D034,2025-08-18,1,6369000,2.0,6241620.0,SP-15,Direct
S04664,H072,D047,2025-09-24,1,52065000,5.0,49461750.0,SP-24,Direct
S04665,H072,D020,2025-06-09,1,543000,15.0,461550.0,SP-07,Distributor
S04666,H093,D059,2025-04-15,4,657000,7.0,2444040.0,SP-21,Direct
S04667,H046,D049,2024-10-09,2,2497000,5.0,4744300.0,SP-19,Direct
S04668,H051,D032,2024-02-04,1,7393000,10.0,6653700.0,SP-11,Direct
S04669,H068,D055,2026-01-17,2,480000,5.0,912000.0,SP-09,Direct
S04670,H020,D014,2024-12-12,4,211000,10.0,759600.0,SP-08,Distributor
S04671,H062,D050,2024-06-22,2,2272000,0.0,4544000.0,SP-21,Direct
S04672,H029,D039,2024-11-18,1,27739000,5.0,26352050.0,SP-07,Distributor
S04673,H022,D015,2024-12-24,2,198000,2.0,388080.0,SP-08,Direct
S04674,H020,D023,2024-10-24,5,1621000,7.0,7537650.0,SP-07,Distributor
S04675,H056,D052,2026-07-28,1,1230000,10.0,1107000.0,SP-22,Direct
S04676,H062,D038,2024-03-13,3,36944000,0.0,110832000.0,SP-19,Direct
S04677,H065,D018,2024-10-19,1,204000,12.0,179520.0,SP-05,Direct
S04678,H021,D004,2024-09-18,4,5041000,10.0,18147600.0,SP-04,Direct
S04679,H088,D046,2024-11-19,1,64935000,10.0,58441500.0,SP-19,Direct
S04680,H089,D045,2024-12-26,4,40011000,15.0,136037400.0,SP-23,Direct
S04681,H009,D044,2026-09-20,2,74089000,5.0,140769100.0,SP-11,Direct
S04682,H096,D028,2026-03-22,2,133000,10.0,239400.0,SP-02,Direct
S04683,H073,D016,2026-02-13,1,122000,7.0,113460.0,SP-05,Direct
S04684,H013,D018,2025-04-07,1,204000,0.0,204000.0,SP-06,Direct
S04685,H021,D007,2025-10-26,3,384000,15.0,979200.0,SP-06,Direct
S04686,H079,D049,2025-05-22,4,2522000,7.0,9381840.0,SP-07,Direct
S04687,H097,D057,2026-01-05,1,424000,5.0,402800.0,SP-03,Distributor
S04688,H068,D018,2026-07-24,5,206000,15.0,875500.0,SP-04,Distributor
S04689,H065,D052,2024-10-02,1,1273000,7.0,1183890.0,SP-20,Distributor
S04690,H023,D010,2026-04-14,1,328000,5.0,311600.0,SP-23,Direct
S04691,H011,D041,2026-08-03,1,26102000,10.0,23491800.0,SP-07,Direct
S04692,H062,D003,2024-04-27,1,1352000,5.0,1284400.0,SP-11,Distributor
S04693,H074,D028,2026-01-09,2,137000,0.0,274000.0,SP-09,Distributor
S04694,H027,D038,2026-04-05,2,36829000,5.0,69975100.0,SP-11,Distributor
S04695,H094,D011,2024-07-26,1,248000,10.0,223200.0,SP-11,Distributor
S04696,H048,D046,2026-02-21,3,63983000,10.0,172754100.0,SP-24,Direct
S04697,H016,D047,2024-09-17,2,54237000,2.0,106304520.0,SP-21,Distributor
S04698,H094,D001,2025-12-03,2,1314000,0.0,2628000.0,SP-09,Distributor
S04699,H067,D012,2025-03-04,1,167000,15.0,141950.0,SP-02,Distributor
S04700,H021,D059,2024-01-25,2,720000,7.0,1339200.0,SP-04,Direct
S04701,H071,D017,2024-10-25,1,182000,7.0,169260.0,SP-15,Direct
S04702,H093,D011,2025-11-03,3,254000,10.0,685800.0,SP-07,Direct
S04703,H074,D019,2025-07-05,2,1116000,2.0,2187360.0,SP-10,Direct
S04704,H024,D016,2025-06-21,5,115000,10.0,517500.0,SP-13,Direct
S04705,H090,D048,2025-10-16,5,59467000,5.0,282468250.0,SP-17,Direct
S04706,H041,D030,2025-01-07,1,142000,15.0,120700.0,SP-20,Distributor
S04707,H023,D031,2026-09-13,1,4788000,7.0,4452840.0,SP-09,Distributor
S04708,H084,D011,2026-06-29,1,251000,7.0,233430.0,SP-14,Direct
S04709,H050,D046,2025-03-01,4,68506000,0.0,274024000.0,SP-18,Direct
S04710,H015,D028,2025-03-30,4,138000,2.0,540960.0,SP-16,Direct
S04711,H005,D012,2026-01-05,1,169000,0.0,169000.0,SP-22,Distributor
S04712,H092,D006,2025-02-10,1,4946000,2.0,4847080.0,SP-09,Direct
S04713,H021,D030,2025-06-30,1,133000,7.0,123690.0,SP-14,Direct
S04714,H073,D056,2025-01-19,2,470000,10.0,846000.0,SP-09,Direct
S04715,H002,D006,2025-06-14,1,5313000,5.0,5047350.0,SP-20,Direct
S04716,H011,D033,2024-07-05,3,3267000,15.0,8330850.0,SP-09,Direct
S04717,H020,D026,2026-07-18,4,51000,5.0,193800.0,SP-12,Distributor
S04718,H048,D047,2026-08-30,1,54733000,12.0,48165040.0,SP-20,Distributor
S04719,H067,D057,2025-12-26,1,424000,10.0,381600.0,SP-14,Direct
S04720,H081,D031,2026-07-11,4,4879000,5.0,18540200.0,SP-10,Distributor
S04721,H056,D038,2024-01-24,2,34575000,2.0,67767000.0,SP-02,Direct
S04722,H031,D004,2024-04-12,5,4756000,12.0,20926400.0,SP-02,Distributor
S04723,H015,D023,2026-03-16,1,1748000,10.0,1573200.0,SP-10,Direct
S04724,H033,D041,2025-02-28,1,26374000,7.0,24527820.0,SP-22,Direct
S04725,H050,D028,2024-11-01,1,134000,0.0,134000.0,SP-01,Distributor
S04726,H091,D026,2026-01-27,1,53000,5.0,50350.0,SP-03,Distributor
S04727,H052,D040,2025-11-06,5,30305000,5.0,143948750.0,SP-10,Distributor
S04728,H064,D052,2026-05-17,3,1274000,10.0,3439800.0,SP-05,Distributor
S04729,H075,D031,2024-08-18,4,5021000,12.0,17673920.0,SP-14,Distributor
S04730,H056,D013,2026-02-18,2,228000,10.0,410400.0,SP-22,Distributor
S04731,H079,D026,2024-09-04,4,53000,7.0,197160.0,SP-22,Distributor
S04732,H047,D051,2025-08-05,3,2305000,10.0,6223500.0,SP-23,Direct
S04733,H092,D019,2026-04-08,4,1147000,15.0,3899800.0,SP-23,Direct
S04734,H017,D014,2026-01-05,4,208000,0.0,832000.0,SP-15,Direct
S04735,H085,D057,2025-03-20,1,427000,5.0,405650.0,SP-16,Direct
S04736,H039,D053,2025-07-05,5,975000,7.0,4533750.0,SP-07,Distributor
S04737,H020,D024,2025-07-13,5,944000,5.0,4484000.0,SP-16,Distributor
S04738,H006,D033,2024-07-16,4,3431000,10.0,12351600.0,SP-25,Direct
S04739,H038,D006,2025-07-11,1,5283000,15.0,4490550.0,SP-12,Distributor
S04740,H054,D026,2026-07-03,5,51000,2.0,249900.0,SP-18,Direct
S04741,H054,D026,2026-02-24,4,52000,7.0,193440.0,SP-20,Direct
S04742,H051,D017,2024-06-30,5,188000,15.0,799000.0,SP-11,Distributor
S04743,H041,D052,2025-08-25,2,1238000,0.0,2476000.0,SP-03,Distributor
S04744,H025,D049,2025-01-03,1,2512000,7.0,2336160.0,SP-25,Distributor
S04745,H037,D040,2025-02-03,3,30983000,12.0,81795120.0,SP-14,Distributor
S04746,H029,D037,2024-09-03,1,28494000,0.0,28494000.0,SP-05,Direct
S04747,H026,D042,2025-08-02,1,34356000,0.0,34356000.0,SP-05,Distributor
S04748,H096,D023,2026-02-18,1,1776000,12.0,1562880.0,SP-18,Direct
S04749,H074,D045,2025-04-22,4,40111000,7.0,149212920.0,SP-01,Distributor
S04750,H090,D011,2025-11-26,3,257000,5.0,732450.0,SP-23,Distributor
S04751,H004,D049,2026-04-20,2,2485000,5.0,4721500.0,SP-23,Direct
S04752,H087,D042,2024-07-15,1,34222000,15.0,29088700.0,SP-11,Distributor
S04753,H099,D045,2024-12-20,3,38538000,10.0,104052600.0,SP-07,Direct
S04754,H070,D059,2025-11-17,1,708000,2.0,693840.0,SP-20,Direct
S04755,H061,D019,2024-04-07,1,1102000,10.0,991800.0,SP-23,Distributor
S04756,H059,D007,2024-08-26,1,411000,10.0,369900.0,SP-06,Direct
S04757,H044,D031,2025-09-08,1,4719000,5.0,4483050.0,SP-18,Direct
S04758,H083,D002,2025-04-10,5,5497000,7.0,25561050.0,SP-15,Direct
S04759,H030,D027,2026-06-13,2,120000,5.0,228000.0,SP-22,Distributor
S04760,H098,D023,2024-09-27,1,1659000,2.0,1625820.0,SP-08,Direct
S04761,H099,D041,2024-05-01,1,26281000,15.0,22338850.0,SP-06,Direct
S04762,H016,D018,2024-02-05,3,203000,5.0,578550.0,SP-12,Direct
S04763,H057,D049,2025-09-09,3,2583000,10.0,6974100.0,SP-23,Direct
S04764,H011,D049,2024-02-08,4,2593000,2.0,10164560.0,SP-21,Direct
S04765,H024,D035,2024-05-12,1,7626000,12.0,6710880.0,SP-05,Distributor
S04766,H073,D060,2025-04-24,4,526000,5.0,1998800.0,SP-09,Distributor
S04767,H043,D021,2024-07-19,4,1748000,7.0,6502560.0,SP-25,Direct
S04768,H003,D058,2026-02-27,2,202000,2.0,395920.0,SP-15,Direct
S04769,H094,D031,2025-07-08,1,4655000,10.0,4189500.0,SP-04,Direct
S04770,H012,D051,2025-10-06,1,2318000,15.0,1970300.0,SP-02,Direct
S04771,H100,D037,2024-03-12,5,28720000,12.0,126368000.0,SP-06,Direct
S04772,H018,D049,2024-09-16,1,2607000,0.0,2607000.0,SP-19,Direct
S04773,H061,D012,2025-02-03,4,168000,15.0,571200.0,SP-08,Distributor
S04774,H098,D035,2025-10-14,4,7743000,5.0,29423400.0,SP-15,Direct
S04775,H096,D047,2024-06-23,1,55765000,12.0,49073200.0,SP-04,Distributor
S04776,H067,D006,2024-09-22,1,5094000,5.0,4839300.0,SP-13,Direct
S04777,H062,D060,2024-03-17,4,537000,7.0,1997640.0,SP-25,Distributor
S04778,H086,D030,2025-02-19,1,135000,2.0,132300.0,SP-15,Direct
S04779,H079,D040,2024-04-15,1,31910000,0.0,31910000.0,SP-03,Direct
S04780,H060,D010,2025-06-17,4,329000,12.0,1158080.0,SP-02,Direct
S04781,H017,D048,2025-02-20,1,57565000,10.0,51808500.0,SP-21,Distributor
S04782,H029,D002,2026-02-03,1,5158000,5.0,4900100.0,SP-19,Distributor
S04783,H068,D026,2025-04-30,5,55000,5.0,261250.0,SP-09,Direct
S04784,H064,D005,2026-02-03,1,5264000,10.0,4737600.0,SP-03,Direct
S04785,H072,D007,2025-12-05,1,379000,10.0,341100.0,SP-05,Distributor
S04786,H036,D012,2025-11-15,5,172000,15.0,731000.0,SP-17,Distributor
S04787,H060,D032,2025-06-07,3,7840000,2.0,23049600.0,SP-13,Distributor
S04788,H060,D016,2024-08-16,1,112000,10.0,100800.0,SP-08,Distributor
S04789,H021,D054,2024-10-19,5,1708000,0.0,8540000.0,SP-05,Direct
S04790,H036,D037,2025-08-22,1,29120000,5.0,27664000.0,SP-13,Direct
S04791,H017,D017,2026-09-22,3,189000,2.0,555660.0,SP-18,Distributor
S04792,H068,D046,2026-03-31,3,63490000,15.0,161899500.0,SP-05,Distributor
S04793,H068,D030,2024-06-30,1,140000,7.0,130200.0,SP-05,Direct
S04794,H079,D007,2024-03-07,1,408000,0.0,408000.0,SP-24,Direct
S04795,H031,D049,2024-02-27,1,2588000,0.0,2588000.0,SP-07,Distributor
S04796,H078,D027,2024-03-22,2,122000,7.0,226920.0,SP-15,Direct
S04797,H058,D053,2026-01-18,1,952000,10.0,856800.0,SP-15,Direct
S04798,H091,D040,2025-05-19,2,30323000,2.0,59433080.0,SP-07,Direct
S04799,H036,D017,2026-03-23,1,179000,5.0,170050.0,SP-07,Direct
S04800,H036,D049,2025-02-11,3,2567000,5.0,7315950.0,SP-13,Distributor
S04801,H071,D030,2024-07-19,1,132000,5.0,125400.0,SP-12,Direct
S04802,H080,D005,2025-07-06,1,4925000,5.0,4678750.0,SP-17,Direct
S04803,H095,D058,2024-03-26,1,208000,0.0,208000.0,SP-23,Direct
S04804,H001,D052,2026-02-09,3,1160000,5.0,3306000.0,SP-02,Direct
S04805,H071,D028,2024-05-08,1,136000,7.0,126480.0,SP-14,Direct
S04806,H003,D003,2026-06-04,1,1289000,2.0,1263220.0,SP-25,Direct
S04807,H031,D007,2025-11-03,2,402000,2.0,787920.0,SP-10,Distributor
S04808,H061,D055,2024-09-11,4,499000,10.0,1796400.0,SP-09,Distributor
S04809,H065,D008,2026-05-08,2,243000,10.0,437400.0,SP-01,Direct
S04810,H009,D047,2025-01-02,1,53865000,12.0,47401200.0,SP-11,Direct
S04811,H012,D024,2026-03-19,1,1023000,10.0,920700.0,SP-11,Direct
S04812,H020,D052,2026-09-06,1,1199000,5.0,1139050.0,SP-19,Direct
S04813,H073,D026,2025-04-05,1,51000,15.0,43350.0,SP-07,Direct
S04814,H024,D039,2026-08-16,2,30176000,10.0,54316800.0,SP-23,Distributor
S04815,H082,D052,2026-05-13,2,1241000,5.0,2357900.0,SP-18,Direct
S04816,H045,D033,2025-11-09,1,3346000,0.0,3346000.0,SP-14,Direct
S04817,H055,D032,2025-05-20,2,7804000,10.0,14047200.0,SP-09,Direct
S04818,H002,D028,2024-04-23,1,137000,2.0,134260.0,SP-18,Direct
S04819,H062,D048,2024-05-27,4,61368000,5.0,233198400.0,SP-12,Distributor
S04820,H036,D015,2024-03-11,1,194000,2.0,190120.0,SP-20,Distributor
S04821,H033,D056,2024-11-27,3,489000,0.0,1467000.0,SP-21,Direct
S04822,H050,D018,2024-02-22,5,197000,0.0,985000.0,SP-07,Distributor
S04823,H015,D044,2026-03-18,1,80462000,15.0,68392700.0,SP-15,Distributor
S04824,H089,D041,2024-08-11,1,26621000,15.0,22627850.0,SP-01,Direct
S04825,H071,D010,2025-06-12,3,322000,15.0,821100.0,SP-15,Direct
S04826,H085,D042,2024-04-25,1,34691000,7.0,32262630.0,SP-21,Distributor
S04827,H031,D001,2024-08-28,5,1351000,5.0,6417250.0,SP-22,Direct
S04828,H009,D029,2025-11-23,1,130000,7.0,120900.0,SP-03,Distributor
S04829,H036,D035,2024-01-30,1,7413000,2.0,7264740.0,SP-11,Distributor
S04830,H084,D044,2025-02-06,4,76266000,7.0,283709520.0,SP-01,Distributor
S04831,H082,D029,2026-01-26,1,121000,10.0,108900.0,SP-09,Distributor
S04832,H078,D048,2025-08-17,1,61502000,12.0,54121760.0,SP-09,Direct
S04833,H024,D038,2024-02-21,1,36175000,7.0,33642750.0,SP-10,Direct
S04834,H018,D023,2024-01-01,5,1749000,5.0,8307750.0,SP-17,Distributor
S04835,H009,D046,2025-09-28,3,67580000,2.0,198685200.0,SP-21,Distributor
S04836,H049,D013,2025-09-12,1,217000,0.0,217000.0,SP-15,Direct
S04837,H031,D010,2025-11-15,5,310000,2.0,1519000.0,SP-20,Distributor
S04838,H054,D001,2025-01-13,3,1342000,5.0,3824700.0,SP-06,Direct
S04839,H078,D050,2026-06-28,5,2312000,7.0,10750800.0,SP-03,Distributor
S04840,H053,D033,2024-12-29,1,3261000,5.0,3097950.0,SP-25,Direct
S04841,H074,D010,2025-07-14,1,330000,5.0,313500.0,SP-19,Direct
S04842,H012,D011,2025-03-09,2,261000,10.0,469800.0,SP-25,Distributor
S04843,H042,D020,2025-08-17,4,571000,12.0,2009920.0,SP-11,Distributor
S04844,H091,D002,2026-04-11,1,5480000,12.0,4822400.0,SP-11,Direct
S04845,H025,D045,2024-02-28,2,41474000,7.0,77141640.0,SP-13,Direct
S04846,H100,D033,2025-03-30,1,3398000,0.0,3398000.0,SP-08,Direct
S04847,H091,D022,2025-03-29,2,1455000,15.0,2473500.0,SP-10,Direct
S04848,H069,D003,2025-02-01,3,1328000,5.0,3784800.0,SP-04,Direct
S04849,H009,D060,2025-02-18,2,502000,10.0,903600.0,SP-21,Direct
S04850,H012,D003,2024-01-26,2,1340000,0.0,2680000.0,SP-12,Distributor
S04851,H043,D041,2025-11-14,3,27920000,5.0,79572000.0,SP-22,Direct
S04852,H078,D008,2026-04-02,4,245000,5.0,931000.0,SP-01,Distributor
S04853,H088,D021,2026-07-12,3,1786000,10.0,4822200.0,SP-06,Distributor
S04854,H052,D001,2026-01-17,1,1299000,5.0,1234050.0,SP-18,Direct
S04855,H075,D022,2025-12-31,1,1504000,5.0,1428800.0,SP-23,Direct
S04856,H002,D041,2025-08-17,1,27059000,10.0,24353100.0,SP-14,Direct
S04857,H066,D059,2025-11-06,2,696000,12.0,1224960.0,SP-15,Distributor
S04858,H034,D034,2024-06-06,3,6897000,0.0,20691000.0,SP-11,Direct
S04859,H022,D052,2025-06-10,2,1175000,7.0,2185500.0,SP-22,Direct
S04860,H087,D005,2026-02-02,2,5151000,2.0,10095960.0,SP-18,Direct
S04861,H019,D045,2026-06-08,1,41092000,12.0,36160960.0,SP-19,Direct
S04862,H073,D008,2025-12-18,4,249000,5.0,946200.0,SP-05,Distributor
S04863,H091,D026,2026-05-08,1,52000,12.0,45760.0,SP-21,Direct
S04864,H074,D043,2025-07-17,1,41615000,10.0,37453500.0,SP-01,Direct
S04865,H050,D004,2024-08-05,1,4966000,5.0,4717700.0,SP-02,Distributor
S04866,H044,D056,2026-08-03,1,500000,5.0,475000.0,SP-10,Distributor
S04867,H096,D034,2026-01-24,2,6885000,5.0,13081500.0,SP-13,Direct
S04868,H048,D039,2026-05-25,3,28036000,10.0,75697200.0,SP-05,Direct
S04869,H067,D051,2024-02-14,1,2165000,0.0,2165000.0,SP-17,Direct
S04870,H010,D042,2025-01-02,1,34836000,12.0,30655680.0,SP-07,Distributor
S04871,H007,D030,2025-05-08,1,133000,12.0,117040.0,SP-01,Direct
S04872,H006,D039,2024-06-16,1,28699000,10.0,25829100.0,SP-18,Distributor
S04873,H057,D001,2025-09-29,3,1276000,12.0,3368640.0,SP-22,Distributor
S04874,H057,D059,2024-09-19,4,667000,5.0,2534600.0,SP-22,Distributor
S04875,H026,D044,2026-01-21,1,80936000,2.0,79317280.0,SP-12,Direct
S04876,H096,D029,2024-07-26,1,131000,7.0,121830.0,SP-04,Direct
S04877,H097,D020,2024-04-11,5,543000,0.0,2715000.0,SP-11,Distributor
S04878,H046,D022,2024-09-28,1,1475000,5.0,1401250.0,SP-22,Distributor
S04879,H088,D044,2025-03-12,1,79397000,10.0,71457300.0,SP-20,Direct
S04880,H002,D033,2025-10-20,2,3366000,7.0,6260760.0,SP-07,Direct
S04881,H014,D017,2025-03-01,1,179000,2.0,175420.0,SP-07,Direct
S04882,H027,D031,2026-09-28,2,4738000,5.0,9002200.0,SP-04,Direct
S04883,H039,D044,2024-06-01,1,76335000,7.0,70991550.0,SP-15,Direct
S04884,H049,D008,2024-07-13,1,259000,2.0,253820.0,SP-05,Direct
S04885,H056,D014,2025-09-20,1,217000,10.0,195300.0,SP-21,Direct
S04886,H100,D034,2024-08-30,3,6639000,10.0,17925300.0,SP-16,Distributor
S04887,H090,D023,2026-07-08,5,1665000,10.0,7492500.0,SP-13,Direct
S04888,H063,D019,2025-02-08,2,1104000,2.0,2163840.0,SP-03,Direct
S04889,H015,D056,2025-06-23,1,476000,2.0,466480.0,SP-05,Distributor
S04890,H023,D038,2024-07-05,1,34909000,2.0,34210820.0,SP-12,Direct
S04891,H099,D039,2024-10-27,3,28103000,5.0,80093550.0,SP-07,Direct
S04892,H038,D031,2025-05-30,1,4595000,10.0,4135500.0,SP-13,Direct
S04893,H025,D024,2024-08-19,1,997000,5.0,947150.0,SP-15,Distributor
S04894,H008,D053,2025-04-06,1,932000,10.0,838800.0,SP-16,Direct
S04895,H017,D040,2025-12-21,2,31486000,0.0,62972000.0,SP-14,Direct
S04896,H021,D058,2024-03-02,4,188000,7.0,699360.0,SP-09,Distributor
S04897,H072,D051,2024-09-16,5,2261000,2.0,11078900.0,SP-23,Distributor
S04898,H030,D037,2026-04-17,5,28470000,7.0,132385500.0,SP-23,Distributor
S04899,H080,D059,2025-05-10,2,696000,0.0,1392000.0,SP-17,Direct
S04900,H043,D023,2025-08-06,2,1768000,7.0,3288480.0,SP-14,Direct
S04901,H029,D051,2026-04-04,2,2265000,7.0,4212900.0,SP-02,Distributor
S04902,H074,D024,2025-05-01,2,1038000,12.0,1826880.0,SP-03,Distributor
S04903,H054,D049,2026-08-30,2,2619000,12.0,4609440.0,SP-16,Direct
S04904,H016,D054,2025-04-19,1,1719000,10.0,1547100.0,SP-23,Distributor
S04905,H010,D048,2026-07-06,1,60824000,0.0,60824000.0,SP-09,Distributor
S04906,H087,D007,2025-03-29,1,410000,7.0,381300.0,SP-12,Direct
S04907,H074,D053,2026-05-26,5,894000,7.0,4157100.0,SP-15,Distributor
S04908,H099,D050,2024-04-15,1,2278000,5.0,2164100.0,SP-11,Distributor
S04909,H061,D053,2025-05-29,1,951000,12.0,836880.0,SP-23,Distributor
S04910,H013,D055,2026-08-22,4,502000,5.0,1907600.0,SP-09,Distributor
S04911,H006,D012,2025-04-04,1,181000,0.0,181000.0,SP-08,Direct
S04912,H087,D016,2025-03-09,3,124000,7.0,345960.0,SP-13,Direct
S04913,H043,D029,2024-05-26,3,123000,10.0,332100.0,SP-14,Direct
S04914,H005,D032,2024-11-08,1,7460000,12.0,6564800.0,SP-23,Distributor
S04915,H011,D014,2026-08-26,1,224000,15.0,190400.0,SP-12,Direct
S04916,H014,D008,2024-07-10,5,254000,2.0,1244600.0,SP-03,Distributor
S04917,H029,D023,2025-01-10,1,1630000,5.0,1548500.0,SP-07,Distributor
S04918,H071,D028,2025-02-07,1,133000,7.0,123690.0,SP-13,Direct
S04919,H016,D054,2024-02-08,3,1708000,2.0,5021520.0,SP-14,Direct
S04920,H059,D030,2025-07-30,1,144000,0.0,144000.0,SP-10,Distributor
S04921,H089,D006,2025-07-01,2,4990000,2.0,9780400.0,SP-18,Distributor
S04922,H068,D040,2025-02-25,2,31967000,0.0,63934000.0,SP-13,Direct
S04923,H026,D053,2025-03-19,4,939000,7.0,3493080.0,SP-16,Direct
S04924,H013,D004,2025-12-30,1,4825000,15.0,4101250.0,SP-18,Direct
S04925,H079,D004,2024-06-07,2,4657000,7.0,8662020.0,SP-01,Distributor
S04926,H015,D022,2025-03-15,1,1428000,10.0,1285200.0,SP-07,Direct
S04927,H097,D027,2026-04-16,1,119000,12.0,104720.0,SP-01,Direct
S04928,H030,D002,2026-06-18,1,5324000,10.0,4791600.0,SP-18,Distributor
S04929,H062,D010,2026-09-13,4,321000,2.0,1258320.0,SP-11,Direct
S04930,H038,D023,2024-07-29,4,1724000,10.0,6206400.0,SP-21,Direct
S04931,H067,D027,2024-06-01,1,121000,5.0,114950.0,SP-15,Distributor
S04932,H072,D038,2026-02-19,2,34471000,5.0,65494900.0,SP-25,Distributor
S04933,H021,D055,2024-04-05,5,477000,7.0,2218050.0,SP-04,Direct
S04934,H060,D053,2026-07-23,1,937000,12.0,824560.0,SP-05,Direct
S04935,H095,D027,2024-10-26,1,120000,15.0,102000.0,SP-14,Distributor
S04936,H003,D003,2026-08-19,1,1239000,10.0,1115100.0,SP-17,Direct
S04937,H049,D043,2024-04-09,2,38615000,5.0,73368500.0,SP-16,Direct
S04938,H007,D035,2026-04-05,2,7700000,2.0,15092000.0,SP-15,Direct
S04939,H003,D037,2025-01-18,5,27025000,5.0,128368750.0,SP-11,Direct
S04940,H001,D012,2024-10-28,2,176000,7.0,327360.0,SP-02,Direct
S04941,H039,D019,2026-07-01,1,1180000,2.0,1156400.0,SP-09,Direct
S04942,H030,D019,2025-09-07,2,1148000,7.0,2135280.0,SP-18,Distributor
S04943,H048,D038,2025-03-15,1,34721000,5.0,32984950.0,SP-21,Direct
S04944,H032,D048,2025-06-23,5,61445000,7.0,285719250.0,SP-11,Direct
S04945,H043,D024,2025-09-02,2,1039000,10.0,1870200.0,SP-16,Direct
S04946,H014,D002,2026-09-17,5,5089000,10.0,22900500.0,SP-20,Direct
S04947,H091,D028,2025-12-29,1,135000,10.0,121500.0,SP-06,Distributor
S04948,H095,D020,2024-09-23,1,584000,5.0,554800.0,SP-08,Distributor
S04949,H061,D025,2026-02-11,1,104000,10.0,93600.0,SP-09,Distributor
S04950,H003,D036,2024-08-19,2,1511000,2.0,2961560.0,SP-23,Direct
S04951,H020,D003,2026-08-30,1,1258000,0.0,1258000.0,SP-21,Direct
S04952,H073,D060,2024-02-24,1,514000,0.0,514000.0,SP-23,Direct
S04953,H099,D023,2025-01-28,3,1643000,5.0,4682550.0,SP-21,Direct
S04954,H080,D036,2025-08-12,5,1542000,2.0,7555800.0,SP-03,Direct
S04955,H076,D023,2025-05-20,5,1768000,5.0,8398000.0,SP-06,Direct
S04956,H054,D022,2026-09-07,4,1527000,5.0,5802600.0,SP-22,Distributor
S04957,H014,D029,2024-09-26,4,129000,10.0,464400.0,SP-13,Distributor
S04958,H056,D041,2024-12-04,1,27196000,12.0,23932480.0,SP-09,Distributor
S04959,H032,D034,2025-05-17,1,6483000,5.0,6158850.0,SP-22,Distributor
S04960,H083,D049,2024-11-14,4,2475000,15.0,8415000.0,SP-22,Distributor
S04961,H077,D022,2025-09-06,2,1501000,15.0,2551700.0,SP-07,Direct
S04962,H086,D021,2025-05-06,3,1659000,10.0,4479300.0,SP-19,Distributor
S04963,H071,D024,2025-01-10,5,959000,5.0,4555250.0,SP-01,Direct
S04964,H084,D007,2025-04-02,3,407000,2.0,1196580.0,SP-14,Direct
S04965,H090,D048,2026-01-21,5,58200000,5.0,276450000.0,SP-23,Direct
S04966,H100,D057,2025-09-07,4,411000,12.0,1446720.0,SP-18,Distributor
S04967,H081,D024,2025-03-02,4,969000,12.0,3410880.0,SP-16,Direct
S04968,H033,D016,2025-06-06,4,118000,10.0,424800.0,SP-16,Distributor
S04969,H069,D014,2024-01-04,5,224000,5.0,1064000.0,SP-22,Direct
S04970,H071,D029,2026-07-31,1,121000,10.0,108900.0,SP-21,Distributor
S04971,H011,D037,2026-08-08,2,26790000,0.0,53580000.0,SP-21,Direct
S04972,H096,D020,2025-02-20,1,536000,12.0,471680.0,SP-21,Distributor
S04973,H015,D051,2026-08-23,1,2354000,5.0,2236300.0,SP-20,Direct
S04974,H044,D005,2026-07-04,5,5001000,10.0,22504500.0,SP-17,Direct
S04975,H030,D030,2024-09-22,4,135000,12.0,475200.0,SP-08,Direct
S04976,H018,D024,2026-08-09,1,984000,10.0,885600.0,SP-17,Direct
S04977,H020,D007,2024-05-03,3,390000,2.0,1146600.0,SP-24,Direct
S04978,H081,D032,2024-04-14,5,7908000,5.0,37563000.0,SP-13,Distributor
S04979,H096,D049,2026-06-24,2,2532000,2.0,4962720.0,SP-02,Direct
S04980,H052,D054,2024-01-02,1,1660000,2.0,1626800.0,SP-04,Distributor
S04981,H054,D021,2026-08-25,5,1670000,0.0,8350000.0,SP-22,Direct
S04982,H075,D027,2024-03-26,2,114000,7.0,212040.0,SP-01,Direct
S04983,H070,D045,2025-10-03,1,40438000,5.0,38416100.0,SP-25,Direct
S04984,H016,D042,2025-07-11,1,35690000,2.0,34976200.0,SP-11,Direct
S04985,H092,D051,2026-03-08,2,2207000,10.0,3972600.0,SP-16,Direct
S04986,H049,D038,2025-07-07,2,36363000,7.0,67635180.0,SP-16,Distributor
S04987,H032,D028,2026-07-02,2,130000,10.0,234000.0,SP-14,Direct
S04988,H031,D046,2024-03-03,5,63190000,5.0,300152500.0,SP-17,Direct
S04989,H065,D024,2024-01-10,2,1026000,15.0,1744200.0,SP-25,Distributor
S04990,H008,D005,2024-10-10,5,4829000,2.0,23662100.0,SP-04,Distributor
S04991,H023,D051,2026-07-27,2,2310000,12.0,4065600.0,SP-12,Direct
S04992,H096,D053,2025-11-26,2,902000,5.0,1713800.0,SP-23,Distributor
S04993,H089,D048,2025-04-23,2,58939000,15.0,100196300.0,SP-24,Distributor
S04994,H074,D039,2026-07-09,1,28366000,12.0,24962080.0,SP-21,Direct
S04995,H051,D053,2025-05-18,1,936000,10.0,842400.0,SP-14,Direct
S04996,H007,D014,2024-06-29,4,210000,10.0,756000.0,SP-16,Direct
S04997,H071,D038,2026-05-09,1,35212000,2.0,34507760.0,SP-23,Distributor
S04998,H039,D003,2024-02-16,1,1291000,7.0,1200630.0,SP-20,Direct
S04999,H021,D030,2024-07-26,2,143000,5.0,271700.0,SP-11,Direct
S05000,H093,D028,2024-12-25,1,129000,0.0,129000.0,SP-14,Direct
