Service_ID,Hospital_ID,Device_ID,Service_Date,Service_Type,Issue_Category,Priority,Downtime_Hours,Resolution_Days,Warranty_Status,Service_Cost,Resolution_Status,Customer_Satisfaction
SV00001,H075,D043,2025-06-20,Preventive Maintenance,Power Failure,Medium,3.0,3,Out of Warranty,11449.38,Resolved,4
SV00002,H061,D022,2024-03-07,Preventive Maintenance,Display Issue,Medium,12.4,1,Out of Warranty,8407.55,Resolved,5
SV00003,H060,D026,2025-06-07,Corrective Maintenance,Display Issue,Medium,8.0,2,Under Warranty,9957.52,Resolved,4
SV00004,H089,D053,2026-04-12,Corrective Maintenance,Calibration Issue,Low,16.7,1,Under Warranty,8055.94,Resolved,4
SV00005,H016,D019,2024-06-16,Corrective Maintenance,Image Quality,Medium,12.8,3,Under Warranty,19422.02,Resolved,3
SV00006,H057,D037,2025-06-14,Preventive Maintenance,Software Error,Medium,12.5,4,Under Warranty,3447.09,Resolved,4
SV00007,H026,D014,2026-06-23,Preventive Maintenance,Software Error,Low,1.5,2,Under Warranty,3284.84,Resolved,5
SV00008,H002,D046,2025-09-09,Corrective Maintenance,Battery Issue,Medium,11.2,2,Under Warranty,15462.49,Resolved,4
SV00009,H065,D059,2025-10-21,Corrective Maintenance,Connectivity,High,8.5,3,Out of Warranty,28260.28,Resolved,4
SV00010,H026,D033,2026-03-13,Preventive Maintenance,Battery Issue,High,14.9,8,Out of Warranty,8808.7,Resolved,4
SV00011,H085,D010,2025-09-13,Corrective Maintenance,Software Error,High,24.4,5,Out of Warranty,33481.21,Resolved,4
SV00012,H015,D029,2025-02-04,Preventive Maintenance,Battery Issue,Medium,12.8,10,Under Warranty,5943.75,Resolved,4
SV00013,H073,D010,2025-07-23,Preventive Maintenance,Mechanical Issue,High,7.9,3,Under Warranty,6420.58,Resolved,5
SV00014,H038,D012,2025-11-12,Installation,Software Error,Low,7.3,3,Under Warranty,9359.61,Resolved,4
SV00015,H067,D028,2025-07-18,Preventive Maintenance,Image Quality,High,9.7,2,Out of Warranty,15832.8,Resolved,4
SV00016,H015,D020,2025-04-14,Corrective Maintenance,Software Error,Medium,20.7,1,Out of Warranty,33129.46,Resolved,5
SV00017,H081,D031,2024-09-28,Corrective Maintenance,Sensor/Probe Issue,Medium,9.1,1,Under Warranty,12188.46,Resolved,5
SV00018,H082,D004,2026-07-30,Installation,Sensor/Probe Issue,High,15.0,3,Under Warranty,6883.41,Resolved,5
SV00019,H020,D012,2025-01-27,Preventive Maintenance,Sensor/Probe Issue,Medium,17.1,2,Out of Warranty,13971.53,Resolved,4
SV00020,H062,D057,2026-07-12,Preventive Maintenance,Connectivity,High,7.7,4,Under Warranty,7148.59,Resolved,4
SV00021,H034,D050,2024-10-03,Preventive Maintenance,Software Error,High,8.8,3,Under Warranty,7168.44,Resolved,4
SV00022,H025,D043,2024-03-30,Corrective Maintenance,Sensor/Probe Issue,Medium,2.9,3,Under Warranty,19962.56,Resolved,5
SV00023,H019,D006,2024-11-24,Installation,Preventive Maintenance,Medium,24.1,5,Under Warranty,7419.95,Resolved,5
SV00024,H040,D052,2025-07-12,Preventive Maintenance,Calibration Issue,High,14.0,1,Under Warranty,4012.63,Resolved,5
SV00025,H068,D015,2025-06-10,Preventive Maintenance,Connectivity,High,15.5,4,Out of Warranty,5680.4,Resolved,4
SV00026,H097,D051,2024-07-12,Corrective Maintenance,Sensor/Probe Issue,Low,3.5,1,Out of Warranty,38064.94,Resolved,4
SV00027,H066,D018,2024-02-15,Corrective Maintenance,Image Quality,High,37.0,2,Out of Warranty,16926.75,Resolved,4
SV00028,H011,D053,2025-02-07,Corrective Maintenance,Mechanical Issue,Medium,3.5,2,Under Warranty,18332.05,Resolved,5
SV00029,H076,D047,2026-09-19,Installation,Battery Issue,Low,0.6,1,Out of Warranty,21806.5,Resolved,5
SV00030,H007,D049,2024-01-07,Preventive Maintenance,Connectivity,Medium,3.0,2,Under Warranty,3796.67,Resolved,5
SV00031,H045,D059,2024-06-15,Corrective Maintenance,Calibration Issue,Medium,13.6,3,Out of Warranty,28667.54,Resolved,5
SV00032,H069,D057,2024-12-20,Corrective Maintenance,Display Issue,High,19.5,1,Under Warranty,10793.61,Resolved,4
SV00033,H003,D039,2026-09-02,Preventive Maintenance,Calibration Issue,High,17.5,1,Under Warranty,8297.32,Resolved,5
SV00034,H007,D009,2025-04-02,Preventive Maintenance,Calibration Issue,Medium,7.6,3,Out of Warranty,7160.75,Resolved,5
SV00035,H075,D005,2025-06-30,Corrective Maintenance,Image Quality,Medium,10.2,2,Out of Warranty,16783.48,Resolved,4
SV00036,H097,D009,2026-08-17,Corrective Maintenance,Image Quality,Low,2.9,4,Under Warranty,16266.98,Pending,4
SV00037,H053,D041,2026-01-26,Corrective Maintenance,Display Issue,Low,14.4,3,Under Warranty,12474.57,Resolved,4
SV00038,H076,D008,2025-01-04,Preventive Maintenance,Software Error,Low,5.8,2,Under Warranty,3495.68,Resolved,5
SV00039,H098,D035,2025-12-08,Corrective Maintenance,Sensor/Probe Issue,Medium,3.8,3,Under Warranty,10354.67,Resolved,4
SV00040,H033,D025,2024-10-24,Corrective Maintenance,Battery Issue,High,21.9,3,Under Warranty,12433.82,Resolved,4
SV00041,H060,D055,2025-02-22,Corrective Maintenance,Sensor/Probe Issue,High,6.9,2,Under Warranty,15838.61,Resolved,5
SV00042,H042,D056,2025-03-08,Corrective Maintenance,Image Quality,High,13.6,4,Under Warranty,6727.52,Resolved,4
SV00043,H094,D004,2025-11-24,Preventive Maintenance,Sensor/Probe Issue,Medium,6.7,1,Under Warranty,3172.63,Resolved,5
SV00044,H075,D060,2024-04-14,Preventive Maintenance,Image Quality,Medium,2.9,4,Out of Warranty,5269.58,Resolved,4
SV00045,H015,D044,2025-03-02,Corrective Maintenance,Mechanical Issue,Low,23.1,2,Out of Warranty,20186.5,Resolved,5
SV00046,H024,D013,2026-09-07,Preventive Maintenance,Image Quality,High,6.6,1,Under Warranty,2213.68,Resolved,4
SV00047,H068,D021,2025-02-13,Corrective Maintenance,Software Error,Low,6.5,1,Under Warranty,12790.07,Resolved,5
SV00048,H080,D002,2024-03-19,Corrective Maintenance,Image Quality,High,18.7,5,Under Warranty,16951.99,Resolved,5
SV00049,H042,D031,2024-12-17,Preventive Maintenance,Connectivity,Low,2.3,2,Out of Warranty,5593.67,Resolved,4
SV00050,H056,D034,2025-09-06,Preventive Maintenance,Sensor/Probe Issue,Critical,4.1,6,Under Warranty,5133.9,Resolved,3
SV00051,H065,D049,2026-08-20,Preventive Maintenance,Preventive Maintenance,Medium,8.9,4,Under Warranty,3474.78,Resolved,4
SV00052,H033,D060,2026-07-09,Corrective Maintenance,Mechanical Issue,Medium,3.3,1,Under Warranty,7016.71,Resolved,4
SV00053,H004,D031,2025-11-25,Corrective Maintenance,Sensor/Probe Issue,High,1.8,3,Out of Warranty,14871.62,Resolved,4
SV00054,H050,D025,2025-01-23,Corrective Maintenance,Mechanical Issue,Medium,4.3,2,Under Warranty,19361.98,Resolved,4
SV00055,H045,D051,2025-09-06,Preventive Maintenance,Software Error,High,19.5,5,Under Warranty,5307.57,Resolved,4
SV00056,H020,D012,2024-04-12,Corrective Maintenance,Display Issue,Medium,11.3,4,Under Warranty,15203.64,Resolved,5
SV00057,H057,D022,2025-09-21,Corrective Maintenance,Software Error,Medium,7.3,1,Under Warranty,9210.48,Resolved,4
SV00058,H073,D008,2024-01-30,Corrective Maintenance,Mechanical Issue,Low,15.4,1,Out of Warranty,14805.34,Resolved,3
SV00059,H017,D011,2026-07-20,Preventive Maintenance,Software Error,Low,2.9,1,Under Warranty,6322.21,Resolved,5
SV00060,H029,D052,2024-02-25,Corrective Maintenance,Connectivity,High,6.7,4,Out of Warranty,14899.49,Resolved,5
SV00061,H040,D009,2024-10-11,Corrective Maintenance,Software Error,Medium,3.2,2,Under Warranty,17212.42,Pending,5
SV00062,H053,D007,2024-01-05,Installation,Connectivity,High,2.9,2,Out of Warranty,15224.05,Resolved,5
SV00063,H083,D025,2024-05-04,Corrective Maintenance,Sensor/Probe Issue,High,7.1,7,Out of Warranty,18229.29,Resolved,5
SV00064,H008,D014,2025-03-01,Preventive Maintenance,Battery Issue,Low,4.7,2,Out of Warranty,7861.1,Resolved,4
SV00065,H086,D059,2025-11-10,Corrective Maintenance,Mechanical Issue,Low,4.6,2,Out of Warranty,16249.85,Resolved,4
SV00066,H042,D031,2026-08-09,Preventive Maintenance,Battery Issue,Medium,5.8,3,Under Warranty,3598.26,Resolved,3
SV00067,H029,D025,2025-03-20,Preventive Maintenance,Sensor/Probe Issue,Critical,6.6,5,Out of Warranty,10904.44,Resolved,4
SV00068,H008,D001,2025-02-01,Corrective Maintenance,Connectivity,Medium,10.5,7,Under Warranty,5531.41,Resolved,5
SV00069,H051,D044,2024-02-11,Installation,Software Error,High,3.5,10,Under Warranty,11970.44,Resolved,3
SV00070,H009,D002,2026-06-07,Corrective Maintenance,Battery Issue,Medium,2.2,1,Under Warranty,6220.65,Resolved,5
SV00071,H027,D025,2024-12-16,Installation,Mechanical Issue,Medium,4.0,2,Under Warranty,11431.26,Resolved,5
SV00072,H067,D039,2025-03-31,Corrective Maintenance,Image Quality,Medium,11.4,3,Out of Warranty,33317.55,Resolved,5
SV00073,H007,D029,2024-06-18,Corrective Maintenance,Image Quality,Medium,2.0,1,Out of Warranty,9802.77,Resolved,5
SV00074,H076,D024,2024-08-09,Preventive Maintenance,Image Quality,Low,4.9,2,Under Warranty,3969.15,Resolved,4
SV00075,H092,D059,2025-03-17,Corrective Maintenance,Preventive Maintenance,Critical,28.3,3,Out of Warranty,34318.95,Resolved,5
SV00076,H089,D025,2025-03-13,Preventive Maintenance,Display Issue,Low,5.6,1,Under Warranty,3658.21,Resolved,5
SV00077,H031,D026,2026-08-09,Corrective Maintenance,Software Error,Low,3.3,3,Under Warranty,11556.48,Resolved,5
SV00078,H058,D048,2025-02-27,Preventive Maintenance,Sensor/Probe Issue,Medium,4.5,6,Under Warranty,2685.0,Pending,4
SV00079,H068,D024,2026-05-13,Corrective Maintenance,Calibration Issue,Medium,11.9,2,Under Warranty,16515.28,Resolved,4
SV00080,H029,D004,2024-08-07,Corrective Maintenance,Software Error,Low,4.6,2,Under Warranty,8311.45,Resolved,5
SV00081,H038,D028,2024-01-03,Preventive Maintenance,Battery Issue,High,3.7,2,Out of Warranty,6625.44,Resolved,5
SV00082,H004,D028,2026-09-24,Preventive Maintenance,Calibration Issue,Medium,6.6,2,Under Warranty,7571.73,Resolved,4
SV00083,H085,D023,2025-03-07,Preventive Maintenance,Software Error,Medium,24.2,5,Under Warranty,8004.93,Resolved,4
SV00084,H092,D012,2025-09-19,Corrective Maintenance,Calibration Issue,High,5.9,5,Under Warranty,11306.44,Resolved,4
SV00085,H060,D007,2025-01-12,Corrective Maintenance,Connectivity,High,5.5,11,Under Warranty,18767.99,Resolved,4
SV00086,H053,D041,2024-03-18,Preventive Maintenance,Software Error,High,1.4,3,Out of Warranty,14889.42,Resolved,4
SV00087,H043,D057,2025-10-08,Preventive Maintenance,Image Quality,High,0.8,6,Under Warranty,7210.38,Resolved,4
SV00088,H061,D026,2024-03-27,Corrective Maintenance,Display Issue,Low,6.3,6,Under Warranty,15415.46,Resolved,4
SV00089,H032,D007,2026-05-13,Corrective Maintenance,Connectivity,High,3.2,4,Out of Warranty,35540.21,Resolved,4
SV00090,H052,D019,2024-07-05,Corrective Maintenance,Power Failure,High,18.3,3,Out of Warranty,14042.06,Resolved,5
SV00091,H032,D050,2025-10-16,Corrective Maintenance,Calibration Issue,Medium,7.3,3,Under Warranty,11499.95,Resolved,5
SV00092,H061,D007,2025-07-23,Corrective Maintenance,Mechanical Issue,Low,1.6,1,Out of Warranty,20929.52,Resolved,5
SV00093,H003,D026,2025-12-14,Corrective Maintenance,Battery Issue,Medium,6.1,3,Under Warranty,19283.04,Resolved,5
SV00094,H014,D047,2026-03-23,Corrective Maintenance,Power Failure,Low,10.1,8,Out of Warranty,37809.79,Resolved,4
SV00095,H023,D050,2026-06-08,Preventive Maintenance,Mechanical Issue,Medium,8.6,1,Out of Warranty,9980.3,Pending,5
SV00096,H015,D028,2024-07-06,Corrective Maintenance,Display Issue,Low,3.5,2,Under Warranty,7492.0,Resolved,5
SV00097,H012,D004,2025-01-26,Installation,Image Quality,High,9.1,8,Out of Warranty,8626.71,Resolved,4
SV00098,H025,D012,2025-11-15,Installation,Software Error,High,12.4,3,Under Warranty,12680.81,Resolved,4
SV00099,H051,D013,2025-01-30,Preventive Maintenance,Sensor/Probe Issue,High,1.0,6,Under Warranty,6852.82,Resolved,4
SV00100,H035,D032,2024-11-21,Corrective Maintenance,Image Quality,Medium,13.9,2,Out of Warranty,28389.48,Resolved,4
SV00101,H084,D022,2025-05-25,Installation,Display Issue,Low,6.8,2,Out of Warranty,24103.83,Resolved,4
SV00102,H084,D033,2024-07-16,Corrective Maintenance,Sensor/Probe Issue,Low,3.2,2,Out of Warranty,26149.04,Resolved,5
SV00103,H091,D007,2026-06-23,Preventive Maintenance,Power Failure,Medium,11.8,2,Under Warranty,6119.12,Resolved,5
SV00104,H045,D008,2025-11-01,Preventive Maintenance,Image Quality,Medium,9.2,1,Out of Warranty,14712.99,Resolved,5
SV00105,H008,D036,2026-03-06,Corrective Maintenance,Preventive Maintenance,Medium,4.5,3,Under Warranty,15973.36,Resolved,5
SV00106,H073,D041,2026-01-16,Preventive Maintenance,Software Error,Low,9.9,2,Out of Warranty,5101.58,Resolved,4
SV00107,H013,D051,2025-07-14,Installation,Image Quality,Medium,1.8,1,Out of Warranty,7185.35,Resolved,4
SV00108,H018,D030,2025-06-29,Corrective Maintenance,Software Error,Medium,1.2,2,Out of Warranty,13230.9,Resolved,4
SV00109,H005,D047,2024-02-20,Preventive Maintenance,Sensor/Probe Issue,Medium,2.5,3,Out of Warranty,15425.28,Pending,5
SV00110,H079,D009,2026-05-02,Corrective Maintenance,Battery Issue,Medium,5.5,10,Out of Warranty,34698.72,Resolved,3
SV00111,H031,D055,2024-09-06,Corrective Maintenance,Software Error,Medium,9.7,3,Under Warranty,15807.74,Resolved,5
SV00112,H079,D006,2025-11-29,Corrective Maintenance,Image Quality,Medium,1.4,2,Out of Warranty,10300.95,Resolved,4
SV00113,H091,D055,2026-04-07,Preventive Maintenance,Calibration Issue,Medium,6.3,2,Under Warranty,5361.96,Resolved,4
SV00114,H003,D026,2024-08-29,Corrective Maintenance,Image Quality,Critical,30.1,2,Under Warranty,18690.51,Resolved,4
SV00115,H046,D015,2026-08-25,Corrective Maintenance,Mechanical Issue,High,8.0,7,Under Warranty,16799.28,Resolved,4
SV00116,H011,D049,2025-04-15,Corrective Maintenance,Calibration Issue,Low,3.7,2,Out of Warranty,30210.88,Resolved,4
SV00117,H076,D019,2024-07-05,Corrective Maintenance,Power Failure,Medium,5.2,3,Under Warranty,16687.21,Resolved,4
SV00118,H075,D041,2025-08-05,Corrective Maintenance,Preventive Maintenance,High,5.4,1,Under Warranty,15050.77,Resolved,4
SV00119,H032,D039,2024-09-08,Preventive Maintenance,Sensor/Probe Issue,Medium,11.6,1,Out of Warranty,7955.02,Resolved,4
SV00120,H044,D020,2024-05-29,Preventive Maintenance,Sensor/Probe Issue,Medium,14.3,2,Out of Warranty,14682.74,Resolved,4
SV00121,H038,D010,2024-02-14,Corrective Maintenance,Preventive Maintenance,Critical,7.4,4,Out of Warranty,10033.05,Resolved,4
SV00122,H018,D005,2025-04-08,Corrective Maintenance,Sensor/Probe Issue,High,18.6,2,Under Warranty,12902.64,Resolved,4
SV00123,H086,D002,2026-01-10,Corrective Maintenance,Preventive Maintenance,Medium,4.2,2,Under Warranty,20929.06,Resolved,4
SV00124,H100,D055,2024-07-17,Corrective Maintenance,Image Quality,Medium,1.4,3,Under Warranty,18513.05,Resolved,4
SV00125,H080,D058,2026-01-12,Corrective Maintenance,Calibration Issue,Medium,7.1,3,Under Warranty,18221.3,Resolved,5
SV00126,H014,D018,2024-06-15,Corrective Maintenance,Software Error,Medium,7.8,1,Under Warranty,7020.6,Resolved,5
SV00127,H052,D030,2024-11-16,Preventive Maintenance,Power Failure,High,7.8,8,Under Warranty,8198.13,Resolved,3
SV00128,H060,D015,2024-05-29,Preventive Maintenance,Battery Issue,Critical,5.7,4,Under Warranty,5888.46,Resolved,4
SV00129,H015,D038,2025-03-13,Preventive Maintenance,Battery Issue,Medium,4.9,3,Under Warranty,4023.07,Resolved,4
SV00130,H086,D054,2026-04-19,Corrective Maintenance,Calibration Issue,Low,2.5,2,Under Warranty,13768.8,Resolved,4
SV00131,H086,D026,2026-08-13,Corrective Maintenance,Mechanical Issue,Low,8.4,3,Out of Warranty,11223.45,Resolved,4
SV00132,H079,D012,2024-04-30,Preventive Maintenance,Connectivity,High,0.9,4,Under Warranty,5512.93,Resolved,5
SV00133,H045,D008,2025-08-25,Corrective Maintenance,Image Quality,High,17.9,4,Out of Warranty,37087.2,Resolved,4
SV00134,H096,D008,2024-04-11,Corrective Maintenance,Preventive Maintenance,High,27.0,7,Under Warranty,18154.84,Resolved,3
SV00135,H025,D058,2024-01-20,Corrective Maintenance,Image Quality,Medium,3.8,1,Under Warranty,9539.83,Resolved,5
SV00136,H081,D009,2024-05-08,Corrective Maintenance,Display Issue,High,11.7,6,Under Warranty,15915.47,Resolved,4
SV00137,H019,D010,2025-08-10,Preventive Maintenance,Battery Issue,Medium,6.6,4,Under Warranty,4375.9,Resolved,5
SV00138,H066,D060,2025-03-01,Preventive Maintenance,Power Failure,High,2.7,2,Under Warranty,2148.64,Resolved,5
SV00139,H078,D028,2026-04-23,Preventive Maintenance,Software Error,High,18.2,3,Under Warranty,4405.19,Resolved,4
SV00140,H048,D026,2025-08-24,Corrective Maintenance,Sensor/Probe Issue,Medium,2.4,2,Out of Warranty,24443.9,Resolved,4
SV00141,H029,D014,2026-07-21,Corrective Maintenance,Display Issue,Medium,1.9,3,Under Warranty,9103.97,Resolved,4
SV00142,H089,D024,2024-03-28,Corrective Maintenance,Battery Issue,Critical,10.0,1,Out of Warranty,25269.44,Resolved,5
SV00143,H050,D043,2025-07-02,Preventive Maintenance,Image Quality,Medium,2.1,3,Out of Warranty,10596.79,Resolved,4
SV00144,H029,D016,2026-08-04,Preventive Maintenance,Calibration Issue,Low,3.5,3,Under Warranty,7677.07,Resolved,4
SV00145,H081,D035,2025-11-06,Corrective Maintenance,Preventive Maintenance,Medium,8.8,3,Out of Warranty,24563.19,Resolved,5
SV00146,H013,D007,2026-09-19,Corrective Maintenance,Image Quality,High,7.2,7,Under Warranty,13457.92,Resolved,3
SV00147,H074,D040,2024-11-11,Corrective Maintenance,Image Quality,Medium,8.6,2,Under Warranty,11382.63,Resolved,4
SV00148,H062,D014,2026-01-21,Corrective Maintenance,Preventive Maintenance,Medium,3.8,2,Out of Warranty,37621.0,Resolved,5
SV00149,H065,D051,2024-11-10,Corrective Maintenance,Image Quality,Low,7.8,3,Out of Warranty,30685.56,Resolved,4
SV00150,H012,D038,2026-07-27,Preventive Maintenance,Connectivity,Low,6.9,4,Out of Warranty,7230.38,Resolved,4
SV00151,H033,D043,2024-12-22,Corrective Maintenance,Calibration Issue,High,20.3,7,Under Warranty,11199.8,Resolved,4
SV00152,H070,D023,2025-08-02,Corrective Maintenance,Preventive Maintenance,High,2.8,7,Under Warranty,13355.89,Resolved,4
SV00153,H080,D017,2024-08-06,Corrective Maintenance,Image Quality,High,11.9,8,Under Warranty,18276.22,Resolved,4
SV00154,H024,D058,2026-03-29,Corrective Maintenance,Power Failure,Medium,13.4,2,Under Warranty,18657.04,Resolved,4
SV00155,H022,D004,2026-08-02,Preventive Maintenance,Image Quality,High,13.4,4,Under Warranty,2750.31,Resolved,3
SV00156,H093,D020,2025-10-14,Corrective Maintenance,Display Issue,Medium,13.5,3,Under Warranty,9648.08,Resolved,4
SV00157,H065,D050,2026-05-12,Corrective Maintenance,Display Issue,Medium,7.0,2,Under Warranty,5891.93,Resolved,5
SV00158,H064,D032,2024-06-14,Corrective Maintenance,Sensor/Probe Issue,Medium,9.9,2,Under Warranty,5971.82,Resolved,4
SV00159,H088,D014,2024-06-05,Preventive Maintenance,Mechanical Issue,Low,13.6,1,Out of Warranty,12494.58,Resolved,4
SV00160,H047,D005,2025-01-05,Corrective Maintenance,Battery Issue,High,9.7,4,Under Warranty,5304.1,Resolved,3
SV00161,H085,D006,2025-10-28,Preventive Maintenance,Sensor/Probe Issue,Medium,5.4,2,Under Warranty,5773.56,Resolved,5
SV00162,H073,D017,2024-01-06,Corrective Maintenance,Preventive Maintenance,High,3.6,3,Out of Warranty,26484.36,Pending,4
SV00163,H026,D048,2024-04-09,Corrective Maintenance,Sensor/Probe Issue,Medium,6.0,2,Out of Warranty,15626.58,Resolved,4
SV00164,H082,D015,2025-08-31,Preventive Maintenance,Calibration Issue,Critical,11.0,3,Out of Warranty,10377.48,Resolved,4
SV00165,H033,D002,2026-06-21,Preventive Maintenance,Power Failure,Medium,12.2,3,Out of Warranty,6540.08,Resolved,4
SV00166,H058,D004,2025-03-09,Preventive Maintenance,Connectivity,Low,1.3,2,Under Warranty,5240.01,Resolved,5
SV00167,H048,D040,2025-10-05,Preventive Maintenance,Image Quality,Medium,13.5,6,Under Warranty,4629.21,Resolved,4
SV00168,H055,D024,2025-12-01,Corrective Maintenance,Preventive Maintenance,Low,0.6,1,Under Warranty,11988.51,Resolved,4
SV00169,H093,D022,2026-04-29,Corrective Maintenance,Sensor/Probe Issue,High,22.3,1,Under Warranty,13581.78,Resolved,4
SV00170,H022,D040,2026-06-07,Preventive Maintenance,Preventive Maintenance,Low,5.0,1,Under Warranty,2617.6,Resolved,4
SV00171,H024,D030,2025-01-03,Corrective Maintenance,Display Issue,Medium,22.4,6,Under Warranty,20476.4,Resolved,3
SV00172,H058,D058,2025-01-05,Corrective Maintenance,Battery Issue,High,24.6,2,Under Warranty,9924.43,Resolved,4
SV00173,H065,D048,2024-10-30,Corrective Maintenance,Calibration Issue,Medium,11.6,4,Under Warranty,7370.46,Resolved,3
SV00174,H091,D038,2025-02-25,Preventive Maintenance,Mechanical Issue,High,19.0,6,Out of Warranty,7659.46,Resolved,4
SV00175,H099,D038,2024-03-31,Corrective Maintenance,Battery Issue,High,10.0,1,Under Warranty,11532.46,Resolved,4
SV00176,H062,D048,2025-02-25,Corrective Maintenance,Battery Issue,High,10.4,7,Out of Warranty,38139.77,Resolved,5
SV00177,H057,D008,2025-08-15,Corrective Maintenance,Calibration Issue,Medium,12.4,4,Out of Warranty,38670.43,Resolved,5
SV00178,H020,D002,2024-06-26,Preventive Maintenance,Mechanical Issue,Medium,11.1,6,Out of Warranty,10471.37,Resolved,5
SV00179,H090,D026,2025-04-21,Corrective Maintenance,Software Error,Critical,6.5,10,Out of Warranty,27278.14,Resolved,4
SV00180,H021,D025,2025-11-10,Preventive Maintenance,Calibration Issue,High,9.3,4,Under Warranty,8212.86,Pending,5
SV00181,H055,D009,2024-11-13,Preventive Maintenance,Calibration Issue,High,8.3,3,Under Warranty,4810.89,Resolved,5
SV00182,H050,D021,2025-01-03,Preventive Maintenance,Image Quality,Medium,9.8,1,Under Warranty,2259.28,Resolved,5
SV00183,H027,D058,2026-01-13,Preventive Maintenance,Mechanical Issue,High,5.9,6,Under Warranty,3434.55,Resolved,4
SV00184,H097,D037,2025-09-13,Preventive Maintenance,Software Error,High,15.7,2,Under Warranty,4222.04,Resolved,4
SV00185,H086,D048,2025-10-18,Corrective Maintenance,Calibration Issue,Low,10.1,1,Out of Warranty,30962.94,Resolved,5
SV00186,H061,D025,2026-08-21,Corrective Maintenance,Software Error,High,3.8,4,Under Warranty,20540.15,Resolved,4
SV00187,H075,D020,2024-01-09,Preventive Maintenance,Software Error,High,12.8,8,Under Warranty,5690.71,Resolved,3
SV00188,H014,D013,2026-05-20,Corrective Maintenance,Calibration Issue,Critical,3.9,4,Under Warranty,12681.2,Resolved,5
SV00189,H059,D032,2024-04-25,Preventive Maintenance,Mechanical Issue,High,29.8,5,Under Warranty,3652.61,Resolved,4
SV00190,H035,D040,2024-03-03,Corrective Maintenance,Software Error,High,12.7,2,Under Warranty,6932.48,Resolved,5
SV00191,H020,D001,2024-10-10,Corrective Maintenance,Display Issue,Medium,12.2,3,Out of Warranty,14925.16,Resolved,4
SV00192,H056,D048,2024-01-10,Corrective Maintenance,Software Error,Low,7.2,2,Under Warranty,17219.7,Resolved,4
SV00193,H059,D001,2026-07-16,Preventive Maintenance,Image Quality,Critical,4.7,14,Under Warranty,3131.82,Resolved,3
SV00194,H054,D053,2025-03-12,Corrective Maintenance,Connectivity,Medium,15.2,3,Out of Warranty,34735.61,Resolved,4
SV00195,H037,D035,2026-06-23,Corrective Maintenance,Software Error,Medium,9.9,3,Under Warranty,10478.23,Resolved,4
SV00196,H066,D047,2025-03-27,Preventive Maintenance,Sensor/Probe Issue,Medium,4.8,8,Under Warranty,2191.92,Resolved,4
SV00197,H025,D046,2025-02-19,Corrective Maintenance,Display Issue,High,10.6,1,Out of Warranty,14123.74,Resolved,5
SV00198,H091,D053,2026-08-12,Preventive Maintenance,Mechanical Issue,Medium,17.9,3,Out of Warranty,15326.05,Resolved,5
SV00199,H066,D007,2024-08-04,Corrective Maintenance,Power Failure,Critical,51.7,10,Under Warranty,14419.44,Resolved,3
SV00200,H041,D058,2026-06-14,Corrective Maintenance,Display Issue,Low,2.6,4,Out of Warranty,19125.43,Resolved,4
SV00201,H006,D046,2025-01-27,Corrective Maintenance,Power Failure,Low,0.5,1,Under Warranty,6180.69,Resolved,5
SV00202,H052,D012,2024-06-14,Corrective Maintenance,Software Error,Medium,11.7,5,Under Warranty,20597.14,Resolved,3
SV00203,H021,D057,2025-07-22,Corrective Maintenance,Power Failure,High,8.1,6,Under Warranty,14921.67,Resolved,3
SV00204,H097,D056,2026-08-21,Preventive Maintenance,Mechanical Issue,Medium,7.5,2,Under Warranty,4826.7,Resolved,3
SV00205,H094,D040,2026-04-13,Preventive Maintenance,Power Failure,Medium,3.7,3,Out of Warranty,8436.5,Pending,4
SV00206,H072,D011,2025-05-02,Preventive Maintenance,Image Quality,Medium,3.3,2,Out of Warranty,9582.22,Resolved,4
SV00207,H089,D044,2026-06-06,Installation,Sensor/Probe Issue,Medium,3.0,2,Under Warranty,5549.93,Resolved,4
SV00208,H035,D054,2026-03-30,Preventive Maintenance,Image Quality,Medium,3.8,2,Out of Warranty,14818.43,Resolved,5
SV00209,H065,D048,2025-12-26,Preventive Maintenance,Sensor/Probe Issue,Low,2.7,1,Under Warranty,6914.67,Resolved,3
SV00210,H021,D021,2026-04-07,Installation,Preventive Maintenance,Critical,6.6,9,Under Warranty,8739.17,Resolved,4
SV00211,H094,D028,2026-03-07,Corrective Maintenance,Software Error,Medium,5.7,4,Under Warranty,13956.3,Resolved,4
SV00212,H085,D033,2024-09-09,Corrective Maintenance,Calibration Issue,Medium,11.7,2,Under Warranty,11251.28,Resolved,5
SV00213,H012,D046,2024-10-16,Installation,Connectivity,Low,7.9,2,Under Warranty,10445.78,Resolved,4
SV00214,H062,D049,2026-01-23,Installation,Power Failure,Medium,6.7,2,Under Warranty,7055.17,Resolved,5
SV00215,H097,D002,2025-05-13,Preventive Maintenance,Battery Issue,High,24.5,2,Out of Warranty,11568.34,Resolved,4
SV00216,H029,D014,2025-12-04,Preventive Maintenance,Software Error,High,18.0,3,Out of Warranty,6752.17,Resolved,5
SV00217,H080,D002,2024-08-13,Corrective Maintenance,Software Error,High,16.0,3,Out of Warranty,32662.28,Resolved,4
SV00218,H037,D002,2026-01-04,Corrective Maintenance,Software Error,Medium,7.4,8,Under Warranty,20674.11,Resolved,4
SV00219,H058,D055,2026-08-22,Corrective Maintenance,Connectivity,Medium,2.9,4,Out of Warranty,34210.74,Resolved,4
SV00220,H045,D034,2026-08-19,Preventive Maintenance,Battery Issue,Medium,6.2,6,Under Warranty,2681.09,Resolved,4
SV00221,H023,D014,2026-02-02,Preventive Maintenance,Software Error,High,5.1,3,Under Warranty,3933.06,Resolved,5
SV00222,H035,D025,2026-08-05,Preventive Maintenance,Power Failure,High,6.1,11,Under Warranty,3103.54,Resolved,3
SV00223,H061,D059,2026-03-22,Preventive Maintenance,Sensor/Probe Issue,Medium,5.1,7,Out of Warranty,8882.66,Resolved,4
SV00224,H031,D040,2025-03-15,Preventive Maintenance,Image Quality,High,0.5,7,Under Warranty,7384.87,Resolved,4
SV00225,H083,D021,2026-01-03,Corrective Maintenance,Sensor/Probe Issue,Medium,12.9,3,Under Warranty,6675.4,Resolved,4
SV00226,H061,D042,2026-04-15,Corrective Maintenance,Battery Issue,Low,0.5,4,Under Warranty,7831.64,Resolved,5
SV00227,H043,D056,2026-09-19,Corrective Maintenance,Image Quality,Medium,12.2,2,Under Warranty,10654.11,Resolved,4
SV00228,H023,D008,2024-02-13,Corrective Maintenance,Image Quality,Low,3.1,1,Under Warranty,8147.71,Resolved,5
SV00229,H039,D005,2026-01-24,Preventive Maintenance,Sensor/Probe Issue,Low,6.7,2,Under Warranty,5632.32,Resolved,5
SV00230,H093,D035,2024-03-24,Preventive Maintenance,Mechanical Issue,High,10.2,5,Under Warranty,3926.63,Resolved,4
SV00231,H093,D058,2025-08-04,Corrective Maintenance,Connectivity,High,23.5,1,Out of Warranty,33660.43,Resolved,4
SV00232,H080,D002,2026-05-31,Corrective Maintenance,Battery Issue,Medium,1.1,2,Under Warranty,18812.03,Resolved,5
SV00233,H009,D045,2026-01-03,Preventive Maintenance,Display Issue,Medium,2.2,3,Under Warranty,6096.64,Resolved,4
SV00234,H071,D003,2024-05-16,Corrective Maintenance,Calibration Issue,High,10.9,4,Under Warranty,6512.44,Resolved,4
SV00235,H057,D040,2025-12-31,Corrective Maintenance,Mechanical Issue,Medium,5.9,3,Under Warranty,16383.08,Pending,4
SV00236,H043,D018,2026-04-27,Corrective Maintenance,Image Quality,Medium,2.2,2,Under Warranty,11767.57,Resolved,4
SV00237,H071,D043,2025-10-20,Corrective Maintenance,Sensor/Probe Issue,Medium,13.3,1,Under Warranty,15657.32,Resolved,5
SV00238,H003,D024,2024-10-14,Corrective Maintenance,Display Issue,High,9.9,4,Under Warranty,8649.02,Resolved,5
SV00239,H083,D018,2025-03-03,Corrective Maintenance,Mechanical Issue,High,7.0,4,Under Warranty,10820.55,Resolved,4
SV00240,H073,D022,2025-10-03,Preventive Maintenance,Preventive Maintenance,High,12.9,4,Out of Warranty,11973.85,Resolved,4
SV00241,H007,D050,2025-07-13,Corrective Maintenance,Display Issue,Medium,11.2,3,Under Warranty,10162.93,Resolved,4
SV00242,H012,D060,2024-07-22,Corrective Maintenance,Software Error,Medium,3.7,2,Under Warranty,19484.92,Resolved,5
SV00243,H066,D052,2026-06-01,Corrective Maintenance,Image Quality,Medium,15.6,2,Under Warranty,7726.17,Resolved,4
SV00244,H082,D032,2024-06-05,Corrective Maintenance,Image Quality,Low,4.4,2,Out of Warranty,24306.32,Resolved,4
SV00245,H077,D013,2024-03-01,Corrective Maintenance,Software Error,Low,9.8,3,Under Warranty,13301.8,Resolved,5
SV00246,H075,D041,2026-09-30,Corrective Maintenance,Image Quality,Medium,1.5,5,Under Warranty,14496.75,Resolved,4
SV00247,H011,D041,2026-06-16,Corrective Maintenance,Display Issue,High,5.2,5,Out of Warranty,21224.49,Resolved,4
SV00248,H056,D016,2024-12-12,Preventive Maintenance,Power Failure,Medium,2.0,5,Out of Warranty,12056.91,Resolved,5
SV00249,H003,D054,2025-01-10,Preventive Maintenance,Sensor/Probe Issue,High,14.8,8,Under Warranty,2342.15,Resolved,4
SV00250,H007,D049,2025-03-11,Corrective Maintenance,Connectivity,Low,3.7,2,Under Warranty,18901.74,Resolved,4
SV00251,H100,D041,2026-04-01,Preventive Maintenance,Battery Issue,Medium,3.7,1,Out of Warranty,6628.23,Resolved,5
SV00252,H024,D055,2024-08-01,Preventive Maintenance,Mechanical Issue,High,6.6,12,Under Warranty,4703.02,Resolved,4
SV00253,H040,D032,2026-01-08,Corrective Maintenance,Software Error,High,6.5,2,Under Warranty,10654.77,Resolved,5
SV00254,H039,D044,2026-02-21,Corrective Maintenance,Display Issue,High,11.1,5,Out of Warranty,19201.17,Resolved,3
SV00255,H007,D018,2024-09-28,Preventive Maintenance,Preventive Maintenance,Medium,4.7,4,Out of Warranty,5215.94,Resolved,4
SV00256,H091,D047,2024-01-09,Corrective Maintenance,Sensor/Probe Issue,Low,9.2,2,Out of Warranty,24110.0,Resolved,5
SV00257,H073,D012,2025-07-24,Preventive Maintenance,Calibration Issue,Medium,13.5,4,Out of Warranty,6516.77,Resolved,4
SV00258,H010,D024,2025-05-25,Preventive Maintenance,Power Failure,Medium,9.3,1,Under Warranty,3634.9,Resolved,5
SV00259,H081,D002,2025-02-04,Preventive Maintenance,Software Error,Medium,9.8,6,Out of Warranty,4460.31,Resolved,3
SV00260,H027,D028,2026-05-17,Preventive Maintenance,Mechanical Issue,Medium,1.4,2,Out of Warranty,8661.57,Resolved,5
SV00261,H046,D060,2024-05-07,Corrective Maintenance,Display Issue,High,16.6,5,Under Warranty,14596.3,Resolved,5
SV00262,H041,D045,2024-05-10,Corrective Maintenance,Preventive Maintenance,Medium,9.1,6,Under Warranty,17804.69,Resolved,4
SV00263,H064,D047,2024-12-16,Preventive Maintenance,Power Failure,Low,19.0,1,Out of Warranty,10850.75,Resolved,4
SV00264,H027,D054,2025-06-04,Corrective Maintenance,Mechanical Issue,Critical,40.5,5,Under Warranty,12250.19,Resolved,4
SV00265,H073,D007,2026-05-02,Corrective Maintenance,Mechanical Issue,Medium,14.6,5,Under Warranty,14831.51,Resolved,5
SV00266,H018,D013,2026-06-20,Preventive Maintenance,Software Error,Medium,1.1,1,Under Warranty,3488.69,Resolved,5
SV00267,H063,D039,2026-03-30,Preventive Maintenance,Battery Issue,High,0.5,1,Under Warranty,4064.56,Resolved,5
SV00268,H040,D053,2024-12-10,Installation,Image Quality,Medium,1.9,2,Under Warranty,9698.05,Resolved,4
SV00269,H099,D048,2024-01-11,Corrective Maintenance,Display Issue,Medium,4.9,1,Under Warranty,16378.87,Resolved,5
SV00270,H088,D041,2024-07-06,Corrective Maintenance,Software Error,High,22.1,1,Under Warranty,6461.28,Resolved,4
SV00271,H016,D021,2026-07-31,Corrective Maintenance,Display Issue,Low,10.5,2,Under Warranty,14252.22,Resolved,5
SV00272,H083,D042,2025-08-07,Preventive Maintenance,Sensor/Probe Issue,Low,4.1,2,Under Warranty,7905.99,Resolved,5
SV00273,H018,D045,2025-05-11,Corrective Maintenance,Connectivity,High,6.4,6,Out of Warranty,29078.41,Resolved,3
SV00274,H025,D026,2024-07-22,Preventive Maintenance,Power Failure,Medium,7.3,1,Out of Warranty,7621.26,Resolved,4
SV00275,H045,D023,2025-09-21,Preventive Maintenance,Image Quality,Low,5.8,2,Out of Warranty,14355.51,Resolved,5
SV00276,H038,D004,2024-06-20,Corrective Maintenance,Battery Issue,Medium,12.2,5,Under Warranty,15542.85,Resolved,4
SV00277,H004,D013,2025-11-03,Preventive Maintenance,Display Issue,High,39.6,5,Out of Warranty,10062.66,Resolved,3
SV00278,H018,D056,2024-10-13,Corrective Maintenance,Power Failure,High,12.4,2,Under Warranty,18907.06,Resolved,5
SV00279,H009,D007,2026-03-11,Preventive Maintenance,Sensor/Probe Issue,Low,9.3,1,Out of Warranty,9041.04,Resolved,4
SV00280,H026,D056,2025-02-01,Corrective Maintenance,Display Issue,Medium,6.5,1,Out of Warranty,31176.73,Resolved,5
SV00281,H037,D058,2024-02-07,Corrective Maintenance,Battery Issue,Medium,3.0,4,Out of Warranty,12361.9,Resolved,4
SV00282,H044,D029,2025-01-24,Corrective Maintenance,Image Quality,Medium,5.2,2,Out of Warranty,30520.63,Resolved,5
SV00283,H068,D052,2024-04-05,Corrective Maintenance,Software Error,Low,8.1,4,Under Warranty,20199.26,Resolved,4
SV00284,H012,D027,2025-11-20,Installation,Calibration Issue,High,13.2,6,Out of Warranty,19410.02,Resolved,4
SV00285,H076,D059,2025-02-13,Installation,Connectivity,Medium,21.6,1,Out of Warranty,25333.75,Resolved,5
SV00286,H061,D060,2026-04-04,Preventive Maintenance,Connectivity,Medium,21.5,4,Out of Warranty,6136.24,Resolved,4
SV00287,H003,D035,2026-04-29,Corrective Maintenance,Image Quality,Medium,2.6,5,Under Warranty,12478.67,Resolved,4
SV00288,H059,D001,2025-11-01,Corrective Maintenance,Mechanical Issue,Medium,3.9,1,Under Warranty,20516.1,Resolved,5
SV00289,H061,D026,2025-12-16,Preventive Maintenance,Image Quality,High,33.6,13,Under Warranty,6407.48,Resolved,3
SV00290,H020,D028,2024-07-29,Preventive Maintenance,Software Error,Low,6.6,2,Out of Warranty,10235.39,Resolved,5
SV00291,H007,D022,2025-07-17,Preventive Maintenance,Sensor/Probe Issue,High,1.1,3,Under Warranty,4296.92,Resolved,4
SV00292,H055,D021,2025-12-01,Preventive Maintenance,Battery Issue,Medium,10.0,2,Out of Warranty,5866.96,Pending,5
SV00293,H088,D009,2025-07-26,Preventive Maintenance,Power Failure,Critical,7.3,7,Under Warranty,2948.92,Resolved,4
SV00294,H086,D009,2024-04-25,Corrective Maintenance,Connectivity,Low,12.5,1,Under Warranty,10643.75,Resolved,4
SV00295,H022,D013,2025-05-06,Corrective Maintenance,Sensor/Probe Issue,High,19.5,5,Under Warranty,14298.78,Resolved,4
SV00296,H005,D036,2025-10-18,Preventive Maintenance,Image Quality,Medium,11.4,1,Under Warranty,7827.41,Resolved,5
SV00297,H014,D006,2025-04-23,Preventive Maintenance,Sensor/Probe Issue,Medium,1.2,3,Out of Warranty,14584.97,Pending,5
SV00298,H025,D026,2025-11-22,Corrective Maintenance,Connectivity,High,9.9,6,Under Warranty,18808.84,Resolved,4
SV00299,H075,D051,2024-01-14,Preventive Maintenance,Calibration Issue,High,7.1,2,Under Warranty,8004.35,Resolved,4
SV00300,H073,D021,2024-01-17,Preventive Maintenance,Power Failure,Medium,14.1,2,Under Warranty,5173.9,Resolved,4
SV00301,H054,D008,2024-07-29,Corrective Maintenance,Sensor/Probe Issue,Critical,36.9,11,Out of Warranty,25352.33,Resolved,3
SV00302,H051,D034,2024-10-09,Preventive Maintenance,Display Issue,Medium,13.0,4,Under Warranty,4676.86,Resolved,4
SV00303,H013,D028,2024-03-19,Preventive Maintenance,Image Quality,Medium,18.4,5,Out of Warranty,7921.65,Resolved,5
SV00304,H005,D011,2026-08-22,Corrective Maintenance,Preventive Maintenance,Medium,5.3,2,Under Warranty,8659.58,Resolved,5
SV00305,H020,D001,2025-08-26,Preventive Maintenance,Battery Issue,Medium,3.6,3,Out of Warranty,7069.97,Resolved,5
SV00306,H085,D017,2024-09-26,Corrective Maintenance,Display Issue,Medium,2.1,2,Out of Warranty,14999.5,Resolved,5
SV00307,H090,D026,2025-11-16,Corrective Maintenance,Display Issue,Low,1.4,1,Out of Warranty,20600.07,Resolved,4
SV00308,H006,D019,2026-09-15,Preventive Maintenance,Battery Issue,Medium,15.3,5,Out of Warranty,14276.8,Resolved,5
SV00309,H065,D028,2025-09-18,Corrective Maintenance,Software Error,High,5.3,4,Under Warranty,8676.37,Resolved,5
SV00310,H091,D010,2024-04-10,Preventive Maintenance,Power Failure,High,3.9,3,Under Warranty,5329.72,Pending,4
SV00311,H024,D049,2025-05-22,Installation,Image Quality,High,11.2,6,Under Warranty,5279.0,Resolved,4
SV00312,H055,D001,2026-03-09,Preventive Maintenance,Sensor/Probe Issue,Medium,9.3,8,Out of Warranty,11357.16,Resolved,4
SV00313,H079,D034,2025-09-10,Corrective Maintenance,Power Failure,Medium,7.0,1,Under Warranty,15246.9,Resolved,4
SV00314,H017,D029,2024-02-21,Corrective Maintenance,Display Issue,High,6.2,2,Out of Warranty,9619.0,Resolved,5
SV00315,H084,D021,2025-11-14,Installation,Calibration Issue,Medium,1.4,6,Under Warranty,11002.7,Resolved,4
SV00316,H052,D034,2025-08-11,Preventive Maintenance,Image Quality,Low,6.8,4,Out of Warranty,11437.53,Resolved,4
SV00317,H036,D039,2024-08-08,Installation,Display Issue,Medium,5.8,4,Under Warranty,6657.15,Resolved,4
SV00318,H003,D026,2025-09-08,Corrective Maintenance,Sensor/Probe Issue,High,8.2,2,Under Warranty,13900.72,Resolved,4
SV00319,H022,D056,2024-09-26,Preventive Maintenance,Power Failure,Medium,12.1,1,Under Warranty,8521.06,Resolved,4
SV00320,H062,D017,2025-12-20,Preventive Maintenance,Preventive Maintenance,Medium,7.4,1,Under Warranty,8675.33,Resolved,4
SV00321,H072,D002,2025-11-16,Corrective Maintenance,Sensor/Probe Issue,High,7.8,1,Out of Warranty,11611.59,Resolved,4
SV00322,H046,D027,2025-07-12,Corrective Maintenance,Sensor/Probe Issue,Medium,1.8,1,Under Warranty,20797.39,Pending,5
SV00323,H008,D026,2024-10-20,Corrective Maintenance,Preventive Maintenance,High,13.6,5,Out of Warranty,31110.43,Resolved,3
SV00324,H079,D057,2024-04-01,Corrective Maintenance,Power Failure,Low,22.4,3,Under Warranty,17324.76,Resolved,4
SV00325,H079,D045,2024-11-07,Preventive Maintenance,Power Failure,Medium,10.5,2,Out of Warranty,10415.42,Resolved,4
SV00326,H096,D008,2025-09-18,Installation,Image Quality,Medium,9.0,1,Out of Warranty,9894.17,Resolved,4
SV00327,H017,D009,2026-03-13,Corrective Maintenance,Software Error,Medium,9.8,4,Under Warranty,20487.91,Resolved,4
SV00328,H080,D045,2026-07-09,Installation,Connectivity,Medium,12.3,1,Under Warranty,3987.02,Resolved,5
SV00329,H085,D016,2025-09-04,Preventive Maintenance,Sensor/Probe Issue,Medium,3.9,2,Out of Warranty,15816.86,Resolved,4
SV00330,H008,D016,2025-02-05,Preventive Maintenance,Power Failure,Medium,4.2,3,Under Warranty,2412.43,Resolved,4
SV00331,H096,D030,2025-02-26,Corrective Maintenance,Power Failure,High,2.8,5,Out of Warranty,15548.02,Resolved,4
SV00332,H083,D009,2025-02-24,Installation,Power Failure,Medium,6.4,2,Out of Warranty,13932.3,Resolved,5
SV00333,H081,D056,2026-03-05,Corrective Maintenance,Power Failure,Medium,5.6,3,Out of Warranty,18229.57,Resolved,5
SV00334,H028,D039,2025-03-25,Preventive Maintenance,Power Failure,High,5.4,5,Out of Warranty,11065.95,Resolved,4
SV00335,H084,D038,2024-09-16,Preventive Maintenance,Preventive Maintenance,Low,5.9,2,Out of Warranty,14128.51,Resolved,4
SV00336,H035,D004,2026-06-28,Corrective Maintenance,Preventive Maintenance,High,4.3,5,Under Warranty,6482.37,Resolved,4
SV00337,H007,D040,2025-09-08,Corrective Maintenance,Display Issue,Medium,13.5,1,Out of Warranty,17174.36,Resolved,4
SV00338,H052,D056,2024-11-04,Corrective Maintenance,Display Issue,Medium,20.5,4,Under Warranty,7023.97,Resolved,4
SV00339,H045,D054,2024-10-03,Corrective Maintenance,Sensor/Probe Issue,Medium,6.2,3,Under Warranty,8614.31,Resolved,5
SV00340,H003,D060,2026-04-03,Preventive Maintenance,Preventive Maintenance,Medium,5.5,1,Out of Warranty,10875.08,Resolved,5
SV00341,H099,D016,2026-06-14,Installation,Connectivity,Low,11.0,6,Under Warranty,8458.83,Resolved,4
SV00342,H019,D024,2025-11-13,Preventive Maintenance,Battery Issue,Medium,4.7,4,Out of Warranty,14126.66,Resolved,4
SV00343,H058,D041,2025-03-28,Corrective Maintenance,Sensor/Probe Issue,High,20.6,4,Out of Warranty,14114.1,Pending,4
SV00344,H061,D006,2024-05-01,Preventive Maintenance,Power Failure,Low,3.0,1,Out of Warranty,12883.0,Resolved,5
SV00345,H030,D003,2024-05-19,Preventive Maintenance,Sensor/Probe Issue,Low,2.6,2,Out of Warranty,4437.34,Resolved,4
SV00346,H064,D030,2024-06-14,Corrective Maintenance,Image Quality,Medium,5.2,3,Out of Warranty,29091.35,Resolved,4
SV00347,H091,D035,2024-03-07,Preventive Maintenance,Calibration Issue,High,5.1,2,Under Warranty,5285.47,Resolved,5
SV00348,H083,D028,2026-02-17,Corrective Maintenance,Connectivity,Medium,5.9,4,Out of Warranty,14449.51,Resolved,4
SV00349,H062,D004,2025-04-28,Preventive Maintenance,Power Failure,Low,3.2,1,Under Warranty,2281.27,Resolved,4
SV00350,H045,D026,2025-12-16,Corrective Maintenance,Mechanical Issue,Medium,2.0,3,Under Warranty,13666.4,Resolved,5
SV00351,H056,D015,2024-05-07,Installation,Sensor/Probe Issue,Medium,6.9,2,Out of Warranty,6816.31,Resolved,4
SV00352,H022,D039,2024-05-02,Preventive Maintenance,Sensor/Probe Issue,High,19.9,2,Under Warranty,7528.43,Pending,4
SV00353,H004,D008,2024-08-10,Installation,Calibration Issue,Medium,5.0,2,Out of Warranty,14939.07,Resolved,4
SV00354,H018,D048,2025-12-20,Corrective Maintenance,Power Failure,Medium,10.3,1,Under Warranty,19970.24,Resolved,4
SV00355,H005,D050,2024-01-13,Corrective Maintenance,Calibration Issue,Medium,24.7,12,Under Warranty,17404.4,Resolved,3
SV00356,H009,D007,2024-12-17,Preventive Maintenance,Software Error,Medium,13.1,3,Out of Warranty,7730.85,Resolved,4
SV00357,H006,D034,2026-04-25,Corrective Maintenance,Mechanical Issue,Medium,3.4,2,Under Warranty,13397.54,Resolved,3
SV00358,H023,D056,2026-08-04,Installation,Connectivity,High,6.4,2,Out of Warranty,18118.73,Resolved,5
SV00359,H076,D017,2026-02-22,Installation,Mechanical Issue,Medium,2.7,1,Under Warranty,4269.64,Resolved,4
SV00360,H097,D016,2026-01-25,Corrective Maintenance,Calibration Issue,Medium,2.6,2,Out of Warranty,11076.31,Resolved,5
SV00361,H076,D046,2024-05-31,Preventive Maintenance,Calibration Issue,Low,5.3,1,Under Warranty,6819.26,Pending,5
SV00362,H076,D004,2025-11-02,Corrective Maintenance,Sensor/Probe Issue,High,9.3,8,Under Warranty,11671.05,Resolved,4
SV00363,H088,D042,2024-03-16,Preventive Maintenance,Sensor/Probe Issue,High,4.4,4,Out of Warranty,7042.93,Resolved,5
SV00364,H039,D053,2024-10-19,Preventive Maintenance,Display Issue,High,6.7,6,Out of Warranty,6378.07,Resolved,3
SV00365,H073,D006,2026-02-28,Preventive Maintenance,Sensor/Probe Issue,Medium,7.3,1,Out of Warranty,15475.79,Resolved,4
SV00366,H058,D047,2024-09-24,Corrective Maintenance,Preventive Maintenance,Medium,16.7,2,Under Warranty,20522.55,Resolved,4
SV00367,H016,D055,2026-08-23,Corrective Maintenance,Preventive Maintenance,High,4.9,4,Under Warranty,6228.52,Resolved,5
SV00368,H028,D014,2024-06-15,Corrective Maintenance,Power Failure,Medium,0.5,1,Out of Warranty,29640.11,Resolved,4
SV00369,H071,D003,2024-08-07,Corrective Maintenance,Battery Issue,High,4.9,3,Under Warranty,8023.16,Resolved,4
SV00370,H027,D039,2026-02-02,Corrective Maintenance,Software Error,Medium,1.9,2,Out of Warranty,16450.49,Resolved,5
SV00371,H100,D040,2025-10-29,Preventive Maintenance,Battery Issue,Medium,6.5,6,Out of Warranty,5810.67,Pending,4
SV00372,H064,D002,2024-10-05,Corrective Maintenance,Sensor/Probe Issue,Critical,12.0,9,Under Warranty,5054.25,Pending,4
SV00373,H092,D032,2025-10-17,Corrective Maintenance,Preventive Maintenance,High,5.0,5,Under Warranty,9024.74,Resolved,5
SV00374,H100,D026,2025-06-20,Preventive Maintenance,Image Quality,Critical,6.4,3,Under Warranty,3824.93,Resolved,4
SV00375,H009,D023,2024-12-02,Corrective Maintenance,Sensor/Probe Issue,Medium,12.6,4,Under Warranty,18744.49,Resolved,4
SV00376,H089,D026,2025-08-03,Corrective Maintenance,Sensor/Probe Issue,Medium,4.3,3,Out of Warranty,17084.89,Resolved,4
SV00377,H069,D053,2026-02-01,Preventive Maintenance,Calibration Issue,Critical,10.8,4,Under Warranty,6357.08,Resolved,4
SV00378,H083,D021,2025-11-07,Corrective Maintenance,Display Issue,Medium,20.4,3,Out of Warranty,33277.05,Resolved,5
SV00379,H083,D002,2024-11-12,Corrective Maintenance,Image Quality,Low,5.0,3,Under Warranty,6835.96,Resolved,5
SV00380,H094,D057,2025-03-27,Preventive Maintenance,Display Issue,Medium,7.4,4,Out of Warranty,4081.07,Resolved,4
SV00381,H080,D033,2026-02-18,Corrective Maintenance,Connectivity,High,9.5,3,Out of Warranty,29861.13,Resolved,4
SV00382,H016,D006,2025-05-28,Corrective Maintenance,Mechanical Issue,Medium,8.8,5,Out of Warranty,23730.96,Resolved,4
SV00383,H019,D031,2026-08-22,Preventive Maintenance,Image Quality,High,2.5,10,Under Warranty,4544.35,Resolved,5
SV00384,H052,D002,2025-01-16,Corrective Maintenance,Calibration Issue,Medium,0.9,5,Out of Warranty,15964.66,Resolved,4
SV00385,H072,D025,2025-03-14,Corrective Maintenance,Mechanical Issue,High,8.3,2,Under Warranty,18253.76,Resolved,5
SV00386,H067,D020,2024-09-29,Corrective Maintenance,Power Failure,Medium,6.3,5,Under Warranty,17982.2,Resolved,3
SV00387,H015,D025,2024-05-11,Corrective Maintenance,Sensor/Probe Issue,Medium,4.3,2,Out of Warranty,28054.34,Pending,4
SV00388,H090,D044,2026-01-31,Corrective Maintenance,Display Issue,Medium,6.5,3,Under Warranty,11002.53,Resolved,4
SV00389,H034,D001,2026-02-06,Corrective Maintenance,Display Issue,Medium,3.6,1,Under Warranty,9882.69,Resolved,4
SV00390,H020,D035,2024-08-09,Corrective Maintenance,Image Quality,Medium,16.6,2,Under Warranty,6237.05,Resolved,5
SV00391,H027,D036,2024-10-10,Corrective Maintenance,Sensor/Probe Issue,Medium,0.8,1,Under Warranty,14468.23,Resolved,4
SV00392,H067,D025,2025-03-02,Corrective Maintenance,Preventive Maintenance,Medium,4.0,9,Out of Warranty,31084.35,Resolved,4
SV00393,H074,D053,2024-11-22,Preventive Maintenance,Power Failure,Medium,12.9,1,Under Warranty,8060.09,Resolved,5
SV00394,H003,D011,2024-04-10,Installation,Mechanical Issue,Medium,5.6,2,Under Warranty,3660.83,Resolved,4
SV00395,H076,D043,2025-05-03,Installation,Power Failure,Low,5.1,2,Out of Warranty,14991.92,Resolved,5
SV00396,H041,D026,2024-11-20,Corrective Maintenance,Power Failure,Medium,1.1,1,Out of Warranty,11737.07,Resolved,4
SV00397,H086,D012,2024-08-20,Corrective Maintenance,Connectivity,Low,0.8,1,Under Warranty,14809.12,Resolved,4
SV00398,H060,D043,2025-01-04,Corrective Maintenance,Mechanical Issue,Critical,23.8,10,Out of Warranty,29512.2,Resolved,3
SV00399,H002,D043,2025-12-20,Installation,Display Issue,Medium,3.0,1,Out of Warranty,12006.28,Resolved,4
SV00400,H099,D043,2024-02-18,Preventive Maintenance,Sensor/Probe Issue,Medium,7.4,3,Under Warranty,6876.73,Resolved,5
SV00401,H064,D045,2026-04-12,Installation,Power Failure,Medium,7.4,1,Out of Warranty,12050.5,Resolved,5
SV00402,H016,D040,2025-04-23,Preventive Maintenance,Software Error,High,18.7,2,Under Warranty,7450.52,Resolved,4
SV00403,H023,D002,2025-06-02,Preventive Maintenance,Software Error,High,14.7,3,Under Warranty,4788.38,Resolved,4
SV00404,H036,D058,2024-05-04,Installation,Sensor/Probe Issue,High,1.7,3,Out of Warranty,15478.63,Resolved,5
SV00405,H074,D002,2024-04-05,Installation,Calibration Issue,Medium,4.7,7,Out of Warranty,8902.55,Resolved,4
SV00406,H088,D049,2025-03-22,Corrective Maintenance,Image Quality,Medium,3.2,2,Under Warranty,14841.85,Resolved,5
SV00407,H075,D024,2025-10-21,Corrective Maintenance,Software Error,High,9.4,8,Under Warranty,17386.02,Resolved,3
SV00408,H061,D017,2026-02-28,Corrective Maintenance,Image Quality,Medium,6.0,2,Out of Warranty,13002.08,Resolved,4
SV00409,H012,D048,2024-12-22,Corrective Maintenance,Power Failure,Medium,11.6,6,Out of Warranty,25475.99,Pending,3
SV00410,H014,D033,2024-08-20,Corrective Maintenance,Image Quality,Medium,1.6,1,Out of Warranty,14123.27,Pending,4
SV00411,H093,D038,2026-09-16,Installation,Display Issue,High,0.9,2,Under Warranty,12216.32,Resolved,4
SV00412,H085,D022,2026-08-16,Preventive Maintenance,Preventive Maintenance,Critical,2.6,3,Out of Warranty,4042.3,Resolved,4
SV00413,H020,D041,2025-12-08,Preventive Maintenance,Image Quality,High,5.2,5,Under Warranty,4107.72,Resolved,4
SV00414,H096,D010,2024-06-30,Corrective Maintenance,Battery Issue,Medium,9.8,1,Under Warranty,16485.22,Resolved,4
SV00415,H033,D010,2024-09-14,Corrective Maintenance,Software Error,Critical,26.9,6,Out of Warranty,15593.24,Resolved,4
SV00416,H019,D028,2024-08-04,Corrective Maintenance,Sensor/Probe Issue,Medium,4.7,5,Out of Warranty,34838.41,Resolved,4
SV00417,H085,D015,2024-05-11,Preventive Maintenance,Software Error,High,2.6,9,Under Warranty,5224.32,Resolved,3
SV00418,H057,D059,2026-06-16,Corrective Maintenance,Software Error,Medium,14.3,2,Under Warranty,19498.6,Resolved,4
SV00419,H077,D014,2026-06-10,Preventive Maintenance,Sensor/Probe Issue,High,6.4,4,Under Warranty,3080.0,Resolved,4
SV00420,H007,D052,2025-05-29,Preventive Maintenance,Preventive Maintenance,Low,4.9,3,Under Warranty,8622.46,Resolved,5
SV00421,H013,D054,2025-08-19,Preventive Maintenance,Sensor/Probe Issue,Medium,5.3,1,Under Warranty,2573.3,Resolved,5
SV00422,H006,D041,2024-04-12,Corrective Maintenance,Connectivity,Medium,0.8,1,Out of Warranty,33209.64,Resolved,5
SV00423,H022,D008,2026-03-30,Corrective Maintenance,Software Error,High,2.9,5,Out of Warranty,38473.49,Resolved,4
SV00424,H062,D056,2026-06-10,Preventive Maintenance,Sensor/Probe Issue,Critical,11.4,7,Under Warranty,5764.69,Resolved,4
SV00425,H076,D056,2024-04-27,Installation,Sensor/Probe Issue,Medium,18.2,3,Out of Warranty,7406.73,Resolved,5
SV00426,H086,D030,2025-03-11,Corrective Maintenance,Image Quality,Low,5.1,1,Out of Warranty,21273.89,Resolved,5
SV00427,H028,D016,2024-01-08,Corrective Maintenance,Display Issue,Medium,4.3,3,Under Warranty,12930.75,Resolved,4
SV00428,H043,D039,2025-01-20,Preventive Maintenance,Connectivity,Medium,2.5,2,Under Warranty,6686.3,Resolved,4
SV00429,H080,D015,2025-10-10,Preventive Maintenance,Preventive Maintenance,Low,8.9,6,Out of Warranty,15914.81,Resolved,3
SV00430,H083,D057,2025-03-18,Preventive Maintenance,Connectivity,Low,16.0,2,Out of Warranty,4778.41,Resolved,3
SV00431,H068,D023,2024-04-23,Preventive Maintenance,Preventive Maintenance,High,25.0,4,Out of Warranty,14563.84,Resolved,4
SV00432,H092,D008,2026-02-07,Corrective Maintenance,Preventive Maintenance,High,14.6,7,Under Warranty,12999.84,Resolved,4
SV00433,H079,D005,2024-08-07,Corrective Maintenance,Calibration Issue,Medium,7.0,6,Under Warranty,5706.74,Resolved,4
SV00434,H004,D007,2024-05-14,Preventive Maintenance,Image Quality,Medium,12.3,2,Under Warranty,4480.45,Resolved,4
SV00435,H075,D020,2025-12-27,Corrective Maintenance,Sensor/Probe Issue,Low,4.7,2,Under Warranty,14448.61,Resolved,4
SV00436,H097,D032,2024-11-25,Corrective Maintenance,Preventive Maintenance,Medium,3.7,2,Under Warranty,18914.43,Resolved,5
SV00437,H031,D002,2024-04-12,Corrective Maintenance,Image Quality,High,10.4,4,Out of Warranty,36565.63,Resolved,4
SV00438,H057,D060,2026-09-28,Preventive Maintenance,Preventive Maintenance,Medium,4.6,4,Out of Warranty,8628.48,Resolved,4
SV00439,H037,D021,2026-05-12,Preventive Maintenance,Connectivity,Medium,10.8,1,Under Warranty,3903.16,Resolved,4
SV00440,H013,D016,2024-09-04,Corrective Maintenance,Mechanical Issue,Medium,4.0,2,Under Warranty,13980.67,Resolved,5
SV00441,H018,D028,2026-02-12,Preventive Maintenance,Software Error,Low,6.7,2,Under Warranty,8254.97,Resolved,4
SV00442,H007,D023,2024-12-28,Preventive Maintenance,Calibration Issue,High,20.5,10,Under Warranty,6158.74,Resolved,4
SV00443,H090,D010,2024-10-28,Preventive Maintenance,Power Failure,Medium,2.9,5,Out of Warranty,6290.39,Resolved,4
SV00444,H024,D023,2024-04-17,Preventive Maintenance,Battery Issue,Medium,14.5,3,Under Warranty,2521.94,Resolved,5
SV00445,H091,D028,2025-06-13,Preventive Maintenance,Sensor/Probe Issue,High,13.4,4,Out of Warranty,12431.14,Resolved,4
SV00446,H033,D007,2025-08-30,Preventive Maintenance,Software Error,Medium,3.6,4,Under Warranty,3603.78,Resolved,4
SV00447,H008,D006,2024-11-13,Preventive Maintenance,Sensor/Probe Issue,High,10.5,3,Out of Warranty,8527.77,Resolved,5
SV00448,H044,D049,2024-12-24,Installation,Calibration Issue,Critical,7.5,14,Out of Warranty,16962.51,Resolved,2
SV00449,H028,D057,2025-10-29,Corrective Maintenance,Connectivity,Low,2.5,3,Under Warranty,17324.57,Resolved,4
SV00450,H071,D050,2024-12-13,Corrective Maintenance,Mechanical Issue,High,12.0,2,Out of Warranty,30125.01,Resolved,4
SV00451,H061,D031,2026-09-01,Preventive Maintenance,Software Error,Medium,0.9,2,Under Warranty,4693.41,Resolved,4
SV00452,H053,D039,2024-11-30,Corrective Maintenance,Sensor/Probe Issue,Low,8.4,2,Out of Warranty,35994.5,Resolved,5
SV00453,H092,D029,2026-02-09,Installation,Sensor/Probe Issue,Medium,9.0,2,Out of Warranty,6586.52,Resolved,5
SV00454,H067,D017,2026-04-05,Installation,Battery Issue,High,8.1,6,Under Warranty,11109.49,Resolved,3
SV00455,H039,D003,2025-01-15,Corrective Maintenance,Mechanical Issue,Medium,4.1,4,Under Warranty,7917.73,Resolved,4
SV00456,H055,D012,2025-08-18,Corrective Maintenance,Calibration Issue,Medium,1.1,2,Out of Warranty,24476.33,Resolved,5
SV00457,H069,D004,2025-03-05,Preventive Maintenance,Image Quality,Low,8.4,4,Out of Warranty,6536.01,Pending,4
SV00458,H015,D030,2025-12-16,Corrective Maintenance,Display Issue,High,2.0,6,Under Warranty,12945.36,Resolved,4
SV00459,H042,D051,2025-08-18,Corrective Maintenance,Calibration Issue,Medium,2.9,1,Out of Warranty,30907.55,Resolved,4
SV00460,H035,D005,2024-11-21,Corrective Maintenance,Battery Issue,Medium,5.5,2,Out of Warranty,31156.29,Resolved,4
SV00461,H012,D053,2025-10-29,Preventive Maintenance,Software Error,Medium,1.2,1,Under Warranty,3317.76,Resolved,4
SV00462,H094,D055,2025-01-27,Corrective Maintenance,Mechanical Issue,Medium,6.1,3,Under Warranty,8980.62,Resolved,5
SV00463,H079,D052,2026-07-20,Preventive Maintenance,Display Issue,Medium,4.5,1,Out of Warranty,13514.38,Resolved,5
SV00464,H007,D002,2024-11-25,Preventive Maintenance,Preventive Maintenance,Medium,10.8,6,Out of Warranty,11492.75,Resolved,4
SV00465,H096,D055,2026-02-10,Corrective Maintenance,Display Issue,Medium,6.9,1,Out of Warranty,33030.18,Resolved,3
SV00466,H022,D025,2024-05-28,Preventive Maintenance,Sensor/Probe Issue,Critical,35.2,4,Under Warranty,6798.38,Resolved,4
SV00467,H025,D007,2024-12-23,Preventive Maintenance,Connectivity,Medium,1.9,3,Out of Warranty,7432.91,Resolved,5
SV00468,H012,D003,2024-10-20,Preventive Maintenance,Display Issue,Medium,1.6,3,Under Warranty,5447.37,Resolved,4
SV00469,H049,D014,2024-10-16,Corrective Maintenance,Calibration Issue,Low,10.1,3,Out of Warranty,29694.27,Resolved,4
SV00470,H047,D056,2024-02-03,Corrective Maintenance,Sensor/Probe Issue,High,7.9,6,Out of Warranty,29585.04,Resolved,4
SV00471,H078,D058,2024-12-02,Preventive Maintenance,Image Quality,Low,2.1,3,Under Warranty,8718.38,Resolved,5
SV00472,H057,D034,2026-01-12,Corrective Maintenance,Sensor/Probe Issue,Medium,4.1,3,Under Warranty,7398.76,Resolved,4
SV00473,H029,D007,2024-12-21,Preventive Maintenance,Image Quality,Medium,2.2,2,Out of Warranty,4827.12,Resolved,4
SV00474,H074,D047,2024-09-02,Corrective Maintenance,Power Failure,Medium,5.0,6,Under Warranty,5690.85,Resolved,5
SV00475,H070,D032,2025-11-08,Corrective Maintenance,Sensor/Probe Issue,Medium,5.5,3,Under Warranty,5374.37,Resolved,4
SV00476,H093,D048,2025-04-12,Corrective Maintenance,Display Issue,Low,2.0,1,Under Warranty,14035.21,Resolved,5
SV00477,H004,D041,2026-01-11,Preventive Maintenance,Sensor/Probe Issue,Medium,5.8,3,Under Warranty,6750.57,Resolved,5
SV00478,H079,D005,2025-12-14,Corrective Maintenance,Calibration Issue,High,40.1,4,Under Warranty,13607.7,Resolved,4
SV00479,H020,D046,2025-04-03,Corrective Maintenance,Calibration Issue,Medium,3.1,4,Out of Warranty,19023.13,Resolved,5
SV00480,H053,D002,2026-04-09,Corrective Maintenance,Preventive Maintenance,High,8.1,1,Under Warranty,19499.05,Resolved,4
SV00481,H095,D045,2025-01-18,Installation,Sensor/Probe Issue,Medium,7.4,3,Under Warranty,12431.01,Pending,5
SV00482,H060,D044,2026-06-16,Corrective Maintenance,Sensor/Probe Issue,Medium,10.2,3,Out of Warranty,28156.53,Resolved,4
SV00483,H007,D001,2024-12-25,Corrective Maintenance,Mechanical Issue,High,5.9,1,Under Warranty,14158.6,Resolved,4
SV00484,H071,D034,2026-07-25,Preventive Maintenance,Image Quality,High,16.9,3,Out of Warranty,6830.98,Resolved,4
SV00485,H094,D040,2024-02-02,Preventive Maintenance,Image Quality,Medium,15.6,2,Under Warranty,3278.99,Resolved,4
SV00486,H063,D034,2025-05-26,Corrective Maintenance,Image Quality,High,14.7,2,Under Warranty,11972.7,Resolved,4
SV00487,H040,D020,2024-03-12,Corrective Maintenance,Calibration Issue,Medium,2.3,1,Under Warranty,5347.8,Resolved,5
SV00488,H050,D025,2026-05-19,Corrective Maintenance,Image Quality,Low,7.6,2,Out of Warranty,12744.92,Resolved,5
SV00489,H032,D049,2025-02-20,Corrective Maintenance,Battery Issue,Low,6.5,3,Under Warranty,5958.59,Resolved,5
SV00490,H063,D049,2024-05-15,Corrective Maintenance,Sensor/Probe Issue,Medium,1.6,3,Under Warranty,10519.46,Resolved,4
SV00491,H078,D007,2026-04-18,Preventive Maintenance,Power Failure,Low,4.8,2,Under Warranty,6925.6,Resolved,4
SV00492,H045,D050,2025-06-30,Corrective Maintenance,Calibration Issue,Medium,4.2,2,Under Warranty,19792.65,Resolved,3
SV00493,H005,D051,2024-01-04,Preventive Maintenance,Software Error,Low,6.5,1,Out of Warranty,6733.44,Resolved,4
SV00494,H002,D036,2024-11-25,Corrective Maintenance,Sensor/Probe Issue,Medium,13.7,3,Out of Warranty,25671.28,Resolved,4
SV00495,H004,D001,2025-11-24,Corrective Maintenance,Sensor/Probe Issue,Medium,3.3,2,Under Warranty,8777.09,Resolved,4
SV00496,H061,D028,2024-04-15,Corrective Maintenance,Sensor/Probe Issue,High,8.9,6,Under Warranty,20409.2,Resolved,4
SV00497,H059,D050,2026-06-01,Corrective Maintenance,Sensor/Probe Issue,Medium,5.3,2,Out of Warranty,19861.86,Resolved,4
SV00498,H003,D032,2024-01-31,Corrective Maintenance,Sensor/Probe Issue,High,9.9,6,Under Warranty,8632.71,Resolved,4
SV00499,H083,D032,2024-08-06,Installation,Mechanical Issue,Medium,6.8,1,Out of Warranty,17055.16,Resolved,4
SV00500,H087,D027,2024-10-01,Preventive Maintenance,Preventive Maintenance,Medium,8.1,5,Out of Warranty,7705.67,Resolved,4
SV00501,H017,D024,2025-01-22,Corrective Maintenance,Software Error,Medium,16.4,3,Under Warranty,8414.18,Resolved,3
SV00502,H093,D051,2025-07-14,Preventive Maintenance,Preventive Maintenance,Medium,9.2,1,Out of Warranty,4153.06,Resolved,5
SV00503,H035,D029,2025-10-07,Corrective Maintenance,Sensor/Probe Issue,Medium,5.8,2,Under Warranty,19887.48,Resolved,5
SV00504,H082,D012,2025-03-03,Corrective Maintenance,Calibration Issue,Medium,10.3,4,Under Warranty,6945.9,Resolved,3
SV00505,H099,D031,2024-06-02,Preventive Maintenance,Mechanical Issue,Medium,6.0,1,Under Warranty,6744.15,Resolved,5
SV00506,H011,D056,2024-04-13,Installation,Software Error,High,5.1,6,Out of Warranty,16871.34,Resolved,4
SV00507,H074,D055,2024-11-06,Preventive Maintenance,Battery Issue,Medium,8.4,3,Out of Warranty,8191.29,Pending,4
SV00508,H003,D019,2024-10-22,Installation,Power Failure,Medium,3.2,2,Out of Warranty,25441.36,Resolved,4
SV00509,H048,D045,2024-04-10,Preventive Maintenance,Mechanical Issue,Low,5.7,3,Under Warranty,2411.21,Resolved,5
SV00510,H042,D058,2025-06-09,Corrective Maintenance,Image Quality,High,3.9,3,Out of Warranty,15819.96,Resolved,5
SV00511,H090,D056,2026-08-25,Corrective Maintenance,Software Error,Medium,2.6,4,Under Warranty,9055.21,Resolved,4
SV00512,H072,D041,2025-01-27,Preventive Maintenance,Battery Issue,Medium,8.1,4,Out of Warranty,9452.88,Resolved,4
SV00513,H089,D020,2024-05-30,Installation,Connectivity,Medium,2.7,1,Under Warranty,13234.7,Resolved,5
SV00514,H071,D051,2025-10-17,Corrective Maintenance,Sensor/Probe Issue,Medium,12.4,1,Out of Warranty,12342.71,Resolved,5
SV00515,H048,D004,2026-06-21,Preventive Maintenance,Image Quality,Medium,8.0,1,Under Warranty,6053.55,Pending,5
SV00516,H058,D010,2024-08-22,Corrective Maintenance,Preventive Maintenance,High,6.5,9,Under Warranty,7734.7,Resolved,4
SV00517,H093,D043,2026-02-05,Corrective Maintenance,Mechanical Issue,Medium,6.7,4,Out of Warranty,31954.12,Resolved,4
SV00518,H045,D003,2026-08-27,Corrective Maintenance,Sensor/Probe Issue,Low,21.7,1,Under Warranty,13908.48,Resolved,4
SV00519,H060,D045,2025-11-10,Preventive Maintenance,Mechanical Issue,High,11.8,2,Under Warranty,6379.76,Resolved,5
SV00520,H075,D007,2024-01-14,Corrective Maintenance,Battery Issue,High,10.0,3,Under Warranty,5156.51,Resolved,4
SV00521,H023,D008,2025-01-21,Preventive Maintenance,Power Failure,High,7.8,3,Out of Warranty,7192.38,Resolved,4
SV00522,H096,D018,2024-01-04,Corrective Maintenance,Sensor/Probe Issue,Low,6.6,2,Out of Warranty,33095.06,Resolved,4
SV00523,H027,D026,2025-09-21,Corrective Maintenance,Preventive Maintenance,Medium,9.9,2,Under Warranty,9145.86,Resolved,4
SV00524,H015,D032,2026-07-11,Corrective Maintenance,Battery Issue,Low,3.9,1,Out of Warranty,13311.11,Resolved,4
SV00525,H076,D031,2025-03-04,Corrective Maintenance,Power Failure,Medium,1.2,2,Under Warranty,7288.19,Resolved,4
SV00526,H076,D053,2024-04-17,Preventive Maintenance,Image Quality,Critical,19.0,5,Out of Warranty,15295.43,Resolved,4
SV00527,H001,D036,2024-11-03,Preventive Maintenance,Mechanical Issue,Critical,24.5,9,Under Warranty,2199.18,Resolved,3
SV00528,H028,D013,2026-02-11,Corrective Maintenance,Connectivity,High,7.2,5,Out of Warranty,27190.81,Pending,5
SV00529,H025,D003,2026-06-21,Preventive Maintenance,Image Quality,Critical,8.7,10,Under Warranty,7409.72,Resolved,4
SV00530,H026,D050,2025-04-06,Preventive Maintenance,Sensor/Probe Issue,Medium,5.9,4,Under Warranty,4187.38,Resolved,5
SV00531,H062,D018,2026-07-09,Preventive Maintenance,Connectivity,Medium,7.2,5,Under Warranty,5495.86,Resolved,5
SV00532,H071,D060,2024-10-18,Preventive Maintenance,Sensor/Probe Issue,High,9.2,1,Out of Warranty,5858.81,Resolved,4
SV00533,H049,D013,2025-01-05,Preventive Maintenance,Calibration Issue,Low,6.4,3,Under Warranty,8632.33,Resolved,4
SV00534,H030,D029,2024-01-22,Preventive Maintenance,Sensor/Probe Issue,Medium,16.5,3,Out of Warranty,12717.57,Resolved,5
SV00535,H086,D044,2024-08-13,Installation,Mechanical Issue,Medium,12.5,3,Out of Warranty,15903.1,Resolved,4
SV00536,H074,D032,2025-01-10,Installation,Connectivity,Medium,16.9,2,Under Warranty,4690.16,Resolved,4
SV00537,H004,D008,2025-01-16,Installation,Calibration Issue,Medium,7.2,8,Under Warranty,8769.68,Resolved,5
SV00538,H012,D048,2024-12-02,Corrective Maintenance,Software Error,High,8.0,6,Out of Warranty,22632.16,Pending,4
SV00539,H008,D009,2025-04-14,Preventive Maintenance,Software Error,High,8.6,3,Out of Warranty,13141.22,Resolved,4
SV00540,H008,D038,2025-01-10,Corrective Maintenance,Sensor/Probe Issue,High,9.6,5,Out of Warranty,10413.61,Resolved,4
SV00541,H004,D029,2024-01-05,Corrective Maintenance,Sensor/Probe Issue,High,4.9,2,Under Warranty,13314.59,Resolved,5
SV00542,H066,D002,2024-06-06,Preventive Maintenance,Power Failure,High,4.7,8,Under Warranty,3684.17,Pending,3
SV00543,H072,D012,2025-05-21,Corrective Maintenance,Sensor/Probe Issue,High,2.7,3,Under Warranty,19454.41,Resolved,5
SV00544,H056,D021,2025-01-29,Corrective Maintenance,Sensor/Probe Issue,Medium,12.0,5,Out of Warranty,13460.62,Resolved,4
SV00545,H066,D017,2024-11-14,Preventive Maintenance,Calibration Issue,Medium,6.3,2,Under Warranty,6367.89,Resolved,4
SV00546,H083,D047,2024-08-19,Corrective Maintenance,Sensor/Probe Issue,Medium,3.9,3,Out of Warranty,29571.08,Resolved,4
SV00547,H092,D043,2026-07-26,Corrective Maintenance,Mechanical Issue,Medium,8.5,2,Under Warranty,9805.51,Resolved,5
SV00548,H073,D052,2025-01-28,Preventive Maintenance,Sensor/Probe Issue,Medium,11.7,3,Under Warranty,6938.41,Resolved,4
SV00549,H014,D056,2026-02-24,Corrective Maintenance,Sensor/Probe Issue,Low,4.4,2,Out of Warranty,12658.08,Resolved,4
SV00550,H004,D033,2024-03-20,Corrective Maintenance,Calibration Issue,High,9.1,8,Under Warranty,14150.2,Resolved,3
SV00551,H035,D012,2024-08-04,Preventive Maintenance,Power Failure,High,7.4,2,Out of Warranty,4567.25,Resolved,4
SV00552,H041,D033,2026-07-06,Corrective Maintenance,Connectivity,High,16.9,5,Under Warranty,14781.45,Resolved,5
SV00553,H001,D059,2024-03-17,Preventive Maintenance,Sensor/Probe Issue,Low,7.7,2,Under Warranty,2236.05,Resolved,5
SV00554,H040,D060,2024-03-08,Preventive Maintenance,Mechanical Issue,High,7.3,4,Under Warranty,6661.22,Resolved,4
SV00555,H030,D045,2026-01-26,Corrective Maintenance,Power Failure,High,4.2,4,Out of Warranty,12651.96,Resolved,4
SV00556,H031,D046,2024-11-22,Preventive Maintenance,Display Issue,Medium,15.5,3,Under Warranty,2749.58,Resolved,4
SV00557,H058,D047,2025-06-08,Corrective Maintenance,Software Error,Low,1.9,4,Under Warranty,11425.6,Resolved,4
SV00558,H059,D058,2025-02-12,Preventive Maintenance,Calibration Issue,High,11.7,2,Out of Warranty,13476.51,Resolved,5
SV00559,H013,D024,2026-02-27,Preventive Maintenance,Battery Issue,Medium,9.7,3,Under Warranty,5764.48,Resolved,5
SV00560,H073,D034,2025-03-28,Installation,Display Issue,Medium,11.8,3,Out of Warranty,15054.98,Resolved,4
SV00561,H060,D029,2024-11-09,Preventive Maintenance,Power Failure,Medium,16.5,1,Out of Warranty,9830.44,Resolved,5
SV00562,H021,D013,2024-02-14,Preventive Maintenance,Preventive Maintenance,High,3.4,2,Under Warranty,2915.49,Resolved,5
SV00563,H044,D022,2026-03-27,Installation,Image Quality,High,2.7,4,Out of Warranty,19051.42,Resolved,4
SV00564,H033,D028,2025-06-17,Corrective Maintenance,Battery Issue,High,3.5,5,Under Warranty,9912.89,Resolved,4
SV00565,H072,D052,2026-08-10,Preventive Maintenance,Display Issue,Low,2.1,1,Out of Warranty,11794.91,Resolved,4
SV00566,H078,D004,2025-12-06,Corrective Maintenance,Display Issue,Medium,7.3,1,Out of Warranty,38537.88,Resolved,5
SV00567,H077,D007,2026-03-18,Corrective Maintenance,Display Issue,High,16.2,2,Under Warranty,12117.47,Resolved,5
SV00568,H011,D049,2026-09-19,Corrective Maintenance,Preventive Maintenance,Medium,1.2,1,Under Warranty,6204.98,Resolved,5
SV00569,H043,D025,2026-01-27,Preventive Maintenance,Sensor/Probe Issue,Low,2.3,2,Out of Warranty,11956.25,Resolved,5
SV00570,H030,D052,2026-07-20,Corrective Maintenance,Connectivity,Critical,3.9,8,Under Warranty,11990.8,Resolved,4
SV00571,H094,D046,2024-11-11,Corrective Maintenance,Image Quality,Low,16.8,2,Out of Warranty,13952.66,Resolved,5
SV00572,H075,D028,2025-05-16,Corrective Maintenance,Calibration Issue,Medium,1.0,3,Under Warranty,14265.24,Resolved,4
SV00573,H024,D017,2025-09-20,Corrective Maintenance,Connectivity,Medium,17.0,6,Under Warranty,20933.76,Resolved,4
SV00574,H079,D054,2024-12-05,Preventive Maintenance,Software Error,High,13.4,3,Under Warranty,2876.36,Resolved,4
SV00575,H092,D021,2026-03-13,Preventive Maintenance,Sensor/Probe Issue,Medium,8.2,1,Out of Warranty,15041.79,Resolved,4
SV00576,H080,D036,2025-06-22,Preventive Maintenance,Display Issue,Medium,7.8,3,Under Warranty,4185.45,Resolved,4
SV00577,H022,D003,2025-10-14,Installation,Image Quality,High,3.3,2,Out of Warranty,18802.33,Pending,4
SV00578,H036,D047,2026-04-24,Corrective Maintenance,Preventive Maintenance,High,14.4,6,Under Warranty,6499.51,Resolved,4
SV00579,H065,D045,2024-03-17,Installation,Connectivity,Medium,6.4,2,Out of Warranty,11718.28,Resolved,4
SV00580,H085,D040,2025-05-21,Preventive Maintenance,Display Issue,Critical,39.7,1,Under Warranty,2974.43,Resolved,4
SV00581,H054,D043,2024-09-25,Corrective Maintenance,Battery Issue,Medium,3.7,2,Under Warranty,6555.39,Pending,5
SV00582,H063,D003,2024-01-22,Installation,Image Quality,Low,3.9,4,Under Warranty,7619.72,Resolved,4
SV00583,H077,D002,2024-08-19,Preventive Maintenance,Software Error,High,25.7,2,Under Warranty,3125.6,Resolved,4
SV00584,H011,D031,2024-02-27,Installation,Power Failure,High,16.4,5,Under Warranty,9673.4,Resolved,4
SV00585,H070,D023,2024-02-15,Preventive Maintenance,Mechanical Issue,Low,7.5,3,Out of Warranty,11647.03,Resolved,4
SV00586,H085,D034,2026-08-27,Corrective Maintenance,Calibration Issue,Medium,6.8,2,Under Warranty,6747.6,Resolved,4
SV00587,H002,D031,2024-03-04,Preventive Maintenance,Preventive Maintenance,Medium,12.1,2,Under Warranty,8698.74,Resolved,5
SV00588,H028,D042,2025-11-25,Installation,Mechanical Issue,High,16.6,1,Out of Warranty,8529.77,Resolved,4
SV00589,H064,D048,2025-02-06,Corrective Maintenance,Image Quality,Medium,5.8,4,Out of Warranty,16667.16,Resolved,4
SV00590,H089,D003,2024-04-27,Corrective Maintenance,Power Failure,Medium,2.2,1,Under Warranty,18997.57,Resolved,5
SV00591,H029,D033,2026-09-14,Corrective Maintenance,Power Failure,Medium,0.7,3,Out of Warranty,21563.22,Resolved,5
SV00592,H076,D008,2025-07-14,Preventive Maintenance,Image Quality,Medium,5.8,5,Under Warranty,3074.75,Resolved,3
SV00593,H068,D012,2025-07-07,Corrective Maintenance,Software Error,Medium,9.8,2,Under Warranty,20962.64,Resolved,4
SV00594,H068,D040,2024-02-01,Corrective Maintenance,Calibration Issue,Medium,8.5,9,Under Warranty,7997.34,Resolved,3
SV00595,H050,D057,2025-01-11,Corrective Maintenance,Image Quality,Low,0.9,2,Out of Warranty,36815.01,Resolved,5
SV00596,H040,D029,2024-06-17,Preventive Maintenance,Software Error,Medium,7.5,4,Under Warranty,6890.71,Resolved,4
SV00597,H048,D053,2025-11-25,Preventive Maintenance,Battery Issue,High,10.0,5,Out of Warranty,15512.51,Resolved,5
SV00598,H040,D045,2025-01-01,Preventive Maintenance,Image Quality,High,8.5,2,Under Warranty,4646.3,Resolved,5
SV00599,H081,D036,2025-09-21,Corrective Maintenance,Calibration Issue,Critical,22.3,2,Under Warranty,9080.84,Resolved,4
SV00600,H068,D045,2024-03-04,Corrective Maintenance,Connectivity,Medium,10.2,4,Under Warranty,10521.45,Resolved,4
SV00601,H034,D009,2024-05-04,Corrective Maintenance,Image Quality,Medium,0.5,2,Out of Warranty,11094.1,Resolved,4
SV00602,H045,D045,2025-06-14,Preventive Maintenance,Image Quality,Medium,6.7,7,Out of Warranty,11746.49,Resolved,4
SV00603,H029,D059,2024-05-08,Corrective Maintenance,Sensor/Probe Issue,Low,2.9,6,Under Warranty,17025.63,Resolved,4
SV00604,H080,D018,2025-06-27,Installation,Power Failure,High,22.3,4,Out of Warranty,15693.37,Resolved,4
SV00605,H062,D004,2026-07-31,Corrective Maintenance,Sensor/Probe Issue,Medium,5.3,3,Out of Warranty,37159.3,Resolved,4
SV00606,H034,D035,2025-12-02,Corrective Maintenance,Calibration Issue,High,14.1,3,Under Warranty,13224.12,Resolved,5
SV00607,H023,D025,2025-08-25,Corrective Maintenance,Connectivity,Medium,16.0,1,Out of Warranty,33383.43,Resolved,4
SV00608,H038,D040,2025-08-29,Corrective Maintenance,Mechanical Issue,Medium,14.4,4,Under Warranty,20210.81,Resolved,4
SV00609,H089,D049,2024-04-18,Preventive Maintenance,Image Quality,Medium,14.0,3,Out of Warranty,15198.11,Resolved,4
SV00610,H008,D053,2025-03-02,Preventive Maintenance,Image Quality,Low,0.8,2,Out of Warranty,7873.18,Resolved,4
SV00611,H066,D042,2026-08-12,Corrective Maintenance,Connectivity,Medium,3.0,3,Out of Warranty,37607.29,Resolved,5
SV00612,H052,D025,2025-04-28,Preventive Maintenance,Display Issue,Medium,1.8,5,Under Warranty,6764.69,Resolved,4
SV00613,H039,D022,2026-03-01,Corrective Maintenance,Image Quality,High,7.9,8,Out of Warranty,33189.94,Resolved,4
SV00614,H072,D055,2026-01-16,Corrective Maintenance,Calibration Issue,High,19.1,2,Out of Warranty,37380.47,Resolved,4
SV00615,H041,D025,2024-03-31,Preventive Maintenance,Preventive Maintenance,Critical,20.5,3,Under Warranty,8358.85,Resolved,4
SV00616,H004,D005,2024-01-14,Corrective Maintenance,Sensor/Probe Issue,High,9.1,5,Under Warranty,13645.88,Resolved,4
SV00617,H013,D038,2025-03-27,Corrective Maintenance,Sensor/Probe Issue,Low,9.8,2,Out of Warranty,19269.12,Resolved,5
SV00618,H072,D009,2026-03-02,Corrective Maintenance,Power Failure,Medium,3.8,1,Under Warranty,15917.0,Resolved,5
SV00619,H034,D034,2025-08-15,Preventive Maintenance,Sensor/Probe Issue,Medium,3.3,4,Under Warranty,5858.7,Resolved,4
SV00620,H001,D030,2026-09-28,Installation,Calibration Issue,High,10.6,1,Under Warranty,6154.92,Resolved,5
SV00621,H096,D006,2026-06-30,Corrective Maintenance,Image Quality,Medium,4.9,4,Under Warranty,11506.15,Resolved,3
SV00622,H079,D013,2024-07-02,Corrective Maintenance,Calibration Issue,High,4.9,2,Under Warranty,10688.57,Resolved,5
SV00623,H045,D033,2025-05-21,Corrective Maintenance,Battery Issue,Low,2.4,1,Out of Warranty,26744.6,Resolved,4
SV00624,H092,D053,2026-04-07,Corrective Maintenance,Mechanical Issue,High,4.9,2,Out of Warranty,18994.15,Resolved,5
SV00625,H038,D009,2025-02-10,Preventive Maintenance,Calibration Issue,Medium,20.0,2,Under Warranty,6492.08,Resolved,4
SV00626,H052,D017,2025-06-03,Preventive Maintenance,Connectivity,Medium,5.7,2,Out of Warranty,15540.7,Resolved,4
SV00627,H051,D040,2025-10-17,Corrective Maintenance,Image Quality,Medium,5.9,3,Out of Warranty,15242.71,Resolved,4
SV00628,H009,D058,2024-07-07,Preventive Maintenance,Preventive Maintenance,Low,12.8,2,Out of Warranty,10307.84,Resolved,5
SV00629,H078,D020,2025-03-16,Installation,Connectivity,Medium,3.8,1,Under Warranty,5311.27,Resolved,5
SV00630,H040,D019,2024-08-24,Corrective Maintenance,Mechanical Issue,Medium,6.7,2,Out of Warranty,19048.78,Resolved,4
SV00631,H050,D035,2025-05-26,Corrective Maintenance,Image Quality,Low,12.5,1,Out of Warranty,28120.87,Resolved,5
SV00632,H085,D017,2026-05-19,Corrective Maintenance,Power Failure,High,7.4,4,Under Warranty,13239.95,Resolved,4
SV00633,H016,D023,2025-05-18,Installation,Software Error,Medium,11.3,2,Out of Warranty,15469.01,Pending,5
SV00634,H094,D006,2024-12-20,Corrective Maintenance,Sensor/Probe Issue,Medium,6.0,2,Under Warranty,8696.93,Resolved,3
SV00635,H030,D030,2025-02-13,Corrective Maintenance,Power Failure,Low,1.3,1,Out of Warranty,13609.94,Resolved,5
SV00636,H063,D045,2025-06-06,Corrective Maintenance,Connectivity,High,3.5,1,Under Warranty,7954.01,Resolved,5
SV00637,H015,D047,2024-01-15,Corrective Maintenance,Mechanical Issue,Low,2.3,1,Under Warranty,15927.82,Resolved,4
SV00638,H070,D060,2025-07-19,Corrective Maintenance,Mechanical Issue,Low,5.4,1,Under Warranty,18032.13,Resolved,4
SV00639,H077,D053,2025-06-28,Installation,Power Failure,Low,5.8,3,Out of Warranty,24919.69,Resolved,4
SV00640,H099,D051,2025-02-23,Corrective Maintenance,Connectivity,Medium,17.3,1,Out of Warranty,9980.85,Resolved,4
SV00641,H034,D019,2025-01-03,Corrective Maintenance,Mechanical Issue,High,19.0,5,Under Warranty,17483.19,Resolved,4
SV00642,H087,D031,2024-03-05,Corrective Maintenance,Preventive Maintenance,Medium,3.6,6,Under Warranty,9121.96,Resolved,4
SV00643,H068,D007,2025-03-29,Preventive Maintenance,Calibration Issue,Critical,3.3,3,Under Warranty,4838.47,Resolved,4
SV00644,H052,D001,2024-05-28,Preventive Maintenance,Display Issue,Medium,14.7,1,Under Warranty,2481.54,Resolved,4
SV00645,H046,D026,2024-11-21,Corrective Maintenance,Sensor/Probe Issue,Low,16.7,1,Under Warranty,9527.14,Resolved,5
SV00646,H100,D005,2025-11-21,Corrective Maintenance,Battery Issue,Medium,10.1,1,Under Warranty,19956.87,Resolved,4
SV00647,H073,D058,2025-05-08,Corrective Maintenance,Calibration Issue,Medium,0.7,5,Out of Warranty,17608.0,Resolved,5
SV00648,H011,D028,2025-09-17,Corrective Maintenance,Preventive Maintenance,Critical,11.9,8,Under Warranty,20825.95,Resolved,4
SV00649,H064,D031,2026-06-02,Corrective Maintenance,Image Quality,High,12.0,5,Under Warranty,15726.03,Resolved,4
SV00650,H028,D043,2025-09-29,Corrective Maintenance,Image Quality,Medium,4.6,2,Under Warranty,9417.8,Resolved,4
SV00651,H043,D028,2026-05-15,Corrective Maintenance,Software Error,Medium,12.8,2,Under Warranty,13763.77,Resolved,4
SV00652,H091,D046,2026-09-24,Corrective Maintenance,Display Issue,Medium,1.8,2,Out of Warranty,22741.05,Resolved,5
SV00653,H028,D020,2026-05-11,Corrective Maintenance,Calibration Issue,High,5.9,4,Out of Warranty,28768.77,Resolved,5
SV00654,H055,D053,2026-07-30,Preventive Maintenance,Mechanical Issue,Low,1.3,2,Under Warranty,5062.66,Resolved,5
SV00655,H077,D039,2024-08-31,Preventive Maintenance,Mechanical Issue,Medium,9.2,2,Out of Warranty,10626.15,Resolved,4
SV00656,H100,D042,2026-04-20,Corrective Maintenance,Display Issue,Critical,23.6,1,Under Warranty,8037.84,Resolved,4
SV00657,H017,D008,2026-04-28,Corrective Maintenance,Calibration Issue,High,9.2,4,Under Warranty,10598.95,Resolved,5
SV00658,H092,D016,2025-06-24,Corrective Maintenance,Mechanical Issue,Medium,2.1,4,Under Warranty,9234.99,Resolved,4
SV00659,H027,D028,2026-02-07,Installation,Calibration Issue,Medium,6.9,1,Out of Warranty,7573.08,Resolved,5
SV00660,H051,D055,2026-03-30,Corrective Maintenance,Power Failure,Medium,5.2,3,Under Warranty,7974.3,Resolved,4
SV00661,H030,D017,2024-02-22,Corrective Maintenance,Sensor/Probe Issue,Medium,7.1,2,Under Warranty,7623.7,Resolved,5
SV00662,H023,D017,2026-02-08,Corrective Maintenance,Sensor/Probe Issue,High,23.0,5,Out of Warranty,14338.89,Resolved,4
SV00663,H016,D060,2025-01-29,Preventive Maintenance,Calibration Issue,High,12.0,7,Under Warranty,7109.0,Resolved,4
SV00664,H016,D041,2025-02-28,Corrective Maintenance,Power Failure,High,34.8,7,Under Warranty,20109.63,Resolved,3
SV00665,H019,D056,2025-07-25,Preventive Maintenance,Connectivity,Low,7.0,2,Under Warranty,4746.08,Resolved,4
SV00666,H057,D031,2024-11-05,Corrective Maintenance,Calibration Issue,Medium,1.7,1,Under Warranty,12681.36,Resolved,5
SV00667,H077,D013,2025-09-04,Corrective Maintenance,Battery Issue,Low,2.0,2,Under Warranty,15478.91,Resolved,4
SV00668,H070,D044,2026-01-17,Preventive Maintenance,Connectivity,High,16.0,2,Out of Warranty,4997.26,Resolved,5
SV00669,H075,D018,2025-08-07,Preventive Maintenance,Battery Issue,Medium,4.4,6,Under Warranty,7946.76,Resolved,5
SV00670,H026,D019,2024-12-09,Corrective Maintenance,Battery Issue,Medium,12.8,2,Out of Warranty,32416.05,Resolved,5
SV00671,H039,D036,2025-11-25,Preventive Maintenance,Software Error,Medium,2.2,7,Out of Warranty,15303.78,Resolved,4
SV00672,H040,D020,2024-08-10,Corrective Maintenance,Battery Issue,Critical,9.6,11,Under Warranty,14556.63,Resolved,4
SV00673,H033,D057,2025-08-27,Corrective Maintenance,Software Error,Low,4.7,1,Under Warranty,12411.49,Resolved,5
SV00674,H021,D009,2026-05-04,Corrective Maintenance,Display Issue,Medium,8.0,3,Under Warranty,7205.02,Resolved,4
SV00675,H058,D003,2025-05-16,Corrective Maintenance,Calibration Issue,High,17.8,3,Out of Warranty,21229.65,Resolved,4
SV00676,H062,D029,2024-12-10,Corrective Maintenance,Battery Issue,High,19.4,4,Out of Warranty,17046.98,Resolved,4
SV00677,H003,D011,2026-04-11,Preventive Maintenance,Software Error,High,10.5,1,Under Warranty,2931.37,Resolved,4
SV00678,H063,D005,2024-10-16,Preventive Maintenance,Battery Issue,High,9.1,3,Under Warranty,7650.32,Resolved,4
SV00679,H077,D022,2025-01-08,Corrective Maintenance,Battery Issue,Medium,5.5,2,Under Warranty,6648.39,Resolved,5
SV00680,H023,D028,2025-10-23,Corrective Maintenance,Battery Issue,Medium,5.2,2,Out of Warranty,35406.77,Pending,4
SV00681,H097,D005,2024-03-16,Preventive Maintenance,Connectivity,Medium,2.3,2,Under Warranty,6465.83,Resolved,4
SV00682,H049,D016,2025-12-02,Preventive Maintenance,Software Error,Medium,16.1,3,Under Warranty,5581.08,Resolved,4
SV00683,H054,D007,2025-03-11,Corrective Maintenance,Preventive Maintenance,Low,8.2,1,Under Warranty,13582.88,Resolved,5
SV00684,H069,D035,2025-01-02,Corrective Maintenance,Battery Issue,Low,2.8,3,Under Warranty,16275.82,Resolved,4
SV00685,H012,D013,2024-06-08,Preventive Maintenance,Sensor/Probe Issue,Medium,8.8,3,Out of Warranty,7299.27,Resolved,4
SV00686,H037,D054,2025-12-08,Corrective Maintenance,Preventive Maintenance,Medium,8.4,6,Out of Warranty,21569.35,Resolved,4
SV00687,H024,D042,2025-02-16,Preventive Maintenance,Calibration Issue,Medium,8.5,1,Out of Warranty,6619.02,Pending,5
SV00688,H053,D016,2025-12-25,Corrective Maintenance,Software Error,High,22.3,2,Under Warranty,11043.38,Resolved,5
SV00689,H024,D009,2024-10-21,Preventive Maintenance,Software Error,Medium,26.4,3,Under Warranty,5824.98,Resolved,4
SV00690,H025,D041,2024-03-21,Corrective Maintenance,Sensor/Probe Issue,High,4.9,12,Out of Warranty,17813.95,Resolved,3
SV00691,H001,D004,2025-12-19,Preventive Maintenance,Power Failure,Medium,16.3,7,Under Warranty,4879.98,Resolved,4
SV00692,H070,D027,2026-08-22,Preventive Maintenance,Connectivity,Critical,56.3,6,Under Warranty,2354.96,Resolved,3
SV00693,H047,D051,2026-08-03,Installation,Sensor/Probe Issue,Critical,13.5,4,Out of Warranty,22835.11,Resolved,4
SV00694,H077,D023,2024-01-06,Preventive Maintenance,Connectivity,High,4.4,3,Out of Warranty,8902.9,Resolved,5
SV00695,H025,D020,2026-02-12,Corrective Maintenance,Software Error,High,16.3,4,Under Warranty,18627.26,Resolved,4
SV00696,H037,D047,2024-04-06,Corrective Maintenance,Display Issue,Medium,8.4,2,Under Warranty,15591.51,Resolved,5
SV00697,H093,D045,2024-12-17,Corrective Maintenance,Battery Issue,High,9.4,8,Under Warranty,19514.63,Resolved,4
SV00698,H096,D036,2026-03-28,Corrective Maintenance,Preventive Maintenance,Medium,5.2,5,Out of Warranty,37391.48,Resolved,4
SV00699,H094,D043,2024-05-11,Corrective Maintenance,Image Quality,Medium,10.3,2,Under Warranty,18569.86,Resolved,5
SV00700,H060,D048,2025-10-14,Installation,Image Quality,Low,1.2,1,Out of Warranty,10572.52,Resolved,5
SV00701,H043,D007,2025-10-16,Preventive Maintenance,Connectivity,Medium,13.0,2,Out of Warranty,4020.59,Resolved,4
SV00702,H042,D028,2026-09-23,Preventive Maintenance,Power Failure,Low,4.1,2,Out of Warranty,11242.64,Resolved,4
SV00703,H097,D002,2025-08-01,Corrective Maintenance,Software Error,Medium,2.9,3,Out of Warranty,13193.66,Resolved,5
SV00704,H062,D044,2024-01-11,Corrective Maintenance,Sensor/Probe Issue,High,2.3,2,Under Warranty,6397.74,Resolved,4
SV00705,H083,D017,2026-04-24,Preventive Maintenance,Mechanical Issue,High,1.8,4,Out of Warranty,14546.05,Resolved,5
SV00706,H093,D045,2026-04-01,Preventive Maintenance,Preventive Maintenance,High,6.3,4,Under Warranty,5608.8,Resolved,4
SV00707,H084,D060,2025-06-25,Corrective Maintenance,Mechanical Issue,Low,2.9,3,Out of Warranty,18833.82,Resolved,5
SV00708,H055,D027,2024-05-20,Preventive Maintenance,Power Failure,High,11.7,10,Out of Warranty,6082.43,Resolved,4
SV00709,H064,D058,2025-12-31,Preventive Maintenance,Power Failure,High,13.6,5,Under Warranty,5917.45,Pending,4
SV00710,H003,D043,2024-08-14,Installation,Image Quality,High,7.4,9,Under Warranty,10747.74,Resolved,4
SV00711,H037,D046,2024-04-22,Corrective Maintenance,Sensor/Probe Issue,Low,9.4,1,Out of Warranty,34296.6,Resolved,5
SV00712,H065,D014,2024-09-27,Corrective Maintenance,Software Error,Medium,6.4,3,Under Warranty,20604.09,Resolved,5
SV00713,H082,D054,2026-09-06,Corrective Maintenance,Power Failure,Medium,5.4,5,Under Warranty,15486.08,Resolved,4
SV00714,H063,D047,2025-11-03,Corrective Maintenance,Preventive Maintenance,High,8.9,2,Under Warranty,15966.83,Resolved,4
SV00715,H042,D005,2025-09-12,Corrective Maintenance,Sensor/Probe Issue,Medium,13.7,2,Out of Warranty,32391.19,Pending,5
SV00716,H046,D029,2026-05-03,Installation,Sensor/Probe Issue,Medium,16.4,2,Out of Warranty,15851.55,Resolved,3
SV00717,H055,D057,2024-12-29,Preventive Maintenance,Preventive Maintenance,Medium,18.4,1,Under Warranty,5766.26,Resolved,4
SV00718,H008,D004,2025-08-23,Preventive Maintenance,Sensor/Probe Issue,Medium,7.9,5,Out of Warranty,4912.3,Resolved,4
SV00719,H094,D024,2024-12-24,Corrective Maintenance,Display Issue,High,6.8,7,Out of Warranty,22511.49,Resolved,4
SV00720,H053,D038,2025-11-10,Corrective Maintenance,Display Issue,Medium,1.4,1,Under Warranty,15718.69,Resolved,5
SV00721,H073,D027,2026-02-26,Preventive Maintenance,Mechanical Issue,High,9.4,2,Out of Warranty,6665.17,Resolved,4
SV00722,H055,D044,2025-12-14,Preventive Maintenance,Power Failure,Medium,18.6,9,Under Warranty,7006.98,Resolved,3
SV00723,H028,D016,2024-11-28,Corrective Maintenance,Sensor/Probe Issue,Critical,11.9,4,Under Warranty,8227.32,Resolved,4
SV00724,H079,D027,2024-08-02,Corrective Maintenance,Connectivity,High,26.4,1,Under Warranty,14254.51,Pending,4
SV00725,H076,D027,2026-02-11,Corrective Maintenance,Power Failure,Medium,16.2,3,Out of Warranty,15246.51,Resolved,4
SV00726,H053,D023,2024-04-28,Preventive Maintenance,Sensor/Probe Issue,High,5.7,3,Under Warranty,7433.93,Resolved,5
SV00727,H072,D052,2024-10-22,Corrective Maintenance,Preventive Maintenance,Medium,8.2,5,Out of Warranty,19397.22,Resolved,4
SV00728,H099,D039,2024-11-02,Installation,Image Quality,High,16.0,3,Out of Warranty,18704.89,Resolved,3
SV00729,H038,D015,2024-02-04,Corrective Maintenance,Calibration Issue,High,19.6,3,Under Warranty,15179.02,Resolved,4
SV00730,H085,D020,2024-03-10,Corrective Maintenance,Display Issue,Medium,3.3,2,Out of Warranty,22172.62,Resolved,4
SV00731,H028,D023,2024-06-04,Corrective Maintenance,Sensor/Probe Issue,Medium,35.1,4,Out of Warranty,17687.28,Resolved,4
SV00732,H092,D012,2026-01-12,Preventive Maintenance,Mechanical Issue,High,19.5,3,Out of Warranty,4517.91,Resolved,5
SV00733,H088,D058,2024-02-04,Preventive Maintenance,Calibration Issue,Low,6.6,1,Out of Warranty,9827.15,Resolved,5
SV00734,H095,D012,2024-12-19,Corrective Maintenance,Mechanical Issue,Medium,5.9,1,Under Warranty,19500.19,Resolved,5
SV00735,H068,D043,2025-12-31,Preventive Maintenance,Image Quality,Medium,3.5,3,Under Warranty,8058.39,Resolved,4
SV00736,H036,D037,2024-11-25,Preventive Maintenance,Sensor/Probe Issue,Medium,5.3,1,Under Warranty,3740.73,Resolved,4
SV00737,H088,D042,2026-01-15,Corrective Maintenance,Mechanical Issue,Critical,12.0,3,Under Warranty,20394.11,Resolved,4
SV00738,H021,D028,2024-02-13,Corrective Maintenance,Software Error,Medium,17.9,5,Out of Warranty,17113.86,Resolved,5
SV00739,H026,D041,2024-11-17,Preventive Maintenance,Sensor/Probe Issue,High,11.3,4,Out of Warranty,10658.0,Resolved,5
SV00740,H040,D014,2024-11-09,Corrective Maintenance,Connectivity,High,3.1,1,Out of Warranty,17816.28,Resolved,5
SV00741,H069,D040,2025-07-01,Preventive Maintenance,Power Failure,High,14.7,8,Under Warranty,3834.84,Resolved,3
SV00742,H012,D048,2025-05-11,Preventive Maintenance,Display Issue,High,15.0,1,Under Warranty,2962.98,Resolved,5
SV00743,H084,D012,2024-12-06,Corrective Maintenance,Power Failure,Medium,2.0,2,Under Warranty,17871.06,Resolved,5
SV00744,H081,D026,2025-11-01,Corrective Maintenance,Display Issue,Medium,5.7,4,Out of Warranty,34405.68,Resolved,5
SV00745,H073,D052,2026-02-27,Installation,Connectivity,Medium,7.3,1,Out of Warranty,23634.37,Pending,4
SV00746,H057,D034,2025-05-15,Corrective Maintenance,Image Quality,Medium,6.4,3,Under Warranty,10520.33,Resolved,5
SV00747,H035,D044,2024-01-24,Corrective Maintenance,Display Issue,Medium,1.9,4,Out of Warranty,34614.21,Resolved,4
SV00748,H060,D028,2024-08-09,Corrective Maintenance,Image Quality,Critical,39.0,3,Under Warranty,11339.23,Resolved,4
SV00749,H043,D025,2025-08-23,Installation,Preventive Maintenance,Medium,25.7,2,Out of Warranty,10181.87,Resolved,4
SV00750,H056,D037,2025-12-14,Corrective Maintenance,Display Issue,Medium,4.1,1,Under Warranty,19432.7,Resolved,4
SV00751,H092,D048,2025-12-29,Corrective Maintenance,Image Quality,Medium,1.7,2,Out of Warranty,37824.37,Resolved,5
SV00752,H022,D025,2025-06-13,Corrective Maintenance,Power Failure,High,11.1,6,Out of Warranty,22802.57,Resolved,4
SV00753,H049,D040,2025-09-29,Corrective Maintenance,Battery Issue,Medium,0.5,2,Under Warranty,5471.12,Resolved,5
SV00754,H033,D010,2024-07-28,Corrective Maintenance,Sensor/Probe Issue,Low,5.4,1,Under Warranty,17141.09,Resolved,4
SV00755,H063,D043,2025-01-26,Corrective Maintenance,Battery Issue,High,19.4,2,Under Warranty,5639.24,Resolved,4
SV00756,H080,D009,2025-05-31,Corrective Maintenance,Mechanical Issue,Medium,21.3,4,Under Warranty,6869.1,Resolved,4
SV00757,H044,D035,2025-06-10,Preventive Maintenance,Calibration Issue,Medium,9.8,1,Out of Warranty,8022.55,Resolved,5
SV00758,H053,D015,2025-07-23,Corrective Maintenance,Software Error,High,14.3,6,Under Warranty,11829.78,Resolved,4
SV00759,H065,D001,2025-08-03,Corrective Maintenance,Calibration Issue,Medium,0.9,2,Under Warranty,20210.62,Resolved,4
SV00760,H073,D055,2025-09-03,Preventive Maintenance,Calibration Issue,Medium,12.0,2,Out of Warranty,14942.21,Resolved,4
SV00761,H024,D032,2025-01-07,Corrective Maintenance,Power Failure,High,13.7,3,Under Warranty,14768.24,Resolved,4
SV00762,H060,D036,2025-02-21,Installation,Image Quality,Medium,1.6,1,Out of Warranty,6499.99,Resolved,4
SV00763,H045,D055,2025-06-07,Corrective Maintenance,Calibration Issue,Medium,7.3,3,Under Warranty,15372.1,Resolved,4
SV00764,H026,D022,2025-05-19,Preventive Maintenance,Sensor/Probe Issue,High,14.2,4,Under Warranty,5506.31,Resolved,5
SV00765,H013,D047,2025-04-27,Corrective Maintenance,Mechanical Issue,High,8.8,1,Out of Warranty,37871.94,Resolved,4
SV00766,H025,D003,2025-11-23,Corrective Maintenance,Image Quality,Low,19.0,2,Under Warranty,16076.44,Resolved,4
SV00767,H063,D014,2024-05-30,Corrective Maintenance,Power Failure,High,24.5,5,Under Warranty,11936.49,Resolved,3
SV00768,H043,D051,2025-09-06,Corrective Maintenance,Image Quality,High,6.9,1,Under Warranty,19368.96,Resolved,4
SV00769,H081,D060,2025-11-03,Corrective Maintenance,Image Quality,Medium,13.7,5,Under Warranty,9851.33,Resolved,4
SV00770,H034,D010,2025-07-03,Preventive Maintenance,Power Failure,Medium,6.6,3,Out of Warranty,11975.08,Resolved,5
SV00771,H004,D048,2025-09-01,Corrective Maintenance,Calibration Issue,Medium,10.1,5,Out of Warranty,31726.87,Resolved,4
SV00772,H033,D006,2024-10-21,Corrective Maintenance,Mechanical Issue,Low,1.5,2,Out of Warranty,11900.68,Resolved,5
SV00773,H048,D038,2026-05-04,Corrective Maintenance,Sensor/Probe Issue,Medium,11.0,2,Under Warranty,11943.14,Resolved,4
SV00774,H053,D058,2026-04-04,Preventive Maintenance,Battery Issue,Medium,1.1,3,Under Warranty,7074.26,Resolved,4
SV00775,H016,D036,2025-04-29,Corrective Maintenance,Image Quality,High,9.4,5,Under Warranty,18514.22,Resolved,5
SV00776,H053,D052,2024-12-15,Preventive Maintenance,Software Error,Medium,6.7,2,Under Warranty,7843.44,Resolved,4
SV00777,H058,D028,2026-08-20,Corrective Maintenance,Calibration Issue,High,0.7,2,Under Warranty,11270.09,Resolved,4
SV00778,H087,D001,2026-08-08,Installation,Calibration Issue,Low,1.6,4,Out of Warranty,19511.88,Resolved,5
SV00779,H070,D046,2025-05-07,Preventive Maintenance,Battery Issue,High,1.1,6,Out of Warranty,12668.35,Resolved,4
SV00780,H052,D039,2024-05-31,Corrective Maintenance,Preventive Maintenance,High,6.7,4,Under Warranty,13913.7,Resolved,5
SV00781,H002,D059,2026-05-08,Corrective Maintenance,Mechanical Issue,High,20.2,8,Out of Warranty,12649.56,Resolved,4
SV00782,H071,D013,2025-09-16,Corrective Maintenance,Calibration Issue,Low,3.8,2,Out of Warranty,10311.66,Resolved,4
SV00783,H079,D043,2024-10-04,Installation,Image Quality,Medium,2.5,5,Under Warranty,12667.94,Resolved,4
SV00784,H062,D045,2026-08-23,Corrective Maintenance,Display Issue,High,6.4,1,Under Warranty,14516.65,Resolved,5
SV00785,H041,D019,2025-12-02,Corrective Maintenance,Preventive Maintenance,Low,0.9,5,Under Warranty,5612.43,Resolved,4
SV00786,H033,D034,2025-07-07,Corrective Maintenance,Battery Issue,High,19.4,4,Under Warranty,11164.48,Resolved,4
SV00787,H090,D028,2026-05-15,Corrective Maintenance,Display Issue,Medium,8.5,1,Out of Warranty,24624.98,Resolved,4
SV00788,H087,D033,2024-03-27,Preventive Maintenance,Sensor/Probe Issue,High,9.7,6,Under Warranty,3942.98,Resolved,4
SV00789,H033,D033,2026-04-26,Corrective Maintenance,Connectivity,Medium,14.2,2,Out of Warranty,11515.8,Resolved,4
SV00790,H069,D017,2024-07-30,Corrective Maintenance,Image Quality,Low,5.1,1,Under Warranty,6590.54,Resolved,4
SV00791,H010,D040,2024-11-30,Installation,Image Quality,Low,9.5,1,Under Warranty,10275.43,Resolved,4
SV00792,H039,D002,2025-07-29,Preventive Maintenance,Calibration Issue,Critical,7.2,19,Under Warranty,6755.97,Resolved,3
SV00793,H017,D023,2024-08-23,Preventive Maintenance,Power Failure,High,25.9,1,Under Warranty,5122.55,Resolved,5
SV00794,H100,D050,2025-12-02,Corrective Maintenance,Calibration Issue,High,29.9,9,Out of Warranty,14273.15,Resolved,3
SV00795,H025,D043,2024-06-19,Preventive Maintenance,Image Quality,Medium,8.6,6,Out of Warranty,5180.17,Resolved,4
SV00796,H062,D055,2026-09-13,Corrective Maintenance,Calibration Issue,High,25.7,3,Under Warranty,20975.9,Resolved,5
SV00797,H036,D018,2024-07-04,Installation,Connectivity,Medium,12.1,6,Out of Warranty,24037.6,Resolved,4
SV00798,H020,D008,2024-07-13,Preventive Maintenance,Image Quality,Medium,6.5,2,Under Warranty,2155.93,Resolved,4
SV00799,H080,D012,2024-04-29,Corrective Maintenance,Preventive Maintenance,Medium,5.5,2,Out of Warranty,15049.33,Resolved,4
SV00800,H075,D036,2026-01-04,Corrective Maintenance,Connectivity,High,7.0,4,Out of Warranty,25773.87,Pending,5
SV00801,H033,D047,2026-09-19,Corrective Maintenance,Preventive Maintenance,Low,1.2,2,Out of Warranty,10672.97,Resolved,5
SV00802,H017,D019,2025-05-29,Corrective Maintenance,Sensor/Probe Issue,High,14.3,2,Out of Warranty,15299.2,Resolved,4
SV00803,H083,D001,2025-12-20,Preventive Maintenance,Preventive Maintenance,High,3.3,4,Out of Warranty,12599.78,Resolved,4
SV00804,H023,D012,2026-09-14,Corrective Maintenance,Mechanical Issue,Low,7.6,3,Under Warranty,7240.05,Resolved,4
SV00805,H017,D048,2026-09-02,Corrective Maintenance,Software Error,Medium,4.8,4,Out of Warranty,14414.9,Resolved,4
SV00806,H086,D020,2025-09-17,Corrective Maintenance,Battery Issue,Low,6.7,2,Out of Warranty,30703.97,Resolved,4
SV00807,H079,D017,2026-04-16,Corrective Maintenance,Sensor/Probe Issue,Medium,1.7,3,Under Warranty,10607.64,Resolved,5
SV00808,H008,D032,2025-02-18,Corrective Maintenance,Software Error,Medium,1.0,2,Under Warranty,11043.18,Resolved,5
SV00809,H012,D025,2025-07-06,Installation,Mechanical Issue,Low,7.7,1,Out of Warranty,14439.97,Resolved,5
SV00810,H005,D021,2025-11-09,Corrective Maintenance,Mechanical Issue,Medium,6.4,3,Out of Warranty,19956.07,Resolved,4
SV00811,H077,D030,2024-03-17,Installation,Sensor/Probe Issue,Low,7.3,2,Out of Warranty,25399.0,Resolved,4
SV00812,H036,D052,2026-06-12,Corrective Maintenance,Image Quality,Medium,6.1,1,Under Warranty,15132.66,Resolved,4
SV00813,H040,D043,2026-04-26,Corrective Maintenance,Image Quality,High,8.4,9,Out of Warranty,17955.04,Resolved,3
SV00814,H057,D048,2026-02-15,Corrective Maintenance,Image Quality,Medium,2.3,1,Out of Warranty,29251.59,Resolved,4
SV00815,H032,D013,2026-02-22,Preventive Maintenance,Power Failure,Critical,13.8,2,Out of Warranty,5783.64,Pending,3
SV00816,H030,D052,2026-03-15,Preventive Maintenance,Calibration Issue,High,8.5,11,Out of Warranty,15090.16,Resolved,4
SV00817,H096,D029,2025-08-29,Preventive Maintenance,Power Failure,Low,2.4,3,Under Warranty,6044.76,Resolved,4
SV00818,H047,D027,2025-02-02,Preventive Maintenance,Software Error,Medium,2.3,2,Under Warranty,5842.69,Resolved,5
SV00819,H064,D048,2025-01-27,Preventive Maintenance,Battery Issue,High,6.2,3,Under Warranty,5576.32,Resolved,5
SV00820,H033,D011,2024-12-26,Corrective Maintenance,Power Failure,Low,18.5,1,Under Warranty,18661.23,Resolved,4
SV00821,H097,D006,2026-06-29,Corrective Maintenance,Calibration Issue,Medium,2.0,2,Out of Warranty,13699.68,Resolved,4
SV00822,H070,D002,2024-06-28,Preventive Maintenance,Software Error,Medium,4.8,2,Out of Warranty,15954.18,Resolved,4
SV00823,H040,D043,2024-09-09,Corrective Maintenance,Calibration Issue,High,3.9,3,Under Warranty,13103.01,Resolved,4
SV00824,H056,D033,2025-11-26,Preventive Maintenance,Display Issue,Low,2.6,1,Under Warranty,4022.36,Resolved,4
SV00825,H079,D001,2026-04-10,Corrective Maintenance,Sensor/Probe Issue,Medium,17.6,2,Out of Warranty,14181.17,Resolved,4
SV00826,H009,D054,2026-02-16,Preventive Maintenance,Power Failure,High,3.4,3,Under Warranty,3991.16,Resolved,5
SV00827,H033,D002,2025-08-13,Preventive Maintenance,Display Issue,High,10.9,3,Under Warranty,4988.48,Resolved,5
SV00828,H038,D038,2025-11-14,Installation,Battery Issue,Medium,6.0,5,Under Warranty,12602.04,Resolved,4
SV00829,H051,D041,2024-01-28,Installation,Calibration Issue,Low,4.5,2,Under Warranty,10199.55,Resolved,4
SV00830,H016,D037,2024-01-06,Preventive Maintenance,Power Failure,High,10.4,6,Out of Warranty,9966.07,Resolved,5
SV00831,H075,D054,2025-08-09,Corrective Maintenance,Image Quality,Medium,0.5,1,Under Warranty,18378.6,Resolved,4
SV00832,H009,D053,2026-04-28,Preventive Maintenance,Display Issue,Medium,9.9,2,Under Warranty,3554.99,Resolved,5
SV00833,H049,D051,2024-11-04,Corrective Maintenance,Mechanical Issue,High,21.7,1,Under Warranty,13713.72,Resolved,5
SV00834,H057,D018,2025-06-17,Preventive Maintenance,Software Error,Medium,3.5,1,Out of Warranty,14329.85,Resolved,5
SV00835,H058,D005,2026-09-05,Corrective Maintenance,Software Error,High,15.4,1,Under Warranty,5294.88,Resolved,5
SV00836,H010,D028,2026-06-21,Corrective Maintenance,Software Error,Medium,27.3,3,Under Warranty,7470.17,Resolved,4
SV00837,H096,D014,2024-12-07,Corrective Maintenance,Software Error,Low,5.8,2,Under Warranty,6994.51,Resolved,5
SV00838,H075,D048,2026-05-17,Corrective Maintenance,Sensor/Probe Issue,Medium,19.6,1,Under Warranty,8412.27,Resolved,4
SV00839,H036,D046,2026-04-20,Preventive Maintenance,Power Failure,Low,3.3,1,Out of Warranty,6010.32,Resolved,4
SV00840,H057,D038,2026-01-08,Preventive Maintenance,Software Error,Medium,22.0,1,Out of Warranty,5320.93,Resolved,4
SV00841,H088,D046,2026-05-15,Preventive Maintenance,Power Failure,Critical,30.1,5,Under Warranty,6890.28,Resolved,4
SV00842,H091,D060,2026-08-25,Corrective Maintenance,Display Issue,Critical,10.1,4,Under Warranty,10317.54,Resolved,5
SV00843,H033,D014,2024-01-25,Corrective Maintenance,Power Failure,High,3.1,3,Out of Warranty,35377.29,Resolved,5
SV00844,H073,D023,2025-10-31,Corrective Maintenance,Battery Issue,Medium,17.3,6,Under Warranty,12517.52,Resolved,4
SV00845,H070,D017,2026-08-31,Corrective Maintenance,Power Failure,Medium,5.5,2,Under Warranty,15090.82,Resolved,4
SV00846,H039,D025,2025-12-15,Corrective Maintenance,Image Quality,High,5.9,4,Under Warranty,6392.15,Resolved,3
SV00847,H002,D059,2024-01-04,Preventive Maintenance,Mechanical Issue,High,3.5,6,Out of Warranty,15616.82,Resolved,4
SV00848,H094,D010,2025-01-18,Corrective Maintenance,Calibration Issue,Medium,13.0,6,Under Warranty,9019.88,Resolved,4
SV00849,H002,D032,2026-05-02,Preventive Maintenance,Software Error,Medium,12.4,3,Out of Warranty,13948.66,Resolved,4
SV00850,H001,D025,2026-06-09,Corrective Maintenance,Sensor/Probe Issue,High,17.4,2,Under Warranty,19600.99,Resolved,4
SV00851,H023,D001,2024-06-06,Corrective Maintenance,Calibration Issue,Medium,11.3,1,Under Warranty,12961.69,Resolved,4
SV00852,H084,D018,2026-02-20,Preventive Maintenance,Image Quality,High,13.0,8,Out of Warranty,6099.26,Resolved,4
SV00853,H031,D017,2026-09-14,Preventive Maintenance,Mechanical Issue,High,20.6,4,Out of Warranty,8945.3,Resolved,4
SV00854,H054,D001,2024-02-02,Corrective Maintenance,Power Failure,Critical,22.3,5,Under Warranty,13196.32,Resolved,4
SV00855,H090,D023,2025-12-31,Corrective Maintenance,Image Quality,High,3.7,2,Under Warranty,9187.18,Pending,5
SV00856,H047,D035,2026-09-30,Corrective Maintenance,Power Failure,Medium,10.6,4,Out of Warranty,31980.66,Resolved,4
SV00857,H039,D007,2024-04-22,Corrective Maintenance,Sensor/Probe Issue,Medium,13.2,2,Out of Warranty,22520.81,Resolved,4
SV00858,H036,D027,2024-10-19,Corrective Maintenance,Preventive Maintenance,Low,3.3,2,Under Warranty,7569.98,Resolved,5
SV00859,H078,D024,2024-04-09,Corrective Maintenance,Connectivity,Low,4.4,3,Out of Warranty,9666.83,Resolved,5
SV00860,H012,D017,2025-12-29,Corrective Maintenance,Display Issue,Medium,1.8,2,Out of Warranty,34056.74,Resolved,4
SV00861,H021,D003,2025-05-13,Installation,Connectivity,Medium,3.5,5,Under Warranty,6656.26,Resolved,4
SV00862,H049,D021,2024-04-20,Preventive Maintenance,Preventive Maintenance,Low,5.4,3,Out of Warranty,15914.1,Resolved,5
SV00863,H048,D045,2026-08-14,Preventive Maintenance,Connectivity,Low,1.6,6,Under Warranty,6312.71,Resolved,3
SV00864,H056,D054,2024-09-03,Corrective Maintenance,Mechanical Issue,Critical,11.0,3,Out of Warranty,34508.71,Pending,4
SV00865,H074,D016,2026-08-31,Corrective Maintenance,Mechanical Issue,Medium,4.7,1,Under Warranty,20744.0,Resolved,5
SV00866,H028,D023,2025-02-14,Corrective Maintenance,Software Error,Medium,6.8,2,Out of Warranty,37579.41,Resolved,5
SV00867,H098,D028,2026-07-01,Preventive Maintenance,Image Quality,Medium,26.4,1,Under Warranty,2649.7,Resolved,4
SV00868,H096,D020,2025-04-02,Corrective Maintenance,Display Issue,High,35.4,3,Out of Warranty,33022.86,Resolved,3
SV00869,H024,D047,2024-04-23,Corrective Maintenance,Software Error,High,7.3,7,Under Warranty,13791.17,Resolved,4
SV00870,H043,D012,2024-09-12,Corrective Maintenance,Sensor/Probe Issue,High,4.5,3,Under Warranty,8988.0,Resolved,5
SV00871,H068,D001,2026-07-28,Corrective Maintenance,Sensor/Probe Issue,Low,2.1,3,Out of Warranty,32121.34,Resolved,5
SV00872,H061,D030,2024-07-08,Installation,Power Failure,Medium,3.5,5,Out of Warranty,11822.97,Resolved,4
SV00873,H069,D038,2025-03-30,Preventive Maintenance,Power Failure,High,19.6,5,Under Warranty,5317.7,Resolved,4
SV00874,H013,D049,2025-09-01,Installation,Sensor/Probe Issue,High,8.4,1,Out of Warranty,17095.09,Resolved,5
SV00875,H093,D011,2024-04-18,Installation,Sensor/Probe Issue,Medium,3.5,2,Under Warranty,10228.63,Resolved,5
SV00876,H022,D019,2024-04-02,Preventive Maintenance,Battery Issue,Medium,9.6,2,Under Warranty,5433.99,Resolved,4
SV00877,H012,D041,2024-01-31,Preventive Maintenance,Sensor/Probe Issue,High,2.2,4,Out of Warranty,8131.44,Resolved,4
SV00878,H096,D015,2025-02-22,Corrective Maintenance,Software Error,High,5.0,19,Out of Warranty,22545.92,Resolved,4
SV00879,H028,D060,2024-02-21,Corrective Maintenance,Preventive Maintenance,Critical,5.5,7,Under Warranty,14551.52,Resolved,4
SV00880,H090,D007,2026-07-01,Corrective Maintenance,Sensor/Probe Issue,Low,1.5,1,Out of Warranty,11856.45,Resolved,5
SV00881,H003,D036,2024-10-31,Corrective Maintenance,Connectivity,Medium,8.1,5,Under Warranty,11626.2,Resolved,4
SV00882,H023,D050,2024-07-19,Corrective Maintenance,Preventive Maintenance,Medium,0.5,4,Out of Warranty,18927.05,Resolved,5
SV00883,H036,D030,2026-07-17,Preventive Maintenance,Battery Issue,High,10.4,2,Under Warranty,2692.23,Resolved,4
SV00884,H081,D002,2025-05-26,Corrective Maintenance,Preventive Maintenance,High,27.1,6,Out of Warranty,29879.47,Pending,4
SV00885,H088,D005,2024-02-01,Corrective Maintenance,Sensor/Probe Issue,Medium,1.9,4,Out of Warranty,29887.99,Resolved,4
SV00886,H041,D013,2025-03-24,Corrective Maintenance,Image Quality,Medium,1.8,1,Under Warranty,6398.52,Resolved,4
SV00887,H066,D020,2024-01-29,Corrective Maintenance,Mechanical Issue,High,20.8,1,Under Warranty,19000.48,Resolved,4
SV00888,H040,D044,2026-05-03,Preventive Maintenance,Preventive Maintenance,Medium,5.0,2,Out of Warranty,5752.61,Resolved,5
SV00889,H061,D038,2026-02-10,Preventive Maintenance,Mechanical Issue,High,3.3,3,Under Warranty,3281.49,Resolved,5
SV00890,H025,D037,2024-01-15,Corrective Maintenance,Battery Issue,Medium,7.2,4,Under Warranty,6024.4,Resolved,4
SV00891,H051,D043,2024-08-31,Preventive Maintenance,Preventive Maintenance,High,22.9,3,Under Warranty,4231.48,Resolved,3
SV00892,H025,D054,2024-02-21,Preventive Maintenance,Battery Issue,High,7.4,3,Out of Warranty,11524.66,Resolved,4
SV00893,H039,D048,2026-03-28,Installation,Preventive Maintenance,Medium,2.8,2,Under Warranty,13090.65,Resolved,5
SV00894,H053,D052,2025-06-14,Corrective Maintenance,Connectivity,Low,1.8,1,Out of Warranty,32882.14,Resolved,5
SV00895,H097,D040,2025-01-04,Preventive Maintenance,Software Error,Medium,2.2,1,Under Warranty,3360.93,Resolved,5
SV00896,H099,D010,2025-10-13,Corrective Maintenance,Power Failure,Medium,0.8,7,Under Warranty,12758.9,Resolved,4
SV00897,H067,D016,2025-03-26,Corrective Maintenance,Preventive Maintenance,High,1.4,2,Under Warranty,19982.78,Resolved,4
SV00898,H067,D016,2025-01-19,Preventive Maintenance,Display Issue,Medium,18.9,3,Out of Warranty,6301.26,Resolved,4
SV00899,H038,D001,2025-06-16,Corrective Maintenance,Power Failure,Critical,13.7,7,Out of Warranty,23305.35,Resolved,3
SV00900,H097,D001,2024-04-08,Corrective Maintenance,Battery Issue,High,27.9,14,Out of Warranty,38861.94,Resolved,3
SV00901,H008,D040,2024-03-26,Installation,Mechanical Issue,Medium,1.1,4,Under Warranty,10132.92,Resolved,5
SV00902,H009,D010,2026-06-02,Corrective Maintenance,Software Error,Medium,6.7,3,Out of Warranty,10375.2,Resolved,4
SV00903,H079,D046,2024-04-07,Corrective Maintenance,Preventive Maintenance,High,11.1,2,Under Warranty,16317.09,Resolved,5
SV00904,H096,D053,2025-03-04,Preventive Maintenance,Mechanical Issue,High,3.0,3,Under Warranty,3988.04,Resolved,4
SV00905,H086,D037,2024-04-21,Corrective Maintenance,Calibration Issue,Medium,6.7,1,Under Warranty,9072.94,Resolved,4
SV00906,H097,D039,2026-08-24,Corrective Maintenance,Power Failure,High,14.2,8,Under Warranty,17668.44,Resolved,4
SV00907,H010,D001,2025-09-03,Corrective Maintenance,Image Quality,Critical,19.3,5,Under Warranty,5487.63,Resolved,4
SV00908,H078,D060,2024-08-24,Corrective Maintenance,Software Error,Low,7.3,2,Under Warranty,20740.27,Resolved,4
SV00909,H053,D014,2024-06-17,Corrective Maintenance,Sensor/Probe Issue,High,41.9,14,Under Warranty,11794.5,Resolved,2
SV00910,H051,D001,2026-08-15,Preventive Maintenance,Software Error,Low,12.1,2,Under Warranty,5496.2,Resolved,4
SV00911,H008,D053,2024-05-27,Corrective Maintenance,Image Quality,Medium,4.9,1,Under Warranty,19739.09,Resolved,4
SV00912,H093,D045,2026-03-20,Preventive Maintenance,Mechanical Issue,Critical,6.4,1,Under Warranty,2635.62,Resolved,4
SV00913,H003,D001,2024-08-17,Preventive Maintenance,Preventive Maintenance,High,14.2,1,Out of Warranty,9685.06,Resolved,5
SV00914,H084,D022,2026-06-04,Preventive Maintenance,Sensor/Probe Issue,Medium,17.2,2,Under Warranty,2115.78,Resolved,3
SV00915,H064,D026,2024-04-21,Corrective Maintenance,Image Quality,Low,3.3,2,Under Warranty,7003.67,Resolved,4
SV00916,H061,D023,2024-02-15,Corrective Maintenance,Mechanical Issue,Medium,3.9,4,Under Warranty,6219.41,Resolved,4
SV00917,H027,D013,2024-03-27,Preventive Maintenance,Preventive Maintenance,Medium,11.5,1,Under Warranty,4519.12,Resolved,5
SV00918,H037,D056,2024-11-20,Corrective Maintenance,Sensor/Probe Issue,High,2.7,1,Out of Warranty,32506.85,Resolved,4
SV00919,H062,D033,2024-12-19,Corrective Maintenance,Connectivity,Medium,6.1,7,Out of Warranty,10905.66,Resolved,4
SV00920,H001,D022,2025-02-26,Corrective Maintenance,Display Issue,Medium,3.1,4,Out of Warranty,13211.48,Resolved,4
SV00921,H089,D059,2025-02-10,Corrective Maintenance,Software Error,Low,2.8,1,Out of Warranty,23629.89,Resolved,5
SV00922,H067,D028,2025-07-13,Corrective Maintenance,Battery Issue,Medium,3.6,1,Under Warranty,19413.76,Resolved,4
SV00923,H031,D033,2026-01-27,Preventive Maintenance,Calibration Issue,High,16.0,10,Under Warranty,2214.69,Resolved,3
SV00924,H024,D039,2025-03-07,Corrective Maintenance,Connectivity,High,4.5,6,Under Warranty,12061.15,Resolved,4
SV00925,H040,D025,2024-08-15,Preventive Maintenance,Sensor/Probe Issue,Medium,16.2,4,Under Warranty,6307.41,Resolved,4
SV00926,H014,D053,2024-12-25,Corrective Maintenance,Software Error,Low,10.4,1,Out of Warranty,10533.98,Resolved,5
SV00927,H088,D046,2026-01-08,Corrective Maintenance,Battery Issue,High,0.8,2,Under Warranty,7225.49,Resolved,4
SV00928,H052,D013,2024-11-13,Corrective Maintenance,Image Quality,Medium,5.0,2,Under Warranty,20561.54,Resolved,4
SV00929,H003,D058,2024-08-25,Corrective Maintenance,Calibration Issue,High,50.7,1,Under Warranty,16463.83,Resolved,3
SV00930,H100,D001,2025-07-18,Corrective Maintenance,Display Issue,Medium,9.3,5,Under Warranty,18367.0,Resolved,4
SV00931,H078,D020,2024-06-09,Preventive Maintenance,Software Error,Medium,7.3,1,Under Warranty,8705.32,Resolved,4
SV00932,H074,D044,2025-01-05,Installation,Battery Issue,Medium,5.0,5,Out of Warranty,21247.52,Resolved,4
SV00933,H040,D060,2026-03-19,Corrective Maintenance,Power Failure,Medium,1.0,6,Out of Warranty,22789.01,Resolved,3
SV00934,H053,D051,2024-05-17,Installation,Software Error,Medium,19.8,1,Under Warranty,11721.35,Resolved,4
SV00935,H036,D036,2026-03-06,Preventive Maintenance,Battery Issue,High,20.0,2,Out of Warranty,4113.05,Resolved,4
SV00936,H099,D020,2024-10-21,Preventive Maintenance,Connectivity,Medium,5.2,2,Under Warranty,3048.54,Resolved,4
SV00937,H002,D026,2025-11-16,Preventive Maintenance,Mechanical Issue,Medium,14.4,3,Under Warranty,5992.64,Resolved,4
SV00938,H071,D060,2024-04-18,Corrective Maintenance,Sensor/Probe Issue,High,16.8,3,Under Warranty,17983.55,Resolved,4
SV00939,H053,D031,2026-05-15,Corrective Maintenance,Sensor/Probe Issue,High,21.3,3,Under Warranty,6494.78,Resolved,4
SV00940,H096,D047,2025-07-20,Installation,Preventive Maintenance,Low,3.8,1,Under Warranty,8960.15,Resolved,5
SV00941,H012,D051,2025-01-31,Corrective Maintenance,Preventive Maintenance,Medium,6.0,1,Under Warranty,9561.88,Resolved,5
SV00942,H028,D049,2024-10-22,Installation,Calibration Issue,High,27.7,4,Out of Warranty,23631.15,Resolved,4
SV00943,H052,D034,2024-12-11,Corrective Maintenance,Image Quality,Medium,5.2,2,Out of Warranty,36243.54,Resolved,4
SV00944,H091,D056,2025-12-04,Preventive Maintenance,Software Error,High,21.0,1,Under Warranty,7484.26,Resolved,5
SV00945,H010,D008,2025-11-09,Corrective Maintenance,Image Quality,Medium,6.5,2,Out of Warranty,10506.99,Resolved,4
SV00946,H021,D002,2024-10-10,Installation,Software Error,High,3.6,3,Under Warranty,10821.14,Resolved,4
SV00947,H068,D060,2024-05-27,Preventive Maintenance,Battery Issue,Low,5.5,2,Under Warranty,2736.19,Resolved,4
SV00948,H018,D009,2024-11-23,Preventive Maintenance,Software Error,Low,1.8,3,Out of Warranty,11889.48,Resolved,3
SV00949,H062,D024,2024-06-28,Corrective Maintenance,Power Failure,Medium,10.3,1,Under Warranty,6383.52,Resolved,5
SV00950,H033,D010,2025-11-10,Preventive Maintenance,Battery Issue,Medium,16.9,3,Under Warranty,6409.84,Resolved,4
SV00951,H076,D021,2026-06-13,Preventive Maintenance,Sensor/Probe Issue,High,10.3,3,Out of Warranty,14616.38,Resolved,5
SV00952,H035,D045,2026-03-15,Corrective Maintenance,Sensor/Probe Issue,High,7.6,11,Under Warranty,16619.56,Resolved,4
SV00953,H073,D020,2026-07-09,Preventive Maintenance,Software Error,Critical,4.1,6,Out of Warranty,15312.28,Resolved,4
SV00954,H078,D047,2026-05-16,Corrective Maintenance,Display Issue,Low,5.1,4,Under Warranty,13143.69,Resolved,4
SV00955,H064,D058,2024-02-14,Preventive Maintenance,Image Quality,High,8.3,3,Out of Warranty,12645.31,Resolved,5
SV00956,H063,D013,2024-06-12,Installation,Display Issue,High,2.1,4,Under Warranty,8026.66,Resolved,4
SV00957,H055,D023,2025-05-31,Preventive Maintenance,Calibration Issue,Medium,11.7,2,Out of Warranty,9449.72,Resolved,4
SV00958,H004,D036,2024-04-26,Corrective Maintenance,Image Quality,High,3.1,3,Under Warranty,15176.74,Resolved,4
SV00959,H008,D013,2024-07-09,Corrective Maintenance,Mechanical Issue,Medium,7.9,3,Out of Warranty,33057.32,Resolved,4
SV00960,H030,D022,2024-11-14,Preventive Maintenance,Power Failure,Low,1.6,1,Out of Warranty,6159.17,Resolved,4
SV00961,H089,D051,2024-05-10,Corrective Maintenance,Battery Issue,Medium,9.6,1,Out of Warranty,23011.37,Resolved,4
SV00962,H019,D017,2024-05-03,Installation,Image Quality,Medium,14.7,4,Out of Warranty,19165.08,Resolved,4
SV00963,H035,D022,2025-01-24,Installation,Calibration Issue,Medium,19.8,7,Out of Warranty,11576.87,Resolved,4
SV00964,H031,D049,2025-12-08,Corrective Maintenance,Sensor/Probe Issue,High,2.8,7,Out of Warranty,9505.46,Resolved,5
SV00965,H059,D037,2025-05-03,Corrective Maintenance,Software Error,Medium,3.0,2,Under Warranty,20032.08,Resolved,5
SV00966,H064,D029,2024-11-29,Preventive Maintenance,Sensor/Probe Issue,Low,7.4,3,Under Warranty,3989.32,Resolved,4
SV00967,H001,D042,2024-04-21,Corrective Maintenance,Power Failure,Medium,8.8,2,Out of Warranty,24082.84,Resolved,5
SV00968,H084,D050,2026-09-18,Corrective Maintenance,Calibration Issue,Medium,3.5,2,Out of Warranty,27170.76,Resolved,5
SV00969,H076,D027,2026-03-29,Preventive Maintenance,Preventive Maintenance,Low,5.6,1,Under Warranty,7097.57,Resolved,5
SV00970,H085,D050,2024-10-01,Corrective Maintenance,Mechanical Issue,Low,2.8,2,Out of Warranty,26215.78,Resolved,4
SV00971,H043,D034,2024-01-20,Corrective Maintenance,Mechanical Issue,Medium,11.8,2,Under Warranty,16609.54,Resolved,5
SV00972,H007,D021,2024-01-31,Corrective Maintenance,Software Error,Medium,2.3,5,Under Warranty,16713.89,Resolved,5
SV00973,H094,D028,2025-09-06,Corrective Maintenance,Sensor/Probe Issue,Low,6.2,2,Under Warranty,11468.42,Resolved,4
SV00974,H048,D007,2026-07-08,Corrective Maintenance,Image Quality,High,14.9,5,Under Warranty,5836.74,Resolved,4
SV00975,H060,D009,2025-03-25,Corrective Maintenance,Sensor/Probe Issue,High,21.7,3,Under Warranty,12306.0,Resolved,4
SV00976,H019,D045,2025-05-12,Corrective Maintenance,Calibration Issue,Medium,12.3,1,Under Warranty,9883.52,Resolved,5
SV00977,H031,D013,2026-09-08,Corrective Maintenance,Software Error,Critical,10.0,8,Under Warranty,14368.4,Resolved,4
SV00978,H097,D010,2026-02-16,Corrective Maintenance,Connectivity,Medium,1.7,3,Out of Warranty,31801.38,Resolved,4
SV00979,H035,D020,2026-04-10,Corrective Maintenance,Calibration Issue,Low,5.6,3,Under Warranty,6191.62,Resolved,4
SV00980,H085,D052,2024-01-31,Corrective Maintenance,Image Quality,High,11.7,2,Out of Warranty,18497.35,Resolved,4
SV00981,H036,D052,2024-08-31,Corrective Maintenance,Power Failure,High,4.2,3,Out of Warranty,12407.69,Resolved,4
SV00982,H068,D016,2025-11-01,Corrective Maintenance,Battery Issue,Low,4.5,3,Out of Warranty,26978.85,Resolved,5
SV00983,H003,D023,2025-02-11,Corrective Maintenance,Power Failure,Medium,5.4,2,Under Warranty,9098.56,Resolved,5
SV00984,H073,D003,2025-04-03,Preventive Maintenance,Mechanical Issue,Low,3.3,2,Under Warranty,2853.64,Resolved,5
SV00985,H036,D054,2025-10-06,Preventive Maintenance,Battery Issue,High,24.1,5,Under Warranty,6989.49,Resolved,3
SV00986,H075,D053,2026-05-06,Preventive Maintenance,Software Error,Medium,5.6,3,Out of Warranty,12567.96,Resolved,5
SV00987,H088,D050,2024-10-02,Preventive Maintenance,Sensor/Probe Issue,Medium,4.7,6,Out of Warranty,13016.68,Resolved,5
SV00988,H004,D054,2025-07-18,Corrective Maintenance,Image Quality,Medium,7.5,4,Under Warranty,13683.74,Resolved,4
SV00989,H051,D009,2024-03-15,Corrective Maintenance,Battery Issue,High,15.5,5,Out of Warranty,19646.86,Resolved,4
SV00990,H036,D058,2025-12-13,Preventive Maintenance,Sensor/Probe Issue,Medium,5.2,2,Under Warranty,6641.72,Resolved,5
SV00991,H022,D025,2024-07-02,Preventive Maintenance,Software Error,Medium,5.8,2,Out of Warranty,4050.29,Resolved,4
SV00992,H052,D039,2026-03-09,Preventive Maintenance,Mechanical Issue,Medium,1.4,3,Under Warranty,7383.73,Resolved,4
SV00993,H043,D030,2024-10-15,Corrective Maintenance,Mechanical Issue,Low,8.3,2,Under Warranty,15835.22,Resolved,5
SV00994,H057,D019,2024-09-28,Corrective Maintenance,Sensor/Probe Issue,Medium,2.9,1,Out of Warranty,37366.21,Resolved,5
SV00995,H001,D059,2024-11-26,Corrective Maintenance,Calibration Issue,High,10.1,2,Out of Warranty,20807.87,Resolved,4
SV00996,H026,D056,2024-03-17,Preventive Maintenance,Calibration Issue,Medium,6.5,3,Under Warranty,5939.56,Resolved,5
SV00997,H040,D040,2024-06-19,Corrective Maintenance,Calibration Issue,Critical,11.7,4,Under Warranty,9262.32,Resolved,4
SV00998,H019,D050,2025-06-24,Corrective Maintenance,Software Error,Medium,13.3,1,Out of Warranty,32499.58,Resolved,4
SV00999,H002,D006,2024-11-24,Corrective Maintenance,Battery Issue,Medium,6.9,2,Out of Warranty,16678.12,Resolved,5
SV01000,H058,D026,2024-10-20,Corrective Maintenance,Connectivity,Medium,11.9,4,Under Warranty,7336.4,Pending,4
SV01001,H021,D033,2025-12-06,Corrective Maintenance,Mechanical Issue,Medium,1.9,1,Out of Warranty,20330.61,Resolved,5
SV01002,H100,D034,2026-02-13,Preventive Maintenance,Sensor/Probe Issue,Medium,6.2,3,Out of Warranty,10746.07,Resolved,4
SV01003,H057,D031,2024-09-15,Corrective Maintenance,Calibration Issue,High,25.4,3,Out of Warranty,31340.74,Resolved,4
SV01004,H055,D012,2024-04-22,Preventive Maintenance,Calibration Issue,Medium,7.9,6,Under Warranty,2103.83,Resolved,4
SV01005,H075,D009,2026-04-02,Installation,Power Failure,Medium,8.0,4,Under Warranty,13850.01,Resolved,5
SV01006,H071,D007,2024-09-15,Corrective Maintenance,Connectivity,Medium,3.5,3,Under Warranty,7903.15,Resolved,4
SV01007,H042,D056,2026-02-02,Corrective Maintenance,Connectivity,Medium,2.9,4,Out of Warranty,30880.83,Pending,4
SV01008,H007,D037,2025-06-20,Corrective Maintenance,Software Error,High,22.7,1,Under Warranty,20863.24,Resolved,4
SV01009,H011,D001,2026-04-09,Preventive Maintenance,Sensor/Probe Issue,High,6.9,4,Out of Warranty,5254.88,Resolved,4
SV01010,H100,D027,2024-07-25,Corrective Maintenance,Software Error,Critical,12.0,7,Out of Warranty,34078.97,Resolved,4
SV01011,H098,D017,2026-06-06,Corrective Maintenance,Display Issue,Low,12.0,1,Under Warranty,13591.26,Resolved,4
SV01012,H005,D009,2026-06-21,Corrective Maintenance,Preventive Maintenance,High,16.8,5,Under Warranty,19949.21,Resolved,4
SV01013,H068,D043,2024-12-30,Corrective Maintenance,Software Error,High,16.6,2,Under Warranty,19911.64,Resolved,4
SV01014,H044,D020,2024-01-01,Corrective Maintenance,Preventive Maintenance,Medium,1.7,3,Under Warranty,14727.56,Resolved,4
SV01015,H089,D022,2026-04-15,Preventive Maintenance,Display Issue,Medium,10.2,8,Out of Warranty,9012.87,Resolved,4
SV01016,H094,D014,2024-04-16,Preventive Maintenance,Display Issue,High,22.3,10,Under Warranty,6364.57,Resolved,3
SV01017,H010,D036,2024-07-29,Corrective Maintenance,Battery Issue,Medium,9.1,2,Out of Warranty,31225.77,Resolved,4
SV01018,H034,D016,2024-04-17,Preventive Maintenance,Power Failure,High,3.1,5,Under Warranty,6553.23,Resolved,4
SV01019,H008,D007,2024-12-14,Preventive Maintenance,Battery Issue,Medium,4.2,5,Out of Warranty,7773.6,Resolved,4
SV01020,H066,D021,2025-07-08,Preventive Maintenance,Sensor/Probe Issue,High,13.1,4,Out of Warranty,13702.95,Resolved,4
SV01021,H004,D009,2024-10-04,Preventive Maintenance,Image Quality,Medium,22.4,3,Out of Warranty,12525.18,Resolved,4
SV01022,H007,D027,2024-05-15,Installation,Software Error,Medium,7.2,4,Under Warranty,7830.39,Resolved,4
SV01023,H043,D054,2024-08-01,Corrective Maintenance,Battery Issue,High,5.0,8,Under Warranty,14893.54,Resolved,4
SV01024,H053,D011,2025-01-13,Corrective Maintenance,Battery Issue,Low,9.6,2,Under Warranty,8351.97,Resolved,4
SV01025,H089,D004,2025-08-23,Corrective Maintenance,Power Failure,Low,5.7,2,Under Warranty,17143.98,Resolved,4
SV01026,H059,D056,2026-08-07,Preventive Maintenance,Calibration Issue,High,8.6,5,Out of Warranty,14343.91,Resolved,3
SV01027,H087,D011,2024-01-21,Preventive Maintenance,Image Quality,Medium,3.8,3,Out of Warranty,15045.93,Resolved,5
SV01028,H019,D006,2026-04-30,Corrective Maintenance,Image Quality,High,9.0,3,Under Warranty,12150.94,Resolved,5
SV01029,H070,D044,2024-12-28,Corrective Maintenance,Battery Issue,High,7.5,2,Out of Warranty,12941.92,Resolved,3
SV01030,H002,D005,2026-06-26,Corrective Maintenance,Battery Issue,High,19.1,2,Under Warranty,15857.53,Resolved,4
SV01031,H094,D027,2024-01-11,Corrective Maintenance,Power Failure,Low,5.7,2,Under Warranty,19580.17,Resolved,4
SV01032,H041,D005,2026-01-26,Corrective Maintenance,Connectivity,Low,6.5,4,Out of Warranty,14278.83,Resolved,4
SV01033,H049,D030,2026-02-08,Corrective Maintenance,Sensor/Probe Issue,Medium,6.4,2,Under Warranty,18453.48,Resolved,5
SV01034,H082,D004,2025-03-15,Installation,Calibration Issue,Medium,3.3,2,Under Warranty,13770.45,Resolved,4
SV01035,H037,D015,2026-08-28,Preventive Maintenance,Mechanical Issue,Medium,1.7,7,Under Warranty,4065.88,Resolved,4
SV01036,H036,D031,2026-08-19,Preventive Maintenance,Connectivity,Medium,4.9,1,Under Warranty,8376.02,Resolved,4
SV01037,H049,D022,2024-12-22,Corrective Maintenance,Battery Issue,High,3.6,3,Out of Warranty,31854.88,Resolved,4
SV01038,H084,D059,2025-01-19,Corrective Maintenance,Software Error,Medium,10.2,2,Under Warranty,18748.03,Resolved,5
SV01039,H037,D050,2026-03-13,Corrective Maintenance,Software Error,Medium,7.6,2,Out of Warranty,13313.99,Resolved,5
SV01040,H012,D049,2026-03-30,Corrective Maintenance,Battery Issue,Medium,3.4,4,Under Warranty,6399.18,Resolved,4
SV01041,H064,D045,2025-10-15,Preventive Maintenance,Mechanical Issue,Medium,16.6,4,Out of Warranty,8247.83,Resolved,4
SV01042,H023,D055,2025-12-05,Corrective Maintenance,Calibration Issue,Low,0.6,3,Under Warranty,6299.52,Resolved,3
SV01043,H074,D036,2024-04-24,Corrective Maintenance,Battery Issue,Critical,8.6,12,Under Warranty,10605.7,Resolved,3
SV01044,H059,D045,2025-01-08,Corrective Maintenance,Power Failure,High,11.7,4,Under Warranty,12302.81,Resolved,4
SV01045,H030,D043,2026-02-01,Corrective Maintenance,Image Quality,Medium,7.1,4,Under Warranty,6665.5,Resolved,4
SV01046,H007,D016,2025-02-08,Installation,Battery Issue,Medium,8.3,1,Under Warranty,8416.62,Resolved,5
SV01047,H086,D002,2025-11-18,Preventive Maintenance,Mechanical Issue,High,25.1,2,Under Warranty,6120.23,Resolved,3
SV01048,H016,D043,2025-05-07,Preventive Maintenance,Sensor/Probe Issue,High,27.5,5,Out of Warranty,6618.97,Resolved,4
SV01049,H088,D059,2024-03-27,Preventive Maintenance,Image Quality,High,12.4,2,Out of Warranty,9424.1,Resolved,4
SV01050,H002,D060,2025-06-11,Corrective Maintenance,Battery Issue,High,18.3,4,Under Warranty,15532.03,Resolved,4
SV01051,H068,D048,2024-06-24,Corrective Maintenance,Mechanical Issue,Low,2.9,2,Under Warranty,15318.18,Pending,5
SV01052,H062,D009,2024-08-31,Corrective Maintenance,Mechanical Issue,Low,10.9,3,Under Warranty,17284.14,Resolved,5
SV01053,H075,D008,2024-05-07,Corrective Maintenance,Software Error,Low,12.4,1,Out of Warranty,37072.91,Resolved,5
SV01054,H033,D007,2024-06-23,Corrective Maintenance,Preventive Maintenance,Medium,5.6,3,Out of Warranty,13050.25,Resolved,4
SV01055,H089,D047,2024-07-03,Corrective Maintenance,Image Quality,Medium,1.9,3,Out of Warranty,10792.91,Resolved,5
SV01056,H040,D001,2025-03-18,Corrective Maintenance,Calibration Issue,Medium,4.6,2,Under Warranty,15104.03,Resolved,3
SV01057,H057,D009,2024-02-12,Corrective Maintenance,Calibration Issue,High,6.5,1,Out of Warranty,26831.35,Resolved,4
SV01058,H001,D022,2026-06-24,Preventive Maintenance,Image Quality,Medium,15.9,2,Out of Warranty,12282.85,Resolved,4
SV01059,H052,D039,2026-06-22,Preventive Maintenance,Calibration Issue,Critical,13.4,4,Under Warranty,2751.43,Resolved,3
SV01060,H003,D048,2026-01-23,Installation,Display Issue,High,33.0,8,Out of Warranty,8752.37,Resolved,3
SV01061,H003,D024,2025-07-06,Installation,Image Quality,Low,1.3,4,Out of Warranty,6496.72,Resolved,5
SV01062,H083,D045,2024-08-14,Preventive Maintenance,Display Issue,High,6.6,9,Out of Warranty,15299.42,Resolved,4
SV01063,H040,D002,2025-05-28,Corrective Maintenance,Mechanical Issue,Medium,1.9,2,Under Warranty,13364.3,Resolved,4
SV01064,H096,D039,2026-05-15,Corrective Maintenance,Preventive Maintenance,Medium,9.3,3,Out of Warranty,14959.34,Resolved,5
SV01065,H067,D015,2025-01-07,Preventive Maintenance,Display Issue,Low,9.0,2,Under Warranty,5491.86,Resolved,4
SV01066,H054,D001,2025-10-15,Installation,Calibration Issue,Medium,3.0,1,Under Warranty,10528.62,Pending,5
SV01067,H076,D021,2026-07-12,Installation,Connectivity,High,2.6,7,Under Warranty,11680.22,Resolved,4
SV01068,H035,D027,2026-07-01,Corrective Maintenance,Software Error,High,13.7,2,Out of Warranty,22283.62,Resolved,5
SV01069,H083,D007,2024-02-19,Preventive Maintenance,Power Failure,Medium,16.3,4,Out of Warranty,13591.81,Resolved,4
SV01070,H048,D028,2025-09-10,Preventive Maintenance,Image Quality,Medium,7.6,2,Under Warranty,8486.53,Resolved,4
SV01071,H042,D056,2024-10-21,Installation,Calibration Issue,Medium,9.7,4,Under Warranty,7973.91,Resolved,5
SV01072,H042,D004,2024-10-09,Corrective Maintenance,Sensor/Probe Issue,Medium,13.0,2,Out of Warranty,24934.57,Resolved,5
SV01073,H025,D026,2026-03-30,Corrective Maintenance,Software Error,High,9.3,2,Out of Warranty,33440.06,Resolved,5
SV01074,H017,D002,2024-06-30,Corrective Maintenance,Display Issue,High,5.2,1,Out of Warranty,20167.33,Resolved,5
SV01075,H059,D054,2025-09-24,Corrective Maintenance,Sensor/Probe Issue,Critical,9.6,7,Out of Warranty,21519.53,Resolved,4
SV01076,H026,D057,2026-06-28,Corrective Maintenance,Display Issue,Low,2.3,3,Out of Warranty,16271.0,Resolved,4
SV01077,H052,D004,2026-04-26,Preventive Maintenance,Image Quality,Low,4.8,1,Under Warranty,3433.26,Resolved,4
SV01078,H011,D031,2026-01-08,Corrective Maintenance,Preventive Maintenance,Low,0.8,1,Out of Warranty,31043.54,Resolved,5
SV01079,H070,D033,2026-07-29,Corrective Maintenance,Sensor/Probe Issue,High,12.9,7,Under Warranty,18436.83,Resolved,4
SV01080,H066,D033,2025-03-16,Preventive Maintenance,Software Error,Low,7.9,2,Under Warranty,7943.89,Resolved,4
SV01081,H047,D022,2025-08-13,Corrective Maintenance,Calibration Issue,High,6.3,2,Out of Warranty,38206.98,Resolved,5
SV01082,H080,D040,2026-08-17,Corrective Maintenance,Calibration Issue,Critical,6.8,2,Under Warranty,18723.9,Resolved,5
SV01083,H079,D026,2026-07-09,Corrective Maintenance,Calibration Issue,Medium,9.0,8,Under Warranty,14650.23,Resolved,3
SV01084,H006,D019,2026-03-23,Corrective Maintenance,Display Issue,Medium,16.2,3,Under Warranty,9397.27,Resolved,4
SV01085,H034,D009,2026-03-31,Corrective Maintenance,Image Quality,High,11.5,3,Out of Warranty,18504.93,Resolved,4
SV01086,H063,D004,2026-06-14,Preventive Maintenance,Software Error,Medium,6.7,4,Under Warranty,3909.78,Resolved,4
SV01087,H061,D059,2025-07-02,Preventive Maintenance,Connectivity,Low,3.2,3,Under Warranty,7784.51,Resolved,5
SV01088,H037,D028,2024-06-03,Corrective Maintenance,Connectivity,Low,1.4,3,Under Warranty,13550.8,Resolved,5
SV01089,H066,D015,2025-04-29,Preventive Maintenance,Battery Issue,Medium,3.4,3,Out of Warranty,14647.97,Resolved,4
SV01090,H035,D021,2024-03-28,Preventive Maintenance,Display Issue,High,4.6,1,Under Warranty,6791.44,Resolved,4
SV01091,H066,D054,2026-04-07,Corrective Maintenance,Calibration Issue,Low,2.4,2,Under Warranty,12255.48,Resolved,4
SV01092,H039,D001,2026-07-10,Installation,Sensor/Probe Issue,Medium,6.8,3,Under Warranty,13386.04,Resolved,5
SV01093,H082,D001,2025-06-03,Installation,Display Issue,Low,3.3,4,Under Warranty,3801.35,Resolved,5
SV01094,H030,D036,2025-11-22,Corrective Maintenance,Sensor/Probe Issue,Critical,7.0,7,Under Warranty,18731.99,Resolved,4
SV01095,H087,D017,2025-06-10,Preventive Maintenance,Preventive Maintenance,Medium,7.7,3,Out of Warranty,6472.21,Resolved,4
SV01096,H015,D012,2024-01-30,Preventive Maintenance,Software Error,Medium,2.8,7,Under Warranty,6672.33,Resolved,4
SV01097,H048,D025,2024-07-02,Installation,Sensor/Probe Issue,High,16.6,8,Out of Warranty,22520.88,Resolved,4
SV01098,H008,D013,2026-08-13,Corrective Maintenance,Display Issue,High,10.4,7,Under Warranty,5926.02,Resolved,4
SV01099,H046,D041,2026-08-06,Corrective Maintenance,Battery Issue,High,1.7,4,Under Warranty,19901.24,Resolved,4
SV01100,H005,D008,2024-08-22,Corrective Maintenance,Software Error,High,13.5,8,Out of Warranty,31983.24,Resolved,4
SV01101,H080,D024,2024-02-21,Preventive Maintenance,Sensor/Probe Issue,High,7.6,6,Under Warranty,7609.86,Resolved,4
SV01102,H073,D011,2024-07-11,Corrective Maintenance,Software Error,Medium,5.5,3,Out of Warranty,10683.1,Resolved,4
SV01103,H037,D041,2024-06-04,Corrective Maintenance,Software Error,Medium,15.8,2,Under Warranty,13121.16,Resolved,4
SV01104,H076,D006,2026-01-18,Corrective Maintenance,Software Error,Medium,1.3,7,Out of Warranty,21253.26,Pending,4
SV01105,H002,D007,2025-02-19,Corrective Maintenance,Sensor/Probe Issue,Low,0.5,1,Under Warranty,20112.3,Resolved,5
SV01106,H073,D010,2024-07-27,Preventive Maintenance,Preventive Maintenance,High,9.8,3,Under Warranty,4452.91,Resolved,5
SV01107,H081,D028,2024-08-24,Corrective Maintenance,Sensor/Probe Issue,Medium,0.5,3,Under Warranty,10351.19,Resolved,5
SV01108,H028,D047,2025-08-06,Corrective Maintenance,Software Error,High,6.5,3,Under Warranty,14631.27,Resolved,4
SV01109,H010,D060,2026-01-10,Corrective Maintenance,Connectivity,Medium,2.2,1,Out of Warranty,18134.28,Resolved,4
SV01110,H011,D023,2024-04-29,Preventive Maintenance,Mechanical Issue,Low,9.9,1,Out of Warranty,11254.03,Resolved,5
SV01111,H065,D052,2024-05-12,Preventive Maintenance,Software Error,Low,2.8,5,Under Warranty,5942.42,Resolved,4
SV01112,H087,D021,2025-05-30,Corrective Maintenance,Sensor/Probe Issue,Low,2.2,2,Under Warranty,18707.78,Resolved,4
SV01113,H088,D039,2024-10-26,Corrective Maintenance,Sensor/Probe Issue,High,25.1,1,Out of Warranty,33146.0,Pending,4
SV01114,H011,D024,2024-09-24,Corrective Maintenance,Calibration Issue,Low,6.3,4,Out of Warranty,37939.5,Resolved,5
SV01115,H089,D055,2024-04-09,Corrective Maintenance,Sensor/Probe Issue,Medium,19.9,2,Under Warranty,19602.16,Resolved,4
SV01116,H095,D031,2024-08-23,Preventive Maintenance,Image Quality,Low,1.5,2,Under Warranty,4209.35,Resolved,5
SV01117,H065,D021,2024-10-26,Preventive Maintenance,Display Issue,Medium,1.4,2,Out of Warranty,6126.07,Resolved,5
SV01118,H061,D021,2025-06-01,Corrective Maintenance,Display Issue,Medium,4.7,1,Out of Warranty,9602.52,Resolved,5
SV01119,H073,D008,2025-04-24,Preventive Maintenance,Preventive Maintenance,Medium,2.6,2,Under Warranty,3625.45,Resolved,4
SV01120,H004,D036,2026-08-20,Corrective Maintenance,Connectivity,Low,16.6,2,Out of Warranty,10585.2,Resolved,5
SV01121,H033,D023,2025-04-25,Corrective Maintenance,Mechanical Issue,High,23.2,4,Under Warranty,19081.69,Resolved,3
SV01122,H018,D002,2024-05-01,Corrective Maintenance,Sensor/Probe Issue,Medium,1.4,4,Out of Warranty,22864.58,Resolved,4
SV01123,H032,D051,2024-11-25,Corrective Maintenance,Battery Issue,Medium,1.3,1,Out of Warranty,16278.22,Resolved,5
SV01124,H018,D018,2024-02-25,Corrective Maintenance,Image Quality,Medium,26.6,2,Under Warranty,19392.88,Resolved,4
SV01125,H050,D050,2025-09-15,Installation,Sensor/Probe Issue,Critical,28.1,3,Under Warranty,6044.43,Resolved,4
SV01126,H040,D001,2025-05-19,Preventive Maintenance,Display Issue,High,26.9,4,Out of Warranty,13314.48,Resolved,4
SV01127,H061,D002,2026-02-01,Corrective Maintenance,Power Failure,High,10.6,8,Out of Warranty,21443.02,Resolved,4
SV01128,H092,D002,2025-12-20,Corrective Maintenance,Display Issue,Medium,2.3,1,Out of Warranty,36057.31,Resolved,5
SV01129,H024,D023,2024-06-05,Preventive Maintenance,Connectivity,Medium,8.1,2,Out of Warranty,13894.66,Resolved,4
SV01130,H077,D046,2024-08-26,Preventive Maintenance,Sensor/Probe Issue,Medium,2.3,1,Under Warranty,6096.39,Resolved,5
SV01131,H074,D005,2026-07-01,Preventive Maintenance,Software Error,Medium,13.7,3,Under Warranty,7317.31,Resolved,4
SV01132,H017,D007,2024-04-12,Installation,Software Error,Medium,1.8,2,Under Warranty,5358.75,Resolved,5
SV01133,H012,D021,2026-02-28,Corrective Maintenance,Power Failure,Medium,4.3,3,Under Warranty,6989.9,Pending,4
SV01134,H083,D041,2024-04-25,Preventive Maintenance,Sensor/Probe Issue,Medium,1.8,3,Out of Warranty,14963.85,Resolved,5
SV01135,H008,D021,2026-01-08,Installation,Image Quality,Medium,7.3,3,Out of Warranty,12038.79,Resolved,4
SV01136,H045,D023,2024-07-23,Corrective Maintenance,Sensor/Probe Issue,Medium,2.3,5,Under Warranty,15076.82,Resolved,4
SV01137,H087,D044,2026-06-23,Corrective Maintenance,Power Failure,High,6.4,1,Out of Warranty,15038.44,Resolved,5
SV01138,H055,D045,2025-11-20,Preventive Maintenance,Battery Issue,Critical,36.9,5,Under Warranty,2721.24,Resolved,4
SV01139,H052,D012,2025-11-04,Corrective Maintenance,Image Quality,High,11.0,4,Out of Warranty,26040.79,Resolved,4
SV01140,H060,D040,2024-11-07,Preventive Maintenance,Sensor/Probe Issue,Medium,10.4,7,Under Warranty,8199.08,Resolved,4
SV01141,H005,D027,2026-03-05,Corrective Maintenance,Software Error,Critical,23.0,4,Out of Warranty,13252.19,Resolved,4
SV01142,H066,D055,2026-06-24,Preventive Maintenance,Preventive Maintenance,High,2.6,1,Out of Warranty,7714.7,Resolved,4
SV01143,H029,D025,2025-09-17,Corrective Maintenance,Preventive Maintenance,Low,9.3,1,Under Warranty,9600.73,Resolved,4
SV01144,H041,D021,2024-07-21,Preventive Maintenance,Power Failure,Low,7.6,5,Under Warranty,2239.34,Resolved,5
SV01145,H013,D060,2024-08-24,Preventive Maintenance,Connectivity,Medium,4.2,2,Out of Warranty,9333.79,Resolved,5
SV01146,H002,D028,2026-06-09,Corrective Maintenance,Power Failure,Low,7.0,2,Out of Warranty,23754.04,Resolved,5
SV01147,H100,D027,2024-10-09,Preventive Maintenance,Sensor/Probe Issue,Critical,21.9,5,Out of Warranty,11521.27,Resolved,3
SV01148,H072,D055,2026-06-25,Corrective Maintenance,Battery Issue,Medium,5.4,2,Under Warranty,11522.54,Pending,4
SV01149,H063,D028,2026-08-29,Corrective Maintenance,Connectivity,Medium,10.5,3,Under Warranty,10921.7,Resolved,3
SV01150,H061,D049,2026-09-06,Preventive Maintenance,Preventive Maintenance,Medium,4.7,4,Under Warranty,7882.12,Resolved,4
SV01151,H097,D046,2025-02-04,Preventive Maintenance,Display Issue,Medium,1.3,2,Out of Warranty,13235.67,Resolved,4
SV01152,H074,D012,2025-02-21,Preventive Maintenance,Power Failure,Low,2.3,2,Out of Warranty,11284.36,Resolved,4
SV01153,H012,D027,2025-08-25,Corrective Maintenance,Mechanical Issue,Medium,3.0,6,Out of Warranty,16836.22,Resolved,4
SV01154,H002,D027,2024-03-21,Corrective Maintenance,Power Failure,Medium,6.0,3,Under Warranty,14039.15,Resolved,4
SV01155,H030,D051,2024-02-27,Corrective Maintenance,Preventive Maintenance,High,15.7,5,Under Warranty,13841.61,Resolved,4
SV01156,H075,D031,2025-06-09,Preventive Maintenance,Power Failure,High,24.4,3,Under Warranty,2196.07,Resolved,4
SV01157,H100,D052,2024-09-22,Corrective Maintenance,Image Quality,High,3.6,3,Under Warranty,6307.16,Pending,3
SV01158,H004,D036,2024-06-30,Preventive Maintenance,Calibration Issue,Medium,10.0,3,Under Warranty,2304.69,Resolved,4
SV01159,H041,D035,2026-07-01,Corrective Maintenance,Preventive Maintenance,Medium,8.3,1,Out of Warranty,22749.36,Resolved,4
SV01160,H075,D030,2024-07-17,Installation,Image Quality,High,5.2,7,Out of Warranty,9736.8,Resolved,4
SV01161,H066,D049,2024-04-07,Corrective Maintenance,Software Error,High,1.9,3,Under Warranty,13711.93,Resolved,5
SV01162,H094,D005,2024-07-22,Corrective Maintenance,Battery Issue,Critical,11.2,9,Out of Warranty,35740.8,Resolved,4
SV01163,H089,D038,2025-10-26,Corrective Maintenance,Sensor/Probe Issue,Critical,24.7,5,Out of Warranty,36092.38,Resolved,4
SV01164,H073,D008,2025-06-02,Corrective Maintenance,Sensor/Probe Issue,Medium,5.6,1,Under Warranty,12283.86,Resolved,5
SV01165,H007,D048,2025-02-25,Preventive Maintenance,Calibration Issue,Low,3.6,2,Under Warranty,2255.77,Resolved,4
SV01166,H059,D056,2025-12-17,Corrective Maintenance,Image Quality,Low,2.3,2,Under Warranty,10682.77,Resolved,5
SV01167,H085,D003,2024-07-11,Preventive Maintenance,Mechanical Issue,Medium,12.1,1,Out of Warranty,12496.54,Resolved,5
SV01168,H049,D040,2024-08-07,Corrective Maintenance,Calibration Issue,High,4.4,3,Out of Warranty,12200.15,Resolved,5
SV01169,H030,D047,2025-05-08,Installation,Mechanical Issue,Low,4.8,2,Out of Warranty,20649.66,Resolved,4
SV01170,H011,D035,2024-04-15,Installation,Sensor/Probe Issue,Critical,47.1,3,Under Warranty,13195.43,Resolved,4
SV01171,H083,D043,2026-02-22,Corrective Maintenance,Software Error,Medium,11.3,2,Under Warranty,19410.64,Resolved,5
SV01172,H042,D020,2024-04-21,Corrective Maintenance,Calibration Issue,Medium,5.7,4,Out of Warranty,12817.35,Pending,4
SV01173,H037,D037,2025-03-06,Corrective Maintenance,Battery Issue,Medium,3.9,3,Under Warranty,17765.69,Resolved,5
SV01174,H044,D010,2026-09-06,Corrective Maintenance,Display Issue,Medium,2.3,4,Out of Warranty,24226.74,Resolved,4
SV01175,H041,D027,2025-08-17,Corrective Maintenance,Power Failure,High,14.6,8,Under Warranty,10177.66,Resolved,4
SV01176,H049,D007,2024-08-04,Installation,Power Failure,Medium,7.7,2,Out of Warranty,16720.13,Resolved,4
SV01177,H080,D018,2025-07-13,Preventive Maintenance,Sensor/Probe Issue,Low,5.0,1,Under Warranty,8165.79,Resolved,4
SV01178,H082,D056,2025-10-11,Corrective Maintenance,Software Error,High,19.1,5,Out of Warranty,19064.1,Resolved,4
SV01179,H046,D015,2025-12-24,Installation,Connectivity,High,33.6,4,Under Warranty,6248.67,Resolved,4
SV01180,H039,D024,2026-06-03,Preventive Maintenance,Calibration Issue,Medium,8.1,3,Under Warranty,8004.02,Resolved,5
SV01181,H093,D021,2024-12-30,Corrective Maintenance,Software Error,High,10.1,5,Under Warranty,6502.48,Resolved,4
SV01182,H013,D017,2024-06-21,Corrective Maintenance,Sensor/Probe Issue,Low,3.8,2,Out of Warranty,37910.8,Resolved,4
SV01183,H097,D040,2026-07-06,Corrective Maintenance,Battery Issue,High,1.7,7,Under Warranty,9640.79,Resolved,4
SV01184,H008,D044,2026-04-07,Corrective Maintenance,Sensor/Probe Issue,Low,2.7,4,Out of Warranty,26673.86,Resolved,4
SV01185,H048,D026,2024-11-04,Corrective Maintenance,Preventive Maintenance,High,3.1,1,Out of Warranty,27656.95,Resolved,5
SV01186,H054,D056,2025-11-03,Corrective Maintenance,Calibration Issue,Medium,3.4,2,Under Warranty,8847.22,Pending,4
SV01187,H095,D021,2024-05-14,Preventive Maintenance,Mechanical Issue,Critical,7.8,3,Out of Warranty,12019.42,Resolved,5
SV01188,H099,D010,2025-01-31,Corrective Maintenance,Calibration Issue,Medium,14.1,2,Under Warranty,18788.74,Resolved,4
SV01189,H075,D020,2026-07-13,Preventive Maintenance,Sensor/Probe Issue,Critical,11.0,5,Out of Warranty,6352.11,Resolved,4
SV01190,H072,D045,2024-01-19,Corrective Maintenance,Power Failure,Low,9.1,2,Under Warranty,12602.02,Resolved,4
SV01191,H042,D002,2026-03-22,Preventive Maintenance,Display Issue,Medium,7.9,4,Out of Warranty,10595.22,Resolved,4
SV01192,H100,D033,2026-06-13,Corrective Maintenance,Calibration Issue,Medium,11.7,1,Under Warranty,17467.7,Resolved,4
SV01193,H018,D007,2025-02-16,Preventive Maintenance,Calibration Issue,Medium,0.9,1,Under Warranty,2793.67,Resolved,5
SV01194,H050,D004,2024-01-24,Corrective Maintenance,Connectivity,Low,2.6,4,Out of Warranty,34252.56,Resolved,4
SV01195,H090,D047,2026-08-04,Preventive Maintenance,Image Quality,Medium,1.8,5,Out of Warranty,7575.72,Resolved,4
SV01196,H003,D019,2026-09-23,Preventive Maintenance,Image Quality,High,17.1,2,Under Warranty,4733.74,Resolved,4
SV01197,H040,D028,2025-10-03,Preventive Maintenance,Sensor/Probe Issue,High,8.7,2,Out of Warranty,13003.52,Resolved,5
SV01198,H098,D045,2024-07-27,Installation,Sensor/Probe Issue,Medium,9.3,1,Under Warranty,6567.71,Resolved,5
SV01199,H069,D054,2025-05-13,Preventive Maintenance,Calibration Issue,High,5.9,1,Out of Warranty,12814.5,Resolved,5
SV01200,H055,D056,2024-08-02,Corrective Maintenance,Calibration Issue,Low,4.7,3,Out of Warranty,29511.48,Resolved,4
SV01201,H084,D039,2026-06-08,Corrective Maintenance,Image Quality,High,10.2,1,Out of Warranty,18359.6,Resolved,4
SV01202,H033,D011,2024-05-31,Preventive Maintenance,Power Failure,Medium,10.1,4,Under Warranty,4998.5,Resolved,4
SV01203,H078,D033,2024-02-01,Preventive Maintenance,Image Quality,High,12.1,3,Under Warranty,3196.15,Resolved,5
SV01204,H005,D002,2024-08-13,Corrective Maintenance,Image Quality,High,26.1,5,Under Warranty,6141.03,Resolved,4
SV01205,H064,D028,2026-09-10,Preventive Maintenance,Mechanical Issue,High,8.2,5,Under Warranty,8205.38,Resolved,5
SV01206,H007,D038,2025-11-16,Preventive Maintenance,Software Error,Critical,8.0,3,Under Warranty,3402.4,Resolved,4
SV01207,H072,D001,2026-03-31,Corrective Maintenance,Image Quality,Medium,14.3,1,Under Warranty,8892.3,Resolved,5
SV01208,H047,D011,2025-12-03,Corrective Maintenance,Power Failure,High,20.4,4,Out of Warranty,35468.29,Resolved,4
SV01209,H089,D046,2025-05-28,Corrective Maintenance,Mechanical Issue,High,6.2,5,Under Warranty,14782.3,Resolved,4
SV01210,H008,D059,2024-02-14,Corrective Maintenance,Connectivity,Low,13.0,1,Under Warranty,17398.87,Resolved,4
SV01211,H008,D031,2024-03-28,Corrective Maintenance,Power Failure,Medium,1.0,3,Under Warranty,5665.96,Resolved,4
SV01212,H017,D030,2024-03-30,Corrective Maintenance,Preventive Maintenance,Medium,18.6,5,Under Warranty,15202.9,Resolved,4
SV01213,H042,D036,2026-01-14,Preventive Maintenance,Image Quality,High,0.5,5,Out of Warranty,7598.9,Resolved,5
SV01214,H007,D053,2025-03-16,Preventive Maintenance,Display Issue,Medium,3.8,3,Under Warranty,5400.37,Resolved,5
SV01215,H057,D055,2026-01-29,Corrective Maintenance,Sensor/Probe Issue,Medium,7.0,1,Under Warranty,12021.42,Resolved,4
SV01216,H059,D029,2025-10-28,Preventive Maintenance,Calibration Issue,Medium,3.2,1,Out of Warranty,8437.44,Resolved,4
SV01217,H038,D042,2025-06-11,Corrective Maintenance,Image Quality,Medium,4.5,2,Under Warranty,11814.63,Resolved,5
SV01218,H085,D031,2024-11-11,Corrective Maintenance,Battery Issue,High,5.8,5,Under Warranty,19956.5,Resolved,5
SV01219,H051,D003,2026-01-15,Installation,Preventive Maintenance,High,12.5,5,Under Warranty,13076.6,Resolved,4
SV01220,H037,D035,2026-03-26,Preventive Maintenance,Sensor/Probe Issue,High,17.0,3,Out of Warranty,12243.08,Resolved,4
SV01221,H056,D005,2024-04-20,Corrective Maintenance,Display Issue,Medium,2.6,4,Under Warranty,14996.51,Resolved,4
SV01222,H077,D015,2024-02-25,Corrective Maintenance,Sensor/Probe Issue,High,18.2,8,Under Warranty,10226.43,Resolved,3
SV01223,H052,D036,2026-07-22,Corrective Maintenance,Sensor/Probe Issue,Medium,15.0,1,Under Warranty,5543.01,Resolved,4
SV01224,H090,D043,2026-05-27,Corrective Maintenance,Image Quality,Medium,12.8,2,Out of Warranty,17263.27,Resolved,5
SV01225,H017,D045,2025-06-11,Corrective Maintenance,Power Failure,Critical,22.5,4,Under Warranty,8028.3,Resolved,3
SV01226,H058,D028,2025-02-15,Preventive Maintenance,Software Error,Medium,2.3,3,Out of Warranty,6333.27,Resolved,4
SV01227,H073,D015,2025-02-07,Preventive Maintenance,Calibration Issue,High,17.9,2,Out of Warranty,14044.97,Resolved,4
SV01228,H091,D045,2026-06-08,Preventive Maintenance,Power Failure,Medium,13.3,3,Under Warranty,2192.15,Resolved,4
SV01229,H048,D034,2025-09-19,Preventive Maintenance,Sensor/Probe Issue,Critical,19.6,2,Under Warranty,7621.58,Resolved,4
SV01230,H027,D009,2024-08-13,Installation,Image Quality,Medium,7.0,4,Out of Warranty,15093.2,Resolved,4
SV01231,H020,D004,2024-01-22,Corrective Maintenance,Sensor/Probe Issue,Low,8.3,2,Under Warranty,17633.51,Resolved,5
SV01232,H027,D011,2024-08-08,Preventive Maintenance,Power Failure,High,7.3,2,Under Warranty,4474.16,Pending,5
SV01233,H023,D007,2025-06-21,Corrective Maintenance,Sensor/Probe Issue,Low,14.6,3,Out of Warranty,20998.81,Resolved,5
SV01234,H068,D050,2026-02-27,Preventive Maintenance,Display Issue,Low,3.9,2,Out of Warranty,15825.13,Resolved,5
SV01235,H010,D023,2025-07-11,Corrective Maintenance,Battery Issue,Medium,13.0,2,Under Warranty,10706.54,Resolved,4
SV01236,H089,D005,2024-07-01,Corrective Maintenance,Connectivity,Medium,14.8,2,Out of Warranty,20470.57,Resolved,4
SV01237,H051,D052,2026-08-20,Corrective Maintenance,Power Failure,Medium,4.6,1,Out of Warranty,30273.66,Resolved,5
SV01238,H085,D035,2025-08-17,Corrective Maintenance,Preventive Maintenance,Low,4.1,2,Under Warranty,9205.42,Resolved,5
SV01239,H071,D005,2024-07-15,Preventive Maintenance,Preventive Maintenance,Low,4.8,2,Out of Warranty,14664.57,Resolved,4
SV01240,H059,D023,2025-11-02,Installation,Sensor/Probe Issue,High,32.1,2,Under Warranty,11711.82,Resolved,5
SV01241,H055,D059,2024-04-06,Corrective Maintenance,Battery Issue,Medium,18.3,3,Under Warranty,16007.73,Resolved,4
SV01242,H060,D045,2026-07-01,Corrective Maintenance,Connectivity,Medium,5.1,2,Out of Warranty,18259.41,Resolved,4
SV01243,H070,D025,2026-05-17,Preventive Maintenance,Calibration Issue,Medium,6.6,2,Under Warranty,5577.0,Resolved,5
SV01244,H027,D031,2024-08-13,Preventive Maintenance,Software Error,Medium,15.4,1,Out of Warranty,15536.98,Resolved,5
SV01245,H029,D006,2025-07-20,Corrective Maintenance,Display Issue,High,13.8,1,Under Warranty,7748.86,Resolved,4
SV01246,H007,D030,2026-03-23,Corrective Maintenance,Preventive Maintenance,Medium,4.0,4,Out of Warranty,30917.78,Resolved,4
SV01247,H068,D026,2024-07-06,Preventive Maintenance,Software Error,Medium,2.1,1,Under Warranty,8610.29,Resolved,4
SV01248,H063,D055,2024-09-08,Corrective Maintenance,Connectivity,Low,7.1,3,Under Warranty,14694.71,Resolved,5
SV01249,H062,D015,2026-05-03,Corrective Maintenance,Sensor/Probe Issue,Medium,4.2,1,Out of Warranty,29631.48,Resolved,4
SV01250,H002,D013,2024-09-28,Installation,Sensor/Probe Issue,Low,0.7,3,Under Warranty,12896.7,Resolved,4
SV01251,H083,D006,2026-01-24,Corrective Maintenance,Calibration Issue,Critical,17.7,3,Out of Warranty,28249.24,Resolved,5
SV01252,H034,D028,2026-08-03,Preventive Maintenance,Mechanical Issue,High,7.1,2,Under Warranty,8629.26,Pending,5
SV01253,H096,D021,2026-09-18,Preventive Maintenance,Battery Issue,High,6.5,3,Out of Warranty,13803.33,Resolved,4
SV01254,H014,D010,2025-09-15,Corrective Maintenance,Software Error,Critical,12.6,4,Under Warranty,18103.21,Resolved,5
SV01255,H062,D031,2026-05-27,Corrective Maintenance,Software Error,High,16.0,5,Out of Warranty,25775.11,Resolved,4
SV01256,H098,D055,2025-06-04,Preventive Maintenance,Power Failure,High,9.1,7,Under Warranty,8663.04,Resolved,3
SV01257,H067,D004,2024-02-17,Preventive Maintenance,Image Quality,High,8.2,9,Out of Warranty,10163.59,Resolved,4
SV01258,H040,D039,2024-01-15,Corrective Maintenance,Sensor/Probe Issue,Medium,11.7,2,Out of Warranty,31421.73,Resolved,5
SV01259,H056,D038,2025-01-28,Corrective Maintenance,Preventive Maintenance,High,11.7,10,Out of Warranty,27293.35,Resolved,4
SV01260,H023,D032,2024-11-10,Installation,Display Issue,Medium,4.8,3,Under Warranty,4225.23,Resolved,4
SV01261,H041,D044,2025-08-24,Corrective Maintenance,Preventive Maintenance,Medium,4.1,2,Out of Warranty,36261.58,Resolved,5
SV01262,H024,D023,2026-08-05,Corrective Maintenance,Power Failure,Medium,11.0,2,Under Warranty,7337.3,Resolved,4
SV01263,H093,D026,2024-11-20,Corrective Maintenance,Sensor/Probe Issue,Low,3.3,2,Under Warranty,17758.94,Resolved,4
SV01264,H023,D011,2025-04-26,Installation,Sensor/Probe Issue,Low,5.2,3,Under Warranty,10714.86,Resolved,4
SV01265,H049,D008,2024-09-18,Corrective Maintenance,Software Error,Medium,7.3,2,Out of Warranty,37556.09,Resolved,5
SV01266,H029,D043,2026-09-05,Corrective Maintenance,Power Failure,Critical,8.6,5,Out of Warranty,21270.01,Resolved,4
SV01267,H090,D020,2025-07-07,Preventive Maintenance,Connectivity,Medium,16.8,3,Out of Warranty,7827.92,Resolved,4
SV01268,H054,D047,2025-10-13,Corrective Maintenance,Image Quality,Low,9.1,3,Out of Warranty,36567.96,Resolved,4
SV01269,H029,D015,2025-12-26,Preventive Maintenance,Power Failure,Critical,9.5,6,Under Warranty,4725.43,Resolved,4
SV01270,H048,D038,2024-05-01,Corrective Maintenance,Sensor/Probe Issue,Medium,3.3,1,Under Warranty,10295.18,Resolved,4
SV01271,H099,D035,2025-04-15,Corrective Maintenance,Calibration Issue,Critical,19.5,5,Out of Warranty,24530.03,Resolved,4
SV01272,H003,D034,2025-10-18,Preventive Maintenance,Software Error,Medium,5.9,2,Out of Warranty,7341.8,Resolved,4
SV01273,H074,D034,2026-06-15,Corrective Maintenance,Preventive Maintenance,Low,1.5,3,Out of Warranty,17980.47,Resolved,4
SV01274,H049,D028,2025-08-07,Corrective Maintenance,Sensor/Probe Issue,High,21.1,9,Under Warranty,7430.59,Resolved,4
SV01275,H072,D057,2024-02-08,Corrective Maintenance,Power Failure,Medium,20.1,5,Out of Warranty,35991.89,Resolved,4
SV01276,H025,D014,2025-08-23,Preventive Maintenance,Power Failure,High,17.8,7,Out of Warranty,9141.31,Resolved,4
SV01277,H067,D058,2024-01-26,Preventive Maintenance,Mechanical Issue,Low,4.9,2,Out of Warranty,12698.43,Resolved,5
SV01278,H087,D019,2024-12-31,Corrective Maintenance,Sensor/Probe Issue,Medium,13.5,3,Under Warranty,6964.2,Resolved,4
SV01279,H092,D029,2025-02-04,Corrective Maintenance,Sensor/Probe Issue,High,15.3,1,Under Warranty,7564.2,Resolved,4
SV01280,H045,D005,2025-09-08,Preventive Maintenance,Calibration Issue,Medium,0.5,2,Out of Warranty,7365.29,Resolved,4
SV01281,H003,D005,2025-08-20,Installation,Mechanical Issue,Medium,19.6,1,Out of Warranty,19154.22,Resolved,5
SV01282,H017,D004,2024-04-03,Preventive Maintenance,Connectivity,Medium,1.6,2,Out of Warranty,14421.39,Resolved,5
SV01283,H037,D019,2025-05-09,Preventive Maintenance,Connectivity,High,10.7,5,Under Warranty,8334.21,Resolved,4
SV01284,H053,D031,2025-02-15,Corrective Maintenance,Power Failure,Low,3.2,1,Under Warranty,9296.16,Resolved,5
SV01285,H008,D010,2026-03-07,Preventive Maintenance,Connectivity,Medium,4.2,5,Under Warranty,3014.64,Resolved,4
SV01286,H065,D009,2026-09-20,Preventive Maintenance,Power Failure,High,20.3,2,Under Warranty,5625.0,Resolved,5
SV01287,H041,D006,2024-09-14,Preventive Maintenance,Mechanical Issue,High,4.2,3,Under Warranty,7251.33,Resolved,4
SV01288,H061,D006,2024-11-26,Preventive Maintenance,Mechanical Issue,Medium,12.2,2,Out of Warranty,11050.87,Resolved,4
SV01289,H090,D025,2025-03-31,Installation,Display Issue,Medium,10.4,1,Out of Warranty,25563.15,Resolved,5
SV01290,H063,D012,2024-03-27,Corrective Maintenance,Software Error,Medium,9.0,1,Under Warranty,16211.15,Resolved,4
SV01291,H096,D046,2025-05-23,Corrective Maintenance,Sensor/Probe Issue,High,12.8,5,Under Warranty,6946.39,Resolved,4
SV01292,H056,D020,2025-06-08,Corrective Maintenance,Connectivity,Medium,15.8,6,Out of Warranty,12212.56,Resolved,4
SV01293,H020,D049,2026-04-29,Preventive Maintenance,Image Quality,High,32.5,2,Under Warranty,4344.74,Resolved,4
SV01294,H048,D029,2024-07-03,Corrective Maintenance,Software Error,Medium,13.3,3,Out of Warranty,26228.83,Resolved,4
SV01295,H061,D036,2024-09-19,Corrective Maintenance,Battery Issue,Medium,9.3,1,Under Warranty,19970.41,Resolved,4
SV01296,H044,D052,2024-10-17,Corrective Maintenance,Image Quality,High,8.9,3,Out of Warranty,16018.18,Resolved,5
SV01297,H020,D035,2025-07-07,Preventive Maintenance,Battery Issue,Medium,3.8,2,Under Warranty,3315.44,Resolved,4
SV01298,H061,D013,2026-03-29,Installation,Connectivity,Medium,5.5,3,Out of Warranty,15403.32,Resolved,5
SV01299,H042,D048,2025-02-01,Preventive Maintenance,Sensor/Probe Issue,Medium,12.6,6,Under Warranty,4826.56,Resolved,3
SV01300,H006,D003,2026-03-13,Preventive Maintenance,Calibration Issue,Medium,3.8,4,Under Warranty,6060.65,Resolved,4
SV01301,H072,D020,2024-12-21,Installation,Mechanical Issue,Medium,2.9,1,Out of Warranty,19334.11,Resolved,4
SV01302,H092,D024,2024-05-05,Corrective Maintenance,Connectivity,Critical,23.4,5,Out of Warranty,14571.75,Resolved,4
SV01303,H032,D028,2024-03-18,Installation,Sensor/Probe Issue,Critical,18.9,6,Under Warranty,12757.09,Resolved,4
SV01304,H074,D050,2024-05-29,Corrective Maintenance,Battery Issue,Low,13.6,2,Out of Warranty,35776.64,Resolved,5
SV01305,H059,D013,2025-05-28,Installation,Calibration Issue,Medium,7.6,4,Under Warranty,10168.13,Resolved,4
SV01306,H063,D005,2026-01-10,Installation,Preventive Maintenance,Medium,9.8,4,Under Warranty,5329.87,Resolved,4
SV01307,H034,D015,2026-03-13,Preventive Maintenance,Preventive Maintenance,Medium,11.7,5,Under Warranty,6003.99,Resolved,4
SV01308,H100,D037,2026-02-18,Preventive Maintenance,Power Failure,Medium,11.2,1,Out of Warranty,5800.13,Resolved,5
SV01309,H024,D037,2025-01-29,Corrective Maintenance,Calibration Issue,Low,9.6,1,Under Warranty,12005.46,Resolved,4
SV01310,H037,D035,2026-03-21,Corrective Maintenance,Battery Issue,High,36.1,5,Under Warranty,11293.61,Resolved,4
SV01311,H036,D043,2024-09-17,Preventive Maintenance,Calibration Issue,Low,8.7,7,Under Warranty,8555.65,Resolved,4
SV01312,H085,D017,2026-04-18,Corrective Maintenance,Image Quality,High,1.5,10,Out of Warranty,9488.49,Resolved,5
SV01313,H064,D055,2024-05-19,Preventive Maintenance,Connectivity,Medium,9.2,2,Under Warranty,5773.14,Resolved,4
SV01314,H060,D057,2026-09-21,Corrective Maintenance,Image Quality,Medium,4.4,4,Out of Warranty,28336.56,Resolved,5
SV01315,H056,D054,2024-03-27,Corrective Maintenance,Sensor/Probe Issue,Medium,2.7,3,Under Warranty,16920.22,Resolved,4
SV01316,H035,D002,2025-09-17,Corrective Maintenance,Sensor/Probe Issue,High,11.7,5,Under Warranty,20907.82,Resolved,3
SV01317,H089,D023,2024-02-16,Corrective Maintenance,Power Failure,High,14.6,1,Under Warranty,14347.71,Resolved,4
SV01318,H005,D007,2025-01-04,Preventive Maintenance,Software Error,Medium,7.3,3,Out of Warranty,5859.04,Resolved,4
SV01319,H088,D059,2026-04-15,Corrective Maintenance,Power Failure,High,17.6,7,Out of Warranty,21327.51,Resolved,4
SV01320,H090,D014,2026-02-15,Corrective Maintenance,Calibration Issue,Low,1.7,2,Under Warranty,17641.44,Resolved,5
SV01321,H079,D049,2024-09-30,Preventive Maintenance,Battery Issue,Low,11.1,3,Under Warranty,5307.61,Resolved,5
SV01322,H100,D027,2026-04-17,Preventive Maintenance,Preventive Maintenance,High,2.2,2,Out of Warranty,14366.03,Resolved,5
SV01323,H065,D039,2024-09-10,Corrective Maintenance,Mechanical Issue,Medium,12.4,2,Out of Warranty,22094.47,Resolved,5
SV01324,H029,D021,2024-06-15,Corrective Maintenance,Battery Issue,Medium,2.8,1,Under Warranty,5134.95,Resolved,4
SV01325,H062,D041,2026-09-21,Corrective Maintenance,Sensor/Probe Issue,Medium,7.1,9,Out of Warranty,14910.37,Pending,4
SV01326,H063,D016,2025-05-04,Preventive Maintenance,Sensor/Probe Issue,Medium,2.3,2,Under Warranty,6392.58,Resolved,5
SV01327,H021,D043,2025-02-23,Preventive Maintenance,Preventive Maintenance,High,21.8,3,Under Warranty,6037.23,Resolved,5
SV01328,H090,D029,2025-01-27,Corrective Maintenance,Software Error,Medium,3.4,6,Under Warranty,9985.66,Resolved,4
SV01329,H076,D031,2026-01-12,Preventive Maintenance,Sensor/Probe Issue,Medium,11.7,6,Under Warranty,5583.88,Resolved,5
SV01330,H038,D030,2026-08-27,Corrective Maintenance,Display Issue,Critical,30.3,3,Under Warranty,19980.16,Resolved,4
SV01331,H034,D019,2025-03-26,Preventive Maintenance,Display Issue,Medium,2.0,4,Under Warranty,2973.37,Resolved,4
SV01332,H063,D042,2024-07-25,Corrective Maintenance,Image Quality,Medium,7.0,1,Under Warranty,12986.56,Resolved,5
SV01333,H016,D005,2026-04-21,Installation,Preventive Maintenance,Medium,10.4,4,Out of Warranty,16790.49,Resolved,4
SV01334,H061,D056,2025-04-24,Corrective Maintenance,Power Failure,Critical,23.7,5,Out of Warranty,24572.98,Resolved,4
SV01335,H023,D030,2025-01-24,Preventive Maintenance,Preventive Maintenance,Medium,2.8,6,Out of Warranty,9514.9,Resolved,4
SV01336,H040,D034,2026-04-04,Preventive Maintenance,Display Issue,High,13.5,2,Out of Warranty,14375.95,Pending,4
SV01337,H021,D002,2026-08-06,Corrective Maintenance,Image Quality,Low,1.0,4,Under Warranty,12055.21,Resolved,4
SV01338,H029,D014,2025-03-27,Preventive Maintenance,Display Issue,Medium,12.6,2,Out of Warranty,6147.74,Resolved,4
SV01339,H034,D028,2025-06-17,Corrective Maintenance,Power Failure,Medium,11.4,1,Out of Warranty,22578.57,Resolved,5
SV01340,H086,D019,2024-08-27,Preventive Maintenance,Image Quality,Low,8.5,2,Under Warranty,4472.29,Resolved,4
SV01341,H080,D059,2026-01-09,Preventive Maintenance,Preventive Maintenance,High,3.9,4,Under Warranty,2950.96,Resolved,4
SV01342,H082,D023,2025-07-28,Corrective Maintenance,Mechanical Issue,Medium,1.1,5,Under Warranty,6866.79,Resolved,4
SV01343,H008,D028,2025-05-27,Preventive Maintenance,Display Issue,Medium,10.0,3,Out of Warranty,5517.51,Resolved,4
SV01344,H071,D044,2024-08-11,Preventive Maintenance,Battery Issue,High,27.1,1,Out of Warranty,15747.73,Resolved,4
SV01345,H086,D037,2025-10-13,Preventive Maintenance,Image Quality,Low,0.9,2,Out of Warranty,11246.23,Resolved,4
SV01346,H016,D009,2024-06-13,Preventive Maintenance,Software Error,Critical,9.3,2,Under Warranty,4017.78,Pending,5
SV01347,H083,D059,2026-01-17,Corrective Maintenance,Mechanical Issue,Medium,10.0,2,Under Warranty,6586.28,Resolved,4
SV01348,H084,D017,2026-02-13,Preventive Maintenance,Image Quality,Critical,24.7,6,Under Warranty,4515.21,Resolved,3
SV01349,H074,D038,2026-08-14,Corrective Maintenance,Calibration Issue,Medium,4.8,2,Out of Warranty,14315.95,Resolved,4
SV01350,H021,D015,2025-01-25,Preventive Maintenance,Mechanical Issue,High,13.8,7,Out of Warranty,10638.65,Resolved,4
SV01351,H021,D031,2024-10-15,Corrective Maintenance,Battery Issue,High,7.0,3,Out of Warranty,35492.8,Resolved,4
SV01352,H074,D035,2024-08-28,Preventive Maintenance,Power Failure,Medium,4.9,2,Under Warranty,5567.84,Resolved,3
SV01353,H051,D031,2024-05-13,Corrective Maintenance,Connectivity,Medium,5.5,2,Out of Warranty,13917.61,Resolved,4
SV01354,H072,D034,2024-08-13,Preventive Maintenance,Calibration Issue,Low,6.0,1,Out of Warranty,5083.44,Resolved,4
SV01355,H041,D014,2026-03-06,Preventive Maintenance,Software Error,High,5.7,13,Under Warranty,8560.09,Resolved,4
SV01356,H042,D013,2025-06-18,Corrective Maintenance,Display Issue,Low,1.2,1,Out of Warranty,31754.49,Resolved,5
SV01357,H016,D014,2025-01-28,Corrective Maintenance,Power Failure,High,5.1,4,Out of Warranty,19639.52,Resolved,3
SV01358,H019,D023,2024-02-24,Installation,Preventive Maintenance,Low,7.2,3,Under Warranty,7823.72,Resolved,4
SV01359,H053,D028,2025-09-29,Preventive Maintenance,Connectivity,Low,5.3,2,Out of Warranty,4878.07,Resolved,4
SV01360,H019,D056,2024-03-30,Corrective Maintenance,Preventive Maintenance,Medium,8.6,3,Under Warranty,18243.76,Resolved,5
SV01361,H030,D042,2025-06-17,Corrective Maintenance,Calibration Issue,Medium,9.3,3,Out of Warranty,10649.52,Resolved,4
SV01362,H059,D011,2024-11-20,Preventive Maintenance,Mechanical Issue,Medium,1.4,5,Under Warranty,7979.57,Resolved,5
SV01363,H068,D045,2025-02-24,Preventive Maintenance,Preventive Maintenance,Medium,7.5,3,Under Warranty,7969.68,Resolved,5
SV01364,H088,D017,2026-02-01,Preventive Maintenance,Image Quality,Low,4.0,4,Under Warranty,5361.88,Resolved,4
SV01365,H091,D028,2024-08-15,Corrective Maintenance,Software Error,Critical,9.4,4,Under Warranty,17200.68,Pending,4
SV01366,H047,D025,2024-06-21,Corrective Maintenance,Preventive Maintenance,High,6.8,4,Out of Warranty,19866.76,Resolved,4
SV01367,H032,D017,2025-09-01,Preventive Maintenance,Battery Issue,Low,5.1,2,Under Warranty,6392.3,Resolved,5
SV01368,H068,D045,2026-04-03,Corrective Maintenance,Battery Issue,Low,7.0,2,Out of Warranty,31960.95,Resolved,5
SV01369,H059,D022,2024-07-31,Corrective Maintenance,Sensor/Probe Issue,Medium,2.8,2,Under Warranty,10451.46,Resolved,5
SV01370,H042,D056,2026-03-15,Corrective Maintenance,Image Quality,Low,9.6,1,Under Warranty,13851.87,Resolved,5
SV01371,H042,D008,2026-07-24,Preventive Maintenance,Preventive Maintenance,Medium,21.0,1,Under Warranty,2419.43,Pending,5
SV01372,H021,D021,2024-07-06,Corrective Maintenance,Display Issue,Medium,4.1,5,Out of Warranty,34134.99,Resolved,5
SV01373,H074,D023,2026-05-05,Corrective Maintenance,Battery Issue,Low,3.8,3,Under Warranty,16926.06,Resolved,4
SV01374,H031,D028,2025-06-30,Corrective Maintenance,Battery Issue,Medium,1.9,4,Under Warranty,12670.42,Resolved,4
SV01375,H072,D007,2026-08-16,Corrective Maintenance,Display Issue,Medium,5.9,1,Out of Warranty,25355.19,Resolved,4
SV01376,H042,D024,2025-11-18,Corrective Maintenance,Calibration Issue,Medium,15.5,3,Out of Warranty,12896.64,Resolved,4
SV01377,H059,D002,2025-10-15,Corrective Maintenance,Battery Issue,Medium,3.5,6,Under Warranty,11917.32,Resolved,3
SV01378,H096,D039,2024-08-29,Installation,Power Failure,Medium,9.2,5,Under Warranty,5320.46,Resolved,4
SV01379,H047,D032,2026-07-15,Preventive Maintenance,Connectivity,Medium,2.3,2,Out of Warranty,5953.24,Resolved,4
SV01380,H066,D026,2025-06-24,Preventive Maintenance,Calibration Issue,High,4.3,4,Out of Warranty,12939.11,Resolved,4
SV01381,H089,D023,2026-08-24,Preventive Maintenance,Connectivity,Medium,2.2,4,Out of Warranty,9504.35,Resolved,4
SV01382,H029,D009,2024-04-04,Corrective Maintenance,Power Failure,High,0.5,2,Out of Warranty,19115.27,Resolved,5
SV01383,H021,D051,2026-05-28,Preventive Maintenance,Image Quality,Low,6.3,2,Under Warranty,7038.41,Resolved,5
SV01384,H079,D003,2025-04-11,Corrective Maintenance,Image Quality,Low,4.4,4,Out of Warranty,30646.12,Resolved,4
SV01385,H039,D051,2025-02-21,Installation,Sensor/Probe Issue,Medium,12.9,2,Out of Warranty,6311.42,Resolved,4
SV01386,H053,D033,2026-09-27,Corrective Maintenance,Power Failure,Medium,7.3,4,Out of Warranty,25412.78,Resolved,4
SV01387,H019,D022,2024-07-01,Corrective Maintenance,Preventive Maintenance,Low,8.3,3,Under Warranty,13766.84,Resolved,4
SV01388,H054,D005,2024-09-24,Corrective Maintenance,Sensor/Probe Issue,Medium,5.0,1,Under Warranty,12794.52,Resolved,4
SV01389,H039,D003,2025-05-11,Preventive Maintenance,Display Issue,Critical,43.8,9,Under Warranty,7957.71,Resolved,4
SV01390,H037,D025,2025-04-06,Preventive Maintenance,Battery Issue,Medium,2.5,2,Out of Warranty,14220.36,Resolved,5
SV01391,H027,D005,2025-11-02,Preventive Maintenance,Software Error,Low,7.2,2,Under Warranty,3710.42,Resolved,5
SV01392,H012,D026,2025-07-30,Corrective Maintenance,Image Quality,Low,5.8,3,Under Warranty,9886.98,Resolved,4
SV01393,H013,D047,2026-02-05,Corrective Maintenance,Preventive Maintenance,Low,12.2,1,Out of Warranty,22311.52,Resolved,4
SV01394,H043,D035,2024-07-25,Corrective Maintenance,Sensor/Probe Issue,High,9.7,5,Under Warranty,10227.61,Resolved,4
SV01395,H019,D016,2025-11-14,Preventive Maintenance,Display Issue,High,21.8,5,Out of Warranty,7885.05,Resolved,4
SV01396,H076,D010,2026-01-24,Preventive Maintenance,Sensor/Probe Issue,High,3.8,7,Out of Warranty,4379.04,Resolved,4
SV01397,H081,D017,2024-02-07,Corrective Maintenance,Sensor/Probe Issue,High,12.6,4,Under Warranty,11021.12,Resolved,5
SV01398,H065,D019,2024-03-22,Preventive Maintenance,Calibration Issue,Medium,19.1,3,Under Warranty,8710.87,Resolved,5
SV01399,H053,D045,2024-09-29,Preventive Maintenance,Connectivity,Medium,4.6,2,Out of Warranty,14661.33,Resolved,4
SV01400,H067,D030,2024-02-22,Corrective Maintenance,Display Issue,High,6.3,11,Under Warranty,12552.44,Resolved,4
SV01401,H040,D046,2025-08-11,Preventive Maintenance,Battery Issue,Medium,3.4,3,Out of Warranty,9202.11,Resolved,5
SV01402,H022,D053,2026-06-28,Preventive Maintenance,Software Error,Medium,5.2,2,Under Warranty,6041.69,Resolved,4
SV01403,H031,D036,2024-02-05,Preventive Maintenance,Battery Issue,Medium,5.0,4,Out of Warranty,13041.32,Pending,3
SV01404,H088,D059,2026-02-23,Installation,Calibration Issue,High,7.4,3,Under Warranty,5162.56,Resolved,4
SV01405,H019,D037,2025-06-07,Preventive Maintenance,Sensor/Probe Issue,High,6.3,2,Under Warranty,6693.29,Resolved,5
SV01406,H017,D013,2024-03-20,Preventive Maintenance,Image Quality,Critical,34.3,3,Out of Warranty,12226.11,Resolved,4
SV01407,H003,D057,2025-12-16,Corrective Maintenance,Battery Issue,High,0.6,4,Under Warranty,6390.12,Resolved,4
SV01408,H010,D057,2024-02-27,Corrective Maintenance,Display Issue,Low,9.5,2,Out of Warranty,30108.91,Resolved,5
SV01409,H040,D002,2025-04-27,Preventive Maintenance,Battery Issue,Medium,3.3,4,Under Warranty,7129.87,Resolved,5
SV01410,H071,D019,2026-05-12,Preventive Maintenance,Sensor/Probe Issue,Medium,4.5,1,Out of Warranty,5004.07,Resolved,5
SV01411,H081,D024,2025-12-17,Corrective Maintenance,Software Error,Medium,9.7,1,Under Warranty,17970.96,Resolved,4
SV01412,H038,D002,2024-10-08,Preventive Maintenance,Battery Issue,High,4.6,6,Out of Warranty,15164.64,Resolved,5
SV01413,H097,D058,2026-04-27,Corrective Maintenance,Power Failure,High,9.4,7,Under Warranty,9530.47,Resolved,4
SV01414,H022,D036,2024-04-08,Preventive Maintenance,Image Quality,High,1.6,2,Out of Warranty,14299.63,Resolved,4
SV01415,H081,D041,2024-04-08,Preventive Maintenance,Image Quality,Medium,4.2,6,Under Warranty,5538.29,Resolved,4
SV01416,H096,D046,2026-06-26,Preventive Maintenance,Software Error,Low,5.1,1,Out of Warranty,13194.2,Resolved,5
SV01417,H023,D041,2024-01-11,Corrective Maintenance,Power Failure,Medium,9.7,2,Out of Warranty,19141.87,Pending,4
SV01418,H049,D008,2025-04-15,Corrective Maintenance,Connectivity,Low,11.4,3,Out of Warranty,24621.78,Resolved,4
SV01419,H094,D046,2024-09-20,Preventive Maintenance,Sensor/Probe Issue,High,10.5,1,Out of Warranty,4817.48,Resolved,3
SV01420,H079,D042,2026-03-02,Corrective Maintenance,Image Quality,High,10.7,3,Under Warranty,9310.65,Resolved,4
SV01421,H064,D029,2025-06-07,Preventive Maintenance,Connectivity,Low,4.5,4,Out of Warranty,13754.1,Resolved,4
SV01422,H031,D007,2026-04-28,Installation,Calibration Issue,High,47.6,4,Out of Warranty,7980.01,Resolved,3
SV01423,H097,D059,2025-04-19,Preventive Maintenance,Image Quality,High,9.2,4,Under Warranty,6990.91,Resolved,4
SV01424,H051,D029,2025-05-05,Preventive Maintenance,Software Error,Medium,10.7,5,Out of Warranty,15271.1,Resolved,4
SV01425,H072,D058,2025-04-13,Corrective Maintenance,Preventive Maintenance,High,3.2,5,Out of Warranty,13425.19,Resolved,5
SV01426,H069,D028,2024-05-06,Preventive Maintenance,Image Quality,Medium,14.8,4,Out of Warranty,6135.0,Resolved,4
SV01427,H031,D045,2024-09-20,Corrective Maintenance,Software Error,Medium,5.7,9,Under Warranty,10845.52,Resolved,3
SV01428,H085,D047,2026-03-23,Preventive Maintenance,Software Error,High,6.4,1,Under Warranty,8556.91,Resolved,4
SV01429,H059,D038,2026-05-04,Installation,Connectivity,Medium,16.1,3,Out of Warranty,15022.57,Resolved,4
SV01430,H062,D058,2026-09-21,Preventive Maintenance,Calibration Issue,Critical,46.5,2,Out of Warranty,9438.32,Resolved,3
SV01431,H056,D039,2025-04-19,Corrective Maintenance,Image Quality,Low,12.1,1,Under Warranty,15061.49,Resolved,4
SV01432,H025,D006,2024-04-19,Preventive Maintenance,Power Failure,Low,2.2,2,Under Warranty,7067.5,Resolved,5
SV01433,H088,D013,2026-01-29,Corrective Maintenance,Image Quality,Critical,12.4,4,Out of Warranty,18544.14,Resolved,5
SV01434,H068,D027,2024-09-13,Preventive Maintenance,Calibration Issue,High,20.5,3,Out of Warranty,12741.26,Resolved,4
SV01435,H066,D018,2025-06-11,Preventive Maintenance,Preventive Maintenance,Critical,1.4,10,Under Warranty,7450.15,Resolved,4
SV01436,H067,D033,2026-02-09,Corrective Maintenance,Software Error,High,11.6,5,Under Warranty,5865.32,Resolved,4
SV01437,H088,D033,2024-06-26,Preventive Maintenance,Mechanical Issue,Medium,8.3,2,Under Warranty,3805.73,Resolved,5
SV01438,H075,D005,2026-03-06,Preventive Maintenance,Connectivity,High,11.0,4,Out of Warranty,12725.38,Resolved,5
SV01439,H049,D048,2026-02-22,Installation,Battery Issue,High,6.1,2,Under Warranty,9005.38,Pending,5
SV01440,H049,D024,2026-06-06,Preventive Maintenance,Connectivity,Medium,5.4,2,Out of Warranty,11351.59,Resolved,5
SV01441,H081,D058,2026-06-26,Corrective Maintenance,Image Quality,Low,5.8,1,Out of Warranty,31170.88,Resolved,5
SV01442,H044,D019,2024-11-28,Corrective Maintenance,Mechanical Issue,Medium,6.2,4,Under Warranty,12095.27,Resolved,4
SV01443,H073,D014,2026-03-14,Installation,Software Error,Medium,5.8,3,Under Warranty,12319.93,Resolved,4
SV01444,H004,D046,2025-08-10,Corrective Maintenance,Power Failure,High,14.2,3,Under Warranty,12047.17,Resolved,4
SV01445,H033,D048,2024-02-07,Corrective Maintenance,Display Issue,High,18.0,6,Under Warranty,17656.74,Resolved,3
SV01446,H045,D029,2026-06-22,Preventive Maintenance,Mechanical Issue,Medium,14.0,1,Under Warranty,7569.09,Resolved,4
SV01447,H082,D051,2024-11-20,Preventive Maintenance,Sensor/Probe Issue,Medium,8.0,2,Out of Warranty,15101.24,Resolved,5
SV01448,H051,D045,2025-10-26,Preventive Maintenance,Mechanical Issue,Critical,5.3,2,Under Warranty,8649.18,Resolved,4
SV01449,H054,D050,2026-04-13,Preventive Maintenance,Image Quality,Medium,14.7,2,Under Warranty,6354.87,Resolved,4
SV01450,H024,D057,2025-10-07,Preventive Maintenance,Sensor/Probe Issue,Medium,9.3,2,Out of Warranty,12536.49,Resolved,4
SV01451,H014,D018,2024-04-25,Corrective Maintenance,Display Issue,High,8.0,4,Out of Warranty,9539.25,Resolved,5
SV01452,H041,D030,2024-08-14,Preventive Maintenance,Display Issue,Medium,6.0,4,Under Warranty,3689.23,Resolved,4
SV01453,H026,D007,2024-11-06,Preventive Maintenance,Image Quality,High,19.1,7,Under Warranty,8308.61,Resolved,4
SV01454,H015,D017,2024-10-17,Corrective Maintenance,Mechanical Issue,Medium,1.1,3,Under Warranty,8367.96,Resolved,5
SV01455,H048,D050,2025-10-26,Corrective Maintenance,Connectivity,Critical,19.8,6,Under Warranty,18751.77,Resolved,4
SV01456,H059,D035,2024-03-16,Corrective Maintenance,Sensor/Probe Issue,Medium,12.3,3,Out of Warranty,14304.29,Resolved,4
SV01457,H058,D001,2026-07-23,Preventive Maintenance,Mechanical Issue,Medium,2.5,4,Out of Warranty,4685.92,Resolved,5
SV01458,H080,D031,2024-12-29,Corrective Maintenance,Battery Issue,Medium,1.1,5,Out of Warranty,12865.26,Resolved,4
SV01459,H054,D042,2025-07-15,Corrective Maintenance,Display Issue,Low,3.8,1,Under Warranty,12096.41,Resolved,4
SV01460,H093,D004,2024-01-03,Installation,Software Error,High,14.1,4,Out of Warranty,23903.75,Resolved,4
SV01461,H058,D044,2025-05-12,Corrective Maintenance,Sensor/Probe Issue,High,8.0,4,Out of Warranty,20952.45,Resolved,4
SV01462,H087,D031,2025-02-21,Corrective Maintenance,Display Issue,Medium,21.0,9,Under Warranty,17159.8,Resolved,4
SV01463,H039,D055,2024-12-28,Preventive Maintenance,Sensor/Probe Issue,Medium,35.3,6,Under Warranty,5680.24,Pending,4
SV01464,H024,D051,2025-06-15,Preventive Maintenance,Connectivity,High,7.5,2,Under Warranty,8479.84,Resolved,4
SV01465,H032,D017,2025-07-04,Corrective Maintenance,Software Error,Medium,11.8,1,Under Warranty,7044.6,Resolved,5
SV01466,H008,D057,2026-09-19,Installation,Preventive Maintenance,Medium,9.5,3,Under Warranty,11556.93,Resolved,4
SV01467,H068,D044,2026-05-02,Preventive Maintenance,Power Failure,High,5.0,4,Under Warranty,4328.78,Resolved,5
SV01468,H060,D026,2026-07-21,Corrective Maintenance,Connectivity,Medium,11.9,2,Under Warranty,8565.45,Resolved,4
SV01469,H018,D021,2025-10-03,Corrective Maintenance,Software Error,Medium,25.8,3,Under Warranty,8447.67,Resolved,4
SV01470,H059,D028,2024-03-30,Corrective Maintenance,Display Issue,Medium,19.1,2,Under Warranty,12739.13,Pending,5
SV01471,H012,D022,2026-08-20,Corrective Maintenance,Preventive Maintenance,High,22.2,5,Under Warranty,8451.4,Resolved,3
SV01472,H053,D041,2024-04-20,Preventive Maintenance,Calibration Issue,Low,4.0,1,Under Warranty,7391.73,Resolved,5
SV01473,H010,D059,2026-06-19,Preventive Maintenance,Software Error,Critical,10.6,13,Under Warranty,3903.8,Resolved,3
SV01474,H092,D050,2025-07-17,Corrective Maintenance,Power Failure,Medium,11.2,2,Under Warranty,18855.6,Resolved,4
SV01475,H006,D003,2025-02-19,Corrective Maintenance,Mechanical Issue,Medium,7.3,3,Under Warranty,11727.42,Resolved,5
SV01476,H036,D019,2026-03-24,Corrective Maintenance,Display Issue,Low,2.0,2,Under Warranty,6214.3,Resolved,5
SV01477,H045,D050,2026-01-11,Preventive Maintenance,Sensor/Probe Issue,Medium,4.6,2,Under Warranty,3778.83,Resolved,5
SV01478,H078,D011,2024-07-07,Preventive Maintenance,Battery Issue,High,6.2,6,Under Warranty,5964.15,Resolved,4
SV01479,H083,D058,2026-07-04,Preventive Maintenance,Display Issue,Low,4.3,1,Out of Warranty,7360.73,Resolved,4
SV01480,H045,D016,2024-03-05,Preventive Maintenance,Sensor/Probe Issue,High,7.0,2,Under Warranty,4855.74,Resolved,4
SV01481,H072,D047,2026-04-03,Preventive Maintenance,Display Issue,High,14.4,5,Out of Warranty,5719.76,Resolved,4
SV01482,H097,D025,2026-09-30,Preventive Maintenance,Calibration Issue,Medium,8.0,6,Under Warranty,2154.67,Resolved,4
SV01483,H044,D054,2024-09-03,Preventive Maintenance,Software Error,Low,6.2,1,Out of Warranty,4060.79,Resolved,5
SV01484,H042,D030,2025-12-10,Corrective Maintenance,Sensor/Probe Issue,High,5.3,2,Under Warranty,10441.39,Resolved,5
SV01485,H007,D004,2025-08-01,Corrective Maintenance,Software Error,High,8.8,6,Under Warranty,18577.37,Resolved,4
SV01486,H082,D003,2026-05-14,Corrective Maintenance,Power Failure,Medium,4.5,3,Under Warranty,11717.12,Resolved,5
SV01487,H016,D052,2025-09-05,Corrective Maintenance,Display Issue,Medium,0.9,3,Out of Warranty,36083.96,Resolved,5
SV01488,H069,D033,2024-01-15,Corrective Maintenance,Image Quality,High,7.9,6,Under Warranty,9572.98,Resolved,4
SV01489,H053,D039,2025-09-06,Corrective Maintenance,Connectivity,High,5.9,4,Under Warranty,10372.41,Resolved,4
SV01490,H015,D022,2025-05-03,Preventive Maintenance,Power Failure,Low,7.1,3,Out of Warranty,12680.91,Resolved,4
SV01491,H077,D035,2026-02-17,Preventive Maintenance,Image Quality,Medium,4.0,3,Under Warranty,7171.02,Resolved,5
SV01492,H009,D040,2025-11-18,Installation,Software Error,Low,1.3,1,Under Warranty,13430.41,Resolved,5
SV01493,H036,D019,2024-07-02,Installation,Power Failure,Low,5.3,3,Under Warranty,4915.28,Resolved,4
SV01494,H093,D052,2024-07-14,Installation,Power Failure,High,9.1,5,Out of Warranty,10502.22,Resolved,4
SV01495,H044,D009,2024-06-08,Corrective Maintenance,Power Failure,Low,6.0,2,Out of Warranty,11474.91,Resolved,3
SV01496,H019,D028,2025-07-17,Corrective Maintenance,Preventive Maintenance,Medium,4.9,2,Under Warranty,17948.05,Resolved,5
SV01497,H086,D022,2026-08-16,Corrective Maintenance,Sensor/Probe Issue,Medium,9.6,1,Under Warranty,8508.77,Resolved,5
SV01498,H040,D048,2024-03-10,Preventive Maintenance,Image Quality,Low,1.0,3,Out of Warranty,8037.94,Resolved,4
SV01499,H084,D060,2025-10-25,Installation,Mechanical Issue,High,20.9,2,Out of Warranty,24936.26,Resolved,4
SV01500,H049,D013,2026-02-14,Corrective Maintenance,Software Error,Medium,0.8,6,Under Warranty,15840.38,Resolved,4
SV01501,H040,D014,2024-07-22,Corrective Maintenance,Display Issue,High,1.2,10,Under Warranty,18818.52,Resolved,4
SV01502,H090,D015,2026-03-05,Corrective Maintenance,Preventive Maintenance,Low,1.7,1,Under Warranty,5745.1,Resolved,5
SV01503,H024,D022,2025-09-30,Corrective Maintenance,Power Failure,Low,4.4,1,Under Warranty,9245.64,Resolved,5
SV01504,H011,D054,2024-12-23,Corrective Maintenance,Mechanical Issue,Medium,4.9,2,Under Warranty,14191.2,Resolved,4
SV01505,H055,D058,2025-08-04,Preventive Maintenance,Software Error,High,11.8,3,Under Warranty,4836.98,Resolved,5
SV01506,H076,D022,2024-05-17,Preventive Maintenance,Image Quality,Low,1.2,1,Out of Warranty,12241.12,Resolved,4
SV01507,H022,D034,2025-04-07,Installation,Software Error,Medium,2.9,1,Under Warranty,11106.33,Resolved,5
SV01508,H067,D004,2024-01-03,Preventive Maintenance,Sensor/Probe Issue,Medium,11.4,1,Under Warranty,8475.97,Resolved,5
SV01509,H005,D013,2025-02-13,Corrective Maintenance,Display Issue,Medium,14.8,4,Under Warranty,11887.2,Resolved,3
SV01510,H035,D034,2026-05-25,Corrective Maintenance,Mechanical Issue,Low,12.9,2,Under Warranty,5744.12,Pending,5
SV01511,H042,D043,2025-01-22,Preventive Maintenance,Connectivity,High,10.7,2,Under Warranty,4549.98,Resolved,5
SV01512,H083,D054,2024-07-08,Corrective Maintenance,Battery Issue,High,4.4,4,Under Warranty,20201.07,Resolved,5
SV01513,H079,D038,2024-08-09,Corrective Maintenance,Battery Issue,Low,4.0,3,Under Warranty,7053.22,Resolved,5
SV01514,H030,D059,2025-06-30,Corrective Maintenance,Image Quality,High,4.7,3,Under Warranty,13545.87,Resolved,4
SV01515,H073,D028,2026-02-14,Preventive Maintenance,Battery Issue,Medium,8.4,1,Out of Warranty,11962.65,Resolved,5
SV01516,H013,D039,2024-04-08,Corrective Maintenance,Power Failure,Medium,16.7,4,Under Warranty,19343.22,Resolved,4
SV01517,H025,D052,2025-11-28,Preventive Maintenance,Power Failure,Medium,3.0,3,Under Warranty,3756.38,Resolved,5
SV01518,H092,D035,2025-07-03,Corrective Maintenance,Preventive Maintenance,Low,3.7,1,Out of Warranty,11133.01,Resolved,5
SV01519,H094,D033,2024-12-09,Preventive Maintenance,Calibration Issue,Medium,1.1,2,Under Warranty,3350.16,Resolved,4
SV01520,H099,D014,2024-09-14,Corrective Maintenance,Preventive Maintenance,Low,2.7,2,Under Warranty,5162.6,Resolved,5
SV01521,H005,D044,2025-01-03,Preventive Maintenance,Image Quality,Medium,7.1,2,Under Warranty,2659.08,Resolved,5
SV01522,H075,D051,2026-04-22,Corrective Maintenance,Software Error,High,24.0,7,Out of Warranty,14228.46,Resolved,4
SV01523,H079,D008,2025-06-29,Preventive Maintenance,Display Issue,Medium,4.1,4,Under Warranty,3751.13,Resolved,4
SV01524,H021,D039,2024-03-03,Corrective Maintenance,Software Error,Medium,7.9,2,Out of Warranty,29497.3,Resolved,5
SV01525,H049,D006,2025-11-16,Corrective Maintenance,Image Quality,Low,10.3,1,Out of Warranty,28160.53,Resolved,5
SV01526,H082,D010,2024-07-20,Preventive Maintenance,Sensor/Probe Issue,Low,15.0,2,Under Warranty,5053.57,Resolved,4
SV01527,H095,D009,2025-08-16,Preventive Maintenance,Preventive Maintenance,Medium,10.6,1,Out of Warranty,6278.45,Resolved,5
SV01528,H058,D042,2026-01-06,Preventive Maintenance,Calibration Issue,High,4.8,2,Under Warranty,6320.76,Resolved,4
SV01529,H060,D022,2025-12-22,Corrective Maintenance,Connectivity,Medium,9.1,2,Out of Warranty,36400.92,Resolved,5
SV01530,H084,D058,2025-04-21,Installation,Mechanical Issue,Low,1.9,3,Under Warranty,10730.1,Resolved,4
SV01531,H086,D023,2024-02-20,Corrective Maintenance,Display Issue,Medium,10.0,2,Under Warranty,8626.38,Resolved,4
SV01532,H037,D059,2024-06-19,Corrective Maintenance,Battery Issue,Critical,28.6,15,Under Warranty,14442.65,Resolved,3
SV01533,H032,D015,2024-01-18,Corrective Maintenance,Preventive Maintenance,Medium,1.2,1,Under Warranty,15954.16,Resolved,5
SV01534,H023,D047,2026-01-19,Preventive Maintenance,Battery Issue,Medium,10.2,1,Out of Warranty,10376.71,Resolved,4
SV01535,H059,D049,2025-07-05,Corrective Maintenance,Sensor/Probe Issue,Critical,31.1,9,Out of Warranty,19601.98,Resolved,4
SV01536,H087,D010,2024-02-12,Installation,Sensor/Probe Issue,Medium,8.7,4,Under Warranty,3886.09,Resolved,5
SV01537,H016,D059,2024-10-28,Corrective Maintenance,Calibration Issue,High,6.7,4,Out of Warranty,33243.78,Resolved,5
SV01538,H010,D058,2024-07-28,Corrective Maintenance,Mechanical Issue,Low,1.2,2,Under Warranty,20345.45,Resolved,5
SV01539,H031,D058,2024-10-23,Corrective Maintenance,Connectivity,Medium,3.6,2,Out of Warranty,17514.09,Resolved,4
SV01540,H032,D013,2026-05-03,Preventive Maintenance,Mechanical Issue,Medium,8.7,1,Out of Warranty,10103.41,Resolved,4
SV01541,H018,D023,2024-06-12,Installation,Software Error,Medium,11.1,3,Under Warranty,12875.27,Resolved,5
SV01542,H040,D033,2024-02-01,Corrective Maintenance,Sensor/Probe Issue,Medium,15.7,1,Out of Warranty,19049.68,Resolved,5
SV01543,H019,D045,2025-06-28,Preventive Maintenance,Image Quality,Medium,17.6,1,Under Warranty,5506.13,Resolved,5
SV01544,H003,D032,2024-03-16,Corrective Maintenance,Battery Issue,Medium,10.5,2,Out of Warranty,21124.18,Resolved,4
SV01545,H095,D006,2024-02-21,Preventive Maintenance,Connectivity,Medium,6.9,1,Under Warranty,2725.31,Resolved,5
SV01546,H098,D051,2024-08-15,Corrective Maintenance,Image Quality,Low,4.2,2,Out of Warranty,34729.16,Resolved,4
SV01547,H057,D051,2025-08-13,Corrective Maintenance,Image Quality,Medium,3.2,2,Under Warranty,13553.53,Resolved,4
SV01548,H020,D041,2026-08-04,Corrective Maintenance,Calibration Issue,High,8.4,1,Out of Warranty,20857.55,Resolved,4
SV01549,H072,D043,2025-09-09,Installation,Calibration Issue,Low,9.2,4,Out of Warranty,12714.26,Resolved,4
SV01550,H002,D041,2026-05-13,Preventive Maintenance,Power Failure,Medium,13.3,3,Under Warranty,3354.26,Resolved,4
SV01551,H053,D034,2024-12-12,Corrective Maintenance,Battery Issue,Medium,6.1,2,Under Warranty,19820.09,Resolved,4
SV01552,H002,D012,2024-03-15,Corrective Maintenance,Software Error,High,32.1,2,Under Warranty,11697.51,Resolved,3
SV01553,H042,D015,2026-01-14,Preventive Maintenance,Calibration Issue,Medium,4.7,1,Under Warranty,8297.71,Resolved,5
SV01554,H009,D031,2024-04-08,Corrective Maintenance,Image Quality,High,11.7,6,Under Warranty,12379.26,Resolved,4
SV01555,H088,D049,2024-09-13,Corrective Maintenance,Power Failure,Medium,14.5,2,Under Warranty,7697.87,Resolved,4
SV01556,H014,D058,2024-09-28,Corrective Maintenance,Image Quality,Medium,2.2,3,Out of Warranty,38135.66,Resolved,5
SV01557,H035,D020,2025-09-16,Corrective Maintenance,Display Issue,High,39.5,9,Under Warranty,17533.28,Resolved,3
SV01558,H017,D033,2024-05-17,Preventive Maintenance,Mechanical Issue,Medium,5.8,4,Out of Warranty,4649.87,Resolved,5
SV01559,H094,D013,2026-09-15,Corrective Maintenance,Sensor/Probe Issue,Low,1.5,2,Under Warranty,17936.35,Resolved,5
SV01560,H075,D004,2026-09-18,Corrective Maintenance,Software Error,Medium,11.3,2,Under Warranty,12326.53,Resolved,4
SV01561,H006,D038,2025-08-31,Preventive Maintenance,Calibration Issue,Low,8.3,1,Out of Warranty,4714.93,Resolved,5
SV01562,H055,D033,2025-04-09,Installation,Connectivity,Critical,42.9,9,Out of Warranty,24047.89,Resolved,4
SV01563,H002,D024,2025-10-27,Corrective Maintenance,Software Error,High,8.0,4,Out of Warranty,36228.24,Resolved,4
SV01564,H013,D019,2024-07-06,Corrective Maintenance,Calibration Issue,Medium,6.1,3,Under Warranty,17409.34,Resolved,4
SV01565,H074,D002,2024-09-26,Corrective Maintenance,Sensor/Probe Issue,High,24.7,5,Under Warranty,13794.5,Resolved,4
SV01566,H007,D059,2026-09-13,Preventive Maintenance,Image Quality,High,6.5,6,Under Warranty,7057.29,Resolved,4
SV01567,H009,D057,2025-12-05,Corrective Maintenance,Power Failure,Medium,4.9,1,Out of Warranty,12793.55,Resolved,4
SV01568,H091,D041,2024-07-28,Preventive Maintenance,Calibration Issue,Medium,8.3,2,Under Warranty,8394.85,Resolved,5
SV01569,H090,D054,2024-02-20,Corrective Maintenance,Image Quality,Medium,5.3,2,Under Warranty,11577.57,Pending,5
SV01570,H002,D002,2024-07-27,Corrective Maintenance,Battery Issue,High,28.2,3,Out of Warranty,29913.68,Resolved,4
SV01571,H013,D001,2025-07-21,Corrective Maintenance,Battery Issue,Low,4.2,6,Under Warranty,16598.7,Resolved,5
SV01572,H052,D053,2024-07-09,Corrective Maintenance,Sensor/Probe Issue,High,16.0,2,Out of Warranty,24732.61,Resolved,4
SV01573,H026,D009,2026-09-05,Corrective Maintenance,Sensor/Probe Issue,Low,6.1,2,Under Warranty,15202.91,Pending,4
SV01574,H072,D032,2025-09-12,Preventive Maintenance,Power Failure,Medium,10.5,2,Under Warranty,3760.25,Resolved,4
SV01575,H044,D027,2024-01-01,Corrective Maintenance,Calibration Issue,Medium,4.2,1,Under Warranty,18363.95,Resolved,4
SV01576,H055,D053,2025-07-18,Corrective Maintenance,Calibration Issue,Medium,4.6,5,Under Warranty,7055.94,Resolved,4
SV01577,H099,D008,2025-04-04,Corrective Maintenance,Display Issue,Medium,8.5,4,Under Warranty,12053.27,Resolved,4
SV01578,H006,D010,2025-09-15,Preventive Maintenance,Display Issue,Medium,6.9,2,Under Warranty,4690.94,Resolved,4
SV01579,H097,D059,2026-02-08,Corrective Maintenance,Preventive Maintenance,Medium,5.5,4,Out of Warranty,18782.11,Resolved,5
SV01580,H056,D052,2024-04-20,Corrective Maintenance,Calibration Issue,Low,14.5,3,Out of Warranty,22715.15,Resolved,4
SV01581,H084,D022,2025-11-04,Installation,Display Issue,High,16.0,4,Under Warranty,5166.7,Resolved,4
SV01582,H050,D023,2026-01-07,Preventive Maintenance,Image Quality,Medium,1.6,2,Under Warranty,4404.19,Resolved,4
SV01583,H010,D005,2024-11-06,Corrective Maintenance,Power Failure,High,23.5,4,Under Warranty,10896.83,Resolved,4
SV01584,H020,D053,2024-10-27,Installation,Sensor/Probe Issue,High,7.0,1,Out of Warranty,24233.85,Resolved,5
SV01585,H054,D043,2024-01-01,Corrective Maintenance,Display Issue,High,4.1,5,Out of Warranty,22945.12,Resolved,4
SV01586,H057,D017,2025-09-20,Preventive Maintenance,Software Error,Medium,19.9,2,Out of Warranty,12627.0,Resolved,4
SV01587,H030,D045,2025-07-14,Corrective Maintenance,Calibration Issue,High,6.2,1,Under Warranty,8457.87,Resolved,5
SV01588,H098,D024,2025-08-22,Corrective Maintenance,Battery Issue,High,11.6,5,Under Warranty,12975.29,Resolved,4
SV01589,H022,D036,2026-06-04,Corrective Maintenance,Software Error,High,7.3,5,Out of Warranty,15650.5,Resolved,4
SV01590,H047,D028,2026-02-06,Preventive Maintenance,Power Failure,Low,4.0,1,Under Warranty,6439.06,Resolved,4
SV01591,H069,D042,2024-08-31,Preventive Maintenance,Sensor/Probe Issue,High,22.7,8,Under Warranty,4972.45,Resolved,4
SV01592,H088,D012,2024-10-26,Installation,Sensor/Probe Issue,Medium,5.9,1,Under Warranty,5175.1,Resolved,4
SV01593,H072,D060,2025-11-09,Preventive Maintenance,Software Error,Medium,3.3,3,Under Warranty,4589.27,Resolved,4
SV01594,H026,D002,2024-04-12,Corrective Maintenance,Image Quality,Low,7.3,2,Out of Warranty,32730.5,Resolved,5
SV01595,H046,D045,2026-09-06,Preventive Maintenance,Calibration Issue,Medium,5.5,1,Out of Warranty,7177.04,Resolved,4
SV01596,H050,D025,2026-07-17,Preventive Maintenance,Mechanical Issue,Medium,7.8,1,Out of Warranty,15646.66,Resolved,5
SV01597,H093,D034,2024-03-12,Preventive Maintenance,Software Error,Low,16.3,1,Under Warranty,8101.31,Resolved,4
SV01598,H022,D039,2024-12-06,Preventive Maintenance,Sensor/Probe Issue,Medium,19.7,2,Out of Warranty,12093.82,Resolved,4
SV01599,H090,D036,2025-01-15,Preventive Maintenance,Calibration Issue,Medium,1.9,1,Out of Warranty,6128.08,Resolved,4
SV01600,H005,D051,2024-11-10,Preventive Maintenance,Calibration Issue,Low,11.2,2,Under Warranty,3569.78,Resolved,5
SV01601,H079,D041,2025-09-07,Corrective Maintenance,Software Error,High,14.9,3,Under Warranty,19996.93,Resolved,5
SV01602,H051,D022,2026-03-03,Corrective Maintenance,Preventive Maintenance,High,6.5,1,Out of Warranty,34996.75,Resolved,5
SV01603,H027,D028,2024-11-13,Installation,Image Quality,High,6.6,5,Out of Warranty,6951.52,Resolved,5
SV01604,H038,D015,2024-07-03,Corrective Maintenance,Software Error,Low,3.9,1,Under Warranty,9521.49,Resolved,4
SV01605,H053,D056,2026-06-12,Preventive Maintenance,Software Error,Medium,3.8,1,Under Warranty,7016.94,Resolved,5
SV01606,H067,D050,2026-05-20,Corrective Maintenance,Preventive Maintenance,High,14.1,8,Under Warranty,8004.07,Resolved,5
SV01607,H061,D010,2026-03-05,Preventive Maintenance,Sensor/Probe Issue,Medium,5.1,2,Out of Warranty,5092.92,Resolved,4
SV01608,H012,D020,2026-02-07,Preventive Maintenance,Power Failure,High,10.3,3,Under Warranty,2645.37,Resolved,4
SV01609,H069,D055,2025-03-08,Preventive Maintenance,Sensor/Probe Issue,High,7.8,5,Under Warranty,7828.7,Resolved,4
SV01610,H003,D055,2026-06-07,Preventive Maintenance,Display Issue,Medium,13.4,2,Under Warranty,8427.5,Pending,5
SV01611,H053,D014,2025-12-11,Corrective Maintenance,Power Failure,Medium,5.0,4,Out of Warranty,14946.85,Resolved,5
SV01612,H076,D039,2026-02-26,Corrective Maintenance,Display Issue,Medium,6.8,1,Out of Warranty,23195.74,Resolved,4
SV01613,H082,D054,2026-09-09,Corrective Maintenance,Battery Issue,Medium,15.7,3,Out of Warranty,12180.13,Resolved,4
SV01614,H051,D026,2024-01-26,Preventive Maintenance,Image Quality,High,18.2,4,Under Warranty,4336.43,Resolved,4
SV01615,H088,D041,2025-11-03,Corrective Maintenance,Software Error,High,33.3,1,Under Warranty,5699.18,Resolved,4
SV01616,H071,D006,2024-06-28,Corrective Maintenance,Software Error,Medium,2.4,1,Under Warranty,12508.18,Resolved,5
SV01617,H029,D021,2025-03-13,Corrective Maintenance,Sensor/Probe Issue,Low,11.9,1,Under Warranty,20635.75,Resolved,4
SV01618,H093,D009,2026-03-24,Preventive Maintenance,Mechanical Issue,High,13.9,6,Under Warranty,8225.44,Resolved,5
SV01619,H008,D049,2026-08-31,Corrective Maintenance,Connectivity,High,1.1,8,Out of Warranty,20542.74,Resolved,5
SV01620,H100,D044,2026-09-15,Preventive Maintenance,Sensor/Probe Issue,Low,9.8,2,Out of Warranty,13977.94,Resolved,4
SV01621,H079,D038,2025-12-02,Corrective Maintenance,Display Issue,Medium,17.5,1,Out of Warranty,28952.54,Resolved,5
SV01622,H015,D021,2026-08-16,Corrective Maintenance,Calibration Issue,Medium,7.2,5,Under Warranty,20897.35,Resolved,5
SV01623,H005,D030,2026-03-17,Preventive Maintenance,Image Quality,Medium,3.4,2,Under Warranty,3752.95,Resolved,5
SV01624,H013,D028,2025-09-17,Corrective Maintenance,Calibration Issue,High,11.8,2,Under Warranty,19389.49,Resolved,4
SV01625,H061,D035,2025-04-13,Corrective Maintenance,Preventive Maintenance,Medium,2.8,7,Under Warranty,5571.95,Resolved,3
SV01626,H100,D044,2024-11-13,Preventive Maintenance,Image Quality,Medium,6.3,2,Out of Warranty,7579.67,Resolved,4
SV01627,H017,D037,2024-09-22,Corrective Maintenance,Sensor/Probe Issue,Critical,9.7,2,Out of Warranty,21522.86,Resolved,5
SV01628,H033,D043,2025-09-05,Preventive Maintenance,Software Error,Low,1.9,3,Under Warranty,6381.33,Resolved,4
SV01629,H045,D049,2024-03-23,Corrective Maintenance,Calibration Issue,Medium,15.5,2,Under Warranty,8604.18,Resolved,5
SV01630,H089,D011,2026-02-23,Corrective Maintenance,Sensor/Probe Issue,Critical,20.5,5,Under Warranty,14389.65,Resolved,4
SV01631,H008,D022,2025-05-08,Corrective Maintenance,Preventive Maintenance,Critical,12.5,2,Out of Warranty,30715.96,Resolved,5
SV01632,H067,D045,2026-04-28,Preventive Maintenance,Sensor/Probe Issue,Medium,1.9,3,Out of Warranty,8948.53,Resolved,4
SV01633,H026,D059,2025-02-01,Preventive Maintenance,Battery Issue,Low,3.2,5,Under Warranty,3704.26,Resolved,4
SV01634,H014,D043,2025-06-10,Corrective Maintenance,Software Error,Medium,7.4,6,Under Warranty,14908.52,Resolved,4
SV01635,H035,D047,2026-01-11,Corrective Maintenance,Mechanical Issue,High,2.7,1,Under Warranty,8698.27,Resolved,4
SV01636,H044,D037,2026-08-15,Corrective Maintenance,Sensor/Probe Issue,Medium,7.9,4,Under Warranty,11467.48,Resolved,4
SV01637,H027,D048,2024-02-25,Preventive Maintenance,Display Issue,High,6.7,5,Under Warranty,6196.9,Resolved,4
SV01638,H016,D017,2024-08-16,Preventive Maintenance,Connectivity,Medium,5.6,1,Under Warranty,2654.5,Resolved,4
SV01639,H023,D029,2025-09-08,Corrective Maintenance,Connectivity,High,28.4,3,Under Warranty,9176.85,Resolved,3
SV01640,H099,D034,2025-12-27,Corrective Maintenance,Power Failure,Low,0.7,1,Out of Warranty,14874.47,Resolved,5
SV01641,H095,D033,2026-02-14,Installation,Connectivity,Medium,9.0,3,Out of Warranty,23289.37,Resolved,4
SV01642,H025,D017,2025-02-01,Preventive Maintenance,Calibration Issue,Medium,4.6,2,Under Warranty,7010.41,Resolved,5
SV01643,H029,D049,2026-03-11,Corrective Maintenance,Display Issue,Medium,12.1,7,Out of Warranty,28450.97,Resolved,3
SV01644,H032,D017,2025-06-19,Preventive Maintenance,Connectivity,Medium,8.5,1,Out of Warranty,8783.32,Resolved,5
SV01645,H080,D012,2024-12-29,Corrective Maintenance,Battery Issue,Medium,4.8,3,Out of Warranty,16251.22,Resolved,4
SV01646,H069,D041,2026-06-09,Corrective Maintenance,Sensor/Probe Issue,High,9.7,4,Out of Warranty,24601.8,Resolved,4
SV01647,H095,D037,2025-06-08,Preventive Maintenance,Connectivity,High,14.6,2,Under Warranty,8046.12,Resolved,5
SV01648,H098,D024,2025-01-22,Preventive Maintenance,Power Failure,High,8.7,6,Under Warranty,4715.63,Resolved,4
SV01649,H048,D038,2024-12-07,Corrective Maintenance,Image Quality,Critical,15.8,3,Under Warranty,6294.43,Resolved,4
SV01650,H009,D060,2024-10-16,Preventive Maintenance,Software Error,Medium,5.0,2,Under Warranty,3069.51,Resolved,4
SV01651,H019,D026,2025-06-10,Corrective Maintenance,Mechanical Issue,High,4.4,3,Under Warranty,17608.56,Resolved,4
SV01652,H074,D015,2025-08-22,Installation,Mechanical Issue,Critical,20.0,4,Out of Warranty,7601.94,Resolved,4
SV01653,H052,D011,2024-10-25,Installation,Software Error,High,12.6,2,Under Warranty,10950.75,Resolved,4
SV01654,H021,D002,2025-09-12,Corrective Maintenance,Image Quality,Low,8.4,1,Out of Warranty,22013.59,Resolved,4
SV01655,H031,D007,2025-03-24,Corrective Maintenance,Preventive Maintenance,Medium,4.9,6,Under Warranty,6675.91,Resolved,5
SV01656,H062,D023,2025-11-02,Preventive Maintenance,Display Issue,Critical,8.9,14,Under Warranty,3459.01,Resolved,4
SV01657,H092,D001,2024-11-18,Corrective Maintenance,Preventive Maintenance,High,9.5,4,Under Warranty,20110.0,Pending,4
SV01658,H077,D060,2026-05-23,Preventive Maintenance,Connectivity,High,9.2,3,Under Warranty,2347.72,Resolved,5
SV01659,H055,D043,2025-07-06,Corrective Maintenance,Battery Issue,High,19.7,4,Under Warranty,20151.98,Resolved,4
SV01660,H040,D054,2026-03-31,Installation,Preventive Maintenance,Medium,6.5,5,Under Warranty,10341.99,Resolved,4
SV01661,H035,D041,2025-04-11,Corrective Maintenance,Display Issue,Medium,4.8,1,Under Warranty,13381.67,Resolved,5
SV01662,H100,D012,2025-01-30,Corrective Maintenance,Image Quality,High,24.0,4,Out of Warranty,32041.42,Resolved,4
SV01663,H054,D030,2025-10-26,Preventive Maintenance,Battery Issue,Low,1.8,2,Out of Warranty,12025.84,Resolved,5
SV01664,H061,D059,2025-07-07,Corrective Maintenance,Connectivity,High,17.8,4,Under Warranty,15780.2,Resolved,4
SV01665,H038,D029,2025-05-21,Corrective Maintenance,Power Failure,Low,7.1,1,Out of Warranty,38949.44,Pending,5
SV01666,H009,D004,2024-07-01,Corrective Maintenance,Software Error,Medium,5.0,1,Under Warranty,11608.91,Resolved,5
SV01667,H067,D049,2026-04-27,Corrective Maintenance,Mechanical Issue,Medium,8.1,2,Out of Warranty,13866.46,Resolved,5
SV01668,H042,D008,2025-09-30,Corrective Maintenance,Preventive Maintenance,Medium,3.3,2,Out of Warranty,32834.52,Resolved,5
SV01669,H001,D005,2024-01-15,Corrective Maintenance,Sensor/Probe Issue,Medium,10.6,2,Out of Warranty,14190.52,Resolved,4
SV01670,H024,D060,2025-12-15,Preventive Maintenance,Image Quality,Medium,13.0,3,Out of Warranty,6963.27,Resolved,5
SV01671,H083,D016,2025-10-03,Corrective Maintenance,Sensor/Probe Issue,Medium,2.0,1,Under Warranty,5562.26,Resolved,5
SV01672,H064,D056,2025-03-06,Preventive Maintenance,Sensor/Probe Issue,High,6.4,4,Under Warranty,2587.83,Resolved,4
SV01673,H044,D018,2024-02-16,Corrective Maintenance,Sensor/Probe Issue,Medium,7.8,3,Under Warranty,9252.63,Resolved,5
SV01674,H037,D012,2024-06-08,Corrective Maintenance,Preventive Maintenance,High,24.0,5,Under Warranty,14526.79,Resolved,4
SV01675,H044,D052,2025-10-26,Corrective Maintenance,Display Issue,Medium,3.6,1,Under Warranty,14567.74,Resolved,5
SV01676,H005,D044,2025-06-08,Corrective Maintenance,Connectivity,Medium,3.5,2,Under Warranty,16611.85,Pending,4
SV01677,H029,D041,2024-01-27,Preventive Maintenance,Software Error,Medium,5.6,2,Out of Warranty,4440.26,Resolved,5
SV01678,H049,D016,2024-09-26,Corrective Maintenance,Sensor/Probe Issue,Medium,7.3,2,Under Warranty,13011.74,Resolved,4
SV01679,H044,D024,2024-03-15,Corrective Maintenance,Calibration Issue,Low,2.6,4,Under Warranty,12717.62,Resolved,4
SV01680,H032,D054,2024-04-29,Corrective Maintenance,Battery Issue,Low,0.5,4,Under Warranty,19440.27,Resolved,4
SV01681,H033,D039,2025-03-27,Corrective Maintenance,Sensor/Probe Issue,High,9.9,3,Under Warranty,11912.44,Resolved,4
SV01682,H036,D032,2024-12-19,Preventive Maintenance,Sensor/Probe Issue,Medium,0.8,2,Out of Warranty,11444.04,Resolved,5
SV01683,H017,D006,2025-10-30,Corrective Maintenance,Mechanical Issue,Medium,2.3,2,Under Warranty,6588.65,Resolved,5
SV01684,H067,D012,2024-09-04,Corrective Maintenance,Connectivity,Medium,12.8,5,Out of Warranty,33322.82,Resolved,4
SV01685,H034,D040,2026-07-21,Corrective Maintenance,Power Failure,Medium,1.0,3,Under Warranty,14141.41,Resolved,5
SV01686,H077,D033,2024-09-06,Corrective Maintenance,Preventive Maintenance,Low,5.3,2,Out of Warranty,26961.48,Resolved,4
SV01687,H081,D020,2024-01-29,Preventive Maintenance,Display Issue,High,8.0,4,Out of Warranty,8237.19,Resolved,4
SV01688,H063,D002,2026-09-03,Corrective Maintenance,Preventive Maintenance,High,4.5,3,Under Warranty,10324.55,Resolved,5
SV01689,H061,D028,2025-01-08,Preventive Maintenance,Connectivity,High,5.1,2,Out of Warranty,13594.56,Resolved,4
SV01690,H049,D042,2024-01-19,Preventive Maintenance,Software Error,Medium,1.8,2,Under Warranty,4689.79,Resolved,4
SV01691,H012,D059,2024-12-15,Corrective Maintenance,Preventive Maintenance,High,25.9,4,Out of Warranty,29787.8,Resolved,4
SV01692,H040,D039,2024-05-06,Installation,Calibration Issue,Medium,9.2,1,Under Warranty,6408.57,Pending,4
SV01693,H097,D044,2025-11-02,Corrective Maintenance,Sensor/Probe Issue,High,13.5,8,Under Warranty,5471.66,Resolved,3
SV01694,H007,D047,2024-09-20,Preventive Maintenance,Image Quality,Medium,6.1,1,Out of Warranty,7678.18,Resolved,5
SV01695,H010,D036,2024-05-31,Preventive Maintenance,Display Issue,Medium,5.3,2,Out of Warranty,5450.71,Resolved,5
SV01696,H099,D007,2024-06-29,Installation,Display Issue,Medium,13.0,4,Out of Warranty,10158.52,Resolved,4
SV01697,H078,D032,2024-07-15,Corrective Maintenance,Image Quality,Low,6.6,3,Under Warranty,6376.88,Resolved,4
SV01698,H075,D014,2025-02-23,Corrective Maintenance,Software Error,Medium,4.1,3,Under Warranty,17694.68,Resolved,4
SV01699,H003,D054,2025-03-23,Preventive Maintenance,Sensor/Probe Issue,Medium,11.4,4,Under Warranty,4062.28,Resolved,5
SV01700,H032,D010,2026-03-20,Preventive Maintenance,Image Quality,High,11.0,4,Out of Warranty,13080.69,Resolved,5
SV01701,H059,D005,2026-05-08,Preventive Maintenance,Software Error,Low,14.5,2,Under Warranty,3189.64,Resolved,4
SV01702,H067,D037,2024-03-21,Corrective Maintenance,Power Failure,Medium,23.6,2,Under Warranty,12030.55,Resolved,4
SV01703,H035,D035,2026-02-03,Corrective Maintenance,Mechanical Issue,High,3.8,2,Under Warranty,16214.23,Resolved,4
SV01704,H053,D059,2025-07-19,Corrective Maintenance,Battery Issue,Medium,17.7,3,Under Warranty,16823.02,Resolved,5
SV01705,H062,D048,2024-11-21,Corrective Maintenance,Preventive Maintenance,Critical,12.0,3,Under Warranty,18064.89,Resolved,4
SV01706,H035,D060,2024-09-01,Preventive Maintenance,Connectivity,Medium,4.9,1,Under Warranty,3830.66,Resolved,5
SV01707,H081,D056,2024-03-01,Preventive Maintenance,Mechanical Issue,Medium,10.9,2,Under Warranty,3895.65,Resolved,4
SV01708,H088,D032,2025-08-13,Corrective Maintenance,Software Error,Low,17.0,4,Under Warranty,10436.1,Resolved,4
SV01709,H040,D020,2025-08-05,Installation,Preventive Maintenance,Medium,9.7,4,Under Warranty,13697.23,Resolved,4
SV01710,H066,D055,2024-05-22,Corrective Maintenance,Image Quality,High,13.6,2,Under Warranty,18867.64,Resolved,5
SV01711,H036,D028,2026-09-12,Corrective Maintenance,Display Issue,Medium,4.7,3,Out of Warranty,25902.55,Resolved,5
SV01712,H041,D033,2024-06-29,Corrective Maintenance,Calibration Issue,Medium,11.4,1,Under Warranty,17735.43,Resolved,4
SV01713,H057,D041,2025-03-27,Corrective Maintenance,Image Quality,Medium,7.8,3,Out of Warranty,20241.82,Resolved,4
SV01714,H050,D022,2026-02-28,Preventive Maintenance,Sensor/Probe Issue,Low,2.0,3,Under Warranty,5112.8,Resolved,4
SV01715,H041,D011,2025-06-07,Corrective Maintenance,Mechanical Issue,Medium,10.1,1,Under Warranty,8802.18,Resolved,4
SV01716,H092,D001,2026-08-02,Corrective Maintenance,Power Failure,Medium,9.9,3,Out of Warranty,10178.22,Resolved,5
SV01717,H022,D015,2026-01-30,Preventive Maintenance,Sensor/Probe Issue,Medium,13.1,4,Out of Warranty,10159.12,Pending,5
SV01718,H099,D010,2026-06-13,Preventive Maintenance,Preventive Maintenance,Critical,7.1,4,Under Warranty,7289.13,Resolved,3
SV01719,H012,D015,2026-02-26,Corrective Maintenance,Sensor/Probe Issue,Medium,6.0,1,Out of Warranty,33487.2,Resolved,5
SV01720,H035,D003,2024-01-11,Preventive Maintenance,Connectivity,High,2.4,1,Out of Warranty,6329.51,Resolved,5
SV01721,H040,D002,2025-09-12,Corrective Maintenance,Mechanical Issue,Critical,26.4,9,Under Warranty,10675.84,Resolved,4
SV01722,H026,D042,2025-03-25,Corrective Maintenance,Display Issue,High,5.7,2,Under Warranty,16620.01,Resolved,4
SV01723,H004,D022,2024-11-20,Preventive Maintenance,Sensor/Probe Issue,Critical,20.5,7,Under Warranty,7735.39,Resolved,4
SV01724,H057,D030,2026-04-27,Preventive Maintenance,Sensor/Probe Issue,High,1.2,1,Out of Warranty,7788.66,Resolved,4
SV01725,H007,D009,2025-11-30,Corrective Maintenance,Display Issue,Critical,4.5,14,Out of Warranty,32864.1,Resolved,4
SV01726,H048,D053,2024-10-09,Installation,Software Error,Medium,13.5,3,Out of Warranty,17471.59,Resolved,4
SV01727,H061,D051,2024-07-24,Preventive Maintenance,Sensor/Probe Issue,Medium,3.9,3,Out of Warranty,5529.67,Resolved,4
SV01728,H047,D006,2026-09-21,Preventive Maintenance,Display Issue,High,2.9,2,Out of Warranty,7020.9,Resolved,4
SV01729,H082,D031,2024-02-27,Preventive Maintenance,Sensor/Probe Issue,High,10.2,3,Out of Warranty,8595.42,Pending,4
SV01730,H007,D030,2026-07-14,Installation,Mechanical Issue,Low,1.0,1,Under Warranty,12762.48,Resolved,5
SV01731,H021,D060,2026-02-13,Corrective Maintenance,Mechanical Issue,Critical,9.1,2,Out of Warranty,27056.64,Resolved,5
SV01732,H055,D052,2024-04-13,Preventive Maintenance,Battery Issue,Medium,8.9,7,Under Warranty,8416.32,Resolved,4
SV01733,H032,D038,2025-06-12,Corrective Maintenance,Battery Issue,Medium,4.2,3,Under Warranty,14026.69,Resolved,5
SV01734,H036,D022,2026-06-07,Preventive Maintenance,Image Quality,Medium,5.6,3,Out of Warranty,9358.28,Resolved,4
SV01735,H052,D040,2024-03-21,Corrective Maintenance,Connectivity,High,1.8,3,Under Warranty,10762.47,Resolved,5
SV01736,H031,D052,2026-07-03,Preventive Maintenance,Mechanical Issue,Low,10.5,2,Out of Warranty,13085.7,Resolved,4
SV01737,H096,D047,2026-06-11,Preventive Maintenance,Battery Issue,Low,3.9,5,Under Warranty,4747.72,Resolved,4
SV01738,H009,D059,2024-01-08,Corrective Maintenance,Connectivity,Medium,10.5,8,Under Warranty,8089.24,Resolved,5
SV01739,H021,D007,2026-05-12,Installation,Power Failure,Medium,8.3,1,Under Warranty,4888.24,Resolved,4
SV01740,H006,D044,2025-08-06,Corrective Maintenance,Image Quality,Medium,4.9,1,Out of Warranty,34336.04,Resolved,4
SV01741,H032,D054,2025-08-30,Corrective Maintenance,Display Issue,Medium,7.6,2,Under Warranty,20043.5,Resolved,4
SV01742,H021,D032,2026-02-26,Corrective Maintenance,Calibration Issue,Medium,16.0,5,Under Warranty,20443.16,Resolved,4
SV01743,H045,D014,2026-01-11,Preventive Maintenance,Mechanical Issue,High,6.8,5,Under Warranty,5558.47,Resolved,4
SV01744,H070,D004,2024-10-15,Preventive Maintenance,Image Quality,Medium,2.2,2,Under Warranty,7188.52,Resolved,4
SV01745,H043,D038,2025-09-06,Preventive Maintenance,Power Failure,Low,3.7,1,Out of Warranty,15944.57,Resolved,4
SV01746,H068,D020,2025-04-06,Preventive Maintenance,Software Error,High,5.7,5,Under Warranty,8271.59,Resolved,4
SV01747,H051,D020,2024-02-13,Preventive Maintenance,Software Error,Medium,5.1,4,Out of Warranty,4065.2,Resolved,4
SV01748,H079,D024,2026-04-23,Corrective Maintenance,Battery Issue,High,16.9,7,Under Warranty,15232.08,Resolved,4
SV01749,H079,D004,2026-09-10,Preventive Maintenance,Software Error,Medium,9.7,3,Out of Warranty,14994.22,Pending,4
SV01750,H038,D030,2024-03-17,Corrective Maintenance,Mechanical Issue,Medium,1.1,1,Out of Warranty,12160.58,Resolved,5
SV01751,H066,D054,2024-07-13,Preventive Maintenance,Mechanical Issue,Medium,9.2,2,Under Warranty,3801.51,Pending,4
SV01752,H043,D020,2024-09-02,Corrective Maintenance,Display Issue,Medium,6.5,3,Out of Warranty,21632.01,Resolved,4
SV01753,H054,D032,2025-03-01,Corrective Maintenance,Power Failure,High,5.1,2,Under Warranty,14375.8,Resolved,4
SV01754,H042,D050,2025-03-22,Installation,Image Quality,Medium,6.9,2,Under Warranty,6152.78,Resolved,5
SV01755,H095,D028,2026-01-04,Corrective Maintenance,Power Failure,Medium,1.6,1,Under Warranty,10381.89,Resolved,4
SV01756,H026,D018,2024-07-04,Preventive Maintenance,Sensor/Probe Issue,Medium,4.9,2,Under Warranty,4028.82,Resolved,5
SV01757,H053,D038,2025-02-03,Corrective Maintenance,Software Error,High,22.4,5,Under Warranty,12970.68,Resolved,4
SV01758,H049,D047,2026-03-26,Preventive Maintenance,Calibration Issue,Low,3.9,3,Out of Warranty,8910.56,Resolved,4
SV01759,H059,D004,2025-12-14,Corrective Maintenance,Power Failure,Medium,3.0,1,Out of Warranty,15424.72,Resolved,4
SV01760,H094,D012,2025-03-01,Corrective Maintenance,Battery Issue,Low,3.0,1,Under Warranty,15837.02,Resolved,5
SV01761,H058,D054,2024-08-24,Corrective Maintenance,Mechanical Issue,Medium,3.1,5,Out of Warranty,15530.08,Resolved,4
SV01762,H031,D010,2025-03-29,Corrective Maintenance,Power Failure,Medium,15.0,3,Out of Warranty,37458.39,Resolved,4
SV01763,H045,D037,2025-03-04,Corrective Maintenance,Display Issue,Medium,9.6,3,Under Warranty,16114.59,Resolved,5
SV01764,H079,D013,2024-05-20,Corrective Maintenance,Connectivity,High,12.9,7,Out of Warranty,30866.71,Resolved,4
SV01765,H017,D011,2026-07-23,Preventive Maintenance,Power Failure,Low,2.5,2,Under Warranty,2543.31,Pending,4
SV01766,H020,D037,2024-01-20,Corrective Maintenance,Sensor/Probe Issue,Medium,7.5,2,Out of Warranty,36553.42,Resolved,5
SV01767,H097,D006,2024-06-07,Preventive Maintenance,Power Failure,Low,4.9,3,Under Warranty,4005.05,Resolved,4
SV01768,H013,D006,2026-03-05,Corrective Maintenance,Image Quality,Medium,6.3,1,Under Warranty,11338.89,Resolved,4
SV01769,H069,D042,2024-11-06,Installation,Image Quality,Critical,23.3,1,Out of Warranty,17915.71,Resolved,4
SV01770,H019,D016,2026-02-24,Corrective Maintenance,Display Issue,Medium,19.9,3,Out of Warranty,14450.74,Resolved,4
SV01771,H065,D057,2025-12-28,Preventive Maintenance,Image Quality,High,4.8,5,Out of Warranty,14688.23,Resolved,4
SV01772,H084,D015,2024-06-25,Preventive Maintenance,Mechanical Issue,Medium,10.5,1,Under Warranty,6379.04,Resolved,5
SV01773,H097,D037,2026-04-30,Corrective Maintenance,Image Quality,Critical,13.5,6,Out of Warranty,35477.61,Resolved,4
SV01774,H034,D041,2025-06-24,Corrective Maintenance,Mechanical Issue,High,8.8,3,Under Warranty,20147.42,Resolved,4
SV01775,H091,D029,2024-10-14,Preventive Maintenance,Connectivity,Low,6.8,1,Under Warranty,8100.6,Resolved,5
SV01776,H086,D004,2024-11-01,Corrective Maintenance,Mechanical Issue,Low,2.6,3,Under Warranty,10889.97,Resolved,4
SV01777,H062,D010,2025-07-25,Corrective Maintenance,Preventive Maintenance,Low,3.8,1,Out of Warranty,37079.45,Resolved,5
SV01778,H054,D057,2025-05-26,Corrective Maintenance,Display Issue,Low,6.1,4,Under Warranty,7787.87,Resolved,4
SV01779,H019,D025,2024-03-24,Preventive Maintenance,Mechanical Issue,Medium,1.6,4,Under Warranty,6743.51,Resolved,4
SV01780,H067,D003,2025-11-24,Preventive Maintenance,Software Error,Medium,1.9,2,Under Warranty,8555.55,Resolved,5
SV01781,H044,D005,2025-09-14,Corrective Maintenance,Calibration Issue,Medium,7.7,4,Under Warranty,13182.3,Resolved,4
SV01782,H034,D019,2025-08-31,Preventive Maintenance,Image Quality,High,12.6,4,Out of Warranty,12812.73,Resolved,4
SV01783,H003,D050,2026-05-27,Installation,Mechanical Issue,Medium,5.3,2,Out of Warranty,25965.28,Resolved,4
SV01784,H040,D018,2026-02-09,Preventive Maintenance,Connectivity,High,7.3,5,Under Warranty,6039.1,Resolved,4
SV01785,H026,D047,2026-07-07,Preventive Maintenance,Software Error,Medium,14.1,3,Under Warranty,6939.39,Resolved,5
SV01786,H057,D050,2024-01-10,Corrective Maintenance,Calibration Issue,Medium,7.0,1,Under Warranty,8074.36,Resolved,4
SV01787,H063,D051,2025-04-13,Corrective Maintenance,Sensor/Probe Issue,Medium,14.0,4,Under Warranty,14604.7,Resolved,4
SV01788,H070,D041,2024-10-18,Corrective Maintenance,Software Error,High,2.2,5,Under Warranty,18874.28,Resolved,4
SV01789,H092,D016,2024-05-10,Corrective Maintenance,Mechanical Issue,Medium,2.2,2,Out of Warranty,32443.19,Resolved,4
SV01790,H070,D030,2024-03-03,Corrective Maintenance,Preventive Maintenance,High,4.1,3,Under Warranty,6985.56,Resolved,5
SV01791,H067,D033,2026-05-13,Corrective Maintenance,Connectivity,High,15.0,2,Under Warranty,19984.17,Resolved,5
SV01792,H073,D036,2026-02-25,Corrective Maintenance,Mechanical Issue,High,3.9,4,Out of Warranty,24924.5,Resolved,4
SV01793,H017,D014,2025-03-18,Preventive Maintenance,Image Quality,Medium,6.5,1,Under Warranty,3263.15,Resolved,4
SV01794,H086,D035,2024-01-04,Corrective Maintenance,Preventive Maintenance,Low,9.0,5,Under Warranty,19321.86,Resolved,4
SV01795,H010,D054,2025-11-01,Corrective Maintenance,Sensor/Probe Issue,High,4.0,2,Under Warranty,12922.3,Resolved,4
SV01796,H063,D016,2025-02-11,Corrective Maintenance,Calibration Issue,Medium,3.4,3,Under Warranty,11934.46,Resolved,4
SV01797,H078,D046,2024-07-27,Corrective Maintenance,Image Quality,Low,4.1,3,Out of Warranty,15521.79,Resolved,5
SV01798,H034,D013,2026-04-29,Corrective Maintenance,Connectivity,High,3.6,4,Under Warranty,9607.45,Resolved,5
SV01799,H030,D044,2025-06-29,Preventive Maintenance,Calibration Issue,Low,12.3,4,Under Warranty,7513.27,Resolved,4
SV01800,H010,D043,2025-04-08,Corrective Maintenance,Display Issue,Low,0.5,2,Out of Warranty,31013.47,Resolved,5
SV01801,H023,D016,2024-02-12,Preventive Maintenance,Software Error,Low,9.8,4,Out of Warranty,4359.87,Resolved,4
SV01802,H024,D033,2024-06-06,Preventive Maintenance,Software Error,Medium,14.8,2,Under Warranty,2367.68,Resolved,5
SV01803,H031,D004,2024-04-20,Preventive Maintenance,Mechanical Issue,High,24.9,4,Out of Warranty,6816.76,Resolved,5
SV01804,H034,D054,2024-01-25,Installation,Power Failure,Medium,1.9,1,Under Warranty,7801.68,Resolved,4
SV01805,H024,D033,2026-09-02,Corrective Maintenance,Preventive Maintenance,Low,7.6,2,Out of Warranty,22441.62,Resolved,4
SV01806,H030,D003,2024-10-19,Preventive Maintenance,Power Failure,Medium,8.5,2,Under Warranty,3839.3,Resolved,4
SV01807,H066,D055,2026-08-03,Corrective Maintenance,Image Quality,High,18.2,2,Under Warranty,17314.89,Resolved,4
SV01808,H035,D024,2025-02-09,Corrective Maintenance,Software Error,Medium,4.4,4,Out of Warranty,26759.96,Resolved,4
SV01809,H081,D036,2025-09-16,Installation,Image Quality,High,6.8,11,Under Warranty,4542.99,Resolved,4
SV01810,H037,D038,2026-08-10,Corrective Maintenance,Sensor/Probe Issue,Medium,11.5,3,Out of Warranty,18024.59,Resolved,4
SV01811,H082,D057,2025-09-13,Preventive Maintenance,Software Error,Medium,4.2,4,Under Warranty,6351.83,Resolved,4
SV01812,H073,D024,2024-11-08,Preventive Maintenance,Image Quality,Medium,8.9,2,Under Warranty,5205.79,Resolved,4
SV01813,H086,D032,2026-01-06,Corrective Maintenance,Image Quality,High,11.0,3,Under Warranty,13744.99,Resolved,5
SV01814,H061,D039,2025-11-23,Corrective Maintenance,Software Error,Medium,3.5,1,Under Warranty,8549.65,Resolved,5
SV01815,H045,D023,2024-03-31,Corrective Maintenance,Connectivity,Medium,22.6,4,Under Warranty,18782.45,Resolved,3
SV01816,H032,D015,2025-01-07,Corrective Maintenance,Calibration Issue,Medium,3.4,6,Under Warranty,8070.93,Resolved,4
SV01817,H054,D038,2024-01-04,Corrective Maintenance,Connectivity,Medium,0.8,2,Out of Warranty,17079.17,Resolved,5
SV01818,H045,D046,2025-03-07,Preventive Maintenance,Software Error,Medium,27.9,6,Under Warranty,6241.35,Resolved,4
SV01819,H022,D054,2026-05-17,Corrective Maintenance,Sensor/Probe Issue,Medium,5.7,2,Under Warranty,10548.02,Resolved,5
SV01820,H018,D024,2025-12-04,Corrective Maintenance,Sensor/Probe Issue,High,17.2,2,Out of Warranty,23424.64,Resolved,4
SV01821,H024,D027,2024-12-06,Preventive Maintenance,Battery Issue,High,4.2,5,Out of Warranty,13284.92,Resolved,5
SV01822,H051,D020,2026-09-14,Preventive Maintenance,Software Error,High,17.0,2,Out of Warranty,6241.23,Resolved,5
SV01823,H089,D015,2024-11-04,Corrective Maintenance,Battery Issue,Critical,44.1,7,Out of Warranty,23638.41,Resolved,3
SV01824,H017,D052,2025-09-15,Corrective Maintenance,Sensor/Probe Issue,Medium,2.2,3,Out of Warranty,23534.07,Resolved,4
SV01825,H004,D011,2024-09-08,Installation,Connectivity,Medium,5.3,3,Out of Warranty,9186.96,Resolved,4
SV01826,H059,D003,2024-06-09,Corrective Maintenance,Image Quality,Medium,10.1,7,Out of Warranty,36082.82,Resolved,3
SV01827,H060,D036,2024-03-26,Preventive Maintenance,Sensor/Probe Issue,Low,6.9,2,Under Warranty,3710.4,Resolved,5
SV01828,H019,D022,2024-11-10,Preventive Maintenance,Sensor/Probe Issue,High,4.2,6,Under Warranty,8176.96,Resolved,4
SV01829,H085,D027,2026-07-23,Preventive Maintenance,Calibration Issue,Medium,7.0,3,Under Warranty,7750.22,Resolved,4
SV01830,H100,D026,2026-04-22,Corrective Maintenance,Calibration Issue,Low,4.9,1,Out of Warranty,38498.91,Resolved,5
SV01831,H072,D005,2024-07-25,Preventive Maintenance,Mechanical Issue,Medium,2.7,3,Under Warranty,7359.6,Resolved,5
SV01832,H084,D044,2024-04-15,Preventive Maintenance,Image Quality,High,6.5,2,Out of Warranty,7840.22,Resolved,4
SV01833,H001,D009,2024-11-30,Preventive Maintenance,Preventive Maintenance,Low,7.9,2,Under Warranty,3535.71,Resolved,4
SV01834,H047,D055,2024-03-13,Preventive Maintenance,Software Error,High,4.2,4,Under Warranty,5176.0,Resolved,4
SV01835,H034,D041,2024-09-12,Installation,Sensor/Probe Issue,High,8.2,12,Under Warranty,10776.35,Resolved,4
SV01836,H024,D032,2024-05-03,Corrective Maintenance,Battery Issue,Low,0.7,1,Out of Warranty,11284.24,Resolved,4
SV01837,H051,D013,2024-04-28,Installation,Sensor/Probe Issue,Medium,9.2,3,Out of Warranty,22253.72,Resolved,5
SV01838,H035,D041,2025-04-11,Preventive Maintenance,Calibration Issue,Low,11.8,2,Out of Warranty,8653.36,Resolved,4
SV01839,H052,D039,2025-08-20,Corrective Maintenance,Image Quality,High,0.5,5,Out of Warranty,12544.21,Resolved,5
SV01840,H033,D021,2024-10-19,Corrective Maintenance,Image Quality,Medium,0.7,2,Under Warranty,10444.62,Resolved,4
SV01841,H078,D024,2026-06-30,Corrective Maintenance,Image Quality,Critical,36.9,1,Out of Warranty,12650.3,Resolved,3
SV01842,H100,D047,2025-05-21,Corrective Maintenance,Power Failure,Critical,5.6,5,Under Warranty,20583.47,Resolved,4
SV01843,H095,D047,2024-05-28,Preventive Maintenance,Preventive Maintenance,Critical,19.1,2,Under Warranty,5066.8,Resolved,4
SV01844,H054,D007,2024-01-13,Preventive Maintenance,Mechanical Issue,High,11.1,2,Out of Warranty,8102.93,Resolved,4
SV01845,H062,D059,2025-08-20,Corrective Maintenance,Image Quality,Low,3.3,1,Out of Warranty,34302.8,Resolved,5
SV01846,H059,D041,2024-11-21,Installation,Display Issue,High,6.9,4,Under Warranty,12736.51,Resolved,5
SV01847,H003,D011,2025-02-26,Preventive Maintenance,Connectivity,Low,3.2,1,Under Warranty,3370.34,Resolved,5
SV01848,H013,D006,2025-10-05,Corrective Maintenance,Software Error,Medium,7.9,1,Under Warranty,10792.72,Resolved,5
SV01849,H086,D026,2024-01-05,Installation,Sensor/Probe Issue,Low,4.7,1,Under Warranty,7113.54,Resolved,5
SV01850,H080,D035,2026-04-19,Preventive Maintenance,Preventive Maintenance,Medium,6.4,2,Out of Warranty,13563.45,Resolved,4
SV01851,H084,D003,2025-10-09,Corrective Maintenance,Battery Issue,High,1.1,9,Under Warranty,7811.56,Resolved,4
SV01852,H098,D040,2025-04-09,Installation,Sensor/Probe Issue,High,13.1,3,Under Warranty,13440.77,Resolved,4
SV01853,H009,D031,2024-12-15,Corrective Maintenance,Sensor/Probe Issue,High,10.2,6,Under Warranty,17719.61,Resolved,4
SV01854,H077,D039,2026-04-28,Preventive Maintenance,Display Issue,High,15.4,1,Under Warranty,5188.86,Resolved,5
SV01855,H007,D037,2026-05-04,Corrective Maintenance,Mechanical Issue,Medium,4.8,1,Out of Warranty,25564.3,Resolved,5
SV01856,H074,D033,2026-03-19,Corrective Maintenance,Power Failure,Medium,19.6,1,Out of Warranty,38401.31,Pending,4
SV01857,H068,D015,2026-01-09,Installation,Software Error,Medium,2.6,2,Out of Warranty,15872.52,Resolved,5
SV01858,H065,D018,2024-03-09,Preventive Maintenance,Sensor/Probe Issue,Low,1.9,2,Under Warranty,4824.54,Resolved,5
SV01859,H014,D055,2025-10-18,Preventive Maintenance,Preventive Maintenance,Medium,19.7,1,Under Warranty,8224.95,Resolved,4
SV01860,H099,D014,2025-08-16,Corrective Maintenance,Connectivity,Medium,4.2,2,Under Warranty,5108.38,Resolved,5
SV01861,H036,D029,2025-10-23,Preventive Maintenance,Software Error,Medium,7.3,3,Under Warranty,5518.75,Resolved,4
SV01862,H053,D008,2024-09-11,Corrective Maintenance,Calibration Issue,Low,18.6,2,Under Warranty,15966.32,Resolved,5
SV01863,H040,D028,2025-07-10,Preventive Maintenance,Image Quality,Critical,21.7,7,Under Warranty,6012.15,Resolved,2
SV01864,H081,D001,2026-07-15,Corrective Maintenance,Image Quality,Low,3.0,1,Under Warranty,7939.12,Pending,5
SV01865,H002,D024,2026-08-07,Corrective Maintenance,Display Issue,High,24.0,3,Under Warranty,11988.06,Resolved,4
SV01866,H095,D006,2026-08-11,Corrective Maintenance,Mechanical Issue,High,7.2,3,Under Warranty,14577.93,Resolved,4
SV01867,H070,D012,2026-07-20,Corrective Maintenance,Calibration Issue,Critical,8.2,5,Out of Warranty,11156.12,Resolved,5
SV01868,H072,D021,2025-03-16,Corrective Maintenance,Mechanical Issue,High,4.2,2,Out of Warranty,19575.38,Resolved,4
SV01869,H073,D040,2024-07-08,Corrective Maintenance,Software Error,Medium,7.7,5,Under Warranty,5656.04,Resolved,4
SV01870,H057,D007,2024-05-04,Preventive Maintenance,Power Failure,High,15.0,4,Under Warranty,2755.05,Resolved,4
SV01871,H006,D046,2024-07-08,Preventive Maintenance,Sensor/Probe Issue,Medium,8.7,3,Out of Warranty,15113.24,Resolved,5
SV01872,H031,D008,2024-05-08,Preventive Maintenance,Power Failure,High,18.3,5,Under Warranty,5036.55,Resolved,4
SV01873,H094,D037,2026-07-18,Preventive Maintenance,Image Quality,Low,3.0,2,Under Warranty,4326.7,Resolved,5
SV01874,H069,D054,2025-05-18,Installation,Power Failure,High,9.3,2,Under Warranty,12856.41,Resolved,5
SV01875,H088,D011,2026-09-12,Corrective Maintenance,Preventive Maintenance,Low,1.3,2,Under Warranty,8975.29,Resolved,5
SV01876,H047,D046,2025-11-08,Corrective Maintenance,Mechanical Issue,Medium,6.0,2,Under Warranty,11628.36,Resolved,5
SV01877,H070,D027,2024-04-30,Preventive Maintenance,Software Error,Low,3.4,2,Under Warranty,5177.11,Resolved,5
SV01878,H007,D015,2024-12-28,Preventive Maintenance,Connectivity,High,22.6,6,Under Warranty,3575.38,Resolved,3
SV01879,H085,D030,2025-11-02,Preventive Maintenance,Image Quality,Medium,7.6,3,Out of Warranty,7556.22,Resolved,4
SV01880,H053,D033,2026-03-14,Corrective Maintenance,Calibration Issue,Low,7.3,1,Under Warranty,7936.8,Resolved,5
SV01881,H014,D036,2026-05-29,Preventive Maintenance,Sensor/Probe Issue,Low,5.7,2,Under Warranty,8311.57,Resolved,4
SV01882,H003,D023,2024-04-09,Preventive Maintenance,Sensor/Probe Issue,Medium,7.5,2,Under Warranty,6706.76,Resolved,4
SV01883,H019,D058,2026-09-17,Corrective Maintenance,Connectivity,Medium,7.4,4,Out of Warranty,38147.5,Resolved,4
SV01884,H094,D023,2026-06-30,Corrective Maintenance,Power Failure,Critical,20.1,2,Under Warranty,18626.74,Resolved,4
SV01885,H036,D020,2025-05-23,Preventive Maintenance,Sensor/Probe Issue,Critical,66.0,10,Out of Warranty,4356.4,Resolved,2
SV01886,H023,D056,2024-06-07,Corrective Maintenance,Mechanical Issue,Critical,1.6,5,Under Warranty,6051.12,Resolved,4
SV01887,H031,D050,2024-04-26,Preventive Maintenance,Calibration Issue,High,25.1,3,Under Warranty,2118.66,Resolved,4
SV01888,H027,D047,2026-02-08,Corrective Maintenance,Preventive Maintenance,Medium,6.3,1,Out of Warranty,33945.99,Resolved,5
SV01889,H015,D039,2025-05-26,Preventive Maintenance,Preventive Maintenance,Medium,13.2,4,Under Warranty,2794.38,Resolved,4
SV01890,H097,D024,2024-08-10,Corrective Maintenance,Connectivity,Medium,18.4,2,Under Warranty,5464.07,Resolved,4
SV01891,H074,D049,2024-02-26,Corrective Maintenance,Software Error,Low,6.3,2,Out of Warranty,10779.94,Resolved,5
SV01892,H002,D059,2026-06-19,Preventive Maintenance,Image Quality,Medium,2.2,2,Out of Warranty,6068.56,Resolved,4
SV01893,H030,D015,2025-05-19,Corrective Maintenance,Display Issue,High,2.0,1,Out of Warranty,23392.14,Resolved,5
SV01894,H065,D022,2026-07-12,Corrective Maintenance,Preventive Maintenance,Medium,2.7,2,Out of Warranty,22019.29,Resolved,5
SV01895,H024,D040,2026-05-31,Corrective Maintenance,Display Issue,High,9.8,3,Out of Warranty,21586.9,Resolved,4
SV01896,H019,D046,2024-09-22,Corrective Maintenance,Preventive Maintenance,High,11.6,2,Out of Warranty,30607.27,Resolved,4
SV01897,H012,D009,2024-04-13,Preventive Maintenance,Connectivity,Medium,10.7,9,Out of Warranty,16155.29,Resolved,4
SV01898,H019,D057,2026-05-20,Corrective Maintenance,Battery Issue,Medium,16.7,2,Under Warranty,13095.81,Resolved,5
SV01899,H100,D006,2024-08-01,Corrective Maintenance,Sensor/Probe Issue,Medium,3.4,3,Under Warranty,17660.44,Resolved,4
SV01900,H068,D017,2024-06-17,Corrective Maintenance,Preventive Maintenance,Medium,12.1,3,Out of Warranty,26893.93,Resolved,5
SV01901,H056,D059,2026-01-18,Preventive Maintenance,Sensor/Probe Issue,Medium,3.7,1,Under Warranty,4503.09,Resolved,5
SV01902,H028,D008,2024-02-09,Corrective Maintenance,Sensor/Probe Issue,Critical,14.2,6,Out of Warranty,9513.45,Resolved,4
SV01903,H087,D057,2025-03-27,Installation,Sensor/Probe Issue,Medium,5.7,2,Under Warranty,9300.19,Resolved,5
SV01904,H015,D036,2025-12-31,Installation,Display Issue,High,11.6,4,Out of Warranty,23509.14,Resolved,4
SV01905,H021,D057,2026-06-19,Corrective Maintenance,Mechanical Issue,Medium,4.7,5,Under Warranty,9699.35,Resolved,4
SV01906,H019,D056,2025-08-12,Corrective Maintenance,Software Error,High,7.7,3,Out of Warranty,23959.65,Resolved,3
SV01907,H057,D015,2026-07-03,Corrective Maintenance,Calibration Issue,Medium,5.2,1,Under Warranty,12426.98,Resolved,4
SV01908,H016,D042,2024-05-11,Preventive Maintenance,Sensor/Probe Issue,Medium,2.0,3,Under Warranty,5397.67,Resolved,4
SV01909,H012,D038,2026-04-13,Corrective Maintenance,Preventive Maintenance,Critical,5.9,3,Out of Warranty,22386.87,Resolved,4
SV01910,H037,D022,2024-12-07,Corrective Maintenance,Software Error,Medium,6.9,6,Out of Warranty,32960.39,Resolved,4
SV01911,H039,D022,2025-07-08,Preventive Maintenance,Connectivity,Medium,10.1,4,Out of Warranty,15039.41,Resolved,4
SV01912,H054,D057,2025-02-15,Corrective Maintenance,Connectivity,High,15.9,3,Under Warranty,14041.04,Resolved,4
SV01913,H079,D040,2025-10-24,Corrective Maintenance,Preventive Maintenance,High,5.5,2,Out of Warranty,24918.42,Resolved,4
SV01914,H018,D044,2026-09-12,Preventive Maintenance,Power Failure,High,30.3,6,Under Warranty,7657.51,Resolved,5
SV01915,H052,D011,2025-03-17,Preventive Maintenance,Image Quality,Medium,6.5,2,Under Warranty,7811.59,Resolved,5
SV01916,H057,D053,2025-02-06,Installation,Software Error,Medium,4.9,1,Under Warranty,7572.9,Resolved,5
SV01917,H075,D045,2025-06-17,Corrective Maintenance,Battery Issue,Medium,2.0,3,Under Warranty,11279.99,Resolved,5
SV01918,H050,D047,2024-07-03,Corrective Maintenance,Image Quality,Medium,1.7,4,Under Warranty,19813.22,Resolved,5
SV01919,H073,D043,2025-12-27,Preventive Maintenance,Software Error,High,13.5,6,Under Warranty,5612.0,Resolved,4
SV01920,H026,D010,2024-12-06,Corrective Maintenance,Image Quality,High,13.6,2,Out of Warranty,18709.7,Resolved,5
SV01921,H069,D001,2024-01-16,Preventive Maintenance,Mechanical Issue,Medium,5.4,3,Under Warranty,2787.37,Pending,5
SV01922,H002,D012,2024-07-28,Corrective Maintenance,Software Error,Medium,3.5,1,Out of Warranty,31581.2,Resolved,5
SV01923,H049,D051,2025-12-26,Installation,Image Quality,High,9.0,13,Out of Warranty,24901.6,Resolved,4
SV01924,H043,D056,2025-04-03,Corrective Maintenance,Battery Issue,Low,3.3,2,Under Warranty,19279.18,Resolved,5
SV01925,H080,D002,2026-02-13,Preventive Maintenance,Software Error,Medium,6.9,6,Under Warranty,3775.1,Resolved,3
SV01926,H081,D024,2026-07-24,Corrective Maintenance,Software Error,Medium,14.4,1,Out of Warranty,17764.75,Resolved,4
SV01927,H068,D059,2025-11-01,Preventive Maintenance,Preventive Maintenance,Medium,1.0,8,Out of Warranty,4332.33,Resolved,5
SV01928,H038,D040,2025-01-18,Installation,Connectivity,Medium,19.4,1,Out of Warranty,9181.77,Resolved,4
SV01929,H092,D055,2026-05-09,Preventive Maintenance,Image Quality,Critical,10.0,3,Out of Warranty,8834.38,Resolved,4
SV01930,H052,D026,2026-09-21,Corrective Maintenance,Display Issue,High,5.9,1,Out of Warranty,34415.77,Resolved,4
SV01931,H017,D014,2024-01-26,Corrective Maintenance,Software Error,High,4.4,3,Under Warranty,15826.34,Resolved,4
SV01932,H079,D047,2025-01-23,Corrective Maintenance,Software Error,Low,3.9,4,Out of Warranty,24264.95,Resolved,4
SV01933,H009,D050,2025-04-21,Corrective Maintenance,Software Error,Medium,3.8,6,Under Warranty,14151.96,Resolved,4
SV01934,H044,D006,2026-08-12,Corrective Maintenance,Sensor/Probe Issue,Medium,6.2,1,Out of Warranty,10065.69,Pending,4
SV01935,H035,D002,2025-01-26,Preventive Maintenance,Image Quality,High,6.3,5,Under Warranty,4276.64,Resolved,5
SV01936,H030,D018,2026-03-26,Corrective Maintenance,Image Quality,Low,3.5,2,Under Warranty,16259.61,Resolved,4
SV01937,H009,D047,2024-10-15,Preventive Maintenance,Power Failure,Medium,2.4,6,Out of Warranty,10251.2,Resolved,5
SV01938,H074,D048,2026-01-09,Corrective Maintenance,Display Issue,High,4.3,2,Out of Warranty,19778.89,Resolved,5
SV01939,H030,D013,2025-02-02,Corrective Maintenance,Battery Issue,Critical,7.2,5,Out of Warranty,26305.79,Resolved,4
SV01940,H034,D054,2026-01-16,Preventive Maintenance,Battery Issue,High,13.8,1,Under Warranty,4091.96,Resolved,5
SV01941,H036,D007,2024-07-18,Corrective Maintenance,Software Error,Critical,25.0,10,Out of Warranty,13125.74,Resolved,4
SV01942,H090,D046,2026-02-02,Corrective Maintenance,Image Quality,Medium,9.1,1,Out of Warranty,12221.55,Resolved,4
SV01943,H060,D046,2025-07-06,Preventive Maintenance,Mechanical Issue,High,13.4,2,Under Warranty,5384.97,Resolved,5
SV01944,H085,D016,2024-07-03,Preventive Maintenance,Display Issue,Low,5.1,1,Under Warranty,3354.55,Resolved,5
SV01945,H024,D031,2025-03-18,Preventive Maintenance,Display Issue,Medium,11.9,6,Under Warranty,3217.97,Resolved,4
SV01946,H042,D031,2024-05-20,Corrective Maintenance,Connectivity,Medium,10.1,3,Under Warranty,15566.2,Resolved,4
SV01947,H037,D044,2025-03-21,Preventive Maintenance,Sensor/Probe Issue,Medium,7.0,2,Under Warranty,3126.33,Resolved,4
SV01948,H087,D024,2024-12-18,Corrective Maintenance,Calibration Issue,High,3.4,3,Under Warranty,16420.54,Resolved,4
SV01949,H003,D008,2024-05-15,Corrective Maintenance,Image Quality,Medium,12.9,7,Under Warranty,5809.29,Resolved,4
SV01950,H043,D060,2024-04-06,Corrective Maintenance,Image Quality,Low,9.4,1,Under Warranty,18742.38,Resolved,4
SV01951,H078,D035,2024-05-15,Preventive Maintenance,Preventive Maintenance,High,16.9,5,Out of Warranty,9931.81,Resolved,4
SV01952,H009,D046,2024-05-05,Corrective Maintenance,Display Issue,High,1.1,10,Under Warranty,18113.43,Resolved,4
SV01953,H085,D025,2026-09-13,Corrective Maintenance,Connectivity,High,13.3,6,Under Warranty,19465.7,Resolved,3
SV01954,H049,D008,2025-08-22,Preventive Maintenance,Power Failure,Critical,19.4,2,Under Warranty,5655.64,Resolved,5
SV01955,H073,D019,2024-02-13,Corrective Maintenance,Sensor/Probe Issue,Medium,4.1,2,Out of Warranty,21086.27,Resolved,4
SV01956,H067,D040,2024-08-26,Corrective Maintenance,Preventive Maintenance,Medium,11.0,3,Under Warranty,12161.41,Resolved,4
SV01957,H075,D013,2026-06-11,Corrective Maintenance,Display Issue,Low,6.9,2,Under Warranty,19694.68,Resolved,4
SV01958,H002,D038,2025-01-15,Corrective Maintenance,Calibration Issue,Medium,7.6,4,Under Warranty,8902.45,Resolved,3
SV01959,H021,D002,2024-08-06,Installation,Mechanical Issue,Medium,7.5,3,Under Warranty,5135.6,Resolved,3
SV01960,H087,D019,2026-04-15,Corrective Maintenance,Image Quality,High,75.7,1,Under Warranty,11838.19,Resolved,3
SV01961,H073,D048,2026-06-14,Preventive Maintenance,Mechanical Issue,High,31.0,3,Out of Warranty,15785.67,Resolved,4
SV01962,H002,D010,2025-04-01,Installation,Power Failure,Medium,1.9,2,Under Warranty,12355.65,Resolved,5
SV01963,H025,D044,2025-04-14,Installation,Display Issue,Medium,16.0,5,Under Warranty,8170.53,Resolved,4
SV01964,H026,D040,2024-03-09,Preventive Maintenance,Image Quality,Medium,8.4,3,Under Warranty,7461.33,Resolved,4
SV01965,H028,D005,2025-04-28,Corrective Maintenance,Preventive Maintenance,Low,6.2,2,Under Warranty,15618.03,Resolved,4
SV01966,H076,D003,2026-05-09,Corrective Maintenance,Display Issue,Low,1.4,1,Under Warranty,13704.81,Resolved,5
SV01967,H034,D058,2024-12-22,Preventive Maintenance,Sensor/Probe Issue,Medium,10.6,1,Under Warranty,7030.25,Resolved,4
SV01968,H056,D059,2024-10-03,Corrective Maintenance,Image Quality,Low,8.4,2,Out of Warranty,26975.35,Resolved,5
SV01969,H091,D055,2024-07-29,Preventive Maintenance,Preventive Maintenance,Low,17.3,3,Out of Warranty,4515.86,Resolved,4
SV01970,H057,D032,2025-07-25,Corrective Maintenance,Software Error,Medium,15.8,2,Under Warranty,10553.85,Resolved,4
SV01971,H067,D047,2025-09-26,Corrective Maintenance,Connectivity,Critical,39.7,5,Under Warranty,12209.75,Resolved,4
SV01972,H066,D054,2026-06-20,Corrective Maintenance,Preventive Maintenance,High,9.4,6,Out of Warranty,26583.92,Resolved,4
SV01973,H053,D042,2026-01-30,Preventive Maintenance,Calibration Issue,Low,10.7,1,Out of Warranty,14848.65,Resolved,4
SV01974,H099,D047,2024-08-10,Corrective Maintenance,Preventive Maintenance,Medium,1.6,1,Under Warranty,11547.41,Resolved,5
SV01975,H011,D023,2026-07-02,Installation,Connectivity,Medium,6.7,4,Under Warranty,10301.81,Resolved,4
SV01976,H014,D049,2025-04-04,Preventive Maintenance,Software Error,High,11.8,4,Under Warranty,7369.3,Resolved,4
SV01977,H052,D033,2026-04-16,Preventive Maintenance,Software Error,Medium,10.4,3,Out of Warranty,7518.3,Resolved,4
SV01978,H079,D046,2026-09-05,Preventive Maintenance,Power Failure,Low,5.2,3,Under Warranty,2128.34,Resolved,5
SV01979,H051,D002,2026-02-19,Preventive Maintenance,Display Issue,Medium,7.2,3,Out of Warranty,7967.29,Resolved,5
SV01980,H005,D013,2025-04-22,Preventive Maintenance,Mechanical Issue,Medium,5.7,2,Out of Warranty,8976.04,Resolved,5
SV01981,H051,D025,2025-07-20,Preventive Maintenance,Power Failure,High,9.6,6,Out of Warranty,5460.52,Resolved,4
SV01982,H066,D009,2024-07-08,Preventive Maintenance,Image Quality,High,11.0,3,Out of Warranty,7088.11,Resolved,4
SV01983,H032,D050,2025-09-01,Preventive Maintenance,Image Quality,High,4.4,4,Under Warranty,4118.4,Resolved,4
SV01984,H060,D024,2024-09-11,Preventive Maintenance,Display Issue,Medium,4.5,4,Out of Warranty,14682.72,Resolved,3
SV01985,H042,D005,2026-02-28,Corrective Maintenance,Image Quality,Low,18.5,1,Out of Warranty,13105.85,Resolved,4
SV01986,H018,D045,2024-12-09,Corrective Maintenance,Mechanical Issue,High,18.3,11,Under Warranty,9060.53,Resolved,4
SV01987,H084,D003,2024-09-01,Preventive Maintenance,Sensor/Probe Issue,Medium,8.6,2,Under Warranty,6528.21,Resolved,4
SV01988,H043,D018,2026-05-19,Corrective Maintenance,Image Quality,Low,1.7,2,Under Warranty,8611.6,Resolved,4
SV01989,H094,D029,2025-08-13,Preventive Maintenance,Preventive Maintenance,Medium,7.3,3,Under Warranty,6904.04,Resolved,3
SV01990,H068,D013,2025-10-29,Corrective Maintenance,Power Failure,Medium,6.4,4,Out of Warranty,16037.19,Resolved,4
SV01991,H002,D003,2026-04-08,Preventive Maintenance,Power Failure,High,0.7,2,Under Warranty,6310.77,Resolved,4
SV01992,H015,D050,2025-10-02,Preventive Maintenance,Sensor/Probe Issue,Medium,6.0,3,Out of Warranty,6596.09,Resolved,4
SV01993,H015,D046,2024-07-01,Preventive Maintenance,Battery Issue,Medium,5.1,3,Under Warranty,4752.67,Resolved,4
SV01994,H024,D027,2026-03-12,Preventive Maintenance,Calibration Issue,High,20.5,4,Under Warranty,6139.98,Resolved,4
SV01995,H041,D037,2026-04-07,Corrective Maintenance,Preventive Maintenance,Medium,12.0,1,Under Warranty,7231.43,Resolved,5
SV01996,H070,D010,2026-05-31,Corrective Maintenance,Preventive Maintenance,Medium,5.7,6,Under Warranty,19098.77,Resolved,4
SV01997,H057,D024,2024-05-07,Corrective Maintenance,Sensor/Probe Issue,Low,3.4,2,Out of Warranty,37747.24,Resolved,4
SV01998,H062,D038,2024-10-08,Installation,Battery Issue,Medium,3.8,1,Under Warranty,11759.59,Resolved,4
SV01999,H039,D027,2025-10-07,Corrective Maintenance,Connectivity,High,27.3,2,Under Warranty,13446.33,Resolved,5
SV02000,H020,D058,2025-02-18,Installation,Preventive Maintenance,Medium,11.4,2,Out of Warranty,22739.66,Resolved,5
SV02001,H100,D017,2025-02-13,Corrective Maintenance,Connectivity,High,7.3,3,Under Warranty,15083.51,Resolved,5
SV02002,H077,D026,2024-02-20,Corrective Maintenance,Sensor/Probe Issue,High,10.6,2,Out of Warranty,12231.47,Resolved,4
SV02003,H072,D007,2024-06-04,Corrective Maintenance,Sensor/Probe Issue,High,5.3,1,Out of Warranty,24033.92,Resolved,5
SV02004,H066,D030,2024-02-14,Corrective Maintenance,Sensor/Probe Issue,Critical,14.5,8,Under Warranty,6476.5,Resolved,4
SV02005,H047,D047,2024-09-21,Corrective Maintenance,Sensor/Probe Issue,Critical,13.3,5,Under Warranty,17527.66,Resolved,3
SV02006,H098,D003,2025-01-04,Preventive Maintenance,Battery Issue,Critical,14.9,3,Under Warranty,6991.91,Resolved,4
SV02007,H064,D042,2024-05-20,Preventive Maintenance,Power Failure,Low,3.1,1,Out of Warranty,13247.8,Resolved,4
SV02008,H017,D025,2026-02-19,Corrective Maintenance,Sensor/Probe Issue,High,6.2,4,Out of Warranty,13979.89,Resolved,4
SV02009,H079,D012,2025-02-19,Corrective Maintenance,Display Issue,Medium,1.5,6,Under Warranty,8045.84,Resolved,4
SV02010,H100,D026,2025-02-07,Corrective Maintenance,Display Issue,Critical,19.5,7,Out of Warranty,17036.64,Resolved,3
SV02011,H053,D051,2024-07-28,Corrective Maintenance,Software Error,Medium,5.6,5,Out of Warranty,37915.35,Resolved,4
SV02012,H008,D004,2025-04-25,Preventive Maintenance,Image Quality,High,19.3,11,Under Warranty,5974.6,Resolved,3
SV02013,H077,D002,2024-08-21,Corrective Maintenance,Battery Issue,Medium,6.5,1,Under Warranty,20021.56,Resolved,4
SV02014,H033,D045,2024-02-16,Preventive Maintenance,Calibration Issue,Medium,1.2,2,Under Warranty,7599.41,Resolved,5
SV02015,H089,D010,2025-09-17,Corrective Maintenance,Preventive Maintenance,High,19.2,5,Out of Warranty,20013.85,Resolved,4
SV02016,H017,D057,2026-04-16,Corrective Maintenance,Display Issue,High,13.4,1,Out of Warranty,29986.3,Resolved,4
SV02017,H051,D001,2025-12-03,Preventive Maintenance,Sensor/Probe Issue,Low,7.8,2,Under Warranty,3254.8,Resolved,5
SV02018,H071,D023,2024-11-09,Corrective Maintenance,Image Quality,Medium,4.1,2,Under Warranty,8945.63,Resolved,4
SV02019,H085,D037,2025-01-22,Preventive Maintenance,Sensor/Probe Issue,Medium,10.4,2,Out of Warranty,10047.08,Resolved,5
SV02020,H001,D043,2024-11-02,Preventive Maintenance,Calibration Issue,High,11.1,2,Under Warranty,2944.88,Resolved,5
SV02021,H011,D002,2025-08-07,Corrective Maintenance,Connectivity,Low,3.5,3,Under Warranty,18050.11,Resolved,4
SV02022,H062,D052,2026-03-02,Preventive Maintenance,Battery Issue,High,2.0,3,Out of Warranty,13794.44,Resolved,5
SV02023,H023,D048,2026-01-29,Preventive Maintenance,Display Issue,High,10.8,1,Under Warranty,5757.73,Resolved,4
SV02024,H094,D046,2026-04-29,Preventive Maintenance,Image Quality,Medium,1.8,2,Out of Warranty,12250.71,Pending,4
SV02025,H034,D044,2024-04-13,Corrective Maintenance,Battery Issue,High,10.0,3,Under Warranty,9320.9,Resolved,5
SV02026,H031,D030,2026-05-20,Preventive Maintenance,Connectivity,Medium,9.2,1,Under Warranty,2669.26,Resolved,5
SV02027,H010,D060,2024-09-06,Preventive Maintenance,Calibration Issue,High,15.2,1,Under Warranty,4737.51,Resolved,4
SV02028,H037,D020,2024-02-25,Installation,Display Issue,Critical,28.3,4,Under Warranty,9157.27,Resolved,3
SV02029,H042,D046,2025-11-21,Preventive Maintenance,Display Issue,Medium,0.9,1,Under Warranty,7287.9,Resolved,4
SV02030,H058,D019,2025-08-10,Preventive Maintenance,Power Failure,Medium,3.8,3,Under Warranty,7015.42,Resolved,5
SV02031,H095,D037,2026-06-26,Corrective Maintenance,Image Quality,Medium,2.6,4,Out of Warranty,21930.38,Resolved,4
SV02032,H050,D012,2024-11-07,Preventive Maintenance,Sensor/Probe Issue,Low,5.9,3,Out of Warranty,6697.32,Resolved,4
SV02033,H070,D059,2024-11-04,Preventive Maintenance,Preventive Maintenance,High,11.6,2,Under Warranty,6251.06,Resolved,4
SV02034,H061,D015,2026-01-30,Preventive Maintenance,Preventive Maintenance,High,0.5,5,Under Warranty,6404.53,Resolved,4
SV02035,H005,D039,2026-05-25,Corrective Maintenance,Display Issue,Medium,8.3,1,Out of Warranty,25703.79,Resolved,4
SV02036,H075,D012,2026-08-17,Corrective Maintenance,Connectivity,Medium,15.1,1,Under Warranty,8203.62,Resolved,5
SV02037,H087,D036,2026-01-08,Corrective Maintenance,Calibration Issue,High,16.2,2,Out of Warranty,33471.08,Resolved,4
SV02038,H042,D043,2024-02-28,Corrective Maintenance,Software Error,High,26.2,2,Under Warranty,11746.05,Resolved,4
SV02039,H023,D013,2025-09-13,Corrective Maintenance,Sensor/Probe Issue,Medium,4.9,4,Under Warranty,18873.1,Resolved,4
SV02040,H075,D001,2026-09-16,Preventive Maintenance,Battery Issue,High,7.8,4,Under Warranty,8269.68,Resolved,4
SV02041,H022,D014,2025-10-13,Installation,Sensor/Probe Issue,Medium,13.8,5,Under Warranty,10976.18,Resolved,4
SV02042,H002,D055,2024-02-29,Preventive Maintenance,Mechanical Issue,Critical,33.9,6,Under Warranty,3266.78,Resolved,4
SV02043,H031,D001,2024-12-10,Corrective Maintenance,Display Issue,Medium,10.7,4,Under Warranty,13011.3,Resolved,4
SV02044,H089,D035,2024-02-05,Corrective Maintenance,Image Quality,Critical,6.1,8,Under Warranty,10739.12,Resolved,4
SV02045,H003,D019,2024-09-12,Corrective Maintenance,Mechanical Issue,Low,9.4,2,Out of Warranty,9811.63,Pending,4
SV02046,H099,D058,2024-07-02,Preventive Maintenance,Battery Issue,Medium,24.6,2,Under Warranty,3959.85,Resolved,4
SV02047,H026,D012,2024-07-15,Preventive Maintenance,Connectivity,Medium,12.9,4,Under Warranty,4891.53,Resolved,4
SV02048,H070,D033,2025-07-05,Corrective Maintenance,Mechanical Issue,Medium,5.5,6,Out of Warranty,24394.72,Pending,5
SV02049,H089,D003,2024-04-30,Preventive Maintenance,Battery Issue,Medium,5.4,3,Under Warranty,6252.56,Resolved,4
SV02050,H076,D055,2025-11-17,Corrective Maintenance,Mechanical Issue,Medium,13.5,1,Under Warranty,9076.32,Resolved,4
SV02051,H050,D018,2025-01-05,Corrective Maintenance,Software Error,Medium,8.4,1,Under Warranty,7595.97,Resolved,4
SV02052,H019,D021,2025-10-07,Corrective Maintenance,Calibration Issue,Critical,12.6,5,Under Warranty,17825.27,Resolved,3
SV02053,H086,D038,2025-01-03,Preventive Maintenance,Calibration Issue,Low,6.1,6,Out of Warranty,12161.52,Resolved,3
SV02054,H098,D041,2026-06-05,Preventive Maintenance,Software Error,Medium,5.4,7,Under Warranty,6997.93,Resolved,3
SV02055,H083,D054,2024-10-22,Corrective Maintenance,Power Failure,Critical,16.6,3,Under Warranty,6416.85,Resolved,4
SV02056,H067,D031,2025-11-13,Preventive Maintenance,Display Issue,Medium,16.9,3,Out of Warranty,14741.69,Resolved,4
SV02057,H045,D045,2026-09-26,Corrective Maintenance,Mechanical Issue,Medium,13.7,1,Under Warranty,7791.75,Resolved,5
SV02058,H004,D003,2025-04-28,Preventive Maintenance,Preventive Maintenance,Medium,1.9,3,Under Warranty,6507.78,Resolved,4
SV02059,H016,D024,2024-07-25,Preventive Maintenance,Calibration Issue,Medium,4.6,2,Out of Warranty,4402.57,Resolved,4
SV02060,H097,D006,2025-12-10,Corrective Maintenance,Display Issue,Critical,56.5,12,Under Warranty,20666.61,Resolved,3
SV02061,H039,D060,2024-03-20,Installation,Mechanical Issue,Medium,0.9,5,Under Warranty,13904.68,Pending,4
SV02062,H074,D017,2024-09-05,Preventive Maintenance,Calibration Issue,Medium,17.3,5,Under Warranty,3686.57,Resolved,5
SV02063,H040,D009,2026-09-03,Preventive Maintenance,Image Quality,High,4.7,4,Under Warranty,2571.94,Resolved,4
SV02064,H091,D002,2025-01-11,Installation,Connectivity,Low,3.1,2,Under Warranty,8159.66,Resolved,4
SV02065,H046,D016,2024-05-20,Corrective Maintenance,Battery Issue,Medium,7.2,1,Under Warranty,5821.1,Resolved,4
SV02066,H018,D018,2024-09-10,Corrective Maintenance,Sensor/Probe Issue,Low,7.9,1,Out of Warranty,31858.42,Resolved,5
SV02067,H078,D044,2025-12-28,Corrective Maintenance,Calibration Issue,Medium,11.7,2,Out of Warranty,31627.45,Resolved,5
SV02068,H091,D021,2024-12-15,Corrective Maintenance,Sensor/Probe Issue,High,14.0,12,Under Warranty,10403.03,Resolved,4
SV02069,H085,D040,2024-02-22,Corrective Maintenance,Image Quality,Low,2.8,3,Out of Warranty,37890.62,Resolved,5
SV02070,H056,D051,2025-04-06,Corrective Maintenance,Mechanical Issue,Medium,7.3,3,Out of Warranty,13434.8,Resolved,4
SV02071,H062,D052,2025-02-10,Corrective Maintenance,Software Error,High,13.4,3,Out of Warranty,28072.42,Resolved,4
SV02072,H058,D056,2025-05-22,Corrective Maintenance,Software Error,High,16.5,2,Under Warranty,19814.02,Resolved,4
SV02073,H038,D042,2025-08-04,Corrective Maintenance,Software Error,Medium,1.7,3,Under Warranty,5152.7,Resolved,5
SV02074,H019,D020,2024-10-21,Corrective Maintenance,Software Error,Low,9.2,2,Under Warranty,8877.55,Resolved,5
SV02075,H063,D008,2025-11-03,Preventive Maintenance,Display Issue,Medium,5.4,5,Out of Warranty,7892.1,Resolved,4
SV02076,H061,D024,2025-04-28,Corrective Maintenance,Power Failure,High,8.5,5,Under Warranty,11095.61,Resolved,3
SV02077,H091,D021,2026-06-30,Preventive Maintenance,Sensor/Probe Issue,High,30.6,7,Under Warranty,2174.63,Resolved,4
SV02078,H043,D004,2026-08-08,Corrective Maintenance,Battery Issue,High,9.8,2,Under Warranty,7692.78,Resolved,4
SV02079,H005,D012,2025-02-25,Corrective Maintenance,Sensor/Probe Issue,High,7.1,4,Out of Warranty,13088.81,Resolved,4
SV02080,H041,D040,2024-07-21,Preventive Maintenance,Connectivity,Medium,9.1,7,Under Warranty,7723.71,Resolved,5
SV02081,H004,D053,2024-06-09,Preventive Maintenance,Image Quality,Medium,4.9,2,Out of Warranty,13868.74,Resolved,5
SV02082,H011,D027,2025-12-29,Preventive Maintenance,Display Issue,Medium,10.7,2,Under Warranty,3806.94,Resolved,3
SV02083,H012,D018,2025-05-29,Preventive Maintenance,Power Failure,Low,1.6,2,Out of Warranty,8384.31,Resolved,4
SV02084,H016,D012,2025-03-10,Preventive Maintenance,Software Error,Medium,3.7,2,Under Warranty,8279.08,Resolved,4
SV02085,H083,D033,2026-09-12,Corrective Maintenance,Sensor/Probe Issue,Medium,5.1,5,Under Warranty,5677.06,Resolved,4
SV02086,H057,D060,2024-04-17,Installation,Image Quality,Medium,9.4,1,Out of Warranty,8082.21,Resolved,5
SV02087,H065,D022,2026-09-14,Corrective Maintenance,Calibration Issue,Medium,5.0,4,Out of Warranty,9574.61,Resolved,5
SV02088,H066,D015,2024-06-27,Preventive Maintenance,Power Failure,Medium,8.2,6,Under Warranty,6025.33,Resolved,4
SV02089,H058,D016,2025-01-22,Preventive Maintenance,Calibration Issue,Medium,5.7,7,Out of Warranty,5511.39,Resolved,4
SV02090,H041,D033,2025-07-15,Preventive Maintenance,Sensor/Probe Issue,High,9.7,3,Under Warranty,6790.06,Resolved,4
SV02091,H032,D018,2025-03-16,Preventive Maintenance,Image Quality,Medium,6.9,1,Out of Warranty,11810.61,Resolved,4
SV02092,H035,D048,2024-04-18,Corrective Maintenance,Mechanical Issue,Medium,13.1,2,Under Warranty,17362.78,Pending,4
SV02093,H046,D058,2026-03-08,Preventive Maintenance,Mechanical Issue,Medium,11.5,3,Under Warranty,3303.0,Resolved,4
SV02094,H063,D042,2025-07-26,Corrective Maintenance,Preventive Maintenance,High,11.4,5,Out of Warranty,30019.78,Resolved,4
SV02095,H053,D031,2024-07-19,Corrective Maintenance,Software Error,Medium,6.6,3,Out of Warranty,18523.19,Resolved,4
SV02096,H031,D053,2026-04-16,Corrective Maintenance,Battery Issue,Low,1.3,3,Under Warranty,10271.08,Resolved,4
SV02097,H017,D006,2024-08-29,Preventive Maintenance,Sensor/Probe Issue,Low,1.2,4,Under Warranty,7980.75,Resolved,4
SV02098,H042,D005,2024-03-28,Installation,Image Quality,Critical,6.7,2,Under Warranty,7488.52,Resolved,4
SV02099,H083,D020,2024-11-25,Preventive Maintenance,Image Quality,Medium,6.1,5,Under Warranty,4427.21,Resolved,5
SV02100,H096,D036,2026-04-10,Installation,Software Error,Medium,3.2,2,Out of Warranty,21761.23,Resolved,5
SV02101,H053,D008,2024-09-17,Preventive Maintenance,Power Failure,Medium,12.3,1,Under Warranty,3689.59,Resolved,4
SV02102,H098,D032,2025-01-31,Corrective Maintenance,Display Issue,Medium,12.5,1,Under Warranty,18310.3,Resolved,5
SV02103,H031,D024,2026-03-22,Preventive Maintenance,Image Quality,Medium,6.2,4,Under Warranty,2961.28,Resolved,4
SV02104,H047,D041,2024-05-16,Corrective Maintenance,Software Error,Critical,34.3,10,Out of Warranty,12975.57,Resolved,3
SV02105,H038,D031,2025-05-17,Corrective Maintenance,Connectivity,Medium,2.0,5,Under Warranty,9120.07,Pending,4
SV02106,H052,D033,2026-05-31,Preventive Maintenance,Battery Issue,Medium,12.8,3,Under Warranty,2177.16,Resolved,4
SV02107,H071,D050,2026-08-06,Corrective Maintenance,Software Error,Medium,10.2,2,Under Warranty,16465.4,Resolved,4
SV02108,H099,D014,2026-04-21,Corrective Maintenance,Preventive Maintenance,Critical,9.0,11,Out of Warranty,18475.73,Resolved,4
SV02109,H011,D030,2026-04-14,Corrective Maintenance,Power Failure,High,5.6,4,Out of Warranty,9881.83,Resolved,4
SV02110,H027,D001,2025-02-16,Corrective Maintenance,Software Error,High,2.5,4,Under Warranty,16970.33,Resolved,4
SV02111,H023,D053,2025-12-06,Corrective Maintenance,Mechanical Issue,High,11.4,3,Under Warranty,17004.06,Resolved,4
SV02112,H063,D051,2026-02-23,Preventive Maintenance,Software Error,Medium,10.9,1,Out of Warranty,8664.24,Resolved,5
SV02113,H086,D059,2024-08-28,Preventive Maintenance,Connectivity,Critical,9.3,6,Under Warranty,6529.76,Resolved,4
SV02114,H017,D057,2026-05-29,Preventive Maintenance,Sensor/Probe Issue,Medium,4.1,3,Out of Warranty,8046.78,Resolved,4
SV02115,H030,D028,2025-12-24,Installation,Calibration Issue,Low,2.4,7,Out of Warranty,10507.39,Resolved,4
SV02116,H098,D030,2024-05-15,Preventive Maintenance,Software Error,Medium,2.8,3,Out of Warranty,13076.27,Resolved,4
SV02117,H034,D010,2026-08-16,Corrective Maintenance,Image Quality,Medium,0.8,5,Under Warranty,7538.69,Resolved,4
SV02118,H094,D008,2024-11-17,Corrective Maintenance,Image Quality,Medium,3.2,2,Under Warranty,14889.59,Resolved,4
SV02119,H015,D042,2026-06-12,Preventive Maintenance,Power Failure,Low,2.6,2,Out of Warranty,11167.88,Resolved,4
SV02120,H032,D005,2024-09-25,Corrective Maintenance,Mechanical Issue,High,9.0,4,Under Warranty,12025.34,Resolved,5
SV02121,H072,D050,2025-11-02,Installation,Display Issue,Low,0.5,2,Under Warranty,11289.42,Resolved,4
SV02122,H090,D018,2026-09-04,Installation,Connectivity,Medium,5.7,3,Out of Warranty,14768.21,Resolved,3
SV02123,H094,D034,2026-03-05,Preventive Maintenance,Image Quality,High,9.2,2,Under Warranty,5537.11,Resolved,5
SV02124,H027,D032,2025-07-10,Installation,Preventive Maintenance,High,4.9,4,Under Warranty,10032.6,Resolved,4
SV02125,H085,D027,2025-03-09,Corrective Maintenance,Mechanical Issue,Low,9.1,2,Out of Warranty,38383.47,Resolved,4
SV02126,H094,D030,2024-07-30,Corrective Maintenance,Software Error,Medium,10.7,3,Under Warranty,6417.35,Resolved,5
SV02127,H049,D001,2025-03-29,Preventive Maintenance,Power Failure,Low,9.0,2,Out of Warranty,12932.28,Resolved,5
SV02128,H017,D045,2024-12-16,Corrective Maintenance,Image Quality,Medium,11.0,6,Under Warranty,5052.04,Resolved,5
SV02129,H033,D002,2024-10-04,Corrective Maintenance,Software Error,Low,4.6,2,Under Warranty,6166.38,Resolved,5
SV02130,H098,D017,2025-06-22,Corrective Maintenance,Preventive Maintenance,High,4.3,1,Out of Warranty,31550.48,Resolved,5
SV02131,H028,D013,2024-04-30,Corrective Maintenance,Sensor/Probe Issue,Low,6.4,2,Under Warranty,15593.93,Resolved,5
SV02132,H083,D018,2024-12-14,Corrective Maintenance,Image Quality,High,16.1,7,Out of Warranty,36688.16,Resolved,3
SV02133,H098,D011,2025-05-07,Corrective Maintenance,Software Error,Low,3.4,1,Under Warranty,14426.14,Resolved,5
SV02134,H040,D017,2024-08-17,Preventive Maintenance,Calibration Issue,Medium,6.2,4,Out of Warranty,9697.33,Resolved,4
SV02135,H067,D036,2025-11-01,Corrective Maintenance,Power Failure,High,9.6,1,Out of Warranty,26507.03,Resolved,5
SV02136,H018,D048,2024-01-20,Corrective Maintenance,Software Error,Medium,13.3,3,Under Warranty,7250.43,Resolved,3
SV02137,H091,D038,2025-01-14,Corrective Maintenance,Software Error,Critical,3.8,1,Under Warranty,19698.44,Resolved,5
SV02138,H041,D045,2025-10-04,Corrective Maintenance,Display Issue,Low,2.1,2,Under Warranty,14342.82,Resolved,4
SV02139,H046,D055,2024-01-08,Corrective Maintenance,Power Failure,Medium,13.1,7,Out of Warranty,22372.63,Resolved,4
SV02140,H061,D052,2024-12-27,Corrective Maintenance,Display Issue,Medium,4.4,2,Under Warranty,17463.64,Resolved,4
SV02141,H063,D054,2025-01-21,Preventive Maintenance,Software Error,Critical,17.8,5,Out of Warranty,14276.32,Resolved,4
SV02142,H023,D005,2024-02-25,Corrective Maintenance,Power Failure,Medium,2.9,3,Out of Warranty,30320.24,Resolved,5
SV02143,H043,D031,2025-07-14,Corrective Maintenance,Sensor/Probe Issue,Medium,4.9,4,Under Warranty,19342.35,Resolved,4
SV02144,H046,D059,2026-07-08,Corrective Maintenance,Preventive Maintenance,Low,5.3,2,Under Warranty,17006.55,Resolved,4
SV02145,H006,D020,2026-08-23,Corrective Maintenance,Image Quality,Critical,2.8,4,Under Warranty,9405.93,Resolved,4
SV02146,H022,D021,2026-03-06,Preventive Maintenance,Software Error,Low,8.3,2,Out of Warranty,4527.68,Resolved,4
SV02147,H012,D019,2025-05-07,Corrective Maintenance,Battery Issue,High,17.6,6,Out of Warranty,30368.51,Resolved,4
SV02148,H061,D009,2025-10-18,Installation,Software Error,Medium,7.2,1,Under Warranty,3747.58,Resolved,5
SV02149,H039,D016,2024-01-16,Corrective Maintenance,Mechanical Issue,High,9.2,15,Out of Warranty,22525.85,Resolved,4
SV02150,H053,D011,2026-01-07,Corrective Maintenance,Software Error,High,14.5,5,Under Warranty,11693.64,Resolved,4
SV02151,H076,D038,2024-03-22,Corrective Maintenance,Display Issue,Critical,7.6,6,Under Warranty,16414.45,Resolved,3
SV02152,H029,D017,2024-05-20,Corrective Maintenance,Power Failure,High,17.4,4,Out of Warranty,23604.93,Resolved,5
SV02153,H005,D034,2025-05-24,Corrective Maintenance,Preventive Maintenance,Medium,11.1,4,Out of Warranty,17751.56,Resolved,4
SV02154,H088,D023,2025-05-30,Corrective Maintenance,Power Failure,Low,2.4,2,Under Warranty,12909.28,Resolved,4
SV02155,H006,D059,2024-12-24,Corrective Maintenance,Power Failure,Low,17.0,3,Out of Warranty,36871.18,Resolved,4
SV02156,H087,D057,2026-04-28,Preventive Maintenance,Software Error,Low,3.1,1,Under Warranty,5521.36,Resolved,4
SV02157,H013,D005,2025-03-15,Corrective Maintenance,Sensor/Probe Issue,High,22.9,4,Under Warranty,15932.46,Resolved,3
SV02158,H066,D008,2024-07-26,Installation,Sensor/Probe Issue,Medium,3.6,3,Under Warranty,9791.19,Resolved,3
SV02159,H031,D047,2024-04-22,Installation,Sensor/Probe Issue,Medium,2.2,2,Out of Warranty,17796.98,Resolved,5
SV02160,H055,D012,2025-10-03,Preventive Maintenance,Power Failure,Medium,3.6,2,Under Warranty,3267.62,Resolved,5
SV02161,H075,D001,2026-01-03,Corrective Maintenance,Image Quality,High,22.7,1,Under Warranty,6699.03,Resolved,4
SV02162,H092,D050,2025-07-23,Corrective Maintenance,Mechanical Issue,High,15.1,1,Under Warranty,16380.5,Resolved,4
SV02163,H036,D046,2024-11-07,Preventive Maintenance,Sensor/Probe Issue,Low,4.6,2,Under Warranty,8208.48,Resolved,3
SV02164,H067,D015,2026-06-08,Preventive Maintenance,Power Failure,Medium,16.7,1,Under Warranty,6545.25,Resolved,4
SV02165,H057,D030,2026-09-11,Corrective Maintenance,Software Error,Medium,9.9,2,Under Warranty,6171.73,Resolved,4
SV02166,H033,D006,2025-08-11,Corrective Maintenance,Connectivity,Critical,34.4,4,Under Warranty,8783.01,Resolved,4
SV02167,H016,D021,2024-10-17,Preventive Maintenance,Mechanical Issue,Medium,9.5,3,Out of Warranty,15002.05,Resolved,4
SV02168,H074,D039,2025-05-20,Corrective Maintenance,Software Error,Medium,1.4,4,Under Warranty,6345.2,Resolved,5
SV02169,H022,D045,2024-05-04,Preventive Maintenance,Mechanical Issue,Medium,3.1,1,Under Warranty,3198.0,Resolved,4
SV02170,H028,D054,2025-01-11,Corrective Maintenance,Software Error,High,15.8,3,Under Warranty,8163.52,Resolved,4
SV02171,H001,D019,2024-01-28,Corrective Maintenance,Sensor/Probe Issue,Medium,8.5,3,Out of Warranty,24787.63,Resolved,4
SV02172,H073,D045,2025-01-07,Corrective Maintenance,Software Error,Medium,14.3,2,Out of Warranty,33027.61,Resolved,5
SV02173,H081,D054,2026-02-21,Corrective Maintenance,Display Issue,Low,10.4,5,Out of Warranty,35585.17,Resolved,5
SV02174,H007,D054,2025-12-17,Corrective Maintenance,Power Failure,High,11.8,3,Under Warranty,5290.5,Resolved,5
SV02175,H092,D040,2024-03-05,Preventive Maintenance,Software Error,High,6.6,2,Under Warranty,6977.51,Resolved,5
SV02176,H098,D011,2024-07-31,Corrective Maintenance,Power Failure,Low,2.9,2,Out of Warranty,27329.58,Pending,5
SV02177,H014,D050,2025-04-18,Corrective Maintenance,Power Failure,High,17.1,4,Out of Warranty,29166.69,Resolved,5
SV02178,H017,D051,2024-11-27,Installation,Software Error,Medium,1.4,2,Out of Warranty,12447.17,Resolved,5
SV02179,H065,D037,2025-09-09,Preventive Maintenance,Mechanical Issue,Low,6.1,1,Out of Warranty,10927.6,Resolved,4
SV02180,H047,D054,2024-06-29,Corrective Maintenance,Mechanical Issue,High,23.5,3,Out of Warranty,11551.33,Resolved,4
SV02181,H006,D038,2025-06-10,Corrective Maintenance,Preventive Maintenance,Low,1.3,1,Under Warranty,19497.4,Resolved,5
SV02182,H097,D058,2024-04-06,Preventive Maintenance,Sensor/Probe Issue,Medium,6.2,8,Under Warranty,7856.36,Resolved,4
SV02183,H079,D030,2025-04-14,Corrective Maintenance,Mechanical Issue,Low,5.1,4,Under Warranty,17889.39,Resolved,4
SV02184,H056,D005,2025-11-08,Preventive Maintenance,Preventive Maintenance,High,4.2,4,Under Warranty,3580.97,Resolved,4
SV02185,H088,D039,2024-12-13,Corrective Maintenance,Image Quality,Critical,10.1,4,Under Warranty,9723.05,Resolved,4
SV02186,H054,D059,2024-03-23,Preventive Maintenance,Preventive Maintenance,Low,4.5,7,Out of Warranty,10786.08,Resolved,3
SV02187,H076,D032,2025-12-24,Installation,Power Failure,Medium,2.4,1,Under Warranty,12190.15,Resolved,5
SV02188,H015,D045,2026-04-16,Installation,Software Error,High,9.0,1,Out of Warranty,19314.32,Resolved,4
SV02189,H043,D030,2025-11-20,Corrective Maintenance,Sensor/Probe Issue,High,9.0,3,Under Warranty,7314.98,Resolved,4
SV02190,H023,D025,2025-09-10,Corrective Maintenance,Power Failure,High,22.0,3,Out of Warranty,27690.9,Resolved,4
SV02191,H082,D046,2026-09-16,Corrective Maintenance,Mechanical Issue,Medium,3.5,3,Under Warranty,20191.9,Resolved,4
SV02192,H064,D020,2026-08-20,Corrective Maintenance,Software Error,High,4.7,2,Under Warranty,20744.09,Resolved,4
SV02193,H021,D016,2025-09-24,Corrective Maintenance,Sensor/Probe Issue,Medium,6.5,2,Under Warranty,11445.59,Resolved,4
SV02194,H035,D052,2026-08-22,Preventive Maintenance,Preventive Maintenance,Low,17.2,3,Under Warranty,5651.79,Resolved,5
SV02195,H076,D037,2025-11-04,Corrective Maintenance,Battery Issue,High,8.2,6,Under Warranty,5341.91,Resolved,4
SV02196,H051,D003,2024-07-03,Preventive Maintenance,Image Quality,Medium,3.0,3,Out of Warranty,12237.37,Resolved,4
SV02197,H072,D031,2025-02-24,Preventive Maintenance,Mechanical Issue,Low,4.8,2,Out of Warranty,12550.1,Resolved,5
SV02198,H073,D021,2024-12-08,Preventive Maintenance,Software Error,High,7.1,2,Under Warranty,7864.53,Resolved,4
SV02199,H011,D022,2026-08-19,Corrective Maintenance,Software Error,Medium,10.9,4,Out of Warranty,28197.4,Resolved,4
SV02200,H005,D033,2024-08-19,Corrective Maintenance,Sensor/Probe Issue,Low,1.9,1,Out of Warranty,21169.11,Resolved,5
SV02201,H026,D021,2026-05-10,Preventive Maintenance,Software Error,High,2.4,5,Out of Warranty,6413.86,Resolved,5
SV02202,H054,D039,2024-01-20,Preventive Maintenance,Battery Issue,Medium,8.2,3,Out of Warranty,4742.62,Resolved,4
SV02203,H091,D024,2024-04-19,Preventive Maintenance,Sensor/Probe Issue,Low,1.1,6,Out of Warranty,8575.09,Resolved,4
SV02204,H074,D042,2026-06-17,Corrective Maintenance,Sensor/Probe Issue,High,14.2,4,Out of Warranty,35059.79,Resolved,4
SV02205,H095,D040,2026-05-22,Preventive Maintenance,Battery Issue,Medium,5.0,2,Under Warranty,8088.1,Resolved,4
SV02206,H035,D022,2026-04-24,Corrective Maintenance,Image Quality,Medium,5.0,4,Under Warranty,19886.1,Resolved,4
SV02207,H035,D032,2026-04-14,Corrective Maintenance,Image Quality,High,13.2,3,Out of Warranty,25487.61,Resolved,4
SV02208,H043,D045,2025-04-07,Corrective Maintenance,Power Failure,Low,13.1,6,Out of Warranty,37808.67,Resolved,4
SV02209,H078,D051,2026-03-19,Preventive Maintenance,Calibration Issue,Medium,2.6,3,Under Warranty,5633.81,Resolved,5
SV02210,H069,D036,2026-07-30,Preventive Maintenance,Preventive Maintenance,Low,4.4,1,Under Warranty,3478.78,Resolved,4
SV02211,H028,D003,2025-09-06,Corrective Maintenance,Connectivity,Medium,4.2,2,Out of Warranty,32728.89,Resolved,5
SV02212,H016,D012,2026-03-17,Corrective Maintenance,Calibration Issue,High,11.0,5,Under Warranty,17469.56,Resolved,4
SV02213,H084,D023,2024-05-31,Corrective Maintenance,Calibration Issue,High,21.1,3,Under Warranty,10733.15,Resolved,4
SV02214,H092,D002,2026-03-16,Installation,Software Error,Medium,1.8,2,Out of Warranty,19107.84,Resolved,5
SV02215,H019,D033,2025-12-16,Preventive Maintenance,Mechanical Issue,Medium,2.3,2,Out of Warranty,11517.35,Resolved,5
SV02216,H092,D050,2025-08-06,Corrective Maintenance,Sensor/Probe Issue,Low,0.7,4,Under Warranty,10757.34,Resolved,4
SV02217,H088,D049,2025-07-25,Corrective Maintenance,Image Quality,Medium,6.0,4,Under Warranty,9585.37,Resolved,5
SV02218,H087,D013,2026-03-22,Corrective Maintenance,Preventive Maintenance,High,2.2,2,Out of Warranty,26184.44,Resolved,4
SV02219,H088,D026,2024-08-07,Preventive Maintenance,Sensor/Probe Issue,Medium,5.7,2,Out of Warranty,8885.39,Resolved,4
SV02220,H072,D023,2024-01-25,Corrective Maintenance,Image Quality,Medium,4.8,2,Under Warranty,5445.95,Pending,4
SV02221,H018,D009,2025-10-08,Preventive Maintenance,Image Quality,High,11.7,7,Out of Warranty,5581.19,Resolved,3
SV02222,H058,D055,2025-12-28,Corrective Maintenance,Sensor/Probe Issue,High,1.9,1,Out of Warranty,21282.01,Resolved,4
SV02223,H052,D056,2026-06-06,Corrective Maintenance,Sensor/Probe Issue,High,13.1,2,Under Warranty,11328.48,Resolved,4
SV02224,H093,D059,2025-03-28,Preventive Maintenance,Image Quality,Low,0.5,3,Out of Warranty,8206.02,Resolved,4
SV02225,H067,D009,2025-11-21,Preventive Maintenance,Connectivity,Medium,12.2,1,Under Warranty,4646.39,Resolved,5
SV02226,H079,D028,2026-03-17,Corrective Maintenance,Battery Issue,Low,15.0,2,Under Warranty,10403.59,Resolved,4
SV02227,H048,D016,2025-08-18,Corrective Maintenance,Image Quality,High,5.9,5,Out of Warranty,9699.45,Resolved,4
SV02228,H016,D060,2025-06-05,Preventive Maintenance,Software Error,Medium,1.3,11,Under Warranty,6336.63,Resolved,5
SV02229,H049,D044,2025-12-03,Preventive Maintenance,Connectivity,Low,1.6,6,Under Warranty,7549.86,Resolved,4
SV02230,H051,D007,2025-10-21,Corrective Maintenance,Battery Issue,High,17.9,10,Under Warranty,15309.68,Resolved,3
SV02231,H057,D013,2026-09-25,Corrective Maintenance,Power Failure,Medium,13.4,4,Under Warranty,16745.45,Resolved,5
SV02232,H088,D028,2024-04-08,Preventive Maintenance,Calibration Issue,High,12.4,6,Under Warranty,7724.23,Resolved,4
SV02233,H049,D031,2025-07-05,Preventive Maintenance,Connectivity,Medium,5.6,2,Out of Warranty,7861.86,Resolved,3
SV02234,H053,D040,2025-11-19,Corrective Maintenance,Sensor/Probe Issue,Medium,14.4,7,Under Warranty,5267.98,Resolved,4
SV02235,H009,D044,2024-02-02,Corrective Maintenance,Display Issue,Medium,7.8,4,Under Warranty,20412.14,Resolved,3
SV02236,H039,D025,2026-09-15,Corrective Maintenance,Sensor/Probe Issue,Medium,3.7,4,Out of Warranty,25615.19,Resolved,4
SV02237,H052,D007,2024-05-23,Preventive Maintenance,Mechanical Issue,High,26.1,3,Under Warranty,7683.58,Resolved,4
SV02238,H014,D046,2026-06-10,Installation,Software Error,Medium,9.2,1,Under Warranty,6786.28,Resolved,4
SV02239,H051,D052,2025-01-12,Corrective Maintenance,Sensor/Probe Issue,Medium,11.9,2,Out of Warranty,33789.7,Resolved,4
SV02240,H020,D043,2025-12-30,Corrective Maintenance,Power Failure,Medium,14.0,3,Under Warranty,18968.82,Resolved,4
SV02241,H031,D025,2025-06-20,Corrective Maintenance,Sensor/Probe Issue,Medium,7.8,2,Out of Warranty,10777.72,Resolved,5
SV02242,H069,D039,2026-03-28,Corrective Maintenance,Software Error,Medium,1.0,2,Under Warranty,12220.93,Resolved,5
SV02243,H095,D033,2025-07-22,Preventive Maintenance,Image Quality,High,6.8,2,Under Warranty,2400.6,Resolved,4
SV02244,H045,D059,2026-09-03,Preventive Maintenance,Mechanical Issue,Low,6.5,2,Out of Warranty,11061.31,Resolved,4
SV02245,H030,D051,2026-03-07,Installation,Connectivity,High,4.9,5,Out of Warranty,9792.16,Resolved,4
SV02246,H088,D003,2024-04-21,Preventive Maintenance,Preventive Maintenance,Medium,4.4,2,Under Warranty,4039.08,Resolved,4
SV02247,H085,D010,2024-12-31,Corrective Maintenance,Software Error,Medium,10.5,2,Under Warranty,10539.79,Resolved,5
SV02248,H052,D044,2024-03-14,Corrective Maintenance,Sensor/Probe Issue,Medium,0.5,3,Out of Warranty,26703.05,Resolved,4
SV02249,H053,D037,2025-06-18,Preventive Maintenance,Power Failure,High,2.1,2,Under Warranty,7599.92,Resolved,4
SV02250,H064,D054,2026-08-23,Corrective Maintenance,Battery Issue,High,17.5,2,Under Warranty,20095.54,Resolved,5
SV02251,H034,D009,2024-02-01,Corrective Maintenance,Sensor/Probe Issue,Medium,17.0,1,Out of Warranty,18906.84,Pending,4
SV02252,H005,D044,2025-07-25,Preventive Maintenance,Sensor/Probe Issue,High,6.4,1,Under Warranty,3575.46,Resolved,4
SV02253,H024,D026,2025-08-14,Corrective Maintenance,Sensor/Probe Issue,Low,11.0,2,Under Warranty,14749.93,Resolved,4
SV02254,H024,D004,2024-11-29,Preventive Maintenance,Display Issue,Medium,3.3,1,Under Warranty,4543.78,Resolved,5
SV02255,H095,D029,2026-03-13,Corrective Maintenance,Mechanical Issue,Medium,4.5,3,Out of Warranty,31362.77,Resolved,4
SV02256,H074,D060,2025-11-11,Corrective Maintenance,Power Failure,Medium,10.8,2,Out of Warranty,31393.47,Resolved,5
SV02257,H053,D030,2025-06-27,Corrective Maintenance,Display Issue,Low,2.4,3,Out of Warranty,20259.9,Resolved,3
SV02258,H049,D034,2026-06-03,Corrective Maintenance,Calibration Issue,Medium,6.6,3,Under Warranty,5434.92,Resolved,5
SV02259,H054,D014,2025-12-02,Preventive Maintenance,Sensor/Probe Issue,Medium,23.0,4,Out of Warranty,7807.69,Resolved,4
SV02260,H027,D044,2026-07-12,Corrective Maintenance,Display Issue,Low,9.3,1,Under Warranty,18015.38,Resolved,5
SV02261,H050,D001,2026-06-03,Preventive Maintenance,Image Quality,Medium,11.6,1,Under Warranty,7064.43,Resolved,5
SV02262,H076,D050,2025-12-04,Preventive Maintenance,Software Error,Low,6.5,4,Out of Warranty,14957.22,Resolved,4
SV02263,H024,D057,2026-09-02,Corrective Maintenance,Display Issue,Medium,7.2,2,Under Warranty,20800.76,Resolved,5
SV02264,H006,D006,2026-06-16,Corrective Maintenance,Image Quality,High,3.4,5,Under Warranty,17600.53,Resolved,4
SV02265,H083,D025,2026-09-06,Corrective Maintenance,Battery Issue,Low,2.8,6,Under Warranty,9734.52,Resolved,4
SV02266,H006,D049,2025-06-22,Corrective Maintenance,Calibration Issue,Low,5.6,1,Under Warranty,8251.89,Resolved,4
SV02267,H089,D011,2024-10-04,Corrective Maintenance,Battery Issue,High,9.0,2,Under Warranty,20034.53,Resolved,5
SV02268,H026,D047,2025-08-26,Preventive Maintenance,Sensor/Probe Issue,High,5.7,6,Under Warranty,2337.99,Resolved,4
SV02269,H037,D054,2024-08-03,Corrective Maintenance,Mechanical Issue,High,10.4,4,Under Warranty,15310.43,Resolved,4
SV02270,H013,D027,2025-04-02,Installation,Preventive Maintenance,Medium,12.0,3,Out of Warranty,24927.71,Resolved,4
SV02271,H043,D006,2024-11-12,Corrective Maintenance,Calibration Issue,Medium,7.0,4,Out of Warranty,10572.54,Resolved,4
SV02272,H001,D043,2024-08-09,Preventive Maintenance,Power Failure,High,2.6,2,Under Warranty,2460.26,Resolved,5
SV02273,H014,D056,2025-04-02,Corrective Maintenance,Sensor/Probe Issue,Medium,8.1,2,Out of Warranty,38112.18,Resolved,4
SV02274,H070,D057,2025-01-12,Corrective Maintenance,Calibration Issue,Medium,8.9,1,Out of Warranty,20339.65,Resolved,5
SV02275,H041,D002,2026-04-21,Corrective Maintenance,Preventive Maintenance,Low,8.3,1,Out of Warranty,28690.3,Resolved,5
SV02276,H025,D037,2024-03-16,Preventive Maintenance,Connectivity,Low,4.2,1,Under Warranty,6284.57,Resolved,4
SV02277,H021,D018,2024-06-25,Corrective Maintenance,Connectivity,Medium,2.8,1,Under Warranty,8358.37,Resolved,5
SV02278,H034,D012,2026-02-22,Corrective Maintenance,Calibration Issue,High,2.1,5,Under Warranty,14421.63,Resolved,4
SV02279,H091,D029,2025-06-05,Corrective Maintenance,Sensor/Probe Issue,Medium,12.4,4,Under Warranty,9175.44,Resolved,5
SV02280,H003,D033,2026-09-09,Corrective Maintenance,Software Error,High,4.0,2,Under Warranty,6861.51,Resolved,5
SV02281,H051,D058,2026-02-25,Corrective Maintenance,Mechanical Issue,Medium,2.8,6,Under Warranty,18902.66,Pending,4
SV02282,H064,D006,2025-02-18,Preventive Maintenance,Mechanical Issue,Low,2.3,2,Out of Warranty,12289.08,Resolved,4
SV02283,H042,D030,2026-05-05,Corrective Maintenance,Power Failure,Medium,3.6,3,Under Warranty,19329.6,Resolved,4
SV02284,H054,D026,2025-06-10,Installation,Display Issue,Medium,9.1,5,Out of Warranty,15895.1,Pending,4
SV02285,H009,D052,2025-02-24,Corrective Maintenance,Software Error,Low,8.8,2,Under Warranty,20547.32,Resolved,4
SV02286,H004,D052,2025-03-11,Preventive Maintenance,Mechanical Issue,Medium,8.5,1,Out of Warranty,14108.22,Resolved,5
SV02287,H056,D017,2026-04-24,Corrective Maintenance,Software Error,Medium,17.2,7,Under Warranty,12203.89,Resolved,4
SV02288,H069,D011,2025-05-16,Installation,Image Quality,High,9.9,4,Under Warranty,13760.54,Resolved,4
SV02289,H050,D052,2024-02-23,Installation,Calibration Issue,Low,12.7,1,Out of Warranty,18011.02,Resolved,4
SV02290,H064,D016,2025-10-16,Installation,Preventive Maintenance,Low,12.2,1,Out of Warranty,14445.5,Resolved,5
SV02291,H078,D036,2026-06-27,Preventive Maintenance,Calibration Issue,Critical,8.3,4,Under Warranty,4472.86,Resolved,5
SV02292,H025,D054,2024-09-27,Corrective Maintenance,Preventive Maintenance,Low,4.5,1,Out of Warranty,21869.76,Resolved,4
SV02293,H056,D048,2025-05-16,Corrective Maintenance,Software Error,Low,9.1,3,Under Warranty,7546.8,Resolved,5
SV02294,H013,D001,2026-05-22,Preventive Maintenance,Calibration Issue,Medium,7.4,7,Out of Warranty,14074.18,Pending,4
SV02295,H013,D057,2026-07-21,Corrective Maintenance,Battery Issue,Medium,1.4,1,Out of Warranty,37403.34,Resolved,4
SV02296,H089,D021,2026-03-26,Preventive Maintenance,Preventive Maintenance,High,10.1,4,Under Warranty,8020.81,Resolved,4
SV02297,H044,D016,2025-07-30,Corrective Maintenance,Image Quality,Medium,9.3,6,Under Warranty,5985.92,Resolved,3
SV02298,H052,D025,2025-09-24,Preventive Maintenance,Preventive Maintenance,High,8.4,2,Out of Warranty,7555.67,Pending,4
SV02299,H091,D047,2025-06-17,Preventive Maintenance,Mechanical Issue,High,2.6,1,Under Warranty,6936.7,Resolved,4
SV02300,H069,D009,2024-03-07,Corrective Maintenance,Display Issue,Medium,3.3,1,Under Warranty,19287.89,Resolved,4
SV02301,H029,D025,2026-06-02,Corrective Maintenance,Sensor/Probe Issue,Low,1.3,1,Out of Warranty,22000.13,Resolved,5
SV02302,H054,D007,2025-08-29,Corrective Maintenance,Software Error,High,21.7,6,Under Warranty,15868.46,Resolved,4
SV02303,H001,D056,2024-12-13,Corrective Maintenance,Preventive Maintenance,Medium,3.1,3,Under Warranty,14271.58,Resolved,5
SV02304,H004,D039,2026-02-04,Preventive Maintenance,Connectivity,Medium,5.8,3,Out of Warranty,12348.16,Resolved,4
SV02305,H043,D034,2025-03-27,Installation,Sensor/Probe Issue,High,14.7,8,Under Warranty,9318.4,Resolved,4
SV02306,H003,D010,2024-10-31,Preventive Maintenance,Software Error,Medium,18.1,4,Under Warranty,3149.05,Resolved,4
SV02307,H061,D019,2026-09-04,Corrective Maintenance,Connectivity,Medium,2.9,3,Under Warranty,7197.34,Resolved,5
SV02308,H055,D026,2026-02-22,Corrective Maintenance,Software Error,Low,6.7,2,Out of Warranty,36747.6,Resolved,5
SV02309,H084,D007,2024-04-27,Corrective Maintenance,Calibration Issue,High,29.5,10,Out of Warranty,31634.49,Resolved,3
SV02310,H018,D019,2024-11-07,Installation,Software Error,Medium,3.7,3,Under Warranty,3886.91,Resolved,5
SV02311,H021,D029,2024-02-18,Corrective Maintenance,Power Failure,Medium,2.0,1,Under Warranty,8706.97,Resolved,4
SV02312,H007,D031,2024-12-04,Corrective Maintenance,Display Issue,Medium,6.6,4,Out of Warranty,11420.09,Resolved,3
SV02313,H089,D056,2025-08-03,Corrective Maintenance,Software Error,High,7.9,2,Under Warranty,12530.75,Resolved,4
SV02314,H056,D039,2026-02-19,Installation,Calibration Issue,Medium,10.5,2,Out of Warranty,11294.54,Resolved,5
SV02315,H025,D038,2024-02-12,Installation,Preventive Maintenance,High,4.6,3,Under Warranty,4826.62,Resolved,4
SV02316,H049,D032,2024-12-19,Corrective Maintenance,Power Failure,Medium,7.6,2,Out of Warranty,37104.43,Resolved,5
SV02317,H047,D046,2025-12-01,Corrective Maintenance,Mechanical Issue,Medium,3.0,4,Under Warranty,10962.53,Resolved,4
SV02318,H021,D051,2024-05-03,Preventive Maintenance,Image Quality,High,6.0,3,Under Warranty,4984.59,Resolved,5
SV02319,H005,D009,2025-09-06,Installation,Mechanical Issue,High,8.7,2,Under Warranty,11395.84,Resolved,5
SV02320,H029,D057,2024-10-28,Corrective Maintenance,Battery Issue,Medium,0.5,4,Under Warranty,19169.92,Resolved,4
SV02321,H046,D018,2026-03-21,Corrective Maintenance,Sensor/Probe Issue,Medium,2.7,4,Out of Warranty,30418.47,Resolved,4
SV02322,H058,D033,2024-10-28,Corrective Maintenance,Sensor/Probe Issue,Medium,4.8,2,Under Warranty,15582.72,Resolved,4
SV02323,H080,D022,2025-02-24,Corrective Maintenance,Power Failure,Medium,1.2,1,Under Warranty,15281.98,Resolved,4
SV02324,H030,D054,2025-01-31,Preventive Maintenance,Calibration Issue,Medium,6.2,3,Out of Warranty,7980.33,Resolved,5
SV02325,H087,D059,2025-09-24,Preventive Maintenance,Power Failure,High,5.0,3,Under Warranty,3016.42,Resolved,4
SV02326,H072,D048,2025-06-18,Corrective Maintenance,Software Error,Critical,30.6,6,Under Warranty,12441.17,Resolved,3
SV02327,H098,D053,2024-12-25,Corrective Maintenance,Mechanical Issue,Medium,6.3,2,Out of Warranty,32138.13,Resolved,5
SV02328,H045,D024,2025-07-21,Preventive Maintenance,Preventive Maintenance,Low,4.9,2,Under Warranty,6577.41,Resolved,5
SV02329,H096,D006,2025-05-26,Corrective Maintenance,Power Failure,Medium,5.4,3,Under Warranty,16851.87,Resolved,4
SV02330,H096,D020,2024-03-15,Preventive Maintenance,Connectivity,High,0.5,1,Out of Warranty,4261.27,Resolved,4
SV02331,H079,D035,2024-02-18,Preventive Maintenance,Connectivity,Medium,10.2,5,Out of Warranty,12163.09,Resolved,4
SV02332,H074,D056,2025-10-18,Preventive Maintenance,Image Quality,Low,8.5,4,Under Warranty,8514.05,Resolved,4
SV02333,H091,D052,2026-07-30,Corrective Maintenance,Software Error,High,19.9,2,Under Warranty,5196.61,Resolved,4
SV02334,H036,D053,2024-07-26,Corrective Maintenance,Mechanical Issue,High,9.8,4,Out of Warranty,12443.01,Resolved,5
SV02335,H031,D028,2025-05-05,Installation,Software Error,Medium,3.0,5,Out of Warranty,22510.26,Resolved,4
SV02336,H074,D015,2025-01-16,Preventive Maintenance,Battery Issue,Low,6.5,2,Out of Warranty,5923.28,Resolved,4
SV02337,H060,D039,2025-09-30,Corrective Maintenance,Battery Issue,High,4.7,4,Under Warranty,11846.37,Resolved,4
SV02338,H071,D011,2026-06-10,Corrective Maintenance,Power Failure,Medium,3.6,6,Under Warranty,18167.5,Resolved,4
SV02339,H017,D017,2026-03-03,Installation,Preventive Maintenance,High,4.2,2,Under Warranty,7593.96,Resolved,5
SV02340,H048,D011,2024-09-05,Corrective Maintenance,Image Quality,Medium,8.1,1,Out of Warranty,11143.35,Resolved,4
SV02341,H080,D039,2026-01-29,Preventive Maintenance,Sensor/Probe Issue,High,6.1,4,Under Warranty,6391.24,Resolved,4
SV02342,H002,D010,2025-09-03,Preventive Maintenance,Software Error,Medium,18.6,2,Under Warranty,5054.4,Resolved,4
SV02343,H044,D004,2026-08-19,Corrective Maintenance,Mechanical Issue,High,16.5,5,Under Warranty,14576.24,Resolved,5
SV02344,H054,D009,2026-07-22,Installation,Software Error,Medium,8.8,2,Out of Warranty,8189.16,Resolved,4
SV02345,H067,D028,2026-08-26,Corrective Maintenance,Image Quality,Medium,8.1,2,Under Warranty,6114.18,Resolved,5
SV02346,H099,D020,2025-04-21,Corrective Maintenance,Sensor/Probe Issue,High,5.8,2,Out of Warranty,15477.54,Resolved,5
SV02347,H011,D015,2024-09-01,Corrective Maintenance,Calibration Issue,High,45.3,2,Under Warranty,7740.77,Resolved,3
SV02348,H018,D031,2025-01-23,Corrective Maintenance,Software Error,Medium,2.5,4,Under Warranty,19903.89,Resolved,4
SV02349,H018,D006,2025-07-26,Preventive Maintenance,Software Error,Medium,15.1,2,Under Warranty,6001.05,Resolved,4
SV02350,H064,D026,2024-07-03,Corrective Maintenance,Battery Issue,Critical,21.1,1,Under Warranty,10381.6,Resolved,4
SV02351,H038,D039,2026-06-11,Corrective Maintenance,Connectivity,Low,1.4,2,Out of Warranty,11884.22,Resolved,4
SV02352,H087,D051,2024-09-09,Corrective Maintenance,Image Quality,Medium,8.1,8,Under Warranty,8444.62,Resolved,4
SV02353,H058,D038,2024-05-10,Corrective Maintenance,Preventive Maintenance,High,11.1,4,Under Warranty,12893.38,Resolved,4
SV02354,H038,D046,2026-09-10,Corrective Maintenance,Power Failure,Critical,20.2,2,Under Warranty,20726.6,Resolved,4
SV02355,H028,D028,2024-10-24,Corrective Maintenance,Display Issue,Medium,6.8,3,Under Warranty,8727.22,Resolved,4
SV02356,H029,D018,2024-06-22,Preventive Maintenance,Mechanical Issue,Medium,19.1,2,Out of Warranty,6555.67,Resolved,4
SV02357,H001,D049,2025-08-12,Corrective Maintenance,Calibration Issue,Medium,14.7,3,Under Warranty,17990.52,Resolved,4
SV02358,H070,D011,2026-07-14,Corrective Maintenance,Display Issue,Medium,2.0,1,Out of Warranty,13136.12,Resolved,4
SV02359,H049,D050,2025-04-18,Preventive Maintenance,Power Failure,Medium,3.3,3,Out of Warranty,6676.37,Resolved,5
SV02360,H081,D052,2026-09-27,Preventive Maintenance,Battery Issue,Medium,2.8,2,Under Warranty,2742.99,Resolved,5
SV02361,H013,D039,2026-07-06,Preventive Maintenance,Mechanical Issue,High,8.8,5,Out of Warranty,8615.16,Resolved,4
SV02362,H034,D056,2026-04-17,Preventive Maintenance,Power Failure,Medium,1.0,2,Under Warranty,7309.06,Resolved,4
SV02363,H024,D015,2025-08-01,Preventive Maintenance,Preventive Maintenance,Low,16.0,1,Under Warranty,2769.27,Resolved,4
SV02364,H095,D031,2025-11-29,Installation,Display Issue,Low,0.5,1,Out of Warranty,25258.83,Resolved,4
SV02365,H043,D009,2026-07-08,Preventive Maintenance,Sensor/Probe Issue,Low,17.4,1,Out of Warranty,10327.5,Resolved,5
SV02366,H037,D055,2024-04-13,Corrective Maintenance,Mechanical Issue,Medium,5.2,2,Out of Warranty,14266.94,Resolved,5
SV02367,H033,D019,2025-04-19,Corrective Maintenance,Battery Issue,Critical,13.9,3,Under Warranty,10914.98,Resolved,4
SV02368,H065,D004,2025-08-30,Corrective Maintenance,Mechanical Issue,High,19.0,1,Under Warranty,20347.36,Resolved,4
SV02369,H077,D029,2025-10-12,Installation,Power Failure,High,3.9,5,Under Warranty,4392.08,Resolved,4
SV02370,H062,D037,2025-03-24,Corrective Maintenance,Sensor/Probe Issue,High,6.7,7,Under Warranty,17824.96,Resolved,4
SV02371,H010,D049,2024-07-28,Preventive Maintenance,Connectivity,Low,3.0,2,Under Warranty,4942.97,Resolved,5
SV02372,H072,D021,2024-03-16,Corrective Maintenance,Connectivity,Medium,45.3,2,Out of Warranty,19908.17,Resolved,3
SV02373,H019,D002,2025-01-21,Installation,Power Failure,High,15.2,5,Under Warranty,10777.02,Resolved,4
SV02374,H062,D007,2024-05-01,Corrective Maintenance,Display Issue,Medium,8.7,3,Under Warranty,17882.71,Pending,4
SV02375,H038,D015,2026-08-14,Preventive Maintenance,Calibration Issue,Low,10.6,1,Under Warranty,7626.33,Resolved,5
SV02376,H022,D013,2025-07-10,Corrective Maintenance,Power Failure,Critical,17.1,10,Under Warranty,15777.45,Resolved,4
SV02377,H022,D030,2025-06-21,Installation,Software Error,Medium,5.3,2,Under Warranty,10002.76,Resolved,5
SV02378,H091,D049,2026-05-05,Preventive Maintenance,Image Quality,High,4.0,2,Out of Warranty,4679.31,Resolved,5
SV02379,H096,D003,2025-03-16,Installation,Software Error,High,12.3,7,Under Warranty,8226.22,Resolved,4
SV02380,H032,D014,2026-04-27,Corrective Maintenance,Software Error,Medium,14.0,1,Out of Warranty,27125.52,Resolved,4
SV02381,H026,D027,2025-11-06,Corrective Maintenance,Preventive Maintenance,Medium,7.5,2,Under Warranty,18384.79,Resolved,4
SV02382,H049,D041,2024-03-08,Corrective Maintenance,Battery Issue,Medium,15.3,1,Under Warranty,12965.12,Resolved,4
SV02383,H079,D029,2026-02-03,Corrective Maintenance,Software Error,Medium,6.6,2,Under Warranty,5075.33,Resolved,4
SV02384,H030,D031,2025-07-15,Preventive Maintenance,Preventive Maintenance,High,2.8,2,Out of Warranty,11167.86,Resolved,4
SV02385,H033,D026,2025-03-24,Installation,Calibration Issue,Low,6.1,3,Out of Warranty,10232.4,Resolved,5
SV02386,H006,D036,2026-02-04,Corrective Maintenance,Display Issue,Critical,39.6,18,Under Warranty,5925.34,Resolved,3
SV02387,H055,D004,2025-05-12,Preventive Maintenance,Sensor/Probe Issue,Medium,3.4,2,Out of Warranty,7000.6,Resolved,5
SV02388,H044,D028,2026-04-04,Corrective Maintenance,Software Error,Medium,14.4,3,Out of Warranty,12825.37,Resolved,4
SV02389,H002,D003,2026-01-18,Corrective Maintenance,Software Error,Medium,5.1,1,Out of Warranty,27549.4,Resolved,4
SV02390,H003,D006,2024-10-20,Preventive Maintenance,Sensor/Probe Issue,Medium,3.9,7,Under Warranty,5052.4,Resolved,5
SV02391,H010,D020,2025-07-15,Corrective Maintenance,Battery Issue,High,5.3,6,Out of Warranty,15705.45,Resolved,4
SV02392,H043,D051,2025-02-07,Installation,Battery Issue,High,3.7,3,Out of Warranty,22606.33,Resolved,4
SV02393,H085,D043,2024-09-24,Corrective Maintenance,Image Quality,Medium,8.9,2,Out of Warranty,28353.37,Resolved,4
SV02394,H091,D023,2024-09-17,Preventive Maintenance,Power Failure,Medium,5.5,3,Under Warranty,5837.43,Resolved,4
SV02395,H077,D042,2025-12-13,Preventive Maintenance,Sensor/Probe Issue,Medium,7.1,2,Under Warranty,4942.47,Resolved,5
SV02396,H090,D041,2024-09-27,Corrective Maintenance,Mechanical Issue,High,21.9,4,Under Warranty,15968.8,Resolved,3
SV02397,H013,D007,2025-01-12,Preventive Maintenance,Calibration Issue,High,10.2,1,Out of Warranty,10322.06,Resolved,4
SV02398,H100,D035,2026-06-29,Preventive Maintenance,Calibration Issue,High,11.7,3,Out of Warranty,15806.62,Resolved,5
SV02399,H037,D013,2024-03-08,Preventive Maintenance,Image Quality,Medium,1.6,2,Under Warranty,5664.37,Resolved,5
SV02400,H075,D028,2025-01-23,Corrective Maintenance,Battery Issue,Medium,10.6,2,Under Warranty,5516.9,Resolved,4
SV02401,H022,D055,2024-11-01,Corrective Maintenance,Sensor/Probe Issue,High,5.2,2,Out of Warranty,34883.98,Resolved,5
SV02402,H039,D039,2024-11-05,Corrective Maintenance,Battery Issue,Low,4.8,2,Out of Warranty,36130.53,Resolved,4
SV02403,H009,D060,2024-08-30,Corrective Maintenance,Sensor/Probe Issue,Medium,2.5,2,Out of Warranty,29795.74,Resolved,4
SV02404,H067,D049,2026-09-29,Corrective Maintenance,Connectivity,High,5.8,4,Out of Warranty,10740.11,Resolved,5
SV02405,H021,D016,2026-01-31,Corrective Maintenance,Preventive Maintenance,High,8.9,8,Out of Warranty,31639.38,Resolved,3
SV02406,H002,D008,2024-10-05,Corrective Maintenance,Image Quality,Medium,4.4,1,Out of Warranty,9958.9,Resolved,4
SV02407,H029,D047,2024-04-26,Installation,Sensor/Probe Issue,Medium,4.5,3,Under Warranty,4713.3,Resolved,5
SV02408,H011,D020,2024-05-29,Corrective Maintenance,Power Failure,Medium,7.9,2,Under Warranty,19277.56,Resolved,5
SV02409,H086,D029,2024-02-27,Corrective Maintenance,Calibration Issue,Medium,9.0,1,Under Warranty,16106.95,Resolved,5
SV02410,H013,D022,2025-04-23,Preventive Maintenance,Battery Issue,Critical,31.5,3,Under Warranty,2490.56,Resolved,4
SV02411,H075,D051,2026-02-05,Corrective Maintenance,Sensor/Probe Issue,High,6.9,4,Out of Warranty,35409.27,Resolved,4
SV02412,H053,D022,2024-09-19,Corrective Maintenance,Software Error,High,8.3,5,Under Warranty,5241.79,Resolved,4
SV02413,H071,D007,2024-11-01,Corrective Maintenance,Calibration Issue,Medium,21.5,2,Under Warranty,17664.53,Resolved,5
SV02414,H034,D006,2026-08-10,Corrective Maintenance,Image Quality,Low,3.3,3,Under Warranty,14102.05,Resolved,4
SV02415,H007,D007,2024-06-18,Installation,Connectivity,Medium,4.5,1,Out of Warranty,11978.8,Resolved,5
SV02416,H027,D026,2026-06-14,Corrective Maintenance,Image Quality,High,15.6,2,Under Warranty,10592.47,Resolved,4
SV02417,H080,D037,2026-03-17,Corrective Maintenance,Software Error,High,15.7,2,Out of Warranty,15242.7,Resolved,4
SV02418,H038,D026,2026-05-05,Corrective Maintenance,Image Quality,Low,9.8,5,Out of Warranty,16988.11,Resolved,4
SV02419,H075,D011,2025-04-12,Preventive Maintenance,Power Failure,High,11.3,6,Under Warranty,2181.18,Resolved,5
SV02420,H098,D039,2024-12-01,Corrective Maintenance,Software Error,Medium,15.0,6,Out of Warranty,25332.58,Resolved,4
SV02421,H054,D009,2025-01-04,Installation,Sensor/Probe Issue,Medium,6.0,1,Under Warranty,5881.62,Resolved,5
SV02422,H076,D014,2025-10-28,Corrective Maintenance,Preventive Maintenance,Medium,1.7,2,Under Warranty,17870.28,Resolved,5
SV02423,H035,D003,2024-12-23,Corrective Maintenance,Preventive Maintenance,Medium,6.6,6,Out of Warranty,25355.4,Resolved,4
SV02424,H078,D004,2024-02-05,Corrective Maintenance,Connectivity,Medium,5.1,3,Out of Warranty,9570.37,Resolved,4
SV02425,H081,D046,2025-09-11,Corrective Maintenance,Power Failure,Medium,19.8,4,Under Warranty,6626.24,Resolved,4
SV02426,H037,D024,2024-10-05,Preventive Maintenance,Calibration Issue,Low,9.8,4,Under Warranty,4209.99,Resolved,4
SV02427,H069,D057,2026-09-15,Corrective Maintenance,Power Failure,Critical,1.5,1,Under Warranty,13400.58,Resolved,4
SV02428,H051,D047,2024-10-11,Preventive Maintenance,Software Error,Medium,4.7,2,Under Warranty,6499.73,Resolved,5
SV02429,H001,D043,2026-07-16,Corrective Maintenance,Mechanical Issue,Low,3.1,1,Under Warranty,13798.31,Resolved,5
SV02430,H026,D014,2025-08-23,Preventive Maintenance,Mechanical Issue,Medium,17.2,5,Out of Warranty,11264.43,Resolved,4
SV02431,H020,D026,2024-07-10,Corrective Maintenance,Software Error,High,13.6,6,Under Warranty,16260.64,Resolved,4
SV02432,H058,D017,2025-11-30,Preventive Maintenance,Display Issue,Medium,12.9,3,Out of Warranty,13997.5,Resolved,4
SV02433,H077,D046,2024-11-07,Corrective Maintenance,Mechanical Issue,High,10.1,4,Out of Warranty,24064.81,Resolved,4
SV02434,H098,D014,2025-08-28,Corrective Maintenance,Image Quality,Medium,2.4,3,Under Warranty,16149.05,Resolved,4
SV02435,H062,D057,2026-08-31,Preventive Maintenance,Calibration Issue,High,3.9,3,Under Warranty,6134.83,Resolved,4
SV02436,H084,D005,2025-01-27,Preventive Maintenance,Image Quality,Low,6.8,3,Out of Warranty,6325.76,Resolved,4
SV02437,H047,D058,2025-10-14,Installation,Power Failure,Low,0.7,3,Under Warranty,7081.31,Resolved,4
SV02438,H085,D011,2025-06-02,Installation,Sensor/Probe Issue,Low,5.0,2,Under Warranty,12224.96,Resolved,4
SV02439,H081,D042,2026-05-18,Corrective Maintenance,Power Failure,Medium,7.7,3,Out of Warranty,37565.58,Resolved,4
SV02440,H025,D039,2024-01-08,Corrective Maintenance,Connectivity,High,16.9,9,Out of Warranty,35068.26,Resolved,3
SV02441,H001,D016,2024-06-05,Preventive Maintenance,Connectivity,Medium,7.6,2,Under Warranty,5836.77,Resolved,5
SV02442,H048,D002,2025-05-23,Corrective Maintenance,Image Quality,Critical,19.2,2,Out of Warranty,33363.92,Resolved,4
SV02443,H006,D037,2025-06-21,Corrective Maintenance,Power Failure,Medium,9.1,1,Out of Warranty,33994.78,Resolved,5
SV02444,H046,D057,2025-01-31,Corrective Maintenance,Software Error,Medium,17.3,3,Under Warranty,20538.51,Resolved,5
SV02445,H031,D026,2024-09-14,Preventive Maintenance,Connectivity,High,17.1,2,Under Warranty,4982.97,Resolved,5
SV02446,H064,D020,2026-01-10,Preventive Maintenance,Sensor/Probe Issue,Medium,5.8,7,Under Warranty,6262.47,Resolved,3
SV02447,H018,D044,2025-09-02,Corrective Maintenance,Calibration Issue,Low,7.9,2,Out of Warranty,34647.2,Resolved,5
SV02448,H015,D031,2024-06-13,Installation,Calibration Issue,Low,5.1,3,Under Warranty,5452.41,Resolved,4
SV02449,H002,D012,2026-04-13,Installation,Software Error,Medium,3.9,2,Out of Warranty,17037.23,Resolved,5
SV02450,H084,D020,2025-02-11,Corrective Maintenance,Sensor/Probe Issue,Medium,10.6,1,Out of Warranty,11757.14,Resolved,4
SV02451,H001,D053,2024-03-17,Preventive Maintenance,Battery Issue,Low,6.7,1,Out of Warranty,4767.82,Resolved,4
SV02452,H022,D025,2025-08-13,Corrective Maintenance,Battery Issue,Medium,9.8,2,Under Warranty,15419.0,Resolved,5
SV02453,H026,D058,2025-11-22,Corrective Maintenance,Sensor/Probe Issue,Medium,8.2,1,Under Warranty,18035.17,Resolved,5
SV02454,H028,D030,2024-12-24,Corrective Maintenance,Image Quality,Medium,10.7,1,Under Warranty,15417.13,Resolved,4
SV02455,H025,D054,2025-02-08,Corrective Maintenance,Software Error,Low,1.8,2,Out of Warranty,30171.27,Resolved,4
SV02456,H012,D014,2024-02-05,Preventive Maintenance,Image Quality,High,34.7,10,Under Warranty,6665.32,Resolved,3
SV02457,H059,D059,2024-01-25,Preventive Maintenance,Sensor/Probe Issue,Low,2.1,1,Out of Warranty,8431.75,Resolved,5
SV02458,H008,D058,2026-03-21,Preventive Maintenance,Sensor/Probe Issue,High,13.1,9,Out of Warranty,14207.58,Resolved,4
SV02459,H016,D046,2026-05-28,Corrective Maintenance,Software Error,Medium,6.5,2,Under Warranty,18312.4,Resolved,5
SV02460,H012,D059,2024-11-19,Preventive Maintenance,Image Quality,Medium,2.6,1,Out of Warranty,15931.98,Resolved,5
SV02461,H061,D032,2026-05-23,Corrective Maintenance,Connectivity,Medium,4.3,1,Under Warranty,18815.5,Resolved,5
SV02462,H092,D040,2024-09-06,Preventive Maintenance,Connectivity,High,12.0,6,Under Warranty,6057.19,Resolved,4
SV02463,H063,D037,2025-01-16,Preventive Maintenance,Image Quality,Medium,10.6,4,Under Warranty,4125.99,Resolved,4
SV02464,H062,D002,2026-09-28,Preventive Maintenance,Software Error,High,8.6,1,Under Warranty,6557.22,Resolved,5
SV02465,H052,D050,2024-06-26,Corrective Maintenance,Software Error,High,12.0,1,Out of Warranty,31451.4,Resolved,4
SV02466,H016,D038,2025-06-29,Corrective Maintenance,Preventive Maintenance,High,23.2,2,Out of Warranty,26587.68,Resolved,3
SV02467,H071,D057,2025-05-01,Preventive Maintenance,Mechanical Issue,Critical,29.3,4,Under Warranty,3600.01,Resolved,4
SV02468,H027,D052,2024-05-21,Corrective Maintenance,Battery Issue,Medium,11.3,2,Out of Warranty,21596.73,Resolved,4
SV02469,H065,D024,2024-03-06,Installation,Software Error,Low,13.5,2,Out of Warranty,25789.01,Resolved,4
SV02470,H012,D029,2024-12-26,Corrective Maintenance,Preventive Maintenance,Medium,4.0,5,Out of Warranty,25452.91,Resolved,4
SV02471,H025,D029,2025-06-10,Preventive Maintenance,Software Error,Low,8.0,5,Under Warranty,6450.64,Resolved,5
SV02472,H075,D043,2026-07-07,Preventive Maintenance,Sensor/Probe Issue,High,12.3,5,Out of Warranty,14839.93,Resolved,4
SV02473,H087,D047,2026-03-01,Corrective Maintenance,Software Error,Medium,8.7,3,Under Warranty,16873.14,Resolved,4
SV02474,H028,D030,2024-10-09,Corrective Maintenance,Image Quality,Medium,5.0,2,Out of Warranty,21651.09,Resolved,5
SV02475,H011,D007,2026-09-16,Corrective Maintenance,Sensor/Probe Issue,High,4.2,7,Out of Warranty,14274.95,Resolved,5
SV02476,H065,D033,2026-09-16,Corrective Maintenance,Software Error,Critical,19.3,6,Under Warranty,7539.75,Resolved,4
SV02477,H074,D040,2024-05-07,Corrective Maintenance,Battery Issue,High,17.9,1,Out of Warranty,15562.23,Resolved,5
SV02478,H090,D038,2026-02-01,Corrective Maintenance,Mechanical Issue,High,6.0,4,Out of Warranty,29806.94,Resolved,5
SV02479,H074,D044,2026-07-11,Corrective Maintenance,Preventive Maintenance,Medium,3.5,1,Out of Warranty,38730.5,Resolved,5
SV02480,H100,D021,2025-06-24,Preventive Maintenance,Display Issue,Medium,11.5,2,Out of Warranty,16138.95,Resolved,4
SV02481,H080,D013,2026-09-04,Preventive Maintenance,Display Issue,Critical,9.3,7,Under Warranty,5462.83,Resolved,4
SV02482,H091,D003,2026-07-17,Corrective Maintenance,Sensor/Probe Issue,Medium,8.1,1,Out of Warranty,38165.45,Resolved,5
SV02483,H091,D060,2024-04-25,Corrective Maintenance,Sensor/Probe Issue,High,5.8,5,Out of Warranty,11959.51,Resolved,4
SV02484,H074,D059,2025-05-07,Preventive Maintenance,Connectivity,Low,6.9,2,Out of Warranty,6806.45,Resolved,4
SV02485,H040,D009,2025-11-16,Preventive Maintenance,Sensor/Probe Issue,High,4.4,1,Under Warranty,7067.35,Resolved,5
SV02486,H070,D058,2025-11-14,Corrective Maintenance,Sensor/Probe Issue,Medium,11.2,3,Out of Warranty,9493.26,Resolved,5
SV02487,H037,D036,2024-03-12,Corrective Maintenance,Display Issue,Medium,14.0,3,Under Warranty,14058.57,Resolved,4
SV02488,H041,D045,2025-04-18,Corrective Maintenance,Battery Issue,High,15.1,11,Under Warranty,10319.31,Resolved,2
SV02489,H098,D019,2025-05-23,Installation,Connectivity,High,6.9,3,Under Warranty,5374.7,Resolved,5
SV02490,H096,D056,2025-07-02,Preventive Maintenance,Power Failure,Medium,5.9,3,Under Warranty,2334.47,Resolved,4
SV02491,H089,D059,2024-11-19,Corrective Maintenance,Sensor/Probe Issue,Medium,3.2,1,Under Warranty,17378.85,Resolved,4
SV02492,H003,D001,2024-09-29,Corrective Maintenance,Connectivity,Medium,9.6,2,Under Warranty,19414.27,Resolved,4
SV02493,H085,D007,2024-04-28,Preventive Maintenance,Image Quality,High,4.9,4,Under Warranty,4049.66,Resolved,4
SV02494,H056,D059,2025-06-05,Corrective Maintenance,Power Failure,Low,0.5,1,Under Warranty,13139.94,Resolved,5
SV02495,H012,D026,2025-03-18,Corrective Maintenance,Power Failure,Medium,9.6,4,Under Warranty,19218.64,Pending,4
SV02496,H056,D003,2026-05-02,Preventive Maintenance,Power Failure,High,10.0,2,Under Warranty,2645.98,Resolved,4
SV02497,H094,D052,2024-11-28,Preventive Maintenance,Mechanical Issue,High,16.4,4,Out of Warranty,12095.69,Resolved,4
SV02498,H040,D059,2025-05-07,Corrective Maintenance,Image Quality,Medium,7.1,3,Out of Warranty,25303.13,Resolved,5
SV02499,H059,D028,2024-10-31,Preventive Maintenance,Display Issue,High,10.3,6,Under Warranty,7367.62,Resolved,4
SV02500,H036,D041,2024-09-05,Preventive Maintenance,Image Quality,High,15.5,2,Under Warranty,6155.34,Resolved,4
SV02501,H015,D028,2025-06-07,Preventive Maintenance,Display Issue,Medium,9.9,3,Out of Warranty,10191.54,Resolved,5
SV02502,H049,D014,2024-05-15,Corrective Maintenance,Sensor/Probe Issue,Low,0.9,2,Under Warranty,10942.22,Resolved,4
SV02503,H035,D056,2025-01-18,Preventive Maintenance,Preventive Maintenance,High,22.1,14,Out of Warranty,12835.7,Resolved,3
SV02504,H095,D003,2024-10-13,Corrective Maintenance,Preventive Maintenance,Medium,19.9,1,Out of Warranty,18978.31,Resolved,5
SV02505,H071,D009,2024-06-12,Corrective Maintenance,Preventive Maintenance,Medium,10.3,3,Under Warranty,16771.81,Resolved,4
SV02506,H081,D007,2026-06-19,Preventive Maintenance,Display Issue,Critical,28.4,3,Under Warranty,8321.53,Resolved,4
SV02507,H093,D001,2026-04-05,Preventive Maintenance,Battery Issue,High,5.1,10,Under Warranty,5958.75,Resolved,3
SV02508,H088,D015,2025-04-27,Corrective Maintenance,Calibration Issue,Low,2.9,3,Out of Warranty,12741.66,Resolved,5
SV02509,H071,D059,2024-08-01,Corrective Maintenance,Calibration Issue,Medium,2.3,4,Under Warranty,16185.52,Resolved,4
SV02510,H097,D059,2025-08-04,Installation,Mechanical Issue,Medium,6.4,5,Under Warranty,10755.93,Resolved,4
SV02511,H062,D018,2025-10-10,Preventive Maintenance,Preventive Maintenance,Medium,1.9,3,Out of Warranty,10120.92,Resolved,5
SV02512,H058,D036,2026-04-16,Corrective Maintenance,Connectivity,Medium,14.0,5,Under Warranty,12039.65,Resolved,4
SV02513,H057,D005,2026-07-29,Preventive Maintenance,Preventive Maintenance,Low,4.7,1,Out of Warranty,7990.31,Pending,5
SV02514,H004,D042,2025-12-13,Corrective Maintenance,Power Failure,Medium,14.4,2,Out of Warranty,20489.21,Resolved,5
SV02515,H011,D043,2024-06-29,Preventive Maintenance,Preventive Maintenance,Low,5.9,3,Under Warranty,5538.68,Resolved,4
SV02516,H081,D039,2025-10-12,Preventive Maintenance,Image Quality,Medium,6.1,3,Under Warranty,6026.45,Pending,5
SV02517,H071,D007,2026-01-04,Corrective Maintenance,Preventive Maintenance,Medium,4.1,3,Under Warranty,7169.57,Resolved,5
SV02518,H038,D044,2026-05-26,Corrective Maintenance,Sensor/Probe Issue,Medium,9.4,2,Under Warranty,10997.57,Resolved,4
SV02519,H055,D001,2026-03-17,Corrective Maintenance,Sensor/Probe Issue,High,9.0,2,Under Warranty,15874.57,Resolved,5
SV02520,H030,D052,2024-05-06,Corrective Maintenance,Mechanical Issue,Medium,3.3,1,Under Warranty,9965.95,Resolved,4
SV02521,H058,D058,2025-10-02,Preventive Maintenance,Power Failure,High,22.9,3,Out of Warranty,11294.84,Resolved,4
SV02522,H047,D034,2025-03-11,Preventive Maintenance,Power Failure,Medium,7.6,6,Out of Warranty,14253.48,Resolved,4
SV02523,H035,D040,2024-01-13,Corrective Maintenance,Image Quality,Critical,10.0,6,Under Warranty,11527.98,Resolved,4
SV02524,H040,D030,2024-01-16,Preventive Maintenance,Battery Issue,Low,12.9,2,Under Warranty,5642.45,Resolved,5
SV02525,H015,D039,2026-08-03,Corrective Maintenance,Mechanical Issue,Medium,4.7,4,Out of Warranty,24366.34,Resolved,4
SV02526,H021,D035,2024-09-15,Preventive Maintenance,Preventive Maintenance,Medium,10.8,3,Under Warranty,4310.63,Resolved,4
SV02527,H074,D060,2025-08-12,Corrective Maintenance,Preventive Maintenance,Low,4.8,1,Out of Warranty,23686.51,Resolved,5
SV02528,H002,D039,2025-10-14,Corrective Maintenance,Sensor/Probe Issue,Medium,4.8,4,Under Warranty,11376.46,Resolved,5
SV02529,H089,D039,2026-07-16,Preventive Maintenance,Display Issue,High,11.4,2,Under Warranty,5651.2,Resolved,4
SV02530,H013,D044,2026-05-17,Installation,Software Error,High,10.2,5,Out of Warranty,16852.05,Pending,4
SV02531,H099,D030,2025-11-07,Preventive Maintenance,Display Issue,High,27.5,2,Out of Warranty,9849.1,Resolved,3
SV02532,H098,D043,2025-08-10,Preventive Maintenance,Image Quality,Medium,3.4,1,Out of Warranty,6447.16,Resolved,5
SV02533,H034,D004,2025-03-09,Installation,Calibration Issue,Medium,1.1,3,Under Warranty,6918.27,Resolved,4
SV02534,H075,D007,2024-07-09,Preventive Maintenance,Image Quality,High,4.2,11,Under Warranty,8090.68,Resolved,4
SV02535,H050,D030,2025-04-10,Installation,Calibration Issue,High,10.6,4,Under Warranty,3885.8,Resolved,5
SV02536,H031,D043,2024-12-31,Preventive Maintenance,Image Quality,Medium,0.5,2,Under Warranty,8710.73,Resolved,5
SV02537,H093,D002,2025-08-22,Installation,Image Quality,High,9.1,5,Under Warranty,11944.7,Resolved,4
SV02538,H078,D010,2026-01-25,Preventive Maintenance,Software Error,Medium,28.1,2,Under Warranty,6309.96,Pending,4
SV02539,H060,D012,2024-03-25,Preventive Maintenance,Preventive Maintenance,Low,15.5,2,Under Warranty,8161.63,Pending,4
SV02540,H079,D060,2025-02-05,Preventive Maintenance,Connectivity,Medium,9.4,2,Under Warranty,4219.88,Resolved,5
SV02541,H060,D019,2024-05-03,Preventive Maintenance,Sensor/Probe Issue,Medium,15.3,1,Out of Warranty,9408.88,Resolved,4
SV02542,H062,D034,2024-09-07,Corrective Maintenance,Software Error,Medium,13.7,1,Under Warranty,18264.48,Resolved,5
SV02543,H048,D057,2025-07-20,Corrective Maintenance,Sensor/Probe Issue,High,8.3,3,Under Warranty,9027.41,Resolved,4
SV02544,H063,D014,2026-03-26,Corrective Maintenance,Battery Issue,High,5.5,3,Out of Warranty,13176.73,Resolved,5
SV02545,H053,D047,2024-02-07,Corrective Maintenance,Software Error,Medium,5.6,5,Under Warranty,16655.83,Pending,5
SV02546,H043,D048,2024-10-09,Corrective Maintenance,Image Quality,Low,5.0,2,Out of Warranty,16651.69,Resolved,4
SV02547,H018,D056,2026-03-29,Preventive Maintenance,Preventive Maintenance,Low,1.7,1,Under Warranty,7666.37,Resolved,5
SV02548,H078,D055,2025-10-14,Installation,Image Quality,Medium,3.4,2,Out of Warranty,16812.07,Resolved,5
SV02549,H019,D027,2026-05-11,Corrective Maintenance,Connectivity,Medium,5.0,1,Out of Warranty,34584.18,Resolved,5
SV02550,H015,D047,2025-01-21,Preventive Maintenance,Preventive Maintenance,High,26.3,4,Out of Warranty,9606.16,Resolved,4
SV02551,H002,D007,2024-11-20,Preventive Maintenance,Sensor/Probe Issue,Critical,5.0,4,Out of Warranty,7842.45,Resolved,5
SV02552,H008,D029,2026-08-14,Corrective Maintenance,Calibration Issue,Low,3.3,3,Out of Warranty,36887.82,Resolved,5
SV02553,H082,D013,2026-04-11,Corrective Maintenance,Software Error,Medium,7.1,4,Out of Warranty,12436.11,Resolved,4
SV02554,H030,D022,2024-03-09,Preventive Maintenance,Calibration Issue,High,21.9,6,Out of Warranty,12239.3,Resolved,4
SV02555,H021,D031,2025-11-24,Preventive Maintenance,Sensor/Probe Issue,High,9.9,9,Under Warranty,6646.21,Resolved,3
SV02556,H022,D054,2025-11-30,Corrective Maintenance,Sensor/Probe Issue,High,3.7,3,Out of Warranty,23911.8,Resolved,5
SV02557,H058,D038,2026-01-09,Preventive Maintenance,Battery Issue,Low,0.6,4,Out of Warranty,8062.68,Resolved,4
SV02558,H009,D013,2025-12-11,Corrective Maintenance,Sensor/Probe Issue,High,17.9,2,Out of Warranty,34028.2,Resolved,4
SV02559,H053,D043,2025-10-31,Preventive Maintenance,Software Error,Medium,9.1,3,Out of Warranty,4539.64,Resolved,5
SV02560,H079,D045,2024-03-23,Preventive Maintenance,Mechanical Issue,Low,2.4,2,Out of Warranty,5702.47,Resolved,4
SV02561,H022,D058,2025-05-01,Preventive Maintenance,Image Quality,Medium,7.0,7,Under Warranty,4692.95,Resolved,4
SV02562,H069,D014,2026-04-25,Corrective Maintenance,Image Quality,High,11.8,6,Out of Warranty,25273.5,Resolved,4
SV02563,H085,D059,2025-08-09,Preventive Maintenance,Preventive Maintenance,Medium,1.8,4,Out of Warranty,5347.57,Resolved,4
SV02564,H036,D008,2025-04-25,Corrective Maintenance,Preventive Maintenance,Medium,14.1,2,Out of Warranty,19923.13,Resolved,4
SV02565,H034,D050,2025-07-18,Corrective Maintenance,Display Issue,Low,1.6,1,Out of Warranty,37938.77,Resolved,4
SV02566,H090,D041,2026-04-12,Corrective Maintenance,Software Error,High,3.5,11,Under Warranty,9767.52,Resolved,4
SV02567,H006,D054,2024-07-01,Preventive Maintenance,Display Issue,Medium,4.9,2,Under Warranty,3533.89,Resolved,4
SV02568,H016,D012,2024-07-28,Corrective Maintenance,Power Failure,Medium,0.5,1,Under Warranty,6256.16,Resolved,5
SV02569,H089,D013,2025-09-20,Corrective Maintenance,Mechanical Issue,Critical,5.2,5,Under Warranty,7719.94,Resolved,4
SV02570,H021,D027,2026-02-08,Corrective Maintenance,Mechanical Issue,Medium,7.8,3,Under Warranty,16894.05,Resolved,4
SV02571,H074,D020,2026-09-22,Corrective Maintenance,Image Quality,Medium,9.3,2,Under Warranty,7335.56,Resolved,5
SV02572,H062,D058,2025-07-01,Corrective Maintenance,Mechanical Issue,Medium,8.5,2,Out of Warranty,23497.03,Resolved,5
SV02573,H032,D001,2026-03-02,Corrective Maintenance,Software Error,High,1.7,4,Out of Warranty,27625.39,Resolved,4
SV02574,H038,D020,2024-08-15,Corrective Maintenance,Image Quality,Low,5.8,4,Under Warranty,11176.49,Resolved,5
SV02575,H075,D030,2025-06-23,Preventive Maintenance,Software Error,Medium,12.0,4,Under Warranty,4341.54,Resolved,5
SV02576,H074,D059,2025-05-27,Corrective Maintenance,Image Quality,Medium,7.5,7,Out of Warranty,17097.4,Resolved,4
SV02577,H037,D009,2026-09-15,Corrective Maintenance,Software Error,Medium,24.9,3,Under Warranty,18627.22,Resolved,4
SV02578,H016,D029,2025-02-15,Installation,Software Error,Medium,7.3,1,Under Warranty,4562.83,Resolved,5
SV02579,H053,D057,2026-04-29,Corrective Maintenance,Power Failure,Low,6.3,1,Under Warranty,6184.02,Resolved,4
SV02580,H076,D038,2026-03-24,Preventive Maintenance,Sensor/Probe Issue,High,6.1,1,Under Warranty,7847.3,Resolved,4
SV02581,H016,D005,2026-09-17,Installation,Image Quality,Low,22.5,2,Out of Warranty,10416.05,Resolved,4
SV02582,H085,D045,2024-03-10,Preventive Maintenance,Power Failure,High,13.8,3,Out of Warranty,4836.03,Resolved,5
SV02583,H051,D051,2025-12-19,Preventive Maintenance,Sensor/Probe Issue,Medium,10.6,3,Under Warranty,6705.58,Resolved,4
SV02584,H086,D006,2026-02-07,Preventive Maintenance,Connectivity,Medium,10.7,5,Out of Warranty,9265.26,Resolved,5
SV02585,H093,D024,2024-09-12,Corrective Maintenance,Image Quality,Medium,0.8,1,Under Warranty,14208.08,Resolved,5
SV02586,H035,D036,2024-05-27,Corrective Maintenance,Sensor/Probe Issue,High,13.0,3,Under Warranty,10310.6,Resolved,4
SV02587,H030,D033,2026-01-09,Corrective Maintenance,Sensor/Probe Issue,High,8.8,1,Under Warranty,14898.01,Resolved,5
SV02588,H036,D050,2026-05-31,Corrective Maintenance,Preventive Maintenance,Medium,7.8,3,Out of Warranty,33381.11,Resolved,4
SV02589,H060,D046,2024-04-22,Corrective Maintenance,Display Issue,High,8.6,9,Under Warranty,10513.72,Resolved,4
SV02590,H044,D053,2026-07-25,Preventive Maintenance,Mechanical Issue,Medium,7.3,4,Out of Warranty,16127.92,Resolved,4
SV02591,H010,D048,2026-02-11,Preventive Maintenance,Display Issue,Critical,2.9,5,Out of Warranty,5610.89,Resolved,5
SV02592,H090,D015,2025-08-08,Corrective Maintenance,Battery Issue,Medium,5.4,2,Under Warranty,15136.95,Resolved,4
SV02593,H039,D029,2025-04-07,Installation,Sensor/Probe Issue,Low,19.2,8,Under Warranty,9861.93,Resolved,4
SV02594,H077,D039,2024-10-16,Corrective Maintenance,Power Failure,High,5.8,2,Under Warranty,19289.97,Resolved,4
SV02595,H073,D038,2024-01-07,Preventive Maintenance,Calibration Issue,High,10.2,2,Out of Warranty,10109.16,Resolved,4
SV02596,H034,D033,2026-04-10,Installation,Connectivity,Medium,5.3,2,Out of Warranty,16760.6,Resolved,5
SV02597,H013,D028,2025-04-09,Preventive Maintenance,Calibration Issue,Medium,14.0,2,Out of Warranty,4185.96,Resolved,4
SV02598,H091,D005,2024-04-01,Installation,Battery Issue,High,13.9,5,Out of Warranty,9921.13,Resolved,4
SV02599,H028,D053,2026-08-29,Corrective Maintenance,Battery Issue,High,12.9,2,Under Warranty,10414.7,Resolved,4
SV02600,H084,D048,2026-07-28,Preventive Maintenance,Software Error,High,15.7,4,Under Warranty,4394.88,Resolved,4
SV02601,H092,D023,2024-03-02,Installation,Preventive Maintenance,High,10.3,1,Out of Warranty,19583.72,Resolved,4
SV02602,H060,D047,2025-07-27,Corrective Maintenance,Battery Issue,Medium,17.0,3,Out of Warranty,17057.55,Pending,4
SV02603,H027,D060,2026-09-17,Corrective Maintenance,Battery Issue,Medium,12.6,1,Out of Warranty,29794.7,Resolved,4
SV02604,H018,D025,2024-02-21,Preventive Maintenance,Software Error,Medium,11.6,3,Under Warranty,2922.24,Resolved,5
SV02605,H056,D037,2024-02-10,Corrective Maintenance,Connectivity,High,9.5,2,Out of Warranty,20677.27,Resolved,4
SV02606,H014,D028,2025-07-05,Corrective Maintenance,Calibration Issue,High,5.1,1,Under Warranty,18006.69,Resolved,5
SV02607,H065,D015,2026-05-19,Preventive Maintenance,Connectivity,High,21.5,1,Out of Warranty,9602.07,Resolved,5
SV02608,H014,D007,2024-05-16,Preventive Maintenance,Software Error,Critical,19.9,6,Out of Warranty,4235.06,Resolved,4
SV02609,H070,D034,2024-06-01,Corrective Maintenance,Image Quality,Medium,20.8,2,Under Warranty,12694.75,Resolved,4
SV02610,H048,D042,2025-07-17,Preventive Maintenance,Image Quality,High,22.6,5,Under Warranty,3022.13,Resolved,4
SV02611,H019,D051,2024-07-07,Corrective Maintenance,Preventive Maintenance,High,5.5,4,Under Warranty,12460.72,Resolved,5
SV02612,H036,D019,2025-10-08,Preventive Maintenance,Mechanical Issue,Medium,5.2,2,Out of Warranty,6083.38,Resolved,4
SV02613,H014,D052,2024-12-02,Corrective Maintenance,Display Issue,Medium,17.2,12,Under Warranty,17477.62,Resolved,3
SV02614,H042,D047,2024-07-05,Corrective Maintenance,Battery Issue,Critical,8.4,9,Under Warranty,17231.41,Resolved,4
SV02615,H002,D026,2026-05-25,Corrective Maintenance,Calibration Issue,Medium,4.6,2,Under Warranty,7275.8,Resolved,4
SV02616,H057,D021,2024-03-08,Preventive Maintenance,Calibration Issue,Medium,4.6,2,Under Warranty,3503.91,Resolved,4
SV02617,H094,D022,2025-08-01,Corrective Maintenance,Connectivity,Medium,4.1,1,Out of Warranty,17855.56,Resolved,5
SV02618,H043,D017,2024-01-20,Corrective Maintenance,Mechanical Issue,Medium,2.9,6,Under Warranty,13351.84,Resolved,4
SV02619,H080,D007,2025-02-26,Corrective Maintenance,Calibration Issue,Low,3.0,2,Out of Warranty,37552.29,Resolved,5
SV02620,H011,D008,2025-11-19,Corrective Maintenance,Preventive Maintenance,High,9.4,1,Out of Warranty,20446.68,Resolved,4
SV02621,H006,D059,2025-06-07,Corrective Maintenance,Image Quality,Low,15.8,2,Under Warranty,15618.63,Resolved,4
SV02622,H032,D058,2025-12-20,Installation,Sensor/Probe Issue,Medium,2.0,7,Out of Warranty,11295.02,Resolved,4
SV02623,H010,D019,2025-09-16,Corrective Maintenance,Calibration Issue,Medium,3.1,2,Under Warranty,12694.25,Resolved,4
SV02624,H002,D020,2025-08-16,Preventive Maintenance,Software Error,High,8.6,2,Under Warranty,6313.18,Resolved,4
SV02625,H022,D060,2026-05-27,Preventive Maintenance,Image Quality,Medium,11.0,1,Under Warranty,5214.39,Resolved,5
SV02626,H089,D053,2025-01-16,Corrective Maintenance,Sensor/Probe Issue,Low,5.8,2,Out of Warranty,26379.55,Resolved,4
SV02627,H009,D054,2025-12-20,Corrective Maintenance,Display Issue,Medium,3.3,2,Under Warranty,10198.47,Resolved,4
SV02628,H014,D010,2025-10-18,Corrective Maintenance,Sensor/Probe Issue,Critical,4.0,4,Under Warranty,12392.89,Resolved,4
SV02629,H097,D013,2025-02-26,Preventive Maintenance,Sensor/Probe Issue,Medium,4.3,2,Under Warranty,7992.97,Resolved,4
SV02630,H013,D028,2025-07-19,Preventive Maintenance,Preventive Maintenance,Low,1.2,3,Out of Warranty,11755.75,Resolved,5
SV02631,H099,D037,2024-09-07,Preventive Maintenance,Software Error,Medium,4.3,4,Under Warranty,4484.88,Resolved,4
SV02632,H024,D007,2024-06-10,Corrective Maintenance,Display Issue,Medium,0.6,2,Under Warranty,6250.57,Pending,5
SV02633,H012,D021,2026-02-06,Corrective Maintenance,Display Issue,High,5.8,3,Out of Warranty,24811.4,Resolved,4
SV02634,H067,D014,2024-09-24,Installation,Software Error,High,11.8,3,Out of Warranty,18778.44,Resolved,5
SV02635,H008,D042,2026-01-07,Corrective Maintenance,Software Error,Medium,18.8,3,Under Warranty,17456.99,Resolved,4
SV02636,H080,D029,2026-07-24,Corrective Maintenance,Software Error,Low,13.9,1,Out of Warranty,11730.31,Resolved,4
SV02637,H049,D026,2024-09-21,Corrective Maintenance,Display Issue,High,8.6,3,Under Warranty,13229.33,Resolved,5
SV02638,H082,D033,2026-03-03,Corrective Maintenance,Image Quality,Medium,4.5,4,Under Warranty,13771.42,Resolved,4
SV02639,H060,D030,2026-02-16,Corrective Maintenance,Software Error,Medium,2.8,3,Under Warranty,8424.0,Resolved,5
SV02640,H019,D055,2025-10-27,Preventive Maintenance,Calibration Issue,Medium,6.2,4,Out of Warranty,5256.05,Pending,4
SV02641,H059,D035,2026-06-14,Preventive Maintenance,Image Quality,High,3.7,4,Out of Warranty,12177.69,Resolved,4
SV02642,H037,D043,2025-01-20,Preventive Maintenance,Connectivity,Medium,2.8,11,Under Warranty,6369.45,Resolved,3
SV02643,H049,D060,2025-04-04,Preventive Maintenance,Preventive Maintenance,High,4.9,9,Out of Warranty,6284.06,Resolved,5
SV02644,H088,D058,2026-08-02,Preventive Maintenance,Battery Issue,High,17.2,5,Out of Warranty,14179.38,Resolved,4
SV02645,H003,D035,2026-06-12,Corrective Maintenance,Connectivity,High,7.0,2,Out of Warranty,32096.38,Resolved,4
SV02646,H003,D033,2024-12-18,Corrective Maintenance,Sensor/Probe Issue,High,10.3,2,Under Warranty,18505.04,Pending,4
SV02647,H082,D050,2026-06-02,Preventive Maintenance,Software Error,Medium,14.8,2,Out of Warranty,12701.84,Resolved,5
SV02648,H010,D013,2025-04-10,Corrective Maintenance,Software Error,Medium,2.2,2,Under Warranty,13960.61,Resolved,4
SV02649,H053,D038,2025-01-11,Preventive Maintenance,Preventive Maintenance,Medium,2.5,2,Under Warranty,7530.54,Pending,4
SV02650,H018,D058,2026-03-07,Preventive Maintenance,Mechanical Issue,Medium,5.9,11,Out of Warranty,12525.0,Resolved,4
SV02651,H091,D031,2024-08-13,Preventive Maintenance,Calibration Issue,Low,6.8,2,Under Warranty,5920.21,Resolved,4
SV02652,H075,D030,2024-02-19,Corrective Maintenance,Preventive Maintenance,Medium,15.4,2,Under Warranty,20526.28,Resolved,4
SV02653,H035,D026,2024-02-22,Corrective Maintenance,Preventive Maintenance,Medium,12.3,2,Out of Warranty,28352.61,Resolved,5
SV02654,H034,D056,2026-06-20,Corrective Maintenance,Battery Issue,Medium,6.2,2,Out of Warranty,11596.86,Resolved,5
SV02655,H022,D050,2025-07-10,Preventive Maintenance,Mechanical Issue,Low,7.3,2,Out of Warranty,9502.07,Resolved,5
SV02656,H011,D029,2026-04-23,Corrective Maintenance,Calibration Issue,Medium,5.4,6,Under Warranty,13463.37,Resolved,4
SV02657,H029,D005,2025-05-17,Corrective Maintenance,Mechanical Issue,Low,10.1,2,Under Warranty,18315.01,Resolved,4
SV02658,H034,D038,2024-03-29,Preventive Maintenance,Image Quality,Medium,28.3,6,Out of Warranty,14521.78,Resolved,4
SV02659,H080,D057,2026-06-12,Corrective Maintenance,Battery Issue,Medium,16.7,2,Under Warranty,17762.69,Resolved,4
SV02660,H027,D038,2026-07-20,Corrective Maintenance,Software Error,Critical,13.2,8,Under Warranty,8093.68,Resolved,4
SV02661,H041,D040,2024-04-11,Corrective Maintenance,Battery Issue,High,6.0,5,Out of Warranty,29872.74,Resolved,4
SV02662,H030,D056,2026-04-25,Corrective Maintenance,Power Failure,High,32.6,4,Out of Warranty,36686.87,Resolved,4
SV02663,H058,D011,2024-10-26,Installation,Preventive Maintenance,Medium,26.2,2,Out of Warranty,17247.23,Resolved,4
SV02664,H052,D013,2026-02-10,Corrective Maintenance,Display Issue,High,3.6,4,Out of Warranty,20257.79,Resolved,4
SV02665,H093,D051,2024-12-03,Corrective Maintenance,Connectivity,Medium,3.3,1,Under Warranty,14834.4,Resolved,5
SV02666,H031,D014,2026-08-04,Preventive Maintenance,Sensor/Probe Issue,Low,5.2,1,Out of Warranty,8055.75,Resolved,4
SV02667,H086,D058,2024-09-08,Corrective Maintenance,Power Failure,Medium,5.9,6,Out of Warranty,24134.98,Resolved,4
SV02668,H048,D025,2024-04-25,Preventive Maintenance,Sensor/Probe Issue,Medium,7.6,2,Under Warranty,3728.4,Resolved,4
SV02669,H020,D054,2024-10-15,Preventive Maintenance,Software Error,Medium,15.5,1,Under Warranty,3793.11,Resolved,4
SV02670,H045,D015,2025-07-22,Corrective Maintenance,Sensor/Probe Issue,Medium,6.9,1,Out of Warranty,11317.85,Resolved,4
SV02671,H084,D028,2025-01-10,Corrective Maintenance,Display Issue,Medium,9.2,5,Out of Warranty,11104.72,Resolved,4
SV02672,H046,D024,2025-04-12,Preventive Maintenance,Image Quality,Medium,2.1,2,Under Warranty,6935.53,Resolved,4
SV02673,H053,D022,2024-07-11,Preventive Maintenance,Connectivity,Medium,6.1,4,Under Warranty,4758.67,Resolved,4
SV02674,H090,D026,2025-11-12,Preventive Maintenance,Calibration Issue,Medium,4.4,2,Out of Warranty,12994.35,Resolved,4
SV02675,H056,D051,2024-09-23,Corrective Maintenance,Power Failure,Critical,5.6,1,Out of Warranty,19126.02,Resolved,5
SV02676,H084,D054,2025-12-03,Preventive Maintenance,Battery Issue,High,16.6,3,Under Warranty,7247.66,Resolved,4
SV02677,H100,D054,2026-05-24,Corrective Maintenance,Software Error,Medium,18.1,2,Under Warranty,6280.77,Resolved,4
SV02678,H054,D057,2025-01-15,Corrective Maintenance,Image Quality,Medium,1.8,2,Under Warranty,7394.23,Resolved,5
SV02679,H096,D011,2024-07-03,Corrective Maintenance,Connectivity,Low,3.8,1,Out of Warranty,38562.12,Resolved,5
SV02680,H017,D046,2024-07-23,Preventive Maintenance,Mechanical Issue,Medium,13.0,2,Out of Warranty,12045.07,Resolved,4
SV02681,H014,D050,2025-06-20,Preventive Maintenance,Battery Issue,High,11.9,2,Out of Warranty,8874.23,Resolved,4
SV02682,H018,D046,2025-01-29,Preventive Maintenance,Battery Issue,Medium,2.9,2,Out of Warranty,13402.18,Resolved,4
SV02683,H036,D057,2024-10-30,Corrective Maintenance,Battery Issue,High,11.7,4,Out of Warranty,12263.27,Resolved,5
SV02684,H085,D045,2025-06-17,Corrective Maintenance,Calibration Issue,High,20.8,4,Out of Warranty,17831.14,Resolved,3
SV02685,H083,D022,2024-01-22,Preventive Maintenance,Image Quality,Low,4.0,2,Under Warranty,3694.13,Resolved,5
SV02686,H071,D038,2026-01-12,Corrective Maintenance,Calibration Issue,High,6.6,1,Under Warranty,8628.99,Resolved,5
SV02687,H037,D010,2025-02-04,Corrective Maintenance,Image Quality,Low,1.6,2,Out of Warranty,13978.22,Resolved,4
SV02688,H054,D045,2025-12-10,Preventive Maintenance,Calibration Issue,High,17.5,3,Out of Warranty,10601.53,Resolved,4
SV02689,H008,D011,2024-09-16,Preventive Maintenance,Preventive Maintenance,Medium,7.9,2,Under Warranty,6249.24,Resolved,4
SV02690,H051,D031,2024-09-06,Corrective Maintenance,Battery Issue,Low,3.7,1,Under Warranty,18622.74,Resolved,5
SV02691,H010,D001,2025-01-13,Preventive Maintenance,Battery Issue,Medium,4.1,7,Under Warranty,2621.3,Resolved,4
SV02692,H063,D035,2025-12-22,Corrective Maintenance,Software Error,Low,5.7,1,Under Warranty,16218.94,Resolved,4
SV02693,H070,D003,2024-12-11,Preventive Maintenance,Preventive Maintenance,Medium,6.7,2,Under Warranty,2420.24,Resolved,5
SV02694,H036,D052,2024-10-15,Installation,Connectivity,Medium,14.7,1,Under Warranty,5583.92,Resolved,4
SV02695,H017,D011,2025-02-22,Corrective Maintenance,Power Failure,Medium,2.2,2,Out of Warranty,30710.43,Resolved,4
SV02696,H019,D030,2024-10-24,Preventive Maintenance,Power Failure,Low,3.8,4,Out of Warranty,5245.26,Resolved,4
SV02697,H086,D035,2024-06-24,Corrective Maintenance,Preventive Maintenance,High,10.3,5,Out of Warranty,36579.79,Resolved,5
SV02698,H047,D040,2024-12-15,Preventive Maintenance,Sensor/Probe Issue,Medium,6.9,2,Under Warranty,8643.49,Resolved,4
SV02699,H048,D043,2025-02-26,Installation,Calibration Issue,Medium,18.4,4,Under Warranty,11644.21,Resolved,5
SV02700,H006,D055,2025-05-04,Corrective Maintenance,Image Quality,High,7.7,6,Out of Warranty,25571.89,Resolved,4
SV02701,H015,D040,2025-07-29,Corrective Maintenance,Software Error,Medium,1.6,5,Out of Warranty,19016.39,Resolved,4
SV02702,H014,D050,2026-07-01,Preventive Maintenance,Calibration Issue,Critical,7.5,5,Out of Warranty,8824.01,Resolved,4
SV02703,H089,D055,2026-01-20,Corrective Maintenance,Connectivity,Medium,7.2,2,Out of Warranty,22210.09,Resolved,4
SV02704,H094,D022,2025-11-11,Corrective Maintenance,Preventive Maintenance,High,34.8,3,Under Warranty,8448.8,Resolved,4
SV02705,H001,D027,2025-05-31,Corrective Maintenance,Sensor/Probe Issue,Medium,19.8,2,Out of Warranty,30418.11,Resolved,4
SV02706,H092,D041,2024-03-08,Corrective Maintenance,Connectivity,High,7.6,8,Under Warranty,12770.3,Resolved,4
SV02707,H098,D058,2025-10-25,Installation,Battery Issue,Medium,13.6,8,Under Warranty,3718.9,Resolved,4
SV02708,H045,D013,2025-10-28,Corrective Maintenance,Mechanical Issue,Medium,10.8,3,Out of Warranty,22899.85,Resolved,4
SV02709,H099,D028,2026-08-09,Preventive Maintenance,Software Error,High,8.9,5,Under Warranty,8207.61,Resolved,4
SV02710,H008,D026,2024-12-29,Corrective Maintenance,Display Issue,Low,13.5,1,Out of Warranty,35663.89,Resolved,4
SV02711,H074,D025,2025-04-04,Corrective Maintenance,Image Quality,Medium,14.1,4,Out of Warranty,28751.71,Resolved,4
SV02712,H058,D053,2024-07-11,Preventive Maintenance,Power Failure,Medium,5.6,1,Under Warranty,2139.98,Pending,4
SV02713,H022,D017,2025-04-07,Corrective Maintenance,Power Failure,Low,3.7,2,Under Warranty,15821.93,Resolved,5
SV02714,H062,D002,2025-05-14,Corrective Maintenance,Display Issue,Medium,5.1,1,Under Warranty,8218.43,Resolved,4
SV02715,H086,D058,2026-05-21,Installation,Image Quality,Medium,2.2,1,Under Warranty,11573.44,Pending,5
SV02716,H001,D055,2026-01-16,Corrective Maintenance,Software Error,Medium,3.4,2,Out of Warranty,31275.81,Resolved,4
SV02717,H049,D014,2025-06-11,Corrective Maintenance,Power Failure,High,9.0,1,Under Warranty,9164.97,Resolved,5
SV02718,H094,D038,2025-06-23,Installation,Battery Issue,High,14.8,1,Out of Warranty,25563.12,Pending,4
SV02719,H062,D029,2026-03-11,Corrective Maintenance,Calibration Issue,High,11.0,4,Out of Warranty,31690.33,Resolved,4
SV02720,H052,D060,2024-05-12,Corrective Maintenance,Image Quality,Medium,4.4,1,Out of Warranty,35900.6,Pending,5
SV02721,H074,D002,2025-12-13,Corrective Maintenance,Image Quality,Critical,24.3,3,Out of Warranty,24622.58,Resolved,4
SV02722,H001,D040,2024-11-27,Corrective Maintenance,Battery Issue,Medium,6.5,4,Under Warranty,16000.97,Resolved,4
SV02723,H058,D017,2026-01-27,Preventive Maintenance,Software Error,Medium,7.7,3,Out of Warranty,3958.9,Resolved,4
SV02724,H090,D002,2025-01-28,Corrective Maintenance,Power Failure,Critical,11.0,4,Out of Warranty,37105.21,Resolved,4
SV02725,H011,D049,2025-08-21,Corrective Maintenance,Image Quality,Medium,13.0,2,Under Warranty,7816.71,Resolved,4
SV02726,H010,D022,2026-03-04,Corrective Maintenance,Connectivity,High,5.6,4,Out of Warranty,38786.81,Resolved,4
SV02727,H005,D057,2025-09-03,Preventive Maintenance,Power Failure,Medium,10.3,3,Out of Warranty,7181.05,Resolved,5
SV02728,H069,D022,2024-07-03,Corrective Maintenance,Image Quality,High,11.0,3,Under Warranty,9374.84,Resolved,4
SV02729,H037,D056,2026-02-21,Corrective Maintenance,Display Issue,Low,5.1,3,Under Warranty,15143.16,Resolved,4
SV02730,H059,D012,2024-04-22,Corrective Maintenance,Sensor/Probe Issue,Low,5.8,2,Out of Warranty,32387.02,Resolved,4
SV02731,H093,D008,2024-06-09,Preventive Maintenance,Software Error,Low,6.4,2,Out of Warranty,10978.97,Resolved,4
SV02732,H076,D037,2025-07-06,Preventive Maintenance,Software Error,Medium,11.1,7,Under Warranty,6133.65,Resolved,4
SV02733,H061,D039,2025-11-15,Corrective Maintenance,Power Failure,Medium,8.2,7,Under Warranty,17190.06,Resolved,4
SV02734,H018,D025,2024-11-27,Preventive Maintenance,Power Failure,Medium,0.8,5,Out of Warranty,6513.72,Resolved,4
SV02735,H070,D038,2025-10-28,Corrective Maintenance,Software Error,Medium,4.1,4,Out of Warranty,35400.14,Resolved,5
SV02736,H076,D038,2025-06-15,Preventive Maintenance,Calibration Issue,Low,6.9,2,Out of Warranty,12713.03,Resolved,5
SV02737,H063,D035,2025-07-05,Corrective Maintenance,Display Issue,Medium,8.0,1,Out of Warranty,27461.98,Resolved,5
SV02738,H008,D054,2026-05-04,Corrective Maintenance,Battery Issue,Medium,5.5,3,Out of Warranty,11645.45,Resolved,5
SV02739,H045,D009,2025-09-13,Corrective Maintenance,Image Quality,Medium,3.3,1,Under Warranty,15287.59,Resolved,4
SV02740,H066,D054,2025-12-20,Preventive Maintenance,Preventive Maintenance,Medium,12.1,4,Out of Warranty,11283.54,Resolved,4
SV02741,H020,D035,2025-01-11,Corrective Maintenance,Sensor/Probe Issue,Medium,5.2,3,Out of Warranty,24435.81,Resolved,4
SV02742,H020,D015,2025-08-03,Corrective Maintenance,Power Failure,Medium,8.4,2,Under Warranty,17228.68,Resolved,4
SV02743,H053,D019,2026-03-07,Preventive Maintenance,Connectivity,High,14.1,4,Under Warranty,6688.07,Resolved,4
SV02744,H086,D019,2026-06-11,Corrective Maintenance,Battery Issue,High,2.9,3,Under Warranty,18591.84,Resolved,5
SV02745,H040,D046,2024-12-26,Preventive Maintenance,Battery Issue,Low,1.9,3,Under Warranty,3183.34,Pending,5
SV02746,H004,D008,2024-11-11,Corrective Maintenance,Software Error,High,9.0,5,Out of Warranty,15625.37,Resolved,5
SV02747,H093,D016,2024-01-29,Corrective Maintenance,Preventive Maintenance,High,5.0,2,Under Warranty,6490.9,Resolved,5
SV02748,H052,D060,2025-05-10,Corrective Maintenance,Battery Issue,Medium,4.6,3,Under Warranty,14579.84,Resolved,4
SV02749,H087,D029,2026-08-09,Corrective Maintenance,Display Issue,High,5.2,11,Out of Warranty,17588.1,Resolved,4
SV02750,H011,D005,2026-02-21,Preventive Maintenance,Preventive Maintenance,Medium,2.1,3,Out of Warranty,7045.27,Resolved,5
SV02751,H003,D011,2025-01-06,Corrective Maintenance,Battery Issue,Critical,66.1,7,Under Warranty,11043.33,Resolved,3
SV02752,H033,D006,2026-07-15,Corrective Maintenance,Power Failure,High,10.4,3,Under Warranty,6192.43,Resolved,5
SV02753,H055,D016,2024-05-19,Preventive Maintenance,Sensor/Probe Issue,Medium,7.3,2,Under Warranty,3664.0,Resolved,4
SV02754,H014,D048,2025-10-19,Corrective Maintenance,Calibration Issue,Medium,4.3,2,Out of Warranty,32613.1,Resolved,4
SV02755,H063,D010,2025-11-23,Preventive Maintenance,Image Quality,Low,2.4,2,Out of Warranty,11404.17,Resolved,4
SV02756,H056,D042,2025-06-07,Corrective Maintenance,Display Issue,Medium,10.1,6,Out of Warranty,31407.48,Resolved,4
SV02757,H033,D056,2024-04-25,Preventive Maintenance,Sensor/Probe Issue,Medium,3.5,2,Out of Warranty,15330.52,Resolved,4
SV02758,H096,D031,2026-02-11,Corrective Maintenance,Software Error,Medium,6.1,3,Under Warranty,10510.46,Resolved,5
SV02759,H063,D014,2024-04-26,Installation,Display Issue,Medium,17.4,5,Out of Warranty,23305.17,Resolved,4
SV02760,H036,D017,2024-02-04,Corrective Maintenance,Sensor/Probe Issue,Medium,7.3,1,Under Warranty,16015.58,Resolved,4
SV02761,H092,D044,2026-07-16,Preventive Maintenance,Sensor/Probe Issue,Low,4.9,4,Under Warranty,7283.71,Resolved,4
SV02762,H075,D023,2024-04-20,Corrective Maintenance,Preventive Maintenance,High,14.1,2,Out of Warranty,14213.69,Resolved,4
SV02763,H019,D004,2025-02-06,Installation,Sensor/Probe Issue,Medium,4.0,2,Under Warranty,4165.78,Resolved,5
SV02764,H022,D029,2024-08-27,Preventive Maintenance,Sensor/Probe Issue,Medium,3.6,2,Under Warranty,4375.44,Pending,5
SV02765,H040,D005,2024-05-28,Corrective Maintenance,Sensor/Probe Issue,Medium,7.5,5,Out of Warranty,33137.75,Resolved,4
SV02766,H044,D054,2026-05-20,Corrective Maintenance,Preventive Maintenance,Medium,9.2,2,Under Warranty,10957.45,Resolved,5
SV02767,H070,D037,2026-04-07,Preventive Maintenance,Connectivity,Low,3.8,1,Under Warranty,3113.62,Resolved,5
SV02768,H010,D042,2025-06-28,Corrective Maintenance,Sensor/Probe Issue,Medium,13.2,2,Out of Warranty,26183.2,Resolved,4
SV02769,H019,D051,2026-05-17,Preventive Maintenance,Image Quality,High,20.9,3,Out of Warranty,15191.23,Resolved,4
SV02770,H070,D031,2024-06-10,Corrective Maintenance,Calibration Issue,Medium,7.2,2,Out of Warranty,19241.82,Resolved,4
SV02771,H049,D053,2025-06-14,Corrective Maintenance,Mechanical Issue,High,12.1,1,Under Warranty,9882.77,Resolved,4
SV02772,H023,D058,2026-02-18,Corrective Maintenance,Sensor/Probe Issue,High,4.5,2,Under Warranty,14660.24,Resolved,4
SV02773,H002,D031,2025-10-20,Preventive Maintenance,Image Quality,High,11.4,3,Under Warranty,7786.88,Resolved,5
SV02774,H009,D007,2026-05-20,Corrective Maintenance,Preventive Maintenance,Medium,2.7,4,Under Warranty,11944.56,Resolved,3
SV02775,H075,D013,2025-02-06,Corrective Maintenance,Connectivity,Low,3.7,5,Under Warranty,10170.57,Resolved,4
SV02776,H061,D044,2024-07-22,Corrective Maintenance,Calibration Issue,Low,10.8,2,Under Warranty,11083.17,Resolved,4
SV02777,H020,D005,2025-05-03,Corrective Maintenance,Image Quality,Medium,3.9,4,Under Warranty,15440.95,Resolved,5
SV02778,H057,D016,2024-07-26,Installation,Calibration Issue,High,6.2,2,Under Warranty,6674.75,Pending,4
SV02779,H036,D021,2026-07-14,Corrective Maintenance,Calibration Issue,Medium,7.3,1,Under Warranty,12070.13,Resolved,5
SV02780,H082,D007,2026-04-29,Installation,Display Issue,Low,1.0,2,Under Warranty,3683.43,Resolved,4
SV02781,H031,D029,2025-06-10,Installation,Image Quality,Medium,3.8,2,Out of Warranty,23271.38,Resolved,5
SV02782,H097,D011,2025-07-04,Preventive Maintenance,Software Error,Medium,18.7,3,Out of Warranty,13887.52,Resolved,4
SV02783,H012,D044,2024-01-27,Corrective Maintenance,Sensor/Probe Issue,Critical,22.5,1,Under Warranty,7004.93,Resolved,5
SV02784,H032,D035,2026-04-17,Corrective Maintenance,Sensor/Probe Issue,Medium,2.0,6,Under Warranty,11053.18,Resolved,4
SV02785,H067,D037,2024-10-16,Preventive Maintenance,Sensor/Probe Issue,Critical,10.2,3,Out of Warranty,7800.98,Resolved,5
SV02786,H090,D057,2024-12-28,Preventive Maintenance,Power Failure,Medium,3.6,3,Under Warranty,7919.76,Resolved,5
SV02787,H039,D031,2024-11-17,Corrective Maintenance,Sensor/Probe Issue,Medium,4.2,3,Under Warranty,13191.54,Resolved,5
SV02788,H031,D015,2024-07-15,Corrective Maintenance,Power Failure,High,6.7,3,Out of Warranty,35266.26,Resolved,4
SV02789,H088,D022,2024-07-15,Preventive Maintenance,Mechanical Issue,Medium,5.9,2,Out of Warranty,13543.91,Resolved,4
SV02790,H064,D032,2026-06-15,Preventive Maintenance,Software Error,High,16.1,6,Out of Warranty,13389.81,Resolved,5
SV02791,H090,D029,2025-03-17,Corrective Maintenance,Battery Issue,Medium,4.2,2,Out of Warranty,25641.21,Resolved,4
SV02792,H089,D018,2026-05-27,Preventive Maintenance,Power Failure,High,16.5,9,Out of Warranty,4374.09,Resolved,4
SV02793,H055,D055,2025-07-20,Corrective Maintenance,Preventive Maintenance,Medium,26.3,5,Under Warranty,6813.31,Resolved,3
SV02794,H011,D043,2025-12-12,Preventive Maintenance,Power Failure,Medium,3.1,2,Out of Warranty,12245.33,Resolved,5
SV02795,H045,D009,2026-08-29,Preventive Maintenance,Software Error,Low,7.4,2,Out of Warranty,6743.76,Resolved,4
SV02796,H022,D059,2024-05-12,Corrective Maintenance,Sensor/Probe Issue,Low,2.7,3,Under Warranty,19167.29,Resolved,5
SV02797,H055,D055,2024-04-02,Corrective Maintenance,Preventive Maintenance,Medium,6.3,1,Under Warranty,11416.96,Resolved,5
SV02798,H031,D012,2025-06-18,Corrective Maintenance,Software Error,High,45.4,3,Under Warranty,8868.4,Resolved,4
SV02799,H008,D039,2024-10-05,Corrective Maintenance,Display Issue,Low,1.4,2,Out of Warranty,34481.02,Resolved,4
SV02800,H037,D017,2026-02-17,Preventive Maintenance,Power Failure,High,13.7,5,Under Warranty,3665.62,Resolved,4
SV02801,H046,D034,2024-05-22,Corrective Maintenance,Preventive Maintenance,Medium,5.0,2,Out of Warranty,29080.19,Resolved,4
SV02802,H087,D045,2024-01-03,Installation,Sensor/Probe Issue,Medium,5.9,2,Out of Warranty,25571.81,Resolved,5
SV02803,H030,D009,2024-09-09,Corrective Maintenance,Sensor/Probe Issue,Critical,19.4,4,Under Warranty,13842.71,Resolved,4
SV02804,H004,D033,2024-04-15,Corrective Maintenance,Display Issue,Medium,10.7,1,Under Warranty,20766.55,Resolved,5
SV02805,H052,D012,2026-02-01,Corrective Maintenance,Calibration Issue,Medium,4.3,2,Under Warranty,14079.77,Resolved,5
SV02806,H071,D020,2026-02-22,Corrective Maintenance,Software Error,Medium,2.5,5,Under Warranty,6667.67,Resolved,5
SV02807,H057,D037,2024-09-12,Corrective Maintenance,Software Error,Medium,14.1,2,Under Warranty,12381.57,Resolved,5
SV02808,H032,D051,2025-10-06,Corrective Maintenance,Connectivity,Low,7.9,4,Out of Warranty,26593.71,Resolved,4
SV02809,H092,D018,2024-04-23,Installation,Calibration Issue,Low,6.0,1,Out of Warranty,13137.41,Resolved,5
SV02810,H045,D024,2026-06-03,Preventive Maintenance,Sensor/Probe Issue,Medium,5.1,3,Out of Warranty,12792.88,Resolved,5
SV02811,H055,D042,2024-09-28,Corrective Maintenance,Calibration Issue,Medium,13.5,2,Under Warranty,15834.46,Resolved,5
SV02812,H010,D009,2026-08-15,Corrective Maintenance,Software Error,Medium,26.8,2,Under Warranty,13269.34,Resolved,5
SV02813,H028,D009,2026-04-15,Corrective Maintenance,Mechanical Issue,Medium,8.1,1,Under Warranty,13579.99,Resolved,4
SV02814,H035,D022,2026-02-21,Corrective Maintenance,Sensor/Probe Issue,Medium,5.8,1,Out of Warranty,34028.24,Resolved,5
SV02815,H032,D039,2024-09-05,Installation,Battery Issue,Medium,14.5,2,Under Warranty,13738.08,Resolved,4
SV02816,H043,D010,2026-09-25,Corrective Maintenance,Preventive Maintenance,Critical,48.6,3,Under Warranty,14623.07,Resolved,3
SV02817,H097,D017,2025-09-04,Corrective Maintenance,Image Quality,Low,1.4,5,Under Warranty,16560.73,Resolved,4
SV02818,H033,D028,2025-03-12,Preventive Maintenance,Connectivity,Medium,2.5,2,Under Warranty,4037.12,Resolved,5
SV02819,H097,D016,2026-04-25,Corrective Maintenance,Software Error,High,8.2,2,Out of Warranty,25529.47,Resolved,4
SV02820,H069,D013,2025-01-20,Installation,Display Issue,High,7.3,1,Under Warranty,3554.39,Resolved,4
SV02821,H009,D032,2025-04-26,Installation,Power Failure,High,21.0,5,Out of Warranty,20494.86,Resolved,4
SV02822,H042,D045,2024-03-31,Preventive Maintenance,Image Quality,Medium,1.7,2,Under Warranty,3905.26,Resolved,4
SV02823,H083,D004,2026-02-07,Corrective Maintenance,Image Quality,Medium,4.9,5,Under Warranty,9940.66,Resolved,4
SV02824,H015,D049,2024-04-06,Corrective Maintenance,Power Failure,Low,1.0,3,Out of Warranty,26214.95,Resolved,5
SV02825,H064,D045,2024-03-16,Corrective Maintenance,Calibration Issue,Medium,13.2,1,Under Warranty,7103.04,Resolved,4
SV02826,H061,D058,2024-02-17,Corrective Maintenance,Power Failure,High,2.3,2,Under Warranty,9641.27,Resolved,5
SV02827,H021,D057,2025-08-28,Preventive Maintenance,Calibration Issue,Medium,7.8,4,Under Warranty,8160.24,Resolved,4
SV02828,H068,D030,2025-10-01,Corrective Maintenance,Sensor/Probe Issue,High,22.5,9,Under Warranty,7891.23,Resolved,3
SV02829,H036,D058,2025-11-23,Corrective Maintenance,Calibration Issue,Medium,5.4,4,Out of Warranty,25675.54,Resolved,5
SV02830,H031,D057,2026-06-23,Corrective Maintenance,Sensor/Probe Issue,Medium,5.3,1,Out of Warranty,22552.27,Pending,4
SV02831,H094,D031,2024-09-18,Preventive Maintenance,Sensor/Probe Issue,High,6.8,9,Out of Warranty,7506.66,Resolved,4
SV02832,H089,D015,2025-06-22,Preventive Maintenance,Preventive Maintenance,Medium,8.2,2,Under Warranty,3114.17,Resolved,5
SV02833,H065,D058,2024-10-03,Preventive Maintenance,Display Issue,Medium,2.7,1,Out of Warranty,5796.65,Resolved,4
SV02834,H054,D018,2025-09-01,Installation,Calibration Issue,Critical,23.6,5,Under Warranty,12265.3,Resolved,3
SV02835,H003,D036,2026-02-16,Corrective Maintenance,Battery Issue,Medium,5.9,2,Out of Warranty,20709.85,Resolved,3
SV02836,H023,D001,2025-07-18,Preventive Maintenance,Power Failure,Medium,3.7,1,Under Warranty,3333.08,Resolved,5
SV02837,H053,D003,2026-05-20,Corrective Maintenance,Mechanical Issue,High,13.1,3,Under Warranty,18520.1,Resolved,4
SV02838,H064,D047,2024-10-02,Preventive Maintenance,Battery Issue,Low,1.5,4,Out of Warranty,12331.46,Resolved,4
SV02839,H025,D009,2026-04-24,Corrective Maintenance,Battery Issue,Medium,11.9,3,Under Warranty,10370.92,Resolved,4
SV02840,H001,D032,2024-12-18,Preventive Maintenance,Battery Issue,Medium,6.7,1,Out of Warranty,10331.73,Resolved,4
SV02841,H065,D029,2024-05-26,Preventive Maintenance,Software Error,Medium,6.8,2,Out of Warranty,10564.09,Resolved,3
SV02842,H073,D059,2025-01-24,Preventive Maintenance,Battery Issue,Medium,8.7,4,Under Warranty,3982.41,Resolved,4
SV02843,H100,D058,2025-04-28,Corrective Maintenance,Sensor/Probe Issue,Medium,3.2,1,Under Warranty,10966.73,Resolved,5
SV02844,H040,D052,2025-10-07,Corrective Maintenance,Preventive Maintenance,High,14.2,13,Out of Warranty,23924.94,Resolved,3
SV02845,H028,D039,2026-07-05,Preventive Maintenance,Connectivity,Medium,9.2,4,Out of Warranty,13757.02,Resolved,4
SV02846,H061,D060,2026-05-28,Corrective Maintenance,Sensor/Probe Issue,Low,1.4,2,Under Warranty,13209.68,Resolved,3
SV02847,H090,D032,2024-12-22,Corrective Maintenance,Calibration Issue,Low,9.2,2,Out of Warranty,13151.07,Resolved,4
SV02848,H096,D002,2024-08-31,Corrective Maintenance,Connectivity,Medium,10.2,1,Under Warranty,12178.65,Resolved,5
SV02849,H022,D032,2026-05-16,Corrective Maintenance,Software Error,High,16.6,1,Under Warranty,17742.29,Resolved,4
SV02850,H096,D029,2024-03-02,Corrective Maintenance,Mechanical Issue,High,5.6,4,Out of Warranty,25585.99,Pending,3
SV02851,H083,D042,2024-08-23,Corrective Maintenance,Connectivity,Medium,5.6,1,Under Warranty,14291.51,Resolved,5
SV02852,H037,D055,2025-09-08,Corrective Maintenance,Sensor/Probe Issue,Low,10.9,1,Out of Warranty,34158.79,Resolved,4
SV02853,H097,D023,2025-05-07,Corrective Maintenance,Battery Issue,High,6.9,2,Out of Warranty,38080.57,Resolved,4
SV02854,H094,D013,2025-10-12,Corrective Maintenance,Display Issue,Medium,7.3,2,Under Warranty,6389.63,Resolved,5
SV02855,H048,D046,2025-03-15,Preventive Maintenance,Preventive Maintenance,Medium,22.5,1,Under Warranty,5149.28,Resolved,4
SV02856,H026,D035,2025-02-14,Preventive Maintenance,Sensor/Probe Issue,Medium,10.7,2,Under Warranty,2530.63,Resolved,5
SV02857,H047,D050,2024-07-12,Preventive Maintenance,Battery Issue,Medium,6.0,2,Under Warranty,3613.47,Resolved,5
SV02858,H033,D032,2024-09-15,Preventive Maintenance,Power Failure,Critical,16.7,1,Under Warranty,6582.92,Resolved,5
SV02859,H080,D056,2025-01-25,Installation,Connectivity,Medium,4.8,2,Under Warranty,7163.56,Resolved,4
SV02860,H088,D001,2024-01-12,Preventive Maintenance,Calibration Issue,Critical,14.4,3,Under Warranty,4512.43,Resolved,4
SV02861,H017,D055,2025-06-01,Corrective Maintenance,Connectivity,Medium,1.9,2,Out of Warranty,29103.46,Resolved,4
SV02862,H004,D017,2025-04-16,Corrective Maintenance,Software Error,Medium,2.5,1,Under Warranty,5612.25,Resolved,4
SV02863,H060,D025,2024-01-30,Corrective Maintenance,Software Error,Medium,4.3,3,Under Warranty,10230.04,Resolved,5
SV02864,H057,D040,2025-01-04,Corrective Maintenance,Preventive Maintenance,Low,7.6,2,Under Warranty,7680.6,Resolved,4
SV02865,H005,D048,2024-11-12,Preventive Maintenance,Battery Issue,Medium,10.5,2,Under Warranty,3050.59,Resolved,5
SV02866,H013,D020,2025-10-04,Corrective Maintenance,Preventive Maintenance,Low,7.6,5,Out of Warranty,38513.2,Resolved,5
SV02867,H083,D015,2025-09-04,Preventive Maintenance,Connectivity,Medium,6.2,4,Out of Warranty,10812.5,Resolved,4
SV02868,H062,D032,2026-06-07,Corrective Maintenance,Connectivity,Critical,1.9,3,Under Warranty,7285.03,Resolved,5
SV02869,H077,D005,2025-01-27,Preventive Maintenance,Display Issue,Medium,4.9,2,Out of Warranty,15938.12,Resolved,4
SV02870,H078,D035,2025-12-20,Corrective Maintenance,Preventive Maintenance,Low,11.2,4,Under Warranty,9129.71,Resolved,5
SV02871,H043,D031,2026-06-24,Corrective Maintenance,Display Issue,Medium,5.7,7,Out of Warranty,25189.08,Resolved,5
SV02872,H039,D035,2026-03-22,Installation,Sensor/Probe Issue,Low,11.1,1,Out of Warranty,25471.01,Resolved,5
SV02873,H006,D055,2026-02-01,Corrective Maintenance,Display Issue,Low,1.9,3,Under Warranty,13433.05,Resolved,4
SV02874,H014,D056,2025-11-16,Corrective Maintenance,Preventive Maintenance,Medium,3.7,6,Under Warranty,9803.88,Resolved,4
SV02875,H049,D012,2026-01-26,Corrective Maintenance,Sensor/Probe Issue,Medium,12.6,4,Out of Warranty,27175.51,Resolved,5
SV02876,H087,D049,2026-04-16,Corrective Maintenance,Mechanical Issue,Medium,12.9,4,Out of Warranty,26658.75,Resolved,4
SV02877,H088,D060,2026-08-03,Preventive Maintenance,Display Issue,Medium,8.9,3,Out of Warranty,7245.28,Resolved,4
SV02878,H001,D032,2026-02-21,Corrective Maintenance,Image Quality,Medium,7.7,5,Under Warranty,20668.4,Resolved,4
SV02879,H011,D044,2026-07-17,Corrective Maintenance,Battery Issue,High,13.9,3,Out of Warranty,23214.25,Resolved,5
SV02880,H064,D045,2024-08-28,Corrective Maintenance,Battery Issue,Medium,11.4,3,Out of Warranty,20273.52,Resolved,4
SV02881,H094,D021,2024-10-07,Preventive Maintenance,Preventive Maintenance,Medium,4.2,5,Under Warranty,3379.18,Resolved,4
SV02882,H077,D043,2024-01-20,Corrective Maintenance,Image Quality,Medium,4.4,2,Out of Warranty,27408.54,Resolved,5
SV02883,H072,D043,2025-11-24,Corrective Maintenance,Battery Issue,Medium,4.5,1,Out of Warranty,10911.91,Resolved,5
SV02884,H067,D006,2024-01-24,Corrective Maintenance,Image Quality,Medium,9.8,1,Out of Warranty,35774.87,Resolved,5
SV02885,H079,D045,2024-12-11,Corrective Maintenance,Calibration Issue,High,19.9,4,Under Warranty,5222.14,Resolved,5
SV02886,H072,D036,2026-04-04,Corrective Maintenance,Software Error,High,12.1,2,Under Warranty,20141.07,Resolved,5
SV02887,H015,D007,2024-06-07,Corrective Maintenance,Battery Issue,Medium,14.9,4,Out of Warranty,35170.99,Resolved,4
SV02888,H045,D026,2026-02-04,Corrective Maintenance,Connectivity,Critical,5.6,3,Under Warranty,16105.58,Resolved,5
SV02889,H052,D015,2026-08-02,Corrective Maintenance,Image Quality,High,5.9,3,Out of Warranty,11002.68,Resolved,4
SV02890,H025,D006,2024-12-04,Preventive Maintenance,Software Error,Low,7.4,6,Under Warranty,6375.67,Resolved,4
SV02891,H042,D002,2024-08-06,Corrective Maintenance,Battery Issue,Medium,10.1,5,Under Warranty,19664.47,Resolved,4
SV02892,H018,D009,2025-01-15,Preventive Maintenance,Sensor/Probe Issue,Medium,9.9,5,Under Warranty,8457.96,Resolved,4
SV02893,H028,D020,2024-11-08,Corrective Maintenance,Mechanical Issue,Medium,6.3,1,Under Warranty,17711.99,Resolved,4
SV02894,H081,D015,2024-02-05,Corrective Maintenance,Connectivity,Medium,4.5,3,Under Warranty,10634.93,Resolved,4
SV02895,H091,D038,2026-07-10,Corrective Maintenance,Mechanical Issue,Low,4.1,2,Under Warranty,19573.4,Resolved,4
SV02896,H009,D015,2025-11-16,Corrective Maintenance,Sensor/Probe Issue,Low,2.8,3,Under Warranty,11334.2,Pending,5
SV02897,H072,D050,2024-09-08,Corrective Maintenance,Battery Issue,Low,2.8,2,Out of Warranty,17871.29,Resolved,4
SV02898,H087,D012,2025-01-28,Preventive Maintenance,Calibration Issue,Medium,6.2,2,Under Warranty,2595.04,Resolved,4
SV02899,H048,D009,2026-08-15,Preventive Maintenance,Mechanical Issue,Low,9.5,2,Under Warranty,2428.44,Resolved,4
SV02900,H085,D008,2024-06-23,Preventive Maintenance,Image Quality,Medium,15.1,2,Under Warranty,5719.95,Resolved,4
SV02901,H082,D028,2026-04-20,Corrective Maintenance,Battery Issue,High,22.8,8,Under Warranty,19377.02,Resolved,3
SV02902,H041,D002,2026-08-11,Corrective Maintenance,Preventive Maintenance,High,4.8,3,Under Warranty,10483.28,Resolved,5
SV02903,H075,D050,2026-03-11,Preventive Maintenance,Image Quality,Critical,38.5,3,Out of Warranty,6523.91,Resolved,3
SV02904,H081,D035,2025-09-05,Corrective Maintenance,Image Quality,High,7.1,4,Under Warranty,7142.86,Resolved,4
SV02905,H057,D019,2025-11-15,Corrective Maintenance,Sensor/Probe Issue,High,3.1,2,Under Warranty,6433.64,Resolved,3
SV02906,H093,D046,2024-07-26,Preventive Maintenance,Preventive Maintenance,Medium,1.1,2,Under Warranty,3224.58,Resolved,4
SV02907,H098,D047,2025-06-04,Installation,Sensor/Probe Issue,Medium,14.1,4,Under Warranty,8276.28,Resolved,4
SV02908,H011,D018,2026-02-15,Installation,Software Error,Medium,0.7,4,Under Warranty,5497.08,Resolved,5
SV02909,H098,D044,2026-02-22,Preventive Maintenance,Calibration Issue,Medium,12.5,3,Under Warranty,4283.3,Pending,5
SV02910,H072,D025,2024-07-11,Preventive Maintenance,Sensor/Probe Issue,High,12.6,10,Under Warranty,5524.76,Resolved,4
SV02911,H010,D055,2026-09-22,Corrective Maintenance,Image Quality,Low,6.0,3,Out of Warranty,15680.88,Resolved,4
SV02912,H020,D015,2025-04-15,Preventive Maintenance,Display Issue,High,12.4,2,Under Warranty,3250.49,Resolved,4
SV02913,H042,D049,2026-09-16,Preventive Maintenance,Battery Issue,Medium,17.4,3,Under Warranty,6752.05,Resolved,5
SV02914,H017,D053,2024-09-20,Preventive Maintenance,Software Error,Critical,10.2,20,Out of Warranty,4648.77,Resolved,4
SV02915,H088,D051,2025-08-03,Installation,Calibration Issue,Medium,13.0,4,Out of Warranty,8939.6,Resolved,3
SV02916,H081,D016,2025-08-27,Corrective Maintenance,Display Issue,Medium,3.6,1,Out of Warranty,31526.6,Resolved,5
SV02917,H096,D050,2025-06-20,Corrective Maintenance,Power Failure,Medium,15.4,1,Under Warranty,8965.14,Resolved,4
SV02918,H057,D033,2025-06-29,Corrective Maintenance,Calibration Issue,High,9.4,1,Under Warranty,5246.25,Resolved,5
SV02919,H070,D058,2024-02-11,Corrective Maintenance,Preventive Maintenance,Medium,10.9,1,Out of Warranty,36922.45,Resolved,5
SV02920,H038,D029,2025-07-18,Corrective Maintenance,Sensor/Probe Issue,Medium,8.8,3,Out of Warranty,29368.19,Resolved,4
SV02921,H074,D024,2024-08-22,Preventive Maintenance,Sensor/Probe Issue,Medium,24.7,1,Out of Warranty,15146.71,Resolved,4
SV02922,H028,D018,2024-08-24,Corrective Maintenance,Image Quality,Low,5.3,2,Under Warranty,8746.98,Resolved,5
SV02923,H064,D056,2026-05-30,Corrective Maintenance,Calibration Issue,High,0.5,3,Under Warranty,15512.03,Resolved,5
SV02924,H069,D011,2024-07-12,Preventive Maintenance,Mechanical Issue,Low,3.2,2,Out of Warranty,5532.91,Resolved,5
SV02925,H007,D056,2026-09-16,Preventive Maintenance,Preventive Maintenance,Medium,2.0,3,Under Warranty,3385.7,Resolved,4
SV02926,H082,D029,2026-01-22,Corrective Maintenance,Software Error,High,22.0,3,Under Warranty,10244.61,Resolved,4
SV02927,H009,D054,2024-10-28,Installation,Mechanical Issue,Medium,14.1,3,Out of Warranty,20106.0,Resolved,4
SV02928,H057,D038,2024-11-15,Corrective Maintenance,Connectivity,High,20.3,3,Out of Warranty,28582.21,Resolved,4
SV02929,H002,D053,2025-03-09,Installation,Image Quality,Critical,29.6,2,Out of Warranty,10195.3,Resolved,5
SV02930,H090,D010,2024-01-23,Installation,Connectivity,High,8.4,3,Under Warranty,5250.73,Resolved,4
SV02931,H005,D001,2026-01-29,Corrective Maintenance,Connectivity,Medium,3.0,1,Out of Warranty,20587.23,Resolved,5
SV02932,H001,D003,2025-02-10,Preventive Maintenance,Power Failure,High,13.9,4,Under Warranty,4828.24,Resolved,4
SV02933,H051,D018,2024-01-22,Corrective Maintenance,Calibration Issue,Critical,44.5,2,Out of Warranty,30280.39,Resolved,4
SV02934,H086,D059,2025-06-04,Preventive Maintenance,Sensor/Probe Issue,Critical,9.4,3,Out of Warranty,15593.03,Resolved,5
SV02935,H071,D049,2024-08-16,Preventive Maintenance,Software Error,Medium,16.0,4,Under Warranty,6313.67,Resolved,4
SV02936,H007,D021,2024-09-29,Corrective Maintenance,Mechanical Issue,High,7.6,1,Out of Warranty,11680.82,Resolved,5
SV02937,H049,D058,2024-06-01,Preventive Maintenance,Software Error,Medium,24.6,1,Out of Warranty,8991.79,Resolved,4
SV02938,H088,D046,2025-10-16,Installation,Battery Issue,Medium,3.6,2,Out of Warranty,6790.34,Resolved,5
SV02939,H076,D005,2024-06-17,Preventive Maintenance,Display Issue,Medium,3.2,3,Under Warranty,6474.82,Resolved,4
SV02940,H023,D025,2024-09-22,Preventive Maintenance,Mechanical Issue,Medium,6.6,4,Under Warranty,4742.13,Resolved,4
SV02941,H002,D007,2024-10-24,Corrective Maintenance,Preventive Maintenance,Medium,21.3,2,Under Warranty,14869.67,Resolved,4
SV02942,H084,D042,2024-09-03,Preventive Maintenance,Power Failure,High,1.2,3,Under Warranty,2108.66,Resolved,5
SV02943,H007,D058,2024-07-23,Corrective Maintenance,Display Issue,Low,6.2,2,Out of Warranty,32560.38,Resolved,5
SV02944,H007,D024,2026-09-06,Corrective Maintenance,Mechanical Issue,Medium,9.5,3,Under Warranty,19412.53,Resolved,4
SV02945,H066,D052,2025-06-06,Preventive Maintenance,Power Failure,Medium,1.8,2,Under Warranty,4527.9,Resolved,4
SV02946,H064,D005,2025-05-23,Corrective Maintenance,Image Quality,Medium,7.7,3,Under Warranty,18972.07,Resolved,4
SV02947,H035,D057,2024-12-26,Corrective Maintenance,Display Issue,Medium,3.0,2,Out of Warranty,18549.25,Resolved,4
SV02948,H046,D045,2025-09-11,Preventive Maintenance,Power Failure,Medium,6.9,1,Under Warranty,7911.23,Resolved,5
SV02949,H096,D050,2024-10-05,Corrective Maintenance,Display Issue,High,11.3,2,Out of Warranty,24955.62,Resolved,4
SV02950,H077,D001,2025-10-29,Installation,Software Error,High,8.5,4,Out of Warranty,22420.12,Resolved,4
SV02951,H048,D052,2026-07-30,Corrective Maintenance,Battery Issue,High,43.1,8,Under Warranty,6910.36,Resolved,3
SV02952,H028,D002,2024-10-17,Installation,Preventive Maintenance,Critical,33.2,3,Under Warranty,9578.43,Resolved,4
SV02953,H028,D026,2024-01-23,Corrective Maintenance,Image Quality,Medium,3.6,3,Out of Warranty,34614.4,Resolved,5
SV02954,H087,D009,2025-10-04,Corrective Maintenance,Calibration Issue,Medium,5.1,1,Under Warranty,11244.77,Resolved,4
SV02955,H093,D002,2025-10-23,Corrective Maintenance,Sensor/Probe Issue,High,11.8,5,Out of Warranty,23003.59,Resolved,5
SV02956,H079,D002,2026-02-11,Preventive Maintenance,Sensor/Probe Issue,Critical,17.1,2,Under Warranty,5404.68,Resolved,4
SV02957,H062,D030,2026-04-10,Preventive Maintenance,Battery Issue,High,21.8,6,Out of Warranty,13510.02,Resolved,4
SV02958,H059,D049,2025-07-29,Preventive Maintenance,Connectivity,Medium,13.6,2,Under Warranty,4336.43,Resolved,4
SV02959,H026,D054,2025-07-03,Preventive Maintenance,Software Error,Medium,8.0,4,Under Warranty,8049.34,Pending,4
SV02960,H013,D019,2024-03-30,Corrective Maintenance,Preventive Maintenance,High,18.4,4,Under Warranty,5055.28,Resolved,4
SV02961,H041,D057,2025-04-15,Corrective Maintenance,Sensor/Probe Issue,High,2.5,4,Out of Warranty,35659.94,Resolved,4
SV02962,H069,D050,2025-06-14,Corrective Maintenance,Sensor/Probe Issue,High,14.8,2,Under Warranty,7038.12,Resolved,5
SV02963,H067,D044,2025-06-29,Preventive Maintenance,Preventive Maintenance,Medium,1.3,3,Under Warranty,6768.89,Resolved,4
SV02964,H088,D060,2025-06-09,Corrective Maintenance,Connectivity,Medium,16.2,3,Out of Warranty,32182.23,Resolved,3
SV02965,H099,D053,2026-02-04,Preventive Maintenance,Sensor/Probe Issue,Critical,15.9,5,Out of Warranty,15529.98,Resolved,4
SV02966,H072,D026,2025-12-12,Corrective Maintenance,Calibration Issue,High,14.1,5,Out of Warranty,30048.23,Resolved,4
SV02967,H048,D039,2024-11-15,Corrective Maintenance,Power Failure,Medium,4.4,3,Under Warranty,10281.73,Resolved,4
SV02968,H034,D019,2026-04-23,Preventive Maintenance,Connectivity,High,12.6,5,Out of Warranty,15604.0,Resolved,4
SV02969,H094,D041,2024-03-14,Corrective Maintenance,Battery Issue,High,17.8,1,Under Warranty,11620.26,Resolved,4
SV02970,H071,D058,2026-09-22,Corrective Maintenance,Display Issue,Critical,40.8,16,Under Warranty,11167.32,Resolved,2
SV02971,H083,D025,2024-01-14,Installation,Preventive Maintenance,Medium,1.4,5,Under Warranty,5096.42,Resolved,4
SV02972,H036,D037,2024-05-15,Corrective Maintenance,Battery Issue,High,1.1,4,Out of Warranty,20644.44,Resolved,4
SV02973,H043,D008,2024-01-22,Preventive Maintenance,Mechanical Issue,Critical,17.7,3,Under Warranty,8458.12,Resolved,4
SV02974,H023,D014,2025-01-09,Corrective Maintenance,Image Quality,Low,2.6,2,Under Warranty,20511.54,Resolved,3
SV02975,H070,D055,2025-07-16,Corrective Maintenance,Image Quality,Low,3.3,2,Under Warranty,6853.21,Resolved,4
SV02976,H026,D051,2024-03-26,Corrective Maintenance,Preventive Maintenance,Critical,45.4,4,Under Warranty,5662.5,Resolved,4
SV02977,H087,D060,2024-12-21,Corrective Maintenance,Sensor/Probe Issue,High,6.3,9,Under Warranty,5175.5,Resolved,4
SV02978,H043,D009,2024-07-16,Preventive Maintenance,Sensor/Probe Issue,High,5.1,6,Under Warranty,7232.86,Resolved,5
SV02979,H015,D037,2025-02-12,Installation,Mechanical Issue,Medium,2.3,1,Under Warranty,13341.59,Resolved,4
SV02980,H013,D055,2025-02-26,Corrective Maintenance,Image Quality,Low,6.7,2,Under Warranty,12194.84,Resolved,4
SV02981,H095,D054,2026-09-20,Installation,Image Quality,High,1.2,1,Out of Warranty,10458.55,Resolved,4
SV02982,H064,D041,2025-01-30,Corrective Maintenance,Software Error,High,22.8,2,Out of Warranty,19239.59,Resolved,4
SV02983,H040,D020,2025-06-08,Installation,Preventive Maintenance,Critical,6.5,6,Under Warranty,5917.52,Resolved,5
SV02984,H084,D046,2024-12-09,Corrective Maintenance,Sensor/Probe Issue,Medium,4.0,2,Under Warranty,14852.12,Pending,5
SV02985,H075,D016,2026-07-01,Corrective Maintenance,Sensor/Probe Issue,Medium,6.1,3,Out of Warranty,34903.36,Resolved,4
SV02986,H041,D037,2026-09-04,Preventive Maintenance,Calibration Issue,Low,11.7,1,Under Warranty,3409.65,Resolved,4
SV02987,H095,D044,2025-11-21,Corrective Maintenance,Software Error,High,0.7,1,Out of Warranty,28968.81,Resolved,5
SV02988,H054,D047,2024-04-12,Corrective Maintenance,Image Quality,Medium,3.8,2,Out of Warranty,14160.02,Resolved,4
SV02989,H082,D041,2024-07-29,Corrective Maintenance,Calibration Issue,Low,10.0,1,Out of Warranty,31930.81,Resolved,5
SV02990,H059,D042,2025-06-14,Preventive Maintenance,Battery Issue,Medium,4.8,7,Out of Warranty,11370.57,Resolved,5
SV02991,H040,D060,2024-03-23,Corrective Maintenance,Battery Issue,Medium,13.9,5,Under Warranty,16854.07,Resolved,3
SV02992,H097,D010,2026-02-11,Corrective Maintenance,Display Issue,Medium,17.9,3,Out of Warranty,10296.47,Resolved,4
SV02993,H031,D007,2024-12-24,Preventive Maintenance,Sensor/Probe Issue,Medium,5.2,2,Out of Warranty,6529.53,Resolved,4
SV02994,H022,D009,2025-04-06,Preventive Maintenance,Connectivity,Medium,16.0,6,Out of Warranty,6857.87,Resolved,4
SV02995,H066,D012,2025-09-23,Corrective Maintenance,Preventive Maintenance,High,21.3,3,Out of Warranty,36349.73,Resolved,5
SV02996,H076,D036,2026-07-09,Preventive Maintenance,Battery Issue,Medium,19.1,2,Out of Warranty,15968.74,Resolved,5
SV02997,H011,D055,2026-07-24,Corrective Maintenance,Software Error,Low,5.7,1,Out of Warranty,28097.07,Resolved,4
SV02998,H098,D031,2025-01-12,Corrective Maintenance,Image Quality,Critical,27.1,9,Out of Warranty,25589.81,Resolved,4
SV02999,H062,D059,2024-02-22,Corrective Maintenance,Calibration Issue,Medium,15.1,1,Out of Warranty,24274.45,Resolved,5
SV03000,H018,D037,2024-08-04,Corrective Maintenance,Sensor/Probe Issue,Medium,1.8,5,Out of Warranty,33147.12,Resolved,5
SV03001,H019,D023,2026-09-27,Corrective Maintenance,Battery Issue,Low,8.8,3,Under Warranty,14906.07,Resolved,4
SV03002,H028,D027,2025-10-07,Corrective Maintenance,Preventive Maintenance,Medium,11.1,4,Under Warranty,14239.67,Resolved,4
SV03003,H035,D048,2024-08-18,Corrective Maintenance,Power Failure,Low,6.3,2,Under Warranty,5094.73,Resolved,5
SV03004,H058,D028,2025-03-02,Corrective Maintenance,Image Quality,Medium,4.1,6,Out of Warranty,26621.12,Resolved,5
SV03005,H026,D056,2025-02-27,Preventive Maintenance,Battery Issue,Medium,5.9,1,Under Warranty,8238.19,Resolved,5
SV03006,H083,D036,2025-09-16,Corrective Maintenance,Display Issue,Medium,2.1,3,Out of Warranty,26954.86,Resolved,5
SV03007,H098,D042,2025-06-15,Corrective Maintenance,Power Failure,High,40.8,7,Under Warranty,16088.51,Resolved,4
SV03008,H034,D001,2025-09-07,Corrective Maintenance,Sensor/Probe Issue,Medium,11.4,1,Under Warranty,7498.65,Resolved,4
SV03009,H027,D046,2025-09-09,Corrective Maintenance,Battery Issue,Medium,1.0,5,Out of Warranty,17827.18,Resolved,5
SV03010,H027,D005,2025-09-08,Preventive Maintenance,Display Issue,High,13.8,4,Out of Warranty,12754.35,Resolved,4
SV03011,H069,D021,2025-01-26,Corrective Maintenance,Image Quality,High,32.7,5,Under Warranty,19442.95,Resolved,3
SV03012,H019,D030,2025-07-12,Corrective Maintenance,Image Quality,High,2.6,4,Under Warranty,19138.18,Resolved,4
SV03013,H096,D045,2026-07-26,Preventive Maintenance,Image Quality,Critical,17.3,8,Out of Warranty,15161.84,Resolved,5
SV03014,H033,D017,2026-05-07,Preventive Maintenance,Display Issue,High,25.5,2,Under Warranty,6260.83,Resolved,4
SV03015,H056,D027,2025-11-11,Preventive Maintenance,Calibration Issue,Medium,13.1,5,Under Warranty,4004.58,Resolved,4
SV03016,H005,D056,2024-11-25,Preventive Maintenance,Software Error,Low,11.3,2,Under Warranty,8126.53,Resolved,4
SV03017,H069,D048,2024-08-05,Preventive Maintenance,Connectivity,Medium,6.9,3,Under Warranty,3363.82,Resolved,4
SV03018,H002,D045,2024-12-02,Corrective Maintenance,Sensor/Probe Issue,Medium,14.5,1,Under Warranty,14394.74,Resolved,4
SV03019,H092,D034,2024-03-10,Preventive Maintenance,Software Error,Medium,3.3,2,Out of Warranty,14523.44,Resolved,5
SV03020,H088,D060,2024-04-25,Installation,Software Error,High,14.3,3,Under Warranty,9614.36,Resolved,4
SV03021,H016,D058,2024-11-06,Corrective Maintenance,Mechanical Issue,Medium,7.5,3,Under Warranty,7093.2,Resolved,5
SV03022,H099,D027,2024-03-26,Corrective Maintenance,Preventive Maintenance,High,27.5,8,Under Warranty,6274.67,Resolved,3
SV03023,H035,D018,2026-06-17,Installation,Connectivity,Medium,2.1,1,Out of Warranty,17885.25,Resolved,5
SV03024,H041,D045,2025-01-20,Preventive Maintenance,Connectivity,High,3.2,4,Under Warranty,6202.42,Resolved,4
SV03025,H044,D017,2024-02-29,Installation,Image Quality,Low,5.0,2,Under Warranty,4543.47,Resolved,5
SV03026,H085,D006,2024-12-01,Preventive Maintenance,Battery Issue,Medium,3.5,2,Under Warranty,3253.99,Resolved,4
SV03027,H035,D002,2026-02-07,Corrective Maintenance,Software Error,Critical,18.8,3,Under Warranty,8708.2,Resolved,4
SV03028,H091,D007,2025-09-25,Preventive Maintenance,Sensor/Probe Issue,Medium,17.5,8,Under Warranty,5721.87,Pending,3
SV03029,H042,D051,2024-05-04,Corrective Maintenance,Calibration Issue,High,2.0,7,Out of Warranty,29134.15,Resolved,3
SV03030,H059,D010,2026-05-05,Corrective Maintenance,Software Error,Medium,10.7,4,Under Warranty,7287.02,Resolved,4
SV03031,H016,D060,2024-11-02,Preventive Maintenance,Calibration Issue,High,3.8,4,Under Warranty,5843.73,Resolved,4
SV03032,H039,D005,2024-03-20,Preventive Maintenance,Image Quality,Medium,1.7,4,Under Warranty,6670.66,Resolved,5
SV03033,H004,D022,2024-07-07,Preventive Maintenance,Calibration Issue,Medium,6.8,2,Under Warranty,6513.03,Resolved,4
SV03034,H083,D028,2024-03-11,Corrective Maintenance,Image Quality,Medium,5.0,3,Under Warranty,11534.81,Resolved,4
SV03035,H087,D019,2026-07-27,Corrective Maintenance,Mechanical Issue,High,18.1,6,Out of Warranty,17400.21,Resolved,4
SV03036,H053,D059,2025-05-22,Corrective Maintenance,Software Error,High,8.0,8,Under Warranty,5669.39,Resolved,4
SV03037,H070,D044,2025-07-21,Preventive Maintenance,Image Quality,Low,1.4,4,Out of Warranty,4926.4,Resolved,3
SV03038,H010,D004,2024-10-28,Preventive Maintenance,Battery Issue,Medium,4.2,3,Out of Warranty,9683.62,Pending,4
SV03039,H013,D013,2024-11-05,Preventive Maintenance,Battery Issue,High,7.0,5,Under Warranty,7393.12,Resolved,4
SV03040,H093,D036,2025-08-29,Corrective Maintenance,Image Quality,Low,1.6,1,Out of Warranty,22783.22,Resolved,5
SV03041,H069,D003,2024-04-25,Corrective Maintenance,Display Issue,Critical,57.4,6,Under Warranty,15204.92,Resolved,3
SV03042,H026,D011,2026-03-01,Corrective Maintenance,Display Issue,Medium,20.5,1,Under Warranty,18291.22,Resolved,4
SV03043,H043,D032,2026-05-16,Preventive Maintenance,Power Failure,High,2.4,4,Under Warranty,6228.12,Resolved,4
SV03044,H091,D032,2024-12-19,Preventive Maintenance,Power Failure,Medium,12.7,3,Out of Warranty,9369.45,Resolved,4
SV03045,H050,D006,2024-05-25,Corrective Maintenance,Image Quality,Low,4.8,4,Under Warranty,12365.19,Resolved,5
SV03046,H059,D014,2025-07-12,Corrective Maintenance,Sensor/Probe Issue,Low,2.0,2,Out of Warranty,33285.06,Resolved,5
SV03047,H094,D049,2025-03-13,Installation,Image Quality,Low,8.6,6,Under Warranty,6619.59,Resolved,5
SV03048,H009,D024,2024-10-27,Preventive Maintenance,Sensor/Probe Issue,Low,1.0,2,Under Warranty,2234.74,Pending,5
SV03049,H060,D011,2025-12-18,Corrective Maintenance,Preventive Maintenance,High,6.9,1,Under Warranty,15103.26,Resolved,5
SV03050,H099,D042,2024-12-26,Corrective Maintenance,Battery Issue,High,11.5,1,Under Warranty,17279.15,Resolved,4
SV03051,H048,D001,2026-03-01,Preventive Maintenance,Image Quality,Medium,10.6,4,Out of Warranty,5331.07,Resolved,4
SV03052,H069,D003,2026-07-07,Corrective Maintenance,Connectivity,Low,3.5,2,Under Warranty,6755.49,Resolved,5
SV03053,H068,D007,2024-05-09,Preventive Maintenance,Sensor/Probe Issue,Medium,8.1,2,Out of Warranty,11261.38,Resolved,4
SV03054,H040,D006,2025-03-18,Installation,Battery Issue,Low,9.3,3,Out of Warranty,12271.04,Resolved,5
SV03055,H077,D050,2025-11-28,Corrective Maintenance,Display Issue,Medium,5.3,4,Out of Warranty,19096.71,Resolved,4
SV03056,H071,D055,2025-04-27,Corrective Maintenance,Battery Issue,High,23.9,3,Under Warranty,16125.61,Resolved,4
SV03057,H081,D014,2026-01-26,Preventive Maintenance,Image Quality,Medium,11.5,2,Under Warranty,4434.59,Resolved,4
SV03058,H093,D050,2025-09-06,Preventive Maintenance,Display Issue,High,1.5,3,Out of Warranty,15795.46,Resolved,5
SV03059,H017,D038,2026-06-10,Corrective Maintenance,Battery Issue,Medium,7.4,2,Out of Warranty,34560.22,Resolved,5
SV03060,H047,D023,2024-07-08,Corrective Maintenance,Preventive Maintenance,Medium,8.3,5,Under Warranty,18853.63,Resolved,4
SV03061,H070,D006,2025-04-03,Installation,Mechanical Issue,Medium,15.6,2,Under Warranty,6469.1,Resolved,5
SV03062,H098,D033,2025-01-28,Corrective Maintenance,Mechanical Issue,Medium,1.4,3,Under Warranty,14481.08,Resolved,4
SV03063,H098,D035,2025-09-11,Installation,Software Error,High,0.9,5,Out of Warranty,24252.47,Resolved,4
SV03064,H006,D052,2025-03-07,Corrective Maintenance,Preventive Maintenance,Low,6.8,1,Under Warranty,15892.14,Resolved,4
SV03065,H061,D033,2025-03-12,Preventive Maintenance,Sensor/Probe Issue,Medium,2.4,1,Under Warranty,4926.39,Resolved,5
SV03066,H098,D038,2025-07-04,Corrective Maintenance,Sensor/Probe Issue,Medium,1.7,3,Under Warranty,19597.88,Resolved,5
SV03067,H026,D029,2025-02-16,Installation,Image Quality,Low,1.6,2,Under Warranty,9650.16,Resolved,5
SV03068,H085,D038,2025-08-04,Preventive Maintenance,Sensor/Probe Issue,High,7.7,2,Under Warranty,5353.6,Resolved,5
SV03069,H064,D011,2026-09-19,Corrective Maintenance,Power Failure,Medium,15.9,2,Out of Warranty,18522.43,Resolved,5
SV03070,H025,D045,2024-06-10,Preventive Maintenance,Power Failure,High,42.5,2,Under Warranty,3516.65,Resolved,4
SV03071,H093,D034,2026-02-25,Installation,Software Error,Medium,4.7,5,Out of Warranty,14362.44,Resolved,5
SV03072,H057,D060,2024-10-12,Corrective Maintenance,Image Quality,Medium,10.6,1,Out of Warranty,30789.42,Resolved,4
SV03073,H091,D004,2025-07-19,Installation,Battery Issue,Medium,6.2,2,Under Warranty,7996.11,Pending,4
SV03074,H045,D002,2025-03-24,Corrective Maintenance,Calibration Issue,Medium,9.2,5,Out of Warranty,20969.31,Resolved,4
SV03075,H011,D042,2025-03-30,Installation,Sensor/Probe Issue,High,11.3,3,Under Warranty,9449.83,Resolved,4
SV03076,H028,D016,2025-10-02,Corrective Maintenance,Image Quality,Medium,19.1,2,Out of Warranty,15373.41,Resolved,4
SV03077,H009,D028,2024-07-09,Corrective Maintenance,Software Error,Low,6.8,2,Under Warranty,5325.57,Resolved,5
SV03078,H079,D014,2025-09-06,Corrective Maintenance,Power Failure,High,8.3,5,Under Warranty,18473.74,Resolved,5
SV03079,H090,D025,2025-11-30,Preventive Maintenance,Battery Issue,Medium,7.3,4,Out of Warranty,11878.66,Resolved,4
SV03080,H053,D048,2024-08-03,Preventive Maintenance,Power Failure,High,10.5,2,Under Warranty,7354.78,Resolved,4
SV03081,H023,D043,2026-03-03,Corrective Maintenance,Calibration Issue,Critical,12.9,6,Under Warranty,17299.66,Resolved,4
SV03082,H047,D008,2025-08-21,Preventive Maintenance,Power Failure,Medium,3.2,6,Out of Warranty,7890.48,Resolved,5
SV03083,H079,D043,2026-08-18,Installation,Mechanical Issue,High,5.5,6,Under Warranty,10889.97,Resolved,4
SV03084,H092,D030,2025-07-08,Corrective Maintenance,Power Failure,Medium,9.0,2,Out of Warranty,28843.81,Resolved,4
SV03085,H032,D053,2024-06-14,Corrective Maintenance,Display Issue,Low,8.6,2,Under Warranty,8729.33,Resolved,5
SV03086,H091,D050,2026-03-19,Corrective Maintenance,Image Quality,Medium,4.7,1,Out of Warranty,12143.75,Resolved,4
SV03087,H015,D042,2024-07-30,Installation,Sensor/Probe Issue,Medium,9.1,2,Out of Warranty,7026.06,Resolved,4
SV03088,H001,D028,2026-08-19,Corrective Maintenance,Connectivity,Low,5.9,1,Out of Warranty,30157.69,Resolved,4
SV03089,H041,D037,2024-11-29,Preventive Maintenance,Software Error,Medium,8.7,1,Under Warranty,2752.46,Resolved,5
SV03090,H040,D050,2025-05-24,Preventive Maintenance,Preventive Maintenance,Low,0.6,2,Out of Warranty,11438.12,Resolved,4
SV03091,H003,D008,2025-04-13,Corrective Maintenance,Software Error,High,10.1,5,Out of Warranty,24309.6,Resolved,4
SV03092,H097,D003,2026-03-24,Corrective Maintenance,Image Quality,Medium,5.5,1,Out of Warranty,20359.61,Resolved,5
SV03093,H009,D036,2025-02-24,Preventive Maintenance,Sensor/Probe Issue,High,12.0,2,Under Warranty,5001.72,Resolved,4
SV03094,H088,D029,2024-03-24,Corrective Maintenance,Battery Issue,Medium,14.9,3,Under Warranty,5176.79,Resolved,5
SV03095,H019,D024,2024-01-04,Installation,Power Failure,Low,1.6,1,Under Warranty,11487.97,Resolved,5
SV03096,H018,D030,2025-11-01,Preventive Maintenance,Software Error,Low,2.8,2,Out of Warranty,12327.55,Resolved,5
SV03097,H090,D024,2024-09-15,Preventive Maintenance,Power Failure,Medium,4.7,10,Under Warranty,6451.13,Resolved,4
SV03098,H047,D059,2024-06-15,Installation,Power Failure,Medium,1.9,4,Under Warranty,6528.3,Resolved,5
SV03099,H078,D035,2024-10-15,Installation,Software Error,Low,6.8,1,Out of Warranty,6263.24,Resolved,3
SV03100,H022,D016,2026-04-28,Corrective Maintenance,Sensor/Probe Issue,Low,3.7,1,Under Warranty,5548.45,Resolved,5
SV03101,H087,D011,2026-07-12,Preventive Maintenance,Sensor/Probe Issue,High,8.3,4,Under Warranty,2671.56,Resolved,4
SV03102,H052,D051,2024-12-23,Installation,Image Quality,Medium,10.7,4,Out of Warranty,9045.53,Resolved,4
SV03103,H088,D032,2025-02-26,Corrective Maintenance,Image Quality,Medium,10.6,5,Out of Warranty,32607.09,Resolved,3
SV03104,H087,D008,2025-10-29,Corrective Maintenance,Power Failure,High,7.8,1,Out of Warranty,37689.2,Resolved,4
SV03105,H034,D002,2025-02-02,Preventive Maintenance,Preventive Maintenance,Medium,5.8,2,Under Warranty,3081.25,Resolved,5
SV03106,H028,D058,2025-01-28,Corrective Maintenance,Power Failure,Medium,17.7,2,Out of Warranty,10443.05,Resolved,4
SV03107,H089,D012,2025-04-19,Preventive Maintenance,Image Quality,High,10.7,6,Out of Warranty,8125.4,Resolved,4
SV03108,H051,D056,2026-03-03,Installation,Mechanical Issue,Medium,4.1,6,Under Warranty,10725.65,Resolved,4
SV03109,H099,D023,2026-08-05,Preventive Maintenance,Power Failure,Medium,3.2,2,Out of Warranty,14904.34,Resolved,5
SV03110,H037,D023,2024-10-24,Corrective Maintenance,Sensor/Probe Issue,Medium,4.8,4,Out of Warranty,19048.9,Resolved,4
SV03111,H016,D026,2024-01-21,Preventive Maintenance,Software Error,Low,4.8,2,Out of Warranty,8296.72,Resolved,4
SV03112,H053,D033,2026-04-11,Preventive Maintenance,Image Quality,Low,3.9,1,Under Warranty,5360.0,Resolved,5
SV03113,H048,D014,2025-02-13,Installation,Software Error,High,15.0,3,Out of Warranty,6824.2,Resolved,5
SV03114,H041,D008,2024-07-01,Corrective Maintenance,Calibration Issue,Medium,6.6,3,Under Warranty,12210.03,Resolved,4
SV03115,H051,D043,2026-08-16,Corrective Maintenance,Battery Issue,High,17.1,6,Under Warranty,6539.86,Resolved,4
SV03116,H014,D055,2025-07-23,Preventive Maintenance,Power Failure,Low,1.4,2,Out of Warranty,7863.15,Resolved,5
SV03117,H066,D047,2024-10-12,Corrective Maintenance,Calibration Issue,High,14.2,2,Under Warranty,11857.66,Resolved,5
SV03118,H091,D009,2025-08-26,Corrective Maintenance,Software Error,Critical,27.2,2,Out of Warranty,20635.18,Resolved,4
SV03119,H040,D025,2025-07-11,Preventive Maintenance,Image Quality,Medium,0.9,2,Under Warranty,8381.75,Resolved,4
SV03120,H076,D032,2025-04-18,Preventive Maintenance,Display Issue,High,9.8,4,Under Warranty,6179.67,Resolved,4
SV03121,H077,D026,2025-07-21,Corrective Maintenance,Power Failure,Medium,17.7,3,Under Warranty,16171.15,Resolved,4
SV03122,H078,D009,2025-06-11,Corrective Maintenance,Battery Issue,Low,7.9,2,Out of Warranty,19837.53,Resolved,4
SV03123,H036,D038,2024-07-19,Corrective Maintenance,Power Failure,Medium,4.7,3,Under Warranty,11982.14,Resolved,4
SV03124,H032,D002,2024-11-30,Installation,Preventive Maintenance,Medium,14.3,6,Out of Warranty,13242.08,Resolved,5
SV03125,H026,D029,2025-10-22,Installation,Image Quality,High,15.8,18,Under Warranty,10943.12,Resolved,3
SV03126,H020,D029,2025-01-21,Preventive Maintenance,Display Issue,Medium,9.6,6,Under Warranty,3258.05,Resolved,5
SV03127,H045,D003,2026-04-01,Installation,Mechanical Issue,Medium,19.5,2,Out of Warranty,22713.18,Resolved,4
SV03128,H070,D049,2026-05-01,Corrective Maintenance,Sensor/Probe Issue,High,13.0,2,Under Warranty,18135.62,Resolved,4
SV03129,H040,D019,2026-02-27,Corrective Maintenance,Calibration Issue,Low,3.9,1,Under Warranty,12563.63,Pending,4
SV03130,H017,D033,2025-03-15,Corrective Maintenance,Sensor/Probe Issue,High,10.4,1,Out of Warranty,19893.6,Resolved,5
SV03131,H010,D015,2024-09-21,Corrective Maintenance,Software Error,High,6.4,3,Under Warranty,7362.25,Resolved,4
SV03132,H050,D028,2026-06-07,Installation,Mechanical Issue,Medium,9.6,4,Out of Warranty,18573.55,Resolved,4
SV03133,H049,D028,2026-09-13,Installation,Display Issue,High,5.3,4,Out of Warranty,14819.65,Resolved,4
SV03134,H067,D043,2024-02-06,Corrective Maintenance,Sensor/Probe Issue,Medium,6.1,2,Under Warranty,14679.12,Resolved,5
SV03135,H090,D021,2025-07-21,Preventive Maintenance,Software Error,Medium,18.5,3,Under Warranty,4986.06,Resolved,4
SV03136,H027,D005,2026-04-14,Corrective Maintenance,Display Issue,Low,6.8,3,Under Warranty,16138.57,Resolved,4
SV03137,H089,D013,2024-01-30,Preventive Maintenance,Sensor/Probe Issue,Critical,25.3,4,Out of Warranty,8529.62,Resolved,5
SV03138,H011,D030,2025-02-22,Corrective Maintenance,Battery Issue,High,3.6,2,Under Warranty,17845.54,Resolved,4
SV03139,H071,D047,2025-12-17,Corrective Maintenance,Power Failure,Medium,4.4,1,Out of Warranty,10318.91,Resolved,5
SV03140,H087,D040,2025-10-10,Preventive Maintenance,Connectivity,High,12.3,1,Under Warranty,6028.18,Resolved,5
SV03141,H048,D031,2025-04-03,Corrective Maintenance,Sensor/Probe Issue,Medium,18.6,1,Out of Warranty,32437.59,Resolved,4
SV03142,H083,D055,2025-07-15,Corrective Maintenance,Power Failure,High,14.8,3,Under Warranty,14075.93,Resolved,5
SV03143,H059,D026,2025-04-19,Corrective Maintenance,Calibration Issue,Medium,2.5,2,Under Warranty,19112.95,Resolved,5
SV03144,H057,D017,2025-09-21,Preventive Maintenance,Mechanical Issue,Low,3.7,2,Out of Warranty,8048.74,Resolved,5
SV03145,H070,D024,2024-11-11,Preventive Maintenance,Connectivity,High,26.9,2,Under Warranty,6445.57,Resolved,4
SV03146,H037,D039,2026-04-17,Preventive Maintenance,Calibration Issue,Critical,3.1,5,Under Warranty,5395.95,Resolved,4
SV03147,H065,D046,2024-01-28,Preventive Maintenance,Preventive Maintenance,High,9.0,4,Under Warranty,5043.1,Resolved,4
SV03148,H067,D034,2025-03-31,Corrective Maintenance,Mechanical Issue,Medium,3.4,4,Under Warranty,20746.02,Resolved,4
SV03149,H088,D030,2025-06-23,Installation,Software Error,High,2.7,1,Out of Warranty,8784.15,Resolved,5
SV03150,H010,D011,2026-01-11,Corrective Maintenance,Software Error,Low,5.8,2,Under Warranty,14060.2,Resolved,4
SV03151,H097,D049,2026-01-06,Corrective Maintenance,Power Failure,High,17.2,4,Out of Warranty,18213.57,Resolved,4
SV03152,H029,D033,2024-09-26,Installation,Power Failure,Low,4.8,3,Under Warranty,5724.34,Resolved,4
SV03153,H083,D038,2025-11-29,Preventive Maintenance,Sensor/Probe Issue,Low,6.7,1,Out of Warranty,5107.49,Resolved,4
SV03154,H002,D060,2024-04-27,Corrective Maintenance,Connectivity,Medium,2.8,1,Under Warranty,9804.88,Resolved,5
SV03155,H031,D013,2025-06-17,Corrective Maintenance,Software Error,High,11.3,7,Under Warranty,9982.21,Resolved,4
SV03156,H090,D022,2024-11-17,Preventive Maintenance,Power Failure,Medium,4.9,2,Out of Warranty,7239.56,Resolved,4
SV03157,H037,D058,2026-01-06,Preventive Maintenance,Sensor/Probe Issue,High,12.6,5,Under Warranty,4635.26,Resolved,4
SV03158,H055,D026,2026-04-21,Preventive Maintenance,Power Failure,Low,11.7,4,Out of Warranty,10388.95,Resolved,4
SV03159,H054,D028,2024-10-12,Corrective Maintenance,Image Quality,Medium,5.4,3,Under Warranty,16429.48,Resolved,4
SV03160,H089,D001,2025-10-28,Corrective Maintenance,Software Error,High,7.1,1,Out of Warranty,32979.23,Resolved,5
SV03161,H032,D004,2025-03-14,Preventive Maintenance,Calibration Issue,Low,3.2,1,Under Warranty,6360.41,Resolved,5
SV03162,H031,D033,2026-03-01,Installation,Image Quality,High,5.0,1,Out of Warranty,17612.29,Resolved,5
SV03163,H079,D010,2024-04-21,Corrective Maintenance,Image Quality,High,0.9,5,Out of Warranty,12589.82,Resolved,5
SV03164,H092,D058,2025-07-22,Preventive Maintenance,Calibration Issue,Low,8.4,1,Out of Warranty,3952.86,Pending,5
SV03165,H074,D043,2026-08-01,Preventive Maintenance,Power Failure,Medium,3.4,5,Under Warranty,7695.63,Resolved,5
SV03166,H085,D057,2026-01-04,Corrective Maintenance,Connectivity,Low,4.0,4,Out of Warranty,13411.72,Resolved,4
SV03167,H057,D008,2025-12-11,Corrective Maintenance,Mechanical Issue,High,16.5,2,Under Warranty,17292.08,Resolved,4
SV03168,H009,D001,2024-01-26,Installation,Display Issue,High,6.7,5,Under Warranty,7616.88,Resolved,5
SV03169,H089,D001,2024-03-10,Preventive Maintenance,Calibration Issue,Low,8.5,2,Under Warranty,2429.6,Resolved,4
SV03170,H009,D049,2024-10-03,Corrective Maintenance,Power Failure,Medium,2.3,3,Under Warranty,13338.91,Resolved,4
SV03171,H081,D059,2024-06-12,Corrective Maintenance,Calibration Issue,Medium,15.2,7,Under Warranty,14984.38,Resolved,4
SV03172,H002,D058,2026-01-13,Preventive Maintenance,Calibration Issue,Low,5.5,3,Under Warranty,6867.35,Resolved,4
SV03173,H043,D027,2026-02-21,Preventive Maintenance,Power Failure,Low,5.2,2,Out of Warranty,8485.83,Pending,5
SV03174,H001,D042,2025-10-25,Installation,Battery Issue,Medium,25.8,4,Under Warranty,10577.63,Resolved,4
SV03175,H071,D015,2024-02-06,Installation,Sensor/Probe Issue,Critical,3.1,8,Under Warranty,9872.23,Resolved,3
SV03176,H084,D056,2024-12-25,Installation,Image Quality,Medium,12.1,2,Out of Warranty,24012.03,Resolved,4
SV03177,H081,D046,2025-12-06,Preventive Maintenance,Connectivity,High,20.1,5,Under Warranty,3153.57,Resolved,3
SV03178,H088,D049,2024-12-04,Corrective Maintenance,Battery Issue,Medium,8.6,4,Out of Warranty,13925.92,Resolved,4
SV03179,H091,D022,2024-09-10,Preventive Maintenance,Image Quality,Low,1.4,2,Under Warranty,8699.87,Resolved,5
SV03180,H025,D027,2025-09-02,Corrective Maintenance,Software Error,Medium,4.2,1,Out of Warranty,27472.0,Resolved,5
SV03181,H028,D035,2025-12-01,Preventive Maintenance,Power Failure,Low,3.9,3,Out of Warranty,13126.46,Resolved,4
SV03182,H055,D045,2026-02-02,Corrective Maintenance,Battery Issue,Low,10.6,2,Under Warranty,16566.68,Resolved,4
SV03183,H099,D039,2026-06-10,Corrective Maintenance,Connectivity,Medium,11.9,1,Out of Warranty,32817.89,Resolved,4
SV03184,H092,D039,2024-05-18,Preventive Maintenance,Mechanical Issue,High,2.3,1,Under Warranty,3771.25,Resolved,5
SV03185,H012,D055,2025-10-20,Corrective Maintenance,Mechanical Issue,High,14.6,2,Under Warranty,6488.97,Resolved,4
SV03186,H046,D045,2024-03-28,Corrective Maintenance,Image Quality,Medium,19.3,3,Under Warranty,12618.39,Resolved,3
SV03187,H017,D048,2024-03-06,Corrective Maintenance,Battery Issue,Medium,10.8,4,Under Warranty,6762.26,Resolved,5
SV03188,H013,D056,2025-04-15,Corrective Maintenance,Sensor/Probe Issue,Low,1.2,1,Under Warranty,12638.03,Resolved,4
SV03189,H011,D022,2025-10-25,Corrective Maintenance,Mechanical Issue,Medium,10.3,6,Under Warranty,5154.81,Resolved,4
SV03190,H085,D030,2026-08-29,Preventive Maintenance,Image Quality,Medium,30.1,4,Out of Warranty,6998.39,Resolved,4
SV03191,H015,D025,2026-03-23,Corrective Maintenance,Software Error,Medium,5.3,2,Under Warranty,16034.93,Resolved,4
SV03192,H078,D057,2024-10-30,Corrective Maintenance,Image Quality,Medium,7.6,2,Under Warranty,14289.91,Resolved,4
SV03193,H016,D049,2025-11-23,Corrective Maintenance,Power Failure,Low,1.9,1,Under Warranty,10411.14,Resolved,5
SV03194,H068,D009,2024-01-09,Preventive Maintenance,Connectivity,Medium,3.6,2,Under Warranty,5226.62,Resolved,5
SV03195,H031,D029,2026-02-05,Preventive Maintenance,Image Quality,Medium,9.0,2,Under Warranty,3697.77,Resolved,4
SV03196,H074,D030,2024-09-02,Preventive Maintenance,Power Failure,Medium,12.4,7,Out of Warranty,5006.41,Resolved,4
SV03197,H023,D008,2026-08-09,Installation,Power Failure,Medium,7.4,5,Under Warranty,4087.05,Resolved,4
SV03198,H021,D054,2024-01-25,Preventive Maintenance,Preventive Maintenance,Critical,40.3,2,Under Warranty,3425.08,Pending,4
SV03199,H017,D037,2026-08-30,Preventive Maintenance,Mechanical Issue,Medium,6.9,4,Out of Warranty,11975.04,Resolved,5
SV03200,H012,D024,2025-12-31,Preventive Maintenance,Image Quality,High,3.5,7,Out of Warranty,8724.15,Resolved,4
SV03201,H022,D048,2026-02-05,Corrective Maintenance,Power Failure,Medium,11.0,3,Under Warranty,12084.84,Resolved,5
SV03202,H024,D009,2025-07-01,Corrective Maintenance,Calibration Issue,Medium,2.3,5,Under Warranty,20188.02,Resolved,4
SV03203,H063,D031,2024-04-07,Preventive Maintenance,Sensor/Probe Issue,High,3.8,3,Under Warranty,5280.83,Resolved,4
SV03204,H009,D027,2025-06-07,Corrective Maintenance,Display Issue,High,6.5,3,Out of Warranty,12668.34,Resolved,4
SV03205,H063,D049,2026-09-21,Preventive Maintenance,Calibration Issue,High,23.7,8,Out of Warranty,14572.55,Resolved,3
SV03206,H062,D007,2025-02-11,Corrective Maintenance,Power Failure,Low,10.5,1,Out of Warranty,15638.79,Resolved,4
SV03207,H095,D058,2026-02-04,Corrective Maintenance,Display Issue,Critical,13.8,7,Out of Warranty,13980.12,Resolved,3
SV03208,H017,D052,2024-05-21,Corrective Maintenance,Calibration Issue,High,4.3,4,Out of Warranty,35258.58,Resolved,4
SV03209,H037,D026,2024-03-13,Corrective Maintenance,Calibration Issue,High,4.5,6,Out of Warranty,30121.01,Resolved,5
SV03210,H073,D017,2025-10-04,Corrective Maintenance,Preventive Maintenance,High,14.4,4,Under Warranty,15149.37,Resolved,4
SV03211,H021,D023,2026-01-05,Preventive Maintenance,Mechanical Issue,Medium,7.4,3,Out of Warranty,9570.17,Resolved,4
SV03212,H002,D006,2025-11-12,Corrective Maintenance,Battery Issue,High,6.7,2,Under Warranty,9812.98,Resolved,4
SV03213,H030,D041,2025-06-29,Installation,Display Issue,Low,1.0,2,Under Warranty,13431.56,Resolved,5
SV03214,H014,D022,2024-08-27,Corrective Maintenance,Image Quality,Medium,6.8,3,Out of Warranty,10099.43,Resolved,5
SV03215,H095,D009,2024-03-18,Preventive Maintenance,Display Issue,Low,4.1,4,Under Warranty,6753.12,Resolved,5
SV03216,H085,D021,2026-07-01,Corrective Maintenance,Image Quality,High,1.7,2,Under Warranty,6931.27,Resolved,4
SV03217,H041,D044,2025-04-04,Corrective Maintenance,Image Quality,High,18.0,2,Under Warranty,6199.46,Resolved,5
SV03218,H089,D030,2026-08-02,Corrective Maintenance,Power Failure,Low,4.1,3,Under Warranty,7880.38,Resolved,5
SV03219,H100,D032,2025-12-22,Corrective Maintenance,Image Quality,Low,3.0,2,Under Warranty,14788.76,Resolved,4
SV03220,H027,D055,2024-07-27,Corrective Maintenance,Preventive Maintenance,Medium,1.8,2,Under Warranty,18961.2,Resolved,4
SV03221,H036,D025,2025-01-02,Preventive Maintenance,Mechanical Issue,Medium,10.3,3,Under Warranty,6082.68,Resolved,4
SV03222,H065,D058,2025-09-03,Corrective Maintenance,Image Quality,High,23.4,2,Under Warranty,12171.4,Resolved,4
SV03223,H097,D056,2025-03-06,Preventive Maintenance,Image Quality,Medium,1.7,3,Out of Warranty,5808.31,Resolved,4
SV03224,H073,D021,2025-10-13,Corrective Maintenance,Battery Issue,High,1.6,4,Under Warranty,14772.4,Resolved,4
SV03225,H097,D052,2024-02-24,Corrective Maintenance,Software Error,Low,6.1,3,Under Warranty,6820.11,Resolved,4
SV03226,H031,D009,2024-09-20,Preventive Maintenance,Power Failure,Low,1.6,3,Out of Warranty,15176.4,Resolved,4
SV03227,H007,D001,2024-05-08,Preventive Maintenance,Software Error,Medium,11.4,4,Under Warranty,2264.26,Resolved,4
SV03228,H049,D028,2026-02-13,Corrective Maintenance,Mechanical Issue,Low,9.6,2,Under Warranty,18135.09,Resolved,5
SV03229,H068,D011,2024-07-06,Preventive Maintenance,Display Issue,Medium,10.2,8,Under Warranty,5505.5,Resolved,4
SV03230,H004,D032,2025-01-11,Corrective Maintenance,Mechanical Issue,Medium,2.9,1,Under Warranty,20400.95,Resolved,5
SV03231,H100,D003,2025-09-11,Preventive Maintenance,Power Failure,High,20.9,3,Under Warranty,6634.04,Resolved,4
SV03232,H073,D037,2024-10-30,Preventive Maintenance,Software Error,Medium,7.2,2,Under Warranty,7705.34,Resolved,3
SV03233,H080,D047,2026-02-03,Preventive Maintenance,Software Error,Medium,9.7,3,Under Warranty,4181.38,Resolved,4
SV03234,H012,D014,2024-09-09,Preventive Maintenance,Mechanical Issue,Medium,11.3,3,Under Warranty,2751.59,Resolved,5
SV03235,H002,D046,2024-04-18,Preventive Maintenance,Image Quality,Critical,5.3,5,Under Warranty,4709.62,Resolved,4
SV03236,H045,D035,2024-02-27,Preventive Maintenance,Preventive Maintenance,High,10.9,2,Out of Warranty,11216.55,Resolved,4
SV03237,H070,D039,2024-11-20,Preventive Maintenance,Mechanical Issue,High,16.9,8,Out of Warranty,8888.33,Resolved,4
SV03238,H095,D020,2026-08-24,Corrective Maintenance,Display Issue,Medium,22.7,2,Under Warranty,6695.02,Resolved,4
SV03239,H041,D043,2025-11-11,Corrective Maintenance,Battery Issue,Medium,14.5,2,Under Warranty,15333.27,Resolved,4
SV03240,H060,D025,2025-05-05,Corrective Maintenance,Battery Issue,Medium,10.6,6,Out of Warranty,20643.6,Resolved,4
SV03241,H069,D058,2024-04-17,Preventive Maintenance,Image Quality,High,8.6,9,Under Warranty,4228.3,Resolved,4
SV03242,H065,D020,2026-07-09,Preventive Maintenance,Software Error,Medium,6.3,2,Under Warranty,3839.79,Resolved,4
SV03243,H065,D029,2025-03-10,Corrective Maintenance,Connectivity,Medium,14.3,1,Out of Warranty,9671.29,Resolved,5
SV03244,H071,D047,2024-03-29,Preventive Maintenance,Sensor/Probe Issue,High,2.8,4,Under Warranty,4373.95,Resolved,4
SV03245,H032,D023,2024-04-04,Installation,Preventive Maintenance,Medium,7.7,1,Out of Warranty,12808.18,Resolved,5
SV03246,H021,D009,2025-08-25,Preventive Maintenance,Display Issue,Medium,11.8,3,Out of Warranty,14728.3,Resolved,5
SV03247,H004,D011,2024-06-07,Corrective Maintenance,Software Error,Low,4.0,1,Out of Warranty,25674.56,Resolved,4
SV03248,H064,D047,2025-12-08,Preventive Maintenance,Display Issue,Low,4.2,3,Out of Warranty,7234.88,Resolved,4
SV03249,H071,D025,2024-07-20,Preventive Maintenance,Connectivity,Medium,12.1,1,Under Warranty,7654.62,Resolved,4
SV03250,H038,D051,2025-10-06,Preventive Maintenance,Sensor/Probe Issue,Low,6.1,3,Out of Warranty,15015.72,Resolved,4
SV03251,H061,D046,2025-08-08,Corrective Maintenance,Calibration Issue,Medium,4.8,2,Out of Warranty,24212.85,Resolved,3
SV03252,H063,D022,2026-05-30,Preventive Maintenance,Preventive Maintenance,Medium,3.8,2,Under Warranty,2507.53,Pending,4
SV03253,H075,D049,2026-07-14,Installation,Preventive Maintenance,Medium,5.6,6,Under Warranty,8485.93,Resolved,4
SV03254,H089,D036,2024-02-26,Corrective Maintenance,Display Issue,High,20.5,4,Under Warranty,14125.42,Resolved,4
SV03255,H035,D023,2025-10-10,Corrective Maintenance,Calibration Issue,High,6.0,5,Out of Warranty,22477.43,Resolved,4
SV03256,H050,D058,2024-08-23,Corrective Maintenance,Connectivity,High,3.4,4,Under Warranty,10335.54,Resolved,4
SV03257,H083,D052,2025-12-23,Corrective Maintenance,Connectivity,Medium,19.2,6,Out of Warranty,33311.48,Resolved,4
SV03258,H092,D021,2024-05-29,Corrective Maintenance,Preventive Maintenance,Medium,8.6,2,Out of Warranty,32612.67,Resolved,3
SV03259,H024,D037,2026-01-29,Corrective Maintenance,Connectivity,Low,13.2,2,Under Warranty,6161.97,Resolved,4
SV03260,H062,D040,2024-04-26,Installation,Software Error,Medium,21.3,3,Out of Warranty,18908.76,Resolved,4
SV03261,H007,D028,2026-03-15,Preventive Maintenance,Sensor/Probe Issue,Medium,7.2,6,Under Warranty,2462.59,Pending,4
SV03262,H017,D058,2025-09-20,Preventive Maintenance,Image Quality,High,7.8,5,Out of Warranty,16173.98,Resolved,4
SV03263,H059,D004,2024-03-29,Corrective Maintenance,Mechanical Issue,High,7.4,10,Under Warranty,12326.69,Resolved,4
SV03264,H086,D044,2026-08-01,Preventive Maintenance,Image Quality,Medium,7.3,2,Under Warranty,4175.78,Resolved,4
SV03265,H085,D028,2024-08-28,Preventive Maintenance,Display Issue,Medium,2.1,1,Under Warranty,7004.86,Resolved,5
SV03266,H038,D048,2025-10-12,Corrective Maintenance,Image Quality,Medium,3.0,2,Out of Warranty,21597.95,Resolved,4
SV03267,H074,D043,2025-09-30,Corrective Maintenance,Image Quality,Medium,5.4,2,Out of Warranty,32262.36,Resolved,5
SV03268,H043,D017,2026-06-09,Corrective Maintenance,Preventive Maintenance,High,3.0,5,Out of Warranty,27334.26,Resolved,4
SV03269,H097,D046,2025-06-14,Corrective Maintenance,Software Error,High,3.0,4,Under Warranty,9690.8,Resolved,5
SV03270,H011,D041,2025-10-22,Preventive Maintenance,Software Error,Medium,6.2,2,Under Warranty,2397.7,Resolved,5
SV03271,H023,D020,2025-06-29,Corrective Maintenance,Battery Issue,Medium,8.4,4,Under Warranty,17461.26,Resolved,4
SV03272,H041,D012,2024-12-11,Corrective Maintenance,Sensor/Probe Issue,Medium,0.8,3,Out of Warranty,18576.01,Resolved,4
SV03273,H050,D002,2026-01-07,Corrective Maintenance,Battery Issue,Medium,6.7,2,Out of Warranty,17698.42,Resolved,4
SV03274,H064,D055,2024-03-18,Corrective Maintenance,Software Error,High,21.1,3,Under Warranty,9006.23,Resolved,4
SV03275,H089,D049,2026-02-23,Corrective Maintenance,Power Failure,Medium,6.9,3,Out of Warranty,34126.43,Resolved,5
SV03276,H012,D022,2024-07-20,Installation,Power Failure,High,2.9,1,Out of Warranty,14397.29,Resolved,4
SV03277,H038,D028,2024-06-10,Corrective Maintenance,Mechanical Issue,Medium,8.3,8,Under Warranty,8015.95,Resolved,4
SV03278,H049,D034,2025-07-08,Corrective Maintenance,Display Issue,High,10.0,6,Out of Warranty,35181.65,Resolved,4
SV03279,H079,D009,2025-03-23,Corrective Maintenance,Battery Issue,Low,3.2,2,Out of Warranty,22502.88,Resolved,5
SV03280,H075,D010,2025-03-29,Installation,Calibration Issue,Low,2.5,1,Under Warranty,6986.04,Resolved,4
SV03281,H046,D040,2025-08-18,Corrective Maintenance,Software Error,High,10.1,2,Out of Warranty,22941.27,Resolved,5
SV03282,H002,D020,2025-02-04,Corrective Maintenance,Connectivity,Medium,12.1,5,Under Warranty,11133.85,Resolved,4
SV03283,H073,D024,2025-10-26,Corrective Maintenance,Software Error,Low,5.6,1,Under Warranty,18169.85,Resolved,5
SV03284,H050,D058,2024-06-09,Corrective Maintenance,Connectivity,High,17.5,1,Under Warranty,6209.07,Resolved,4
SV03285,H023,D042,2024-08-03,Corrective Maintenance,Calibration Issue,Medium,5.4,2,Under Warranty,16400.49,Resolved,4
SV03286,H045,D006,2024-09-11,Preventive Maintenance,Connectivity,Medium,24.8,4,Under Warranty,3344.03,Resolved,4
SV03287,H011,D031,2024-07-21,Corrective Maintenance,Preventive Maintenance,Critical,5.6,8,Out of Warranty,33918.72,Resolved,4
SV03288,H050,D002,2025-03-20,Corrective Maintenance,Connectivity,Medium,6.5,6,Under Warranty,8096.88,Resolved,4
SV03289,H027,D016,2025-02-27,Preventive Maintenance,Calibration Issue,Medium,4.1,2,Out of Warranty,6760.56,Resolved,5
SV03290,H057,D029,2025-03-24,Corrective Maintenance,Sensor/Probe Issue,High,2.5,3,Out of Warranty,28611.94,Resolved,5
SV03291,H033,D031,2024-05-24,Corrective Maintenance,Battery Issue,High,9.7,5,Under Warranty,10277.83,Resolved,4
SV03292,H019,D021,2025-02-06,Preventive Maintenance,Power Failure,Medium,10.5,3,Out of Warranty,16085.13,Resolved,4
SV03293,H045,D055,2025-06-11,Preventive Maintenance,Power Failure,Low,2.1,3,Out of Warranty,11505.49,Resolved,4
SV03294,H014,D026,2026-02-02,Installation,Power Failure,High,21.9,4,Under Warranty,10035.93,Resolved,4
SV03295,H021,D003,2026-05-31,Preventive Maintenance,Preventive Maintenance,High,16.1,7,Out of Warranty,11105.19,Resolved,4
SV03296,H076,D005,2026-07-15,Preventive Maintenance,Preventive Maintenance,Medium,10.6,4,Out of Warranty,11010.92,Resolved,5
SV03297,H028,D008,2025-12-29,Preventive Maintenance,Software Error,Medium,2.2,3,Under Warranty,5115.44,Resolved,4
SV03298,H012,D052,2025-01-31,Corrective Maintenance,Image Quality,Medium,14.3,5,Out of Warranty,17883.74,Resolved,5
SV03299,H040,D031,2025-06-21,Preventive Maintenance,Sensor/Probe Issue,Medium,10.1,3,Out of Warranty,9700.39,Resolved,4
SV03300,H025,D059,2024-11-26,Corrective Maintenance,Software Error,High,2.9,2,Under Warranty,14066.77,Resolved,4
SV03301,H098,D010,2024-11-17,Corrective Maintenance,Sensor/Probe Issue,High,4.1,2,Out of Warranty,17381.12,Resolved,4
SV03302,H032,D034,2026-06-27,Corrective Maintenance,Image Quality,Low,7.8,2,Under Warranty,18020.42,Resolved,5
SV03303,H005,D036,2025-01-27,Preventive Maintenance,Software Error,Medium,12.8,2,Under Warranty,5702.88,Resolved,4
SV03304,H080,D056,2024-09-16,Preventive Maintenance,Power Failure,Low,1.2,3,Under Warranty,5715.79,Resolved,5
SV03305,H093,D039,2026-05-21,Installation,Preventive Maintenance,High,2.7,3,Out of Warranty,15325.53,Resolved,4
SV03306,H030,D022,2025-10-30,Corrective Maintenance,Software Error,High,1.3,7,Under Warranty,15640.85,Resolved,4
SV03307,H044,D003,2024-02-29,Corrective Maintenance,Connectivity,Medium,6.9,4,Under Warranty,13162.22,Resolved,4
SV03308,H050,D047,2026-07-30,Corrective Maintenance,Calibration Issue,Medium,8.1,2,Out of Warranty,19842.6,Resolved,3
SV03309,H016,D040,2024-08-29,Corrective Maintenance,Power Failure,Low,7.4,4,Under Warranty,20366.14,Resolved,5
SV03310,H072,D050,2024-09-16,Corrective Maintenance,Image Quality,Critical,3.5,7,Under Warranty,17993.62,Resolved,4
SV03311,H007,D036,2024-03-04,Corrective Maintenance,Calibration Issue,Critical,10.6,9,Out of Warranty,27930.14,Resolved,4
SV03312,H023,D007,2024-06-08,Corrective Maintenance,Battery Issue,High,3.4,2,Under Warranty,14774.39,Resolved,4
SV03313,H093,D036,2025-10-10,Corrective Maintenance,Sensor/Probe Issue,Medium,11.7,3,Out of Warranty,10597.51,Resolved,5
SV03314,H071,D029,2024-11-16,Corrective Maintenance,Software Error,Medium,10.7,3,Under Warranty,20972.92,Resolved,3
SV03315,H043,D039,2025-11-21,Corrective Maintenance,Power Failure,Low,4.8,2,Out of Warranty,19878.07,Resolved,5
SV03316,H037,D043,2025-02-03,Preventive Maintenance,Image Quality,Low,1.3,2,Under Warranty,2491.08,Resolved,4
SV03317,H084,D003,2025-11-19,Preventive Maintenance,Display Issue,Critical,11.4,4,Under Warranty,2551.84,Resolved,5
SV03318,H052,D016,2024-12-04,Preventive Maintenance,Display Issue,Low,2.8,1,Out of Warranty,11635.33,Resolved,5
SV03319,H047,D055,2024-08-21,Corrective Maintenance,Display Issue,Medium,17.8,1,Out of Warranty,15971.83,Resolved,5
SV03320,H044,D059,2025-09-06,Corrective Maintenance,Sensor/Probe Issue,High,44.5,6,Out of Warranty,9979.41,Resolved,3
SV03321,H009,D042,2025-07-23,Installation,Battery Issue,Medium,25.1,3,Out of Warranty,20227.77,Pending,4
SV03322,H074,D011,2026-08-10,Corrective Maintenance,Connectivity,Medium,11.6,2,Under Warranty,8482.92,Pending,5
SV03323,H033,D010,2025-10-27,Preventive Maintenance,Preventive Maintenance,High,18.5,2,Out of Warranty,5047.45,Resolved,4
SV03324,H081,D025,2025-02-08,Corrective Maintenance,Display Issue,Medium,4.4,1,Out of Warranty,35324.68,Resolved,4
SV03325,H030,D033,2025-07-06,Corrective Maintenance,Software Error,High,13.6,4,Out of Warranty,12097.37,Resolved,3
SV03326,H088,D057,2024-03-14,Corrective Maintenance,Display Issue,Medium,6.4,2,Under Warranty,20586.92,Resolved,4
SV03327,H093,D016,2025-02-13,Corrective Maintenance,Sensor/Probe Issue,High,11.2,3,Out of Warranty,30266.8,Resolved,5
SV03328,H076,D021,2026-04-28,Corrective Maintenance,Power Failure,Medium,5.1,1,Out of Warranty,30027.89,Resolved,5
SV03329,H002,D047,2025-05-20,Corrective Maintenance,Calibration Issue,Medium,1.4,2,Under Warranty,20997.11,Resolved,5
SV03330,H076,D042,2026-01-07,Preventive Maintenance,Software Error,Medium,9.5,2,Out of Warranty,7000.12,Resolved,4
SV03331,H075,D026,2026-03-04,Corrective Maintenance,Mechanical Issue,High,4.7,7,Out of Warranty,33359.18,Resolved,4
SV03332,H008,D045,2025-09-28,Preventive Maintenance,Software Error,Medium,12.9,2,Under Warranty,7586.67,Resolved,4
SV03333,H013,D050,2024-01-28,Preventive Maintenance,Software Error,High,1.2,4,Out of Warranty,7564.3,Resolved,4
SV03334,H090,D056,2024-02-13,Preventive Maintenance,Preventive Maintenance,Medium,1.7,2,Out of Warranty,10336.65,Pending,4
SV03335,H069,D037,2024-05-11,Preventive Maintenance,Image Quality,Medium,4.8,4,Under Warranty,3772.88,Resolved,4
SV03336,H099,D017,2026-02-20,Corrective Maintenance,Software Error,Low,0.8,5,Under Warranty,14038.18,Resolved,5
SV03337,H055,D020,2025-05-19,Corrective Maintenance,Display Issue,High,4.0,7,Out of Warranty,18995.8,Resolved,4
SV03338,H068,D051,2025-05-23,Preventive Maintenance,Software Error,High,3.2,5,Under Warranty,4158.39,Resolved,3
SV03339,H051,D045,2025-10-25,Installation,Image Quality,High,15.7,14,Under Warranty,4921.08,Resolved,4
SV03340,H045,D056,2026-05-05,Corrective Maintenance,Power Failure,Medium,9.7,4,Under Warranty,15932.61,Resolved,5
SV03341,H060,D037,2024-06-05,Preventive Maintenance,Battery Issue,Medium,15.9,4,Out of Warranty,11991.92,Resolved,4
SV03342,H013,D031,2024-09-29,Installation,Calibration Issue,Low,7.6,1,Under Warranty,10865.2,Resolved,4
SV03343,H045,D042,2025-06-13,Corrective Maintenance,Sensor/Probe Issue,Medium,0.9,2,Out of Warranty,27706.14,Resolved,5
SV03344,H053,D002,2024-09-28,Corrective Maintenance,Software Error,Medium,4.8,4,Under Warranty,7886.97,Resolved,4
SV03345,H012,D024,2025-11-09,Corrective Maintenance,Sensor/Probe Issue,High,25.8,5,Under Warranty,19302.65,Resolved,4
SV03346,H087,D013,2025-09-29,Corrective Maintenance,Preventive Maintenance,Low,4.6,1,Under Warranty,11472.27,Resolved,4
SV03347,H017,D029,2024-01-30,Preventive Maintenance,Connectivity,Medium,0.8,4,Under Warranty,7443.99,Pending,4
SV03348,H094,D050,2024-05-02,Preventive Maintenance,Preventive Maintenance,Medium,5.5,3,Out of Warranty,8294.48,Resolved,5
SV03349,H097,D042,2025-06-13,Corrective Maintenance,Calibration Issue,High,10.9,16,Under Warranty,6974.51,Resolved,3
SV03350,H002,D019,2026-01-18,Corrective Maintenance,Calibration Issue,Medium,6.3,2,Under Warranty,13231.5,Resolved,3
SV03351,H033,D060,2025-12-09,Preventive Maintenance,Calibration Issue,High,19.3,4,Out of Warranty,6532.32,Resolved,5
SV03352,H073,D015,2024-12-11,Corrective Maintenance,Software Error,Medium,10.2,2,Under Warranty,12250.7,Resolved,4
SV03353,H011,D020,2024-06-15,Corrective Maintenance,Mechanical Issue,High,3.6,10,Under Warranty,13194.34,Resolved,4
SV03354,H062,D022,2024-08-04,Corrective Maintenance,Connectivity,Low,2.7,1,Out of Warranty,18171.39,Resolved,4
SV03355,H100,D026,2024-03-22,Corrective Maintenance,Battery Issue,High,12.8,2,Under Warranty,13921.75,Resolved,4
SV03356,H008,D002,2025-05-09,Preventive Maintenance,Sensor/Probe Issue,Low,0.9,2,Under Warranty,7672.18,Resolved,5
SV03357,H032,D018,2026-09-13,Corrective Maintenance,Preventive Maintenance,Critical,3.7,3,Under Warranty,5951.43,Resolved,5
SV03358,H014,D041,2024-01-10,Corrective Maintenance,Power Failure,High,12.1,2,Out of Warranty,17199.03,Resolved,4
SV03359,H076,D059,2025-02-12,Corrective Maintenance,Display Issue,High,4.9,9,Under Warranty,11173.45,Resolved,3
SV03360,H017,D004,2025-03-09,Preventive Maintenance,Power Failure,Medium,2.2,5,Under Warranty,5019.88,Resolved,4
SV03361,H052,D016,2024-10-03,Corrective Maintenance,Calibration Issue,High,5.4,3,Under Warranty,7345.57,Resolved,5
SV03362,H081,D018,2025-09-04,Preventive Maintenance,Power Failure,High,24.1,5,Out of Warranty,15707.17,Resolved,4
SV03363,H020,D057,2026-07-09,Corrective Maintenance,Display Issue,High,15.9,2,Under Warranty,8855.55,Resolved,4
SV03364,H059,D022,2025-12-29,Preventive Maintenance,Preventive Maintenance,High,14.5,3,Out of Warranty,8372.95,Resolved,4
SV03365,H056,D055,2025-07-03,Corrective Maintenance,Image Quality,Low,5.0,1,Out of Warranty,38733.99,Resolved,5
SV03366,H086,D012,2026-04-15,Corrective Maintenance,Mechanical Issue,High,1.4,3,Under Warranty,18002.12,Resolved,4
SV03367,H048,D033,2024-07-21,Preventive Maintenance,Calibration Issue,Medium,9.7,6,Under Warranty,4271.33,Resolved,5
SV03368,H065,D015,2026-05-14,Preventive Maintenance,Sensor/Probe Issue,Medium,7.7,4,Under Warranty,2994.04,Resolved,5
SV03369,H086,D035,2025-07-06,Preventive Maintenance,Power Failure,Medium,10.0,2,Under Warranty,8247.62,Resolved,4
SV03370,H073,D054,2024-11-01,Corrective Maintenance,Power Failure,Medium,28.8,3,Under Warranty,15027.51,Resolved,3
SV03371,H049,D049,2025-03-26,Corrective Maintenance,Calibration Issue,High,5.6,4,Out of Warranty,13157.74,Resolved,4
SV03372,H039,D034,2024-11-24,Preventive Maintenance,Calibration Issue,High,34.2,1,Under Warranty,5323.37,Resolved,4
SV03373,H016,D029,2025-06-27,Preventive Maintenance,Display Issue,Medium,4.2,3,Out of Warranty,4611.27,Resolved,5
SV03374,H087,D002,2024-07-19,Preventive Maintenance,Sensor/Probe Issue,Medium,4.4,6,Under Warranty,6395.44,Resolved,5
SV03375,H087,D009,2026-02-14,Preventive Maintenance,Sensor/Probe Issue,Medium,3.3,2,Under Warranty,5886.06,Resolved,4
SV03376,H085,D034,2026-08-10,Corrective Maintenance,Sensor/Probe Issue,Low,2.7,1,Under Warranty,14016.53,Resolved,5
SV03377,H100,D006,2024-10-28,Corrective Maintenance,Connectivity,Medium,16.3,5,Under Warranty,14370.63,Resolved,4
SV03378,H082,D035,2025-01-03,Preventive Maintenance,Connectivity,Medium,3.9,2,Under Warranty,6560.33,Resolved,5
SV03379,H100,D047,2025-03-28,Installation,Software Error,Medium,5.9,2,Under Warranty,13811.47,Resolved,4
SV03380,H098,D011,2026-05-11,Corrective Maintenance,Display Issue,Low,1.1,5,Out of Warranty,9689.18,Resolved,4
SV03381,H061,D007,2024-02-27,Preventive Maintenance,Battery Issue,Medium,8.5,2,Out of Warranty,5547.36,Resolved,4
SV03382,H027,D033,2026-04-12,Preventive Maintenance,Power Failure,Medium,3.7,2,Out of Warranty,11498.76,Pending,4
SV03383,H058,D040,2025-11-23,Corrective Maintenance,Battery Issue,High,9.0,2,Out of Warranty,30718.74,Resolved,4
SV03384,H077,D021,2024-10-09,Preventive Maintenance,Software Error,Medium,2.5,6,Out of Warranty,6174.49,Resolved,4
SV03385,H021,D041,2024-03-27,Preventive Maintenance,Sensor/Probe Issue,High,2.1,2,Under Warranty,6776.57,Resolved,4
SV03386,H094,D046,2024-10-03,Corrective Maintenance,Image Quality,Low,1.9,5,Out of Warranty,32442.4,Resolved,3
SV03387,H068,D003,2025-12-22,Corrective Maintenance,Power Failure,High,35.9,4,Under Warranty,5726.23,Resolved,4
SV03388,H053,D047,2024-05-26,Corrective Maintenance,Image Quality,High,3.0,3,Under Warranty,15359.39,Resolved,5
SV03389,H072,D048,2024-06-30,Corrective Maintenance,Preventive Maintenance,High,12.5,2,Out of Warranty,22959.63,Resolved,5
SV03390,H024,D055,2026-08-28,Corrective Maintenance,Sensor/Probe Issue,High,4.5,3,Out of Warranty,18415.14,Resolved,4
SV03391,H013,D036,2025-11-06,Corrective Maintenance,Display Issue,Medium,7.4,1,Out of Warranty,31684.36,Resolved,5
SV03392,H080,D053,2024-08-06,Corrective Maintenance,Image Quality,Medium,3.2,2,Under Warranty,17158.66,Resolved,4
SV03393,H089,D059,2025-04-01,Preventive Maintenance,Battery Issue,High,14.7,7,Out of Warranty,10184.47,Resolved,3
SV03394,H086,D017,2026-03-27,Preventive Maintenance,Image Quality,Medium,10.3,3,Under Warranty,5874.01,Resolved,4
SV03395,H097,D008,2025-08-25,Installation,Preventive Maintenance,Medium,3.0,2,Out of Warranty,8710.07,Resolved,4
SV03396,H087,D007,2025-09-10,Corrective Maintenance,Image Quality,Medium,11.5,3,Out of Warranty,36636.42,Resolved,4
SV03397,H017,D009,2025-04-05,Preventive Maintenance,Mechanical Issue,Critical,13.7,8,Under Warranty,6775.54,Resolved,4
SV03398,H097,D052,2025-12-15,Installation,Mechanical Issue,Medium,8.8,2,Under Warranty,13570.04,Resolved,5
SV03399,H036,D003,2025-08-18,Corrective Maintenance,Calibration Issue,Medium,2.4,4,Out of Warranty,22428.86,Resolved,5
SV03400,H072,D039,2024-08-22,Corrective Maintenance,Sensor/Probe Issue,Medium,7.1,5,Under Warranty,13823.9,Resolved,4
SV03401,H019,D030,2024-09-19,Preventive Maintenance,Sensor/Probe Issue,Medium,2.1,3,Under Warranty,8549.75,Resolved,5
SV03402,H061,D059,2024-03-21,Corrective Maintenance,Sensor/Probe Issue,High,7.4,3,Under Warranty,7281.24,Resolved,4
SV03403,H054,D041,2025-02-26,Preventive Maintenance,Battery Issue,Medium,6.3,2,Under Warranty,5068.4,Resolved,5
SV03404,H036,D008,2025-08-16,Installation,Sensor/Probe Issue,Medium,6.9,4,Under Warranty,5083.03,Resolved,4
SV03405,H033,D002,2025-09-03,Corrective Maintenance,Sensor/Probe Issue,Low,11.6,1,Out of Warranty,12600.32,Resolved,5
SV03406,H058,D019,2025-11-28,Installation,Sensor/Probe Issue,High,19.2,3,Out of Warranty,7335.37,Resolved,4
SV03407,H076,D006,2025-06-26,Corrective Maintenance,Calibration Issue,Low,2.1,4,Under Warranty,11932.11,Resolved,5
SV03408,H008,D056,2025-04-29,Corrective Maintenance,Sensor/Probe Issue,Low,3.1,2,Under Warranty,17454.76,Resolved,5
SV03409,H003,D022,2025-09-21,Corrective Maintenance,Battery Issue,Medium,4.1,1,Out of Warranty,36352.25,Resolved,4
SV03410,H099,D004,2024-06-11,Corrective Maintenance,Sensor/Probe Issue,Medium,7.9,3,Out of Warranty,14069.65,Resolved,5
SV03411,H079,D038,2024-09-22,Corrective Maintenance,Connectivity,Low,8.1,1,Out of Warranty,24133.34,Resolved,4
SV03412,H082,D050,2024-10-07,Corrective Maintenance,Power Failure,High,19.4,5,Out of Warranty,36148.37,Resolved,4
SV03413,H024,D013,2024-12-12,Preventive Maintenance,Image Quality,Low,6.5,1,Out of Warranty,12477.03,Resolved,5
SV03414,H072,D012,2025-05-20,Corrective Maintenance,Power Failure,Low,1.6,2,Out of Warranty,37920.23,Resolved,5
SV03415,H009,D003,2026-07-14,Corrective Maintenance,Calibration Issue,High,21.1,10,Under Warranty,5928.5,Resolved,3
SV03416,H001,D023,2025-02-25,Preventive Maintenance,Calibration Issue,High,31.3,4,Under Warranty,3886.26,Resolved,3
SV03417,H099,D042,2025-10-09,Corrective Maintenance,Connectivity,Medium,9.4,3,Under Warranty,7982.79,Resolved,5
SV03418,H094,D034,2026-01-12,Corrective Maintenance,Calibration Issue,High,6.5,3,Under Warranty,17997.74,Resolved,4
SV03419,H019,D016,2024-01-15,Preventive Maintenance,Connectivity,High,6.6,5,Under Warranty,3347.98,Resolved,4
SV03420,H019,D051,2026-04-25,Corrective Maintenance,Mechanical Issue,Medium,5.3,2,Under Warranty,12291.62,Resolved,4
SV03421,H002,D019,2024-11-18,Preventive Maintenance,Software Error,High,2.4,5,Under Warranty,8689.88,Resolved,5
SV03422,H069,D049,2025-04-11,Corrective Maintenance,Preventive Maintenance,Medium,2.0,2,Under Warranty,17281.88,Resolved,5
SV03423,H088,D005,2024-04-14,Preventive Maintenance,Battery Issue,Low,12.3,1,Out of Warranty,5862.17,Resolved,5
SV03424,H094,D023,2024-08-02,Preventive Maintenance,Sensor/Probe Issue,High,7.9,4,Under Warranty,3527.57,Resolved,3
SV03425,H059,D059,2025-12-15,Corrective Maintenance,Battery Issue,Low,18.9,2,Out of Warranty,20420.84,Resolved,4
SV03426,H023,D031,2024-09-27,Preventive Maintenance,Sensor/Probe Issue,Medium,12.8,2,Out of Warranty,5885.64,Resolved,4
SV03427,H026,D049,2026-05-28,Preventive Maintenance,Battery Issue,Medium,6.4,10,Under Warranty,7827.62,Resolved,3
SV03428,H024,D006,2025-02-01,Corrective Maintenance,Image Quality,High,18.8,9,Under Warranty,13934.1,Resolved,3
SV03429,H041,D048,2024-06-01,Installation,Sensor/Probe Issue,Medium,4.0,4,Out of Warranty,20671.17,Resolved,4
SV03430,H063,D036,2024-01-27,Corrective Maintenance,Software Error,Medium,8.5,1,Out of Warranty,12124.04,Resolved,5
SV03431,H100,D041,2025-08-26,Preventive Maintenance,Sensor/Probe Issue,Low,3.7,7,Under Warranty,3220.13,Resolved,4
SV03432,H009,D030,2026-08-19,Corrective Maintenance,Battery Issue,High,18.5,8,Under Warranty,8167.66,Resolved,4
SV03433,H100,D049,2026-09-10,Corrective Maintenance,Mechanical Issue,Medium,3.2,3,Out of Warranty,26736.86,Resolved,5
SV03434,H090,D007,2024-08-10,Preventive Maintenance,Calibration Issue,Medium,5.9,4,Out of Warranty,11182.89,Resolved,4
SV03435,H017,D006,2025-03-08,Corrective Maintenance,Software Error,Medium,6.2,2,Out of Warranty,23573.23,Resolved,4
SV03436,H029,D029,2025-03-09,Corrective Maintenance,Connectivity,Medium,7.2,4,Under Warranty,19889.99,Resolved,4
SV03437,H019,D046,2024-05-25,Corrective Maintenance,Software Error,Low,6.4,3,Out of Warranty,29152.48,Resolved,5
SV03438,H033,D023,2025-03-31,Preventive Maintenance,Image Quality,High,31.8,4,Under Warranty,5150.55,Resolved,3
SV03439,H089,D036,2026-03-09,Preventive Maintenance,Connectivity,High,11.9,6,Out of Warranty,14315.75,Resolved,4
SV03440,H038,D042,2026-05-29,Corrective Maintenance,Calibration Issue,High,11.1,3,Out of Warranty,26836.13,Resolved,5
SV03441,H029,D029,2024-03-23,Preventive Maintenance,Battery Issue,High,10.6,6,Under Warranty,7932.63,Resolved,4
SV03442,H056,D058,2026-04-12,Corrective Maintenance,Mechanical Issue,High,20.4,8,Out of Warranty,13768.26,Resolved,3
SV03443,H011,D033,2026-05-09,Installation,Power Failure,Low,9.2,1,Under Warranty,9654.16,Resolved,3
SV03444,H069,D033,2025-06-09,Corrective Maintenance,Sensor/Probe Issue,Critical,6.1,1,Under Warranty,10057.86,Resolved,5
SV03445,H062,D017,2026-01-09,Corrective Maintenance,Display Issue,Medium,2.8,1,Out of Warranty,27704.79,Resolved,5
SV03446,H098,D037,2024-08-13,Installation,Power Failure,Medium,14.8,2,Under Warranty,9594.48,Resolved,5
SV03447,H055,D001,2026-05-07,Installation,Connectivity,Medium,12.3,5,Out of Warranty,21451.77,Resolved,4
SV03448,H046,D006,2024-12-26,Preventive Maintenance,Sensor/Probe Issue,Low,11.0,1,Under Warranty,4830.52,Resolved,5
SV03449,H010,D047,2024-03-28,Preventive Maintenance,Power Failure,High,11.8,3,Out of Warranty,13643.77,Resolved,4
SV03450,H054,D057,2024-08-18,Corrective Maintenance,Mechanical Issue,Medium,4.3,3,Under Warranty,6706.89,Resolved,4
SV03451,H095,D013,2024-07-12,Installation,Display Issue,Medium,1.1,3,Under Warranty,11951.14,Resolved,5
SV03452,H095,D029,2024-09-10,Corrective Maintenance,Image Quality,Medium,5.0,2,Under Warranty,12342.4,Resolved,5
SV03453,H082,D045,2025-01-14,Installation,Power Failure,Low,4.5,2,Under Warranty,8199.49,Resolved,4
SV03454,H045,D001,2026-07-21,Corrective Maintenance,Mechanical Issue,Medium,8.4,8,Out of Warranty,21895.43,Resolved,3
SV03455,H005,D049,2026-01-11,Corrective Maintenance,Power Failure,High,12.3,2,Out of Warranty,25326.22,Resolved,4
SV03456,H045,D057,2026-09-19,Corrective Maintenance,Connectivity,Low,9.0,1,Under Warranty,14301.78,Resolved,4
SV03457,H048,D035,2026-06-23,Preventive Maintenance,Connectivity,Medium,4.5,2,Under Warranty,5689.92,Resolved,4
SV03458,H077,D058,2026-03-15,Corrective Maintenance,Sensor/Probe Issue,Medium,3.2,1,Out of Warranty,35192.09,Resolved,5
SV03459,H078,D022,2026-02-08,Corrective Maintenance,Sensor/Probe Issue,Medium,7.6,1,Under Warranty,20931.76,Resolved,5
SV03460,H023,D006,2025-08-24,Preventive Maintenance,Preventive Maintenance,High,9.7,8,Under Warranty,6432.25,Resolved,3
SV03461,H005,D050,2025-05-26,Corrective Maintenance,Battery Issue,Medium,4.0,1,Under Warranty,15621.74,Resolved,5
SV03462,H097,D011,2024-04-28,Preventive Maintenance,Image Quality,Medium,8.4,4,Under Warranty,5166.51,Resolved,4
SV03463,H011,D055,2024-12-25,Corrective Maintenance,Sensor/Probe Issue,Low,7.5,1,Out of Warranty,34953.02,Resolved,5
SV03464,H067,D028,2024-09-04,Preventive Maintenance,Calibration Issue,Low,2.9,3,Under Warranty,8562.83,Resolved,5
SV03465,H028,D046,2026-03-16,Corrective Maintenance,Image Quality,Medium,5.7,2,Under Warranty,16284.01,Resolved,4
SV03466,H017,D042,2025-08-22,Preventive Maintenance,Mechanical Issue,High,4.4,4,Out of Warranty,8128.76,Resolved,5
SV03467,H083,D009,2024-07-01,Preventive Maintenance,Image Quality,Critical,37.5,1,Under Warranty,5303.35,Resolved,4
SV03468,H026,D037,2025-09-25,Corrective Maintenance,Image Quality,Medium,5.2,3,Out of Warranty,17907.38,Pending,4
SV03469,H059,D014,2024-05-03,Preventive Maintenance,Sensor/Probe Issue,Medium,7.9,3,Under Warranty,8710.06,Pending,4
SV03470,H069,D038,2025-05-16,Corrective Maintenance,Connectivity,High,27.7,5,Under Warranty,11815.25,Resolved,4
SV03471,H090,D059,2026-05-30,Preventive Maintenance,Power Failure,Medium,5.1,2,Out of Warranty,4369.66,Resolved,5
SV03472,H056,D025,2026-07-10,Preventive Maintenance,Sensor/Probe Issue,Medium,1.0,1,Under Warranty,5998.71,Resolved,5
SV03473,H094,D040,2025-09-09,Preventive Maintenance,Preventive Maintenance,Critical,7.9,2,Out of Warranty,8558.8,Resolved,4
SV03474,H094,D001,2025-07-17,Corrective Maintenance,Connectivity,Low,7.0,2,Under Warranty,13723.63,Resolved,5
SV03475,H023,D052,2024-07-01,Corrective Maintenance,Sensor/Probe Issue,Medium,3.8,1,Under Warranty,19738.16,Resolved,5
SV03476,H001,D012,2024-11-30,Corrective Maintenance,Image Quality,Medium,3.8,2,Under Warranty,6011.94,Resolved,4
SV03477,H086,D047,2025-05-23,Preventive Maintenance,Battery Issue,Medium,17.7,3,Out of Warranty,9081.8,Resolved,4
SV03478,H066,D059,2025-08-22,Preventive Maintenance,Mechanical Issue,Medium,1.5,2,Out of Warranty,4152.06,Resolved,4
SV03479,H091,D017,2024-03-03,Preventive Maintenance,Preventive Maintenance,Medium,3.1,4,Under Warranty,2696.41,Resolved,5
SV03480,H070,D008,2025-12-18,Installation,Connectivity,Low,11.3,3,Under Warranty,8940.55,Resolved,4
SV03481,H042,D043,2025-06-03,Corrective Maintenance,Battery Issue,Low,4.5,2,Out of Warranty,13326.54,Resolved,5
SV03482,H010,D001,2026-04-30,Preventive Maintenance,Software Error,High,5.5,2,Under Warranty,6167.2,Resolved,5
SV03483,H065,D058,2024-08-24,Installation,Connectivity,Low,8.7,2,Under Warranty,13166.34,Resolved,5
SV03484,H075,D041,2026-02-14,Corrective Maintenance,Power Failure,Medium,7.9,2,Out of Warranty,14879.33,Resolved,4
SV03485,H003,D036,2024-05-31,Preventive Maintenance,Calibration Issue,Medium,7.0,1,Under Warranty,7723.75,Resolved,5
SV03486,H007,D012,2025-10-20,Corrective Maintenance,Image Quality,Medium,1.9,1,Out of Warranty,22022.52,Resolved,4
SV03487,H069,D032,2025-04-07,Preventive Maintenance,Mechanical Issue,Medium,1.4,3,Out of Warranty,14462.89,Resolved,5
SV03488,H091,D013,2025-03-26,Preventive Maintenance,Display Issue,Medium,15.6,4,Under Warranty,5364.23,Resolved,5
SV03489,H016,D012,2026-07-01,Corrective Maintenance,Display Issue,Medium,8.7,2,Under Warranty,12874.58,Resolved,4
SV03490,H017,D043,2026-08-06,Corrective Maintenance,Sensor/Probe Issue,Medium,8.0,3,Out of Warranty,22052.7,Resolved,4
SV03491,H099,D021,2024-12-23,Corrective Maintenance,Sensor/Probe Issue,Medium,14.7,2,Under Warranty,14760.03,Resolved,4
SV03492,H025,D058,2025-03-30,Corrective Maintenance,Preventive Maintenance,High,15.5,2,Under Warranty,16834.31,Resolved,3
SV03493,H056,D032,2024-09-03,Corrective Maintenance,Image Quality,Low,7.2,2,Out of Warranty,15053.41,Resolved,5
SV03494,H019,D012,2025-01-29,Corrective Maintenance,Calibration Issue,High,1.9,7,Under Warranty,20603.62,Resolved,5
SV03495,H024,D028,2024-09-15,Preventive Maintenance,Image Quality,Low,3.9,2,Under Warranty,4455.15,Resolved,4
SV03496,H039,D020,2025-01-25,Corrective Maintenance,Mechanical Issue,Medium,3.9,4,Under Warranty,11150.01,Resolved,4
SV03497,H045,D037,2025-09-06,Corrective Maintenance,Calibration Issue,Low,2.1,1,Under Warranty,13702.04,Resolved,4
SV03498,H064,D029,2024-07-11,Preventive Maintenance,Connectivity,Low,4.5,4,Under Warranty,6225.48,Resolved,3
SV03499,H095,D039,2024-01-10,Corrective Maintenance,Calibration Issue,Medium,3.9,2,Out of Warranty,12897.23,Resolved,3
SV03500,H031,D049,2024-10-06,Preventive Maintenance,Power Failure,Low,4.3,2,Out of Warranty,5433.29,Resolved,4
SV03501,H030,D027,2025-10-17,Corrective Maintenance,Sensor/Probe Issue,Medium,1.3,2,Out of Warranty,19343.03,Resolved,4
SV03502,H053,D018,2025-12-06,Installation,Image Quality,Medium,6.0,1,Under Warranty,10566.4,Resolved,4
SV03503,H062,D060,2024-11-13,Corrective Maintenance,Calibration Issue,Medium,10.8,3,Under Warranty,12643.66,Resolved,4
SV03504,H044,D035,2026-03-15,Corrective Maintenance,Image Quality,Critical,11.2,4,Out of Warranty,13916.18,Resolved,4
SV03505,H100,D045,2026-08-20,Installation,Image Quality,High,12.8,5,Under Warranty,7876.52,Resolved,5
SV03506,H096,D053,2024-11-19,Corrective Maintenance,Preventive Maintenance,Critical,18.3,6,Under Warranty,16889.8,Resolved,4
SV03507,H068,D057,2025-12-26,Installation,Preventive Maintenance,Medium,13.1,2,Out of Warranty,7634.25,Resolved,5
SV03508,H009,D043,2025-01-26,Corrective Maintenance,Sensor/Probe Issue,Critical,3.7,3,Out of Warranty,20036.39,Resolved,4
SV03509,H074,D033,2026-09-07,Corrective Maintenance,Sensor/Probe Issue,Medium,4.6,5,Under Warranty,15811.51,Resolved,3
SV03510,H062,D024,2026-06-02,Corrective Maintenance,Sensor/Probe Issue,High,21.5,8,Under Warranty,14933.71,Resolved,4
SV03511,H050,D024,2026-03-28,Corrective Maintenance,Display Issue,Critical,14.1,4,Under Warranty,14138.82,Resolved,4
SV03512,H020,D004,2026-04-29,Preventive Maintenance,Connectivity,Medium,6.0,2,Under Warranty,5469.13,Pending,5
SV03513,H065,D058,2024-12-24,Installation,Mechanical Issue,Medium,1.8,2,Under Warranty,4917.66,Resolved,4
SV03514,H092,D031,2024-09-30,Preventive Maintenance,Display Issue,High,6.2,4,Under Warranty,6324.47,Resolved,5
SV03515,H053,D004,2025-12-20,Preventive Maintenance,Mechanical Issue,Low,3.3,1,Under Warranty,5571.66,Resolved,5
SV03516,H007,D021,2025-02-16,Preventive Maintenance,Battery Issue,Medium,4.1,2,Under Warranty,4837.22,Resolved,4
SV03517,H023,D060,2026-07-09,Corrective Maintenance,Battery Issue,Medium,8.1,2,Under Warranty,9315.32,Resolved,4
SV03518,H092,D059,2025-01-03,Preventive Maintenance,Sensor/Probe Issue,Medium,7.6,2,Out of Warranty,7800.61,Resolved,5
SV03519,H082,D050,2026-01-16,Corrective Maintenance,Preventive Maintenance,Medium,11.4,2,Out of Warranty,17202.32,Pending,4
SV03520,H066,D033,2024-07-14,Corrective Maintenance,Image Quality,Medium,9.6,1,Out of Warranty,10797.57,Resolved,4
SV03521,H032,D007,2024-08-31,Preventive Maintenance,Preventive Maintenance,Medium,5.2,3,Out of Warranty,14473.62,Resolved,5
SV03522,H001,D049,2025-11-18,Corrective Maintenance,Software Error,High,2.0,2,Under Warranty,8136.44,Resolved,5
SV03523,H001,D021,2026-03-08,Corrective Maintenance,Connectivity,High,3.0,4,Out of Warranty,33524.11,Resolved,4
SV03524,H055,D014,2026-02-10,Corrective Maintenance,Calibration Issue,Medium,5.0,6,Under Warranty,11928.07,Resolved,5
SV03525,H094,D017,2024-08-23,Preventive Maintenance,Sensor/Probe Issue,Low,2.3,5,Out of Warranty,14428.29,Resolved,4
SV03526,H044,D056,2024-05-10,Installation,Image Quality,Low,6.5,1,Under Warranty,6049.69,Resolved,4
SV03527,H001,D050,2024-01-07,Preventive Maintenance,Mechanical Issue,Medium,4.8,1,Under Warranty,5081.69,Resolved,4
SV03528,H083,D013,2024-07-18,Preventive Maintenance,Software Error,High,1.9,4,Under Warranty,5571.84,Resolved,4
SV03529,H074,D023,2025-08-14,Installation,Preventive Maintenance,Medium,3.8,3,Under Warranty,3596.25,Resolved,4
SV03530,H008,D047,2024-12-07,Corrective Maintenance,Display Issue,High,21.5,5,Out of Warranty,28919.99,Resolved,4
SV03531,H006,D028,2024-11-22,Corrective Maintenance,Sensor/Probe Issue,High,6.5,5,Out of Warranty,30534.44,Resolved,4
SV03532,H061,D006,2025-07-05,Installation,Image Quality,Medium,11.3,1,Under Warranty,8153.75,Resolved,5
SV03533,H084,D023,2025-02-22,Corrective Maintenance,Software Error,Low,2.7,1,Out of Warranty,34356.55,Resolved,5
SV03534,H026,D047,2024-09-22,Preventive Maintenance,Software Error,Low,6.2,3,Out of Warranty,15723.13,Pending,4
SV03535,H032,D020,2025-12-10,Corrective Maintenance,Mechanical Issue,Medium,5.5,3,Out of Warranty,26161.85,Resolved,4
SV03536,H070,D058,2026-06-10,Preventive Maintenance,Calibration Issue,Medium,4.5,3,Out of Warranty,14856.42,Resolved,4
SV03537,H090,D043,2024-01-01,Corrective Maintenance,Power Failure,Medium,5.5,6,Under Warranty,8781.02,Pending,4
SV03538,H007,D026,2026-08-27,Preventive Maintenance,Software Error,High,5.4,8,Under Warranty,3272.56,Resolved,4
SV03539,H002,D039,2026-05-19,Corrective Maintenance,Connectivity,Medium,1.4,1,Under Warranty,20277.35,Resolved,4
SV03540,H029,D014,2025-08-07,Corrective Maintenance,Sensor/Probe Issue,High,6.6,6,Under Warranty,7491.36,Resolved,4
SV03541,H031,D014,2024-03-25,Corrective Maintenance,Sensor/Probe Issue,Medium,7.9,1,Under Warranty,10772.14,Resolved,4
SV03542,H087,D008,2025-01-07,Corrective Maintenance,Image Quality,Medium,4.5,2,Under Warranty,9403.59,Resolved,4
SV03543,H014,D041,2024-03-08,Corrective Maintenance,Image Quality,Low,6.6,3,Under Warranty,14469.47,Resolved,5
SV03544,H020,D027,2025-12-19,Installation,Software Error,Critical,13.0,17,Under Warranty,9775.84,Resolved,3
SV03545,H067,D059,2026-02-07,Corrective Maintenance,Mechanical Issue,High,7.4,3,Out of Warranty,33069.06,Resolved,5
SV03546,H096,D022,2025-10-31,Preventive Maintenance,Sensor/Probe Issue,High,21.8,3,Under Warranty,5254.05,Resolved,4
SV03547,H091,D054,2026-05-13,Corrective Maintenance,Sensor/Probe Issue,High,13.2,2,Under Warranty,13156.69,Resolved,5
SV03548,H002,D049,2025-02-07,Corrective Maintenance,Software Error,High,5.4,2,Under Warranty,15322.72,Resolved,5
SV03549,H080,D010,2024-07-31,Corrective Maintenance,Sensor/Probe Issue,Critical,27.2,7,Under Warranty,9119.42,Resolved,4
SV03550,H081,D024,2025-08-26,Corrective Maintenance,Power Failure,High,8.7,4,Out of Warranty,10667.94,Resolved,4
SV03551,H023,D001,2026-05-30,Corrective Maintenance,Mechanical Issue,Low,7.7,3,Out of Warranty,22383.79,Resolved,4
SV03552,H002,D043,2024-03-29,Preventive Maintenance,Sensor/Probe Issue,Medium,6.7,3,Under Warranty,6342.14,Pending,4
SV03553,H042,D040,2026-08-24,Corrective Maintenance,Software Error,Medium,6.9,2,Under Warranty,10640.73,Resolved,4
SV03554,H053,D054,2025-10-13,Corrective Maintenance,Connectivity,Medium,2.8,2,Out of Warranty,12484.69,Resolved,5
SV03555,H084,D039,2024-05-24,Corrective Maintenance,Calibration Issue,Medium,24.1,1,Under Warranty,13196.08,Pending,4
SV03556,H022,D030,2025-01-23,Corrective Maintenance,Image Quality,Medium,6.9,4,Under Warranty,15660.38,Resolved,4
SV03557,H029,D021,2026-07-13,Preventive Maintenance,Battery Issue,High,5.9,2,Under Warranty,8056.02,Resolved,4
SV03558,H024,D058,2025-09-08,Preventive Maintenance,Image Quality,Medium,21.6,2,Under Warranty,6612.78,Resolved,4
SV03559,H077,D027,2024-02-18,Corrective Maintenance,Preventive Maintenance,Medium,4.5,2,Out of Warranty,12307.35,Resolved,4
SV03560,H017,D013,2025-12-05,Installation,Sensor/Probe Issue,Medium,7.0,4,Out of Warranty,10779.44,Resolved,4
SV03561,H002,D021,2026-08-28,Corrective Maintenance,Display Issue,High,11.5,5,Under Warranty,12549.42,Resolved,4
SV03562,H005,D052,2025-06-21,Corrective Maintenance,Software Error,Low,1.9,1,Under Warranty,7480.75,Resolved,4
SV03563,H043,D047,2024-10-25,Preventive Maintenance,Sensor/Probe Issue,Medium,7.7,2,Under Warranty,7060.23,Resolved,5
SV03564,H007,D032,2025-02-05,Installation,Battery Issue,Medium,6.9,4,Out of Warranty,11779.33,Resolved,4
SV03565,H016,D001,2025-04-24,Preventive Maintenance,Power Failure,Low,12.4,1,Under Warranty,6437.97,Resolved,4
SV03566,H006,D029,2025-11-08,Corrective Maintenance,Preventive Maintenance,High,3.2,4,Out of Warranty,31358.59,Resolved,5
SV03567,H043,D035,2026-09-11,Installation,Calibration Issue,High,13.1,3,Out of Warranty,16828.42,Resolved,4
SV03568,H041,D006,2026-04-19,Preventive Maintenance,Image Quality,Low,4.8,4,Out of Warranty,14329.39,Resolved,4
SV03569,H044,D015,2026-09-06,Corrective Maintenance,Calibration Issue,Low,16.6,1,Under Warranty,18046.75,Resolved,5
SV03570,H009,D036,2025-09-25,Corrective Maintenance,Mechanical Issue,High,4.0,5,Out of Warranty,32316.44,Pending,4
SV03571,H015,D029,2026-05-02,Preventive Maintenance,Display Issue,Critical,7.9,14,Out of Warranty,10648.86,Resolved,4
SV03572,H055,D030,2024-11-01,Installation,Preventive Maintenance,Low,5.2,1,Out of Warranty,7783.17,Pending,5
SV03573,H091,D037,2026-07-18,Corrective Maintenance,Battery Issue,Medium,0.9,1,Out of Warranty,23422.53,Resolved,5
SV03574,H074,D035,2024-02-22,Preventive Maintenance,Software Error,High,5.4,10,Out of Warranty,12098.25,Resolved,4
SV03575,H048,D042,2024-03-06,Corrective Maintenance,Sensor/Probe Issue,Medium,4.0,2,Out of Warranty,10095.94,Resolved,5
SV03576,H049,D058,2025-01-18,Corrective Maintenance,Image Quality,Medium,4.6,3,Out of Warranty,24663.26,Resolved,5
SV03577,H038,D004,2025-05-19,Preventive Maintenance,Preventive Maintenance,Low,4.0,2,Out of Warranty,12776.99,Resolved,4
SV03578,H066,D011,2026-03-27,Preventive Maintenance,Image Quality,High,8.7,5,Under Warranty,3123.95,Resolved,4
SV03579,H050,D017,2024-01-28,Corrective Maintenance,Software Error,Medium,7.8,1,Under Warranty,7850.94,Resolved,4
SV03580,H097,D019,2025-08-06,Installation,Software Error,High,20.1,5,Under Warranty,5090.05,Resolved,4
SV03581,H088,D020,2026-01-14,Corrective Maintenance,Power Failure,Medium,4.6,3,Under Warranty,20585.74,Resolved,4
SV03582,H015,D014,2026-06-24,Corrective Maintenance,Preventive Maintenance,High,2.0,6,Under Warranty,15903.83,Resolved,4
SV03583,H032,D054,2024-09-08,Corrective Maintenance,Preventive Maintenance,Medium,4.2,11,Under Warranty,12596.03,Resolved,4
SV03584,H039,D046,2026-01-04,Corrective Maintenance,Preventive Maintenance,Medium,18.8,3,Out of Warranty,17194.51,Resolved,4
SV03585,H037,D046,2024-11-24,Installation,Sensor/Probe Issue,High,30.6,10,Out of Warranty,20172.81,Resolved,4
SV03586,H045,D006,2026-01-25,Corrective Maintenance,Battery Issue,Medium,5.5,2,Out of Warranty,37731.06,Resolved,4
SV03587,H041,D046,2025-07-25,Preventive Maintenance,Software Error,Medium,1.0,3,Out of Warranty,14579.68,Resolved,4
SV03588,H061,D057,2026-06-02,Preventive Maintenance,Battery Issue,Medium,5.7,2,Out of Warranty,11113.52,Resolved,5
SV03589,H003,D025,2025-04-25,Installation,Software Error,High,24.1,5,Out of Warranty,20201.2,Resolved,4
SV03590,H093,D053,2024-11-26,Corrective Maintenance,Sensor/Probe Issue,High,23.6,3,Under Warranty,16562.35,Resolved,4
SV03591,H042,D032,2024-05-19,Corrective Maintenance,Display Issue,High,5.2,4,Out of Warranty,22022.99,Resolved,4
SV03592,H076,D051,2026-02-02,Preventive Maintenance,Sensor/Probe Issue,Low,4.6,1,Under Warranty,8038.74,Resolved,4
SV03593,H053,D025,2025-10-06,Installation,Mechanical Issue,Medium,6.0,2,Out of Warranty,24313.38,Resolved,5
SV03594,H057,D002,2024-10-05,Preventive Maintenance,Image Quality,High,9.6,8,Under Warranty,2127.63,Resolved,4
SV03595,H008,D003,2024-12-19,Corrective Maintenance,Display Issue,Medium,4.4,3,Under Warranty,8971.38,Resolved,5
SV03596,H003,D044,2026-02-28,Corrective Maintenance,Mechanical Issue,High,8.4,13,Under Warranty,19729.79,Resolved,3
SV03597,H099,D041,2026-06-22,Corrective Maintenance,Sensor/Probe Issue,Medium,1.9,3,Out of Warranty,13232.75,Resolved,4
SV03598,H033,D020,2025-06-03,Corrective Maintenance,Image Quality,Medium,3.9,1,Under Warranty,17962.22,Resolved,4
SV03599,H039,D021,2024-08-06,Preventive Maintenance,Image Quality,Medium,10.3,4,Under Warranty,6531.73,Resolved,5
SV03600,H040,D046,2026-01-15,Preventive Maintenance,Sensor/Probe Issue,High,14.9,1,Out of Warranty,7417.21,Resolved,4
SV03601,H035,D017,2024-12-28,Corrective Maintenance,Calibration Issue,Medium,5.8,1,Under Warranty,19843.44,Resolved,4
SV03602,H073,D007,2026-05-01,Corrective Maintenance,Battery Issue,Medium,8.9,8,Under Warranty,13445.88,Pending,3
SV03603,H052,D020,2026-06-04,Corrective Maintenance,Calibration Issue,Medium,3.6,1,Out of Warranty,23886.83,Resolved,5
SV03604,H038,D037,2026-07-29,Preventive Maintenance,Sensor/Probe Issue,High,19.3,5,Under Warranty,7610.56,Pending,4
SV03605,H030,D043,2025-05-16,Preventive Maintenance,Calibration Issue,Low,3.0,3,Out of Warranty,5502.51,Resolved,5
SV03606,H050,D009,2024-06-07,Corrective Maintenance,Display Issue,High,3.9,5,Out of Warranty,37657.4,Resolved,4
SV03607,H077,D015,2026-01-21,Preventive Maintenance,Display Issue,Low,9.1,1,Out of Warranty,12118.31,Resolved,5
SV03608,H030,D017,2026-02-03,Corrective Maintenance,Calibration Issue,High,15.7,4,Out of Warranty,29928.12,Resolved,3
SV03609,H007,D049,2025-04-28,Preventive Maintenance,Sensor/Probe Issue,High,8.3,5,Out of Warranty,13776.61,Resolved,4
SV03610,H037,D046,2025-02-09,Corrective Maintenance,Sensor/Probe Issue,Medium,10.8,3,Under Warranty,18367.97,Resolved,5
SV03611,H065,D029,2024-07-01,Preventive Maintenance,Calibration Issue,Medium,6.4,1,Under Warranty,5888.46,Resolved,4
SV03612,H061,D051,2026-05-04,Corrective Maintenance,Image Quality,Critical,25.4,3,Under Warranty,20412.19,Resolved,4
SV03613,H008,D006,2024-04-02,Corrective Maintenance,Calibration Issue,Medium,4.9,5,Out of Warranty,21769.57,Resolved,3
SV03614,H043,D039,2026-01-04,Preventive Maintenance,Mechanical Issue,Medium,4.1,2,Under Warranty,7058.88,Resolved,4
SV03615,H055,D028,2026-04-20,Corrective Maintenance,Preventive Maintenance,High,4.0,3,Under Warranty,14238.04,Resolved,5
SV03616,H021,D059,2025-08-23,Corrective Maintenance,Mechanical Issue,Medium,3.7,1,Under Warranty,5567.06,Resolved,5
SV03617,H055,D032,2024-10-07,Preventive Maintenance,Image Quality,Medium,2.0,4,Out of Warranty,9372.23,Resolved,4
SV03618,H058,D058,2026-08-03,Corrective Maintenance,Sensor/Probe Issue,High,17.6,2,Out of Warranty,18615.67,Resolved,4
SV03619,H098,D015,2024-07-26,Corrective Maintenance,Image Quality,High,30.8,4,Under Warranty,15433.94,Resolved,4
SV03620,H088,D045,2025-11-07,Preventive Maintenance,Mechanical Issue,Critical,7.5,5,Out of Warranty,5155.95,Resolved,5
SV03621,H093,D027,2025-10-23,Corrective Maintenance,Preventive Maintenance,Low,1.9,1,Under Warranty,18349.58,Resolved,5
SV03622,H010,D007,2024-07-23,Preventive Maintenance,Battery Issue,Medium,6.3,4,Under Warranty,3322.63,Resolved,4
SV03623,H013,D013,2024-12-18,Preventive Maintenance,Display Issue,Medium,2.0,3,Under Warranty,4914.39,Resolved,4
SV03624,H051,D044,2024-09-28,Corrective Maintenance,Software Error,Low,3.3,1,Under Warranty,12168.68,Resolved,4
SV03625,H047,D016,2024-06-11,Corrective Maintenance,Battery Issue,Medium,4.2,3,Out of Warranty,11710.62,Resolved,4
SV03626,H034,D044,2024-04-10,Corrective Maintenance,Image Quality,Medium,3.6,3,Under Warranty,17084.44,Resolved,4
SV03627,H091,D016,2025-01-20,Corrective Maintenance,Battery Issue,Medium,6.7,1,Out of Warranty,28767.42,Resolved,5
SV03628,H010,D030,2024-12-10,Preventive Maintenance,Mechanical Issue,High,12.3,2,Under Warranty,2739.51,Resolved,5
SV03629,H064,D040,2024-11-06,Installation,Power Failure,Low,16.2,3,Under Warranty,8883.02,Resolved,4
SV03630,H081,D010,2026-03-05,Corrective Maintenance,Mechanical Issue,Low,5.1,3,Under Warranty,11742.97,Resolved,5
SV03631,H026,D034,2026-09-16,Corrective Maintenance,Sensor/Probe Issue,High,9.7,3,Under Warranty,10903.31,Resolved,4
SV03632,H085,D057,2025-10-21,Preventive Maintenance,Sensor/Probe Issue,High,5.1,4,Under Warranty,6140.95,Resolved,4
SV03633,H009,D043,2026-05-21,Corrective Maintenance,Image Quality,High,0.9,2,Out of Warranty,17417.79,Resolved,5
SV03634,H029,D024,2025-07-01,Preventive Maintenance,Software Error,Medium,5.5,1,Under Warranty,3190.63,Resolved,5
SV03635,H040,D048,2024-06-08,Corrective Maintenance,Power Failure,Medium,6.5,2,Out of Warranty,23994.89,Resolved,4
SV03636,H009,D020,2025-11-29,Preventive Maintenance,Display Issue,High,7.7,4,Under Warranty,8167.14,Resolved,4
SV03637,H044,D060,2026-05-27,Preventive Maintenance,Connectivity,Medium,3.9,4,Out of Warranty,14059.12,Resolved,4
SV03638,H042,D050,2024-10-26,Corrective Maintenance,Preventive Maintenance,Medium,4.2,1,Under Warranty,14688.24,Resolved,5
SV03639,H098,D046,2024-12-08,Corrective Maintenance,Software Error,High,4.4,4,Under Warranty,13491.18,Resolved,4
SV03640,H041,D017,2024-05-20,Preventive Maintenance,Connectivity,Low,1.7,2,Under Warranty,6608.76,Resolved,5
SV03641,H013,D042,2025-10-23,Corrective Maintenance,Power Failure,Medium,12.4,1,Under Warranty,12120.65,Resolved,5
SV03642,H062,D002,2025-05-19,Preventive Maintenance,Connectivity,High,39.5,1,Out of Warranty,11266.8,Resolved,3
SV03643,H026,D006,2024-12-01,Corrective Maintenance,Power Failure,Medium,10.1,2,Out of Warranty,9875.17,Resolved,5
SV03644,H094,D048,2025-05-25,Installation,Connectivity,Medium,2.5,4,Under Warranty,8391.04,Resolved,5
SV03645,H036,D029,2025-08-31,Corrective Maintenance,Software Error,Low,2.9,3,Under Warranty,10463.22,Resolved,5
SV03646,H059,D022,2025-09-25,Preventive Maintenance,Connectivity,Low,2.0,2,Out of Warranty,5543.82,Resolved,5
SV03647,H087,D055,2026-02-14,Preventive Maintenance,Battery Issue,Medium,1.4,2,Under Warranty,6523.77,Resolved,4
SV03648,H014,D051,2025-11-11,Corrective Maintenance,Sensor/Probe Issue,High,7.3,6,Out of Warranty,13384.63,Resolved,4
SV03649,H026,D036,2024-06-01,Corrective Maintenance,Sensor/Probe Issue,Medium,12.4,1,Out of Warranty,11791.07,Resolved,4
SV03650,H039,D012,2024-01-01,Corrective Maintenance,Image Quality,Medium,13.8,2,Out of Warranty,23471.7,Resolved,4
SV03651,H036,D031,2025-03-04,Corrective Maintenance,Calibration Issue,High,14.0,1,Out of Warranty,37268.78,Resolved,4
SV03652,H055,D016,2025-09-10,Corrective Maintenance,Calibration Issue,Low,12.2,2,Under Warranty,19979.35,Resolved,4
SV03653,H068,D033,2024-08-11,Corrective Maintenance,Calibration Issue,Medium,7.9,4,Under Warranty,18056.86,Resolved,5
SV03654,H081,D019,2024-04-28,Preventive Maintenance,Sensor/Probe Issue,Medium,5.8,2,Under Warranty,5049.96,Resolved,5
SV03655,H066,D040,2025-07-21,Preventive Maintenance,Display Issue,Medium,3.4,2,Out of Warranty,8412.55,Resolved,4
SV03656,H090,D037,2025-09-22,Corrective Maintenance,Image Quality,Critical,7.0,9,Under Warranty,6148.2,Resolved,4
SV03657,H086,D018,2024-08-22,Preventive Maintenance,Sensor/Probe Issue,Medium,10.7,1,Out of Warranty,6260.81,Resolved,5
SV03658,H004,D014,2024-09-15,Corrective Maintenance,Connectivity,Medium,13.5,2,Out of Warranty,14794.93,Resolved,5
SV03659,H095,D006,2024-10-18,Preventive Maintenance,Mechanical Issue,Low,1.3,2,Out of Warranty,14625.49,Resolved,4
SV03660,H088,D031,2024-02-28,Corrective Maintenance,Software Error,Medium,5.2,3,Under Warranty,18148.46,Resolved,5
SV03661,H070,D057,2026-09-27,Preventive Maintenance,Preventive Maintenance,Critical,7.8,4,Under Warranty,3885.01,Resolved,5
SV03662,H072,D057,2024-09-23,Installation,Sensor/Probe Issue,High,6.5,3,Out of Warranty,12761.49,Resolved,4
SV03663,H008,D055,2026-07-24,Preventive Maintenance,Display Issue,Medium,17.2,1,Out of Warranty,8248.67,Resolved,5
SV03664,H024,D035,2026-03-25,Preventive Maintenance,Image Quality,Medium,5.9,1,Under Warranty,7076.25,Resolved,5
SV03665,H001,D056,2026-09-09,Corrective Maintenance,Battery Issue,High,11.7,10,Under Warranty,15116.63,Resolved,4
SV03666,H048,D007,2026-01-01,Corrective Maintenance,Preventive Maintenance,Critical,7.5,8,Out of Warranty,31013.23,Resolved,4
SV03667,H063,D041,2024-03-16,Preventive Maintenance,Connectivity,High,23.4,2,Under Warranty,5364.23,Resolved,5
SV03668,H083,D059,2024-01-15,Preventive Maintenance,Image Quality,High,9.3,1,Under Warranty,8107.19,Resolved,4
SV03669,H074,D026,2024-03-17,Preventive Maintenance,Calibration Issue,Medium,12.0,3,Under Warranty,3166.21,Resolved,5
SV03670,H067,D015,2024-03-26,Preventive Maintenance,Connectivity,Medium,11.6,2,Under Warranty,8121.29,Resolved,4
SV03671,H083,D015,2025-12-22,Corrective Maintenance,Mechanical Issue,Medium,13.7,5,Under Warranty,18794.28,Resolved,5
SV03672,H045,D058,2024-09-22,Corrective Maintenance,Mechanical Issue,Medium,11.7,6,Out of Warranty,29735.07,Resolved,4
SV03673,H041,D029,2024-12-27,Corrective Maintenance,Connectivity,High,20.5,2,Under Warranty,12822.88,Pending,4
SV03674,H026,D029,2025-05-14,Corrective Maintenance,Image Quality,Medium,13.6,3,Out of Warranty,12520.72,Resolved,5
SV03675,H090,D006,2026-06-09,Preventive Maintenance,Power Failure,Medium,3.3,2,Under Warranty,7043.26,Resolved,3
SV03676,H012,D034,2024-11-11,Preventive Maintenance,Preventive Maintenance,High,8.4,6,Under Warranty,8583.22,Resolved,4
SV03677,H069,D038,2026-05-15,Preventive Maintenance,Sensor/Probe Issue,Low,10.5,1,Out of Warranty,8197.13,Resolved,4
SV03678,H002,D035,2025-04-20,Corrective Maintenance,Software Error,Medium,5.2,7,Under Warranty,14955.41,Resolved,3
SV03679,H070,D036,2024-09-05,Corrective Maintenance,Software Error,High,2.7,2,Under Warranty,13643.56,Resolved,4
SV03680,H036,D011,2024-11-14,Corrective Maintenance,Software Error,Low,2.9,3,Out of Warranty,30717.49,Resolved,5
SV03681,H027,D025,2026-01-20,Corrective Maintenance,Mechanical Issue,High,8.5,3,Out of Warranty,34583.11,Resolved,4
SV03682,H094,D009,2024-01-02,Corrective Maintenance,Display Issue,Medium,24.1,4,Out of Warranty,35184.34,Resolved,4
SV03683,H001,D032,2024-08-28,Preventive Maintenance,Calibration Issue,High,9.8,2,Under Warranty,8373.29,Resolved,4
SV03684,H069,D058,2025-10-04,Corrective Maintenance,Connectivity,High,11.2,2,Under Warranty,6692.54,Resolved,5
SV03685,H041,D017,2025-08-14,Corrective Maintenance,Preventive Maintenance,Critical,10.6,5,Under Warranty,8814.35,Resolved,4
SV03686,H099,D013,2025-11-19,Corrective Maintenance,Preventive Maintenance,High,3.7,5,Out of Warranty,26527.66,Resolved,4
SV03687,H014,D010,2025-12-30,Installation,Image Quality,Low,3.6,2,Under Warranty,6633.56,Resolved,4
SV03688,H005,D057,2024-04-21,Corrective Maintenance,Connectivity,Critical,15.1,8,Out of Warranty,10574.49,Resolved,4
SV03689,H024,D052,2025-11-23,Installation,Connectivity,Medium,3.8,5,Out of Warranty,18781.78,Resolved,5
SV03690,H046,D043,2025-06-12,Preventive Maintenance,Power Failure,Low,2.1,4,Out of Warranty,10300.07,Resolved,4
SV03691,H085,D037,2026-03-12,Corrective Maintenance,Mechanical Issue,Medium,8.6,5,Under Warranty,14285.97,Resolved,5
SV03692,H095,D046,2025-05-30,Corrective Maintenance,Calibration Issue,Medium,4.1,2,Out of Warranty,28288.83,Resolved,4
SV03693,H013,D041,2025-11-07,Corrective Maintenance,Software Error,Medium,1.2,2,Under Warranty,16099.06,Resolved,5
SV03694,H041,D005,2024-05-09,Corrective Maintenance,Calibration Issue,High,1.9,10,Out of Warranty,14394.72,Resolved,4
SV03695,H092,D047,2024-07-17,Corrective Maintenance,Image Quality,Medium,8.5,3,Under Warranty,20050.21,Resolved,4
SV03696,H095,D040,2026-03-23,Preventive Maintenance,Battery Issue,Medium,20.7,2,Under Warranty,4726.28,Resolved,5
SV03697,H017,D007,2024-02-26,Preventive Maintenance,Software Error,Medium,1.4,2,Out of Warranty,12009.13,Resolved,5
SV03698,H051,D035,2026-05-28,Installation,Battery Issue,High,3.6,2,Out of Warranty,24328.24,Resolved,4
SV03699,H049,D055,2025-01-13,Corrective Maintenance,Battery Issue,Medium,2.4,3,Out of Warranty,31498.23,Resolved,4
SV03700,H059,D027,2025-10-03,Installation,Sensor/Probe Issue,Medium,2.7,5,Out of Warranty,13721.13,Resolved,3
SV03701,H090,D005,2024-12-05,Corrective Maintenance,Calibration Issue,Medium,12.7,1,Out of Warranty,13730.56,Resolved,5
SV03702,H015,D055,2024-04-07,Installation,Power Failure,Medium,3.2,4,Under Warranty,11623.2,Resolved,4
SV03703,H088,D030,2026-02-19,Corrective Maintenance,Sensor/Probe Issue,Low,2.7,2,Out of Warranty,15457.88,Resolved,4
SV03704,H072,D057,2025-08-06,Corrective Maintenance,Power Failure,High,7.1,4,Under Warranty,20442.3,Resolved,4
SV03705,H046,D009,2026-04-07,Corrective Maintenance,Sensor/Probe Issue,Critical,9.2,5,Under Warranty,8462.09,Resolved,3
SV03706,H029,D046,2026-07-29,Preventive Maintenance,Battery Issue,Low,1.2,1,Out of Warranty,11975.47,Resolved,4
SV03707,H017,D048,2024-06-29,Installation,Connectivity,Medium,28.8,8,Under Warranty,6413.76,Resolved,3
SV03708,H020,D035,2024-01-01,Corrective Maintenance,Sensor/Probe Issue,Medium,6.8,2,Under Warranty,20841.72,Resolved,4
SV03709,H087,D024,2025-10-24,Corrective Maintenance,Preventive Maintenance,Medium,4.0,2,Under Warranty,7135.55,Resolved,5
SV03710,H006,D054,2024-11-14,Preventive Maintenance,Display Issue,High,5.2,3,Out of Warranty,11606.69,Resolved,4
SV03711,H069,D039,2026-05-01,Corrective Maintenance,Display Issue,Critical,19.7,7,Under Warranty,10969.97,Resolved,3
SV03712,H063,D043,2025-07-10,Corrective Maintenance,Software Error,Medium,3.1,2,Under Warranty,9558.74,Resolved,5
SV03713,H071,D005,2024-03-06,Corrective Maintenance,Battery Issue,Medium,22.1,3,Under Warranty,12900.76,Resolved,3
SV03714,H037,D032,2025-08-01,Preventive Maintenance,Connectivity,Critical,15.2,5,Out of Warranty,4771.67,Resolved,5
SV03715,H086,D010,2025-11-15,Corrective Maintenance,Sensor/Probe Issue,Medium,15.0,3,Out of Warranty,25959.18,Resolved,5
SV03716,H062,D031,2025-11-03,Corrective Maintenance,Battery Issue,High,28.0,2,Under Warranty,5733.83,Resolved,5
SV03717,H017,D001,2025-11-01,Installation,Software Error,Medium,0.5,2,Under Warranty,12734.58,Resolved,4
SV03718,H083,D046,2025-03-29,Installation,Calibration Issue,Medium,2.4,2,Out of Warranty,22101.49,Resolved,4
SV03719,H051,D059,2024-10-31,Installation,Display Issue,Medium,14.1,2,Under Warranty,6389.32,Resolved,4
SV03720,H094,D038,2025-12-19,Preventive Maintenance,Sensor/Probe Issue,Medium,8.7,1,Under Warranty,2594.21,Resolved,4
SV03721,H015,D034,2026-06-09,Installation,Power Failure,Medium,8.9,3,Under Warranty,4125.73,Resolved,4
SV03722,H006,D019,2026-03-03,Corrective Maintenance,Battery Issue,Medium,11.2,2,Under Warranty,20935.07,Resolved,5
SV03723,H040,D035,2025-11-29,Corrective Maintenance,Connectivity,High,0.5,3,Out of Warranty,24889.23,Resolved,4
SV03724,H008,D054,2024-01-25,Corrective Maintenance,Sensor/Probe Issue,Medium,3.9,3,Out of Warranty,30873.14,Resolved,4
SV03725,H005,D009,2024-02-03,Corrective Maintenance,Software Error,Medium,3.2,3,Under Warranty,5462.45,Resolved,4
SV03726,H012,D005,2024-06-12,Corrective Maintenance,Image Quality,Low,3.5,1,Out of Warranty,34275.73,Resolved,4
SV03727,H099,D011,2026-09-22,Installation,Connectivity,Low,1.0,3,Under Warranty,13564.71,Resolved,5
SV03728,H006,D011,2025-09-08,Installation,Connectivity,Low,16.5,1,Under Warranty,8888.84,Resolved,4
SV03729,H081,D006,2025-10-26,Preventive Maintenance,Image Quality,Low,2.4,1,Under Warranty,8026.12,Resolved,4
SV03730,H095,D032,2025-03-20,Preventive Maintenance,Battery Issue,Low,10.1,1,Out of Warranty,7559.28,Resolved,4
SV03731,H032,D052,2024-06-08,Corrective Maintenance,Software Error,Medium,4.5,3,Under Warranty,17685.43,Resolved,4
SV03732,H057,D034,2025-02-04,Preventive Maintenance,Image Quality,Medium,1.2,5,Under Warranty,8611.69,Resolved,4
SV03733,H050,D059,2026-09-14,Corrective Maintenance,Connectivity,Low,3.6,2,Under Warranty,11072.74,Resolved,5
SV03734,H087,D010,2024-07-01,Corrective Maintenance,Calibration Issue,Medium,0.7,2,Under Warranty,16551.36,Resolved,4
SV03735,H057,D034,2025-10-22,Corrective Maintenance,Image Quality,High,11.4,2,Out of Warranty,20496.32,Resolved,4
SV03736,H030,D014,2024-05-19,Corrective Maintenance,Display Issue,Medium,2.0,3,Out of Warranty,11654.07,Resolved,4
SV03737,H034,D012,2024-08-22,Preventive Maintenance,Mechanical Issue,Medium,10.4,2,Under Warranty,7780.41,Resolved,5
SV03738,H042,D025,2026-09-14,Preventive Maintenance,Battery Issue,Medium,8.9,2,Under Warranty,7336.36,Resolved,5
SV03739,H006,D048,2026-09-15,Preventive Maintenance,Software Error,Low,1.1,3,Under Warranty,7844.29,Resolved,4
SV03740,H089,D037,2024-02-20,Corrective Maintenance,Calibration Issue,Low,12.4,1,Out of Warranty,21556.02,Resolved,4
SV03741,H045,D032,2026-08-08,Installation,Power Failure,High,5.6,3,Under Warranty,13344.25,Resolved,4
SV03742,H073,D010,2026-06-14,Corrective Maintenance,Software Error,Medium,10.0,1,Under Warranty,19605.74,Resolved,4
SV03743,H078,D057,2025-05-02,Installation,Sensor/Probe Issue,Low,3.5,1,Under Warranty,3693.11,Resolved,4
SV03744,H013,D044,2024-07-15,Preventive Maintenance,Display Issue,Low,4.4,3,Under Warranty,8502.47,Resolved,5
SV03745,H008,D002,2025-03-26,Corrective Maintenance,Sensor/Probe Issue,High,8.4,5,Under Warranty,10016.07,Resolved,3
SV03746,H053,D006,2026-05-20,Corrective Maintenance,Mechanical Issue,Medium,9.6,2,Under Warranty,9290.63,Resolved,4
SV03747,H086,D005,2025-10-10,Preventive Maintenance,Preventive Maintenance,Critical,7.0,9,Under Warranty,2990.46,Resolved,4
SV03748,H070,D017,2024-08-28,Preventive Maintenance,Mechanical Issue,High,1.5,2,Under Warranty,7091.19,Resolved,5
SV03749,H051,D053,2025-07-12,Corrective Maintenance,Mechanical Issue,High,13.9,6,Out of Warranty,25471.23,Resolved,5
SV03750,H047,D044,2025-11-25,Corrective Maintenance,Preventive Maintenance,Critical,18.6,4,Out of Warranty,12616.96,Resolved,4
SV03751,H047,D031,2024-10-14,Corrective Maintenance,Sensor/Probe Issue,Medium,7.6,4,Under Warranty,13559.65,Resolved,4
SV03752,H054,D036,2024-06-03,Corrective Maintenance,Preventive Maintenance,Critical,22.5,5,Under Warranty,10837.26,Resolved,4
SV03753,H010,D027,2024-06-28,Corrective Maintenance,Power Failure,High,17.3,7,Under Warranty,20659.4,Resolved,4
SV03754,H084,D036,2025-11-14,Corrective Maintenance,Power Failure,Medium,6.3,1,Out of Warranty,16278.27,Resolved,5
SV03755,H065,D015,2024-11-03,Preventive Maintenance,Sensor/Probe Issue,High,18.7,7,Under Warranty,3238.79,Resolved,4
SV03756,H043,D018,2024-12-15,Preventive Maintenance,Image Quality,High,5.4,3,Out of Warranty,10920.72,Resolved,5
SV03757,H084,D034,2026-02-19,Preventive Maintenance,Image Quality,High,5.9,3,Out of Warranty,6656.16,Resolved,5
SV03758,H050,D015,2025-07-18,Installation,Battery Issue,Medium,12.4,4,Out of Warranty,13520.3,Resolved,4
SV03759,H069,D059,2025-08-09,Preventive Maintenance,Preventive Maintenance,High,16.4,4,Under Warranty,5383.63,Resolved,5
SV03760,H072,D001,2025-02-10,Corrective Maintenance,Sensor/Probe Issue,High,3.1,4,Under Warranty,6689.97,Resolved,4
SV03761,H031,D035,2025-02-04,Preventive Maintenance,Power Failure,Critical,8.0,7,Under Warranty,6508.58,Resolved,4
SV03762,H001,D051,2024-09-29,Corrective Maintenance,Calibration Issue,High,6.0,7,Under Warranty,6200.1,Resolved,4
SV03763,H002,D047,2026-07-04,Corrective Maintenance,Preventive Maintenance,Medium,3.9,4,Under Warranty,5363.71,Resolved,4
SV03764,H099,D025,2026-07-10,Corrective Maintenance,Battery Issue,Medium,7.6,2,Out of Warranty,31480.98,Resolved,5
SV03765,H003,D012,2024-11-09,Corrective Maintenance,Software Error,Low,4.1,1,Under Warranty,5122.76,Resolved,5
SV03766,H017,D007,2025-07-06,Preventive Maintenance,Connectivity,Low,10.5,2,Under Warranty,7806.28,Resolved,5
SV03767,H009,D009,2025-04-23,Preventive Maintenance,Battery Issue,High,7.0,1,Out of Warranty,7895.44,Resolved,5
SV03768,H026,D021,2026-03-01,Corrective Maintenance,Mechanical Issue,Medium,15.9,1,Out of Warranty,25124.22,Resolved,4
SV03769,H053,D046,2026-05-14,Preventive Maintenance,Display Issue,Medium,0.5,2,Under Warranty,6462.32,Pending,4
SV03770,H040,D039,2025-04-03,Preventive Maintenance,Mechanical Issue,Medium,4.1,3,Out of Warranty,10637.8,Resolved,4
SV03771,H067,D057,2026-05-15,Preventive Maintenance,Mechanical Issue,Medium,7.2,2,Out of Warranty,6001.1,Resolved,5
SV03772,H043,D052,2025-08-30,Corrective Maintenance,Calibration Issue,Low,2.6,3,Under Warranty,7280.23,Resolved,4
SV03773,H011,D054,2025-12-31,Preventive Maintenance,Power Failure,Medium,17.8,4,Under Warranty,6899.23,Resolved,4
SV03774,H011,D013,2026-06-02,Corrective Maintenance,Software Error,Low,4.2,2,Out of Warranty,35138.03,Resolved,4
SV03775,H032,D026,2024-08-04,Preventive Maintenance,Mechanical Issue,High,7.2,10,Under Warranty,2748.05,Resolved,4
SV03776,H045,D031,2025-12-19,Preventive Maintenance,Connectivity,Medium,5.6,2,Out of Warranty,13687.97,Resolved,5
SV03777,H034,D018,2025-09-29,Corrective Maintenance,Mechanical Issue,Critical,29.1,2,Out of Warranty,33538.73,Resolved,4
SV03778,H020,D014,2025-04-24,Preventive Maintenance,Connectivity,Medium,9.8,3,Under Warranty,6733.07,Resolved,4
SV03779,H067,D002,2025-01-10,Corrective Maintenance,Sensor/Probe Issue,High,1.1,3,Under Warranty,16770.75,Resolved,4
SV03780,H052,D002,2024-03-14,Corrective Maintenance,Power Failure,Low,2.9,3,Under Warranty,14820.21,Resolved,4
SV03781,H078,D031,2024-07-11,Installation,Software Error,Medium,8.0,1,Under Warranty,5084.5,Resolved,4
SV03782,H006,D049,2026-01-24,Preventive Maintenance,Image Quality,Medium,3.8,4,Under Warranty,6969.36,Resolved,4
SV03783,H098,D027,2024-08-18,Corrective Maintenance,Mechanical Issue,Medium,4.4,3,Out of Warranty,32126.49,Resolved,4
SV03784,H003,D004,2025-03-15,Corrective Maintenance,Image Quality,Low,4.1,2,Under Warranty,14823.42,Resolved,4
SV03785,H012,D052,2025-08-22,Corrective Maintenance,Preventive Maintenance,High,5.1,3,Under Warranty,7492.21,Resolved,5
SV03786,H098,D038,2025-10-04,Corrective Maintenance,Image Quality,High,2.0,4,Under Warranty,5147.99,Resolved,5
SV03787,H015,D009,2026-07-07,Preventive Maintenance,Sensor/Probe Issue,Medium,2.2,2,Under Warranty,6561.97,Resolved,5
SV03788,H024,D021,2024-09-01,Corrective Maintenance,Mechanical Issue,High,12.9,5,Under Warranty,16647.56,Resolved,4
SV03789,H067,D040,2024-07-08,Preventive Maintenance,Display Issue,Medium,4.7,2,Out of Warranty,14735.86,Resolved,4
SV03790,H064,D022,2024-12-27,Preventive Maintenance,Calibration Issue,Critical,8.5,15,Under Warranty,7170.21,Resolved,3
SV03791,H036,D047,2024-04-13,Preventive Maintenance,Sensor/Probe Issue,High,6.7,2,Under Warranty,2972.3,Resolved,5
SV03792,H089,D010,2024-08-14,Corrective Maintenance,Connectivity,Critical,9.4,9,Under Warranty,5198.14,Resolved,4
SV03793,H064,D024,2025-06-19,Preventive Maintenance,Connectivity,Low,4.1,3,Under Warranty,3280.31,Resolved,4
SV03794,H057,D035,2024-02-22,Preventive Maintenance,Mechanical Issue,Medium,13.0,1,Out of Warranty,14949.42,Resolved,5
SV03795,H002,D015,2026-09-28,Preventive Maintenance,Sensor/Probe Issue,High,23.3,5,Out of Warranty,9311.42,Resolved,4
SV03796,H024,D031,2024-06-03,Corrective Maintenance,Image Quality,Medium,3.9,3,Under Warranty,10125.11,Resolved,4
SV03797,H095,D005,2025-08-03,Corrective Maintenance,Image Quality,Medium,9.6,3,Under Warranty,7290.28,Resolved,4
SV03798,H084,D041,2026-01-31,Preventive Maintenance,Software Error,Medium,1.5,2,Under Warranty,3683.03,Pending,4
SV03799,H085,D046,2024-04-21,Corrective Maintenance,Image Quality,Low,2.1,1,Under Warranty,11048.21,Resolved,5
SV03800,H052,D012,2025-05-20,Corrective Maintenance,Connectivity,Medium,6.9,6,Under Warranty,9163.85,Resolved,5
SV03801,H037,D009,2026-03-11,Corrective Maintenance,Connectivity,Medium,2.5,4,Out of Warranty,29941.07,Resolved,5
SV03802,H060,D005,2024-06-22,Corrective Maintenance,Software Error,Medium,7.3,3,Out of Warranty,35148.0,Resolved,4
SV03803,H078,D034,2024-02-16,Corrective Maintenance,Display Issue,High,4.0,7,Under Warranty,20883.31,Resolved,4
SV03804,H061,D004,2025-09-04,Installation,Sensor/Probe Issue,Medium,4.5,4,Out of Warranty,24861.9,Resolved,4
SV03805,H004,D016,2026-07-28,Corrective Maintenance,Image Quality,Medium,10.0,6,Under Warranty,5583.26,Resolved,3
SV03806,H027,D036,2025-01-08,Preventive Maintenance,Battery Issue,High,20.1,1,Out of Warranty,8186.5,Pending,5
SV03807,H049,D057,2024-02-28,Corrective Maintenance,Display Issue,High,7.7,1,Under Warranty,19316.66,Resolved,5
SV03808,H071,D040,2025-03-30,Preventive Maintenance,Display Issue,Medium,20.0,1,Under Warranty,5794.68,Resolved,4
SV03809,H064,D055,2025-04-01,Preventive Maintenance,Mechanical Issue,High,20.2,1,Under Warranty,4202.15,Resolved,4
SV03810,H006,D036,2024-12-05,Corrective Maintenance,Connectivity,Medium,2.9,2,Under Warranty,13981.16,Resolved,5
SV03811,H049,D030,2025-06-11,Preventive Maintenance,Calibration Issue,Medium,4.8,2,Out of Warranty,12829.71,Resolved,5
SV03812,H045,D034,2025-02-08,Corrective Maintenance,Image Quality,Medium,6.2,2,Under Warranty,14621.73,Resolved,4
SV03813,H073,D029,2025-11-21,Preventive Maintenance,Software Error,Low,4.6,3,Under Warranty,5233.8,Resolved,4
SV03814,H095,D035,2025-10-04,Corrective Maintenance,Mechanical Issue,Medium,7.5,1,Out of Warranty,34564.55,Resolved,5
SV03815,H091,D030,2024-11-13,Corrective Maintenance,Display Issue,High,4.7,2,Under Warranty,17277.57,Resolved,4
SV03816,H096,D006,2025-10-14,Preventive Maintenance,Connectivity,High,9.7,3,Out of Warranty,7850.48,Resolved,4
SV03817,H069,D010,2026-06-27,Corrective Maintenance,Image Quality,Medium,2.4,2,Under Warranty,13216.63,Resolved,5
SV03818,H100,D011,2024-10-12,Corrective Maintenance,Display Issue,Medium,6.5,2,Under Warranty,12797.52,Resolved,5
SV03819,H089,D034,2024-02-21,Corrective Maintenance,Connectivity,Medium,3.1,3,Under Warranty,16914.63,Resolved,5
SV03820,H046,D029,2024-09-24,Corrective Maintenance,Software Error,High,8.7,7,Under Warranty,12878.91,Resolved,4
SV03821,H077,D001,2024-07-12,Preventive Maintenance,Mechanical Issue,Medium,6.2,2,Under Warranty,8501.58,Pending,4
SV03822,H001,D040,2025-07-25,Corrective Maintenance,Battery Issue,Critical,17.9,1,Out of Warranty,13025.59,Resolved,4
SV03823,H024,D051,2026-03-30,Corrective Maintenance,Image Quality,High,23.7,6,Under Warranty,10074.41,Resolved,3
SV03824,H100,D056,2024-08-05,Corrective Maintenance,Preventive Maintenance,Medium,2.0,5,Out of Warranty,10741.44,Resolved,4
SV03825,H033,D016,2026-02-25,Corrective Maintenance,Sensor/Probe Issue,Low,2.9,6,Under Warranty,12170.05,Resolved,5
SV03826,H095,D017,2025-07-29,Corrective Maintenance,Preventive Maintenance,High,13.8,4,Under Warranty,14079.57,Resolved,4
SV03827,H042,D031,2025-09-20,Corrective Maintenance,Image Quality,Medium,5.8,3,Out of Warranty,27467.45,Resolved,5
SV03828,H057,D009,2025-08-22,Preventive Maintenance,Battery Issue,High,10.8,4,Out of Warranty,12006.96,Resolved,4
SV03829,H086,D004,2025-01-09,Corrective Maintenance,Battery Issue,High,12.3,6,Under Warranty,13209.81,Resolved,5
SV03830,H079,D022,2026-04-12,Corrective Maintenance,Preventive Maintenance,Medium,1.2,2,Out of Warranty,16701.01,Resolved,5
SV03831,H006,D040,2025-07-06,Preventive Maintenance,Preventive Maintenance,High,5.7,3,Out of Warranty,14648.98,Pending,5
SV03832,H015,D043,2026-05-13,Corrective Maintenance,Preventive Maintenance,High,11.3,2,Under Warranty,15333.56,Resolved,5
SV03833,H091,D008,2025-04-07,Corrective Maintenance,Power Failure,High,24.1,2,Under Warranty,18261.74,Resolved,4
SV03834,H002,D006,2024-08-31,Corrective Maintenance,Image Quality,Medium,2.8,3,Under Warranty,16197.96,Resolved,4
SV03835,H075,D010,2024-11-29,Installation,Power Failure,Critical,8.9,3,Out of Warranty,21251.58,Resolved,4
SV03836,H060,D055,2025-12-31,Corrective Maintenance,Calibration Issue,Medium,8.1,4,Under Warranty,19776.44,Resolved,4
SV03837,H098,D031,2025-05-19,Preventive Maintenance,Preventive Maintenance,Medium,4.9,1,Under Warranty,4654.75,Resolved,4
SV03838,H068,D020,2025-04-05,Corrective Maintenance,Preventive Maintenance,Medium,3.3,2,Under Warranty,15171.45,Resolved,5
SV03839,H063,D024,2026-07-20,Corrective Maintenance,Display Issue,High,14.2,4,Under Warranty,8370.01,Pending,4
SV03840,H031,D005,2026-07-29,Corrective Maintenance,Image Quality,High,36.5,3,Out of Warranty,26580.57,Resolved,4
SV03841,H062,D049,2026-01-25,Corrective Maintenance,Image Quality,Critical,34.1,5,Under Warranty,20093.31,Pending,4
SV03842,H051,D025,2025-12-23,Preventive Maintenance,Power Failure,Medium,5.7,3,Under Warranty,6751.97,Resolved,5
SV03843,H075,D054,2025-12-23,Preventive Maintenance,Mechanical Issue,High,13.0,3,Under Warranty,4363.21,Resolved,4
SV03844,H085,D028,2024-05-09,Preventive Maintenance,Sensor/Probe Issue,High,5.3,2,Under Warranty,5592.78,Resolved,4
SV03845,H088,D007,2026-06-16,Preventive Maintenance,Mechanical Issue,Critical,33.0,4,Under Warranty,8558.24,Resolved,5
SV03846,H043,D035,2024-10-29,Preventive Maintenance,Image Quality,High,3.7,5,Under Warranty,4692.26,Resolved,5
SV03847,H051,D017,2024-04-23,Preventive Maintenance,Power Failure,Low,4.0,1,Out of Warranty,9796.94,Resolved,5
SV03848,H067,D034,2026-09-09,Corrective Maintenance,Sensor/Probe Issue,High,14.1,5,Out of Warranty,38018.46,Resolved,3
SV03849,H056,D051,2026-02-07,Preventive Maintenance,Image Quality,High,50.8,5,Under Warranty,7127.76,Resolved,3
SV03850,H041,D038,2024-12-19,Preventive Maintenance,Image Quality,High,12.5,3,Out of Warranty,13279.92,Resolved,4
SV03851,H013,D055,2026-07-31,Corrective Maintenance,Software Error,Critical,20.2,4,Under Warranty,12484.98,Resolved,4
SV03852,H057,D011,2025-01-25,Installation,Image Quality,Medium,2.2,3,Out of Warranty,9712.43,Resolved,4
SV03853,H040,D044,2024-01-01,Corrective Maintenance,Power Failure,High,28.9,4,Under Warranty,12341.13,Resolved,4
SV03854,H057,D036,2025-07-17,Installation,Sensor/Probe Issue,Medium,15.6,4,Under Warranty,10248.34,Resolved,5
SV03855,H047,D024,2024-09-29,Corrective Maintenance,Software Error,High,17.3,3,Out of Warranty,33928.33,Resolved,4
SV03856,H098,D053,2025-03-15,Corrective Maintenance,Sensor/Probe Issue,Medium,5.9,1,Out of Warranty,35163.31,Resolved,5
SV03857,H042,D046,2026-06-20,Corrective Maintenance,Battery Issue,Medium,2.0,11,Out of Warranty,9917.7,Resolved,4
SV03858,H055,D027,2024-11-21,Corrective Maintenance,Display Issue,Medium,15.6,3,Out of Warranty,29200.11,Resolved,4
SV03859,H081,D021,2024-03-22,Installation,Mechanical Issue,Critical,1.2,4,Under Warranty,8836.42,Resolved,4
SV03860,H084,D025,2024-11-24,Corrective Maintenance,Calibration Issue,Low,6.1,3,Under Warranty,12393.4,Resolved,3
SV03861,H079,D047,2024-05-14,Corrective Maintenance,Connectivity,High,18.5,3,Out of Warranty,38830.32,Resolved,4
SV03862,H041,D018,2026-01-07,Corrective Maintenance,Mechanical Issue,Critical,24.7,4,Out of Warranty,15982.9,Resolved,5
SV03863,H015,D026,2024-03-18,Corrective Maintenance,Software Error,High,12.5,3,Under Warranty,18324.3,Resolved,5
SV03864,H063,D018,2024-10-21,Preventive Maintenance,Mechanical Issue,Low,2.5,1,Under Warranty,7164.39,Resolved,4
SV03865,H025,D023,2026-09-17,Corrective Maintenance,Software Error,High,21.3,2,Out of Warranty,17976.21,Resolved,4
SV03866,H087,D011,2024-08-15,Preventive Maintenance,Display Issue,High,3.8,7,Under Warranty,8162.84,Resolved,4
SV03867,H079,D030,2024-05-09,Corrective Maintenance,Sensor/Probe Issue,High,17.8,5,Under Warranty,15560.04,Resolved,3
SV03868,H080,D020,2026-06-25,Corrective Maintenance,Sensor/Probe Issue,High,3.7,2,Out of Warranty,29092.65,Resolved,4
SV03869,H083,D016,2025-10-19,Corrective Maintenance,Software Error,Medium,16.2,2,Out of Warranty,31716.12,Resolved,5
SV03870,H019,D020,2024-10-04,Corrective Maintenance,Calibration Issue,Medium,9.2,1,Under Warranty,7082.4,Pending,4
SV03871,H010,D032,2025-06-12,Preventive Maintenance,Preventive Maintenance,Medium,12.3,7,Under Warranty,6588.33,Resolved,4
SV03872,H099,D024,2024-02-14,Installation,Image Quality,Medium,5.4,4,Out of Warranty,14506.26,Resolved,4
SV03873,H062,D016,2025-12-13,Corrective Maintenance,Sensor/Probe Issue,High,20.3,4,Under Warranty,15366.67,Resolved,4
SV03874,H041,D015,2024-06-06,Corrective Maintenance,Image Quality,Medium,3.5,3,Under Warranty,20491.26,Resolved,3
SV03875,H006,D048,2025-07-08,Corrective Maintenance,Connectivity,Critical,46.8,2,Under Warranty,5176.1,Resolved,3
SV03876,H023,D005,2026-09-26,Corrective Maintenance,Power Failure,Medium,8.8,2,Out of Warranty,9873.36,Resolved,4
SV03877,H070,D004,2025-05-07,Installation,Power Failure,Medium,2.9,1,Under Warranty,7375.3,Resolved,4
SV03878,H074,D010,2025-08-14,Corrective Maintenance,Connectivity,Medium,6.4,2,Out of Warranty,33017.81,Resolved,4
SV03879,H027,D050,2024-06-30,Corrective Maintenance,Preventive Maintenance,Low,3.8,2,Under Warranty,12922.52,Resolved,4
SV03880,H012,D049,2025-12-02,Installation,Image Quality,Medium,4.2,1,Out of Warranty,22228.04,Resolved,5
SV03881,H061,D032,2025-08-11,Preventive Maintenance,Power Failure,Medium,16.1,9,Out of Warranty,6125.04,Resolved,4
SV03882,H099,D033,2025-08-20,Preventive Maintenance,Mechanical Issue,High,6.6,3,Under Warranty,2113.9,Resolved,4
SV03883,H030,D005,2025-04-01,Preventive Maintenance,Image Quality,High,35.6,2,Out of Warranty,4527.45,Resolved,4
SV03884,H007,D041,2024-04-21,Preventive Maintenance,Image Quality,Medium,2.7,2,Under Warranty,3569.64,Resolved,5
SV03885,H030,D012,2025-01-04,Preventive Maintenance,Calibration Issue,High,14.4,7,Under Warranty,3628.43,Resolved,4
SV03886,H029,D012,2025-01-31,Preventive Maintenance,Software Error,Low,3.7,2,Under Warranty,5235.16,Resolved,4
SV03887,H024,D005,2025-06-15,Corrective Maintenance,Preventive Maintenance,Medium,5.4,6,Under Warranty,18812.15,Resolved,4
SV03888,H071,D027,2026-08-31,Preventive Maintenance,Sensor/Probe Issue,High,15.2,2,Out of Warranty,4194.13,Resolved,5
SV03889,H015,D051,2024-12-22,Corrective Maintenance,Connectivity,High,22.3,3,Out of Warranty,29795.61,Resolved,4
SV03890,H039,D035,2025-01-23,Preventive Maintenance,Connectivity,High,14.7,8,Out of Warranty,8090.95,Resolved,4
SV03891,H098,D020,2025-05-12,Corrective Maintenance,Display Issue,High,13.8,5,Out of Warranty,10946.39,Resolved,3
SV03892,H099,D001,2026-06-01,Corrective Maintenance,Software Error,Medium,3.7,1,Under Warranty,20838.76,Resolved,5
SV03893,H022,D019,2025-06-17,Corrective Maintenance,Image Quality,High,4.8,3,Under Warranty,7859.3,Resolved,4
SV03894,H089,D011,2024-02-02,Corrective Maintenance,Mechanical Issue,Critical,7.2,9,Out of Warranty,15014.12,Resolved,3
SV03895,H072,D017,2025-05-21,Corrective Maintenance,Battery Issue,Medium,2.1,2,Under Warranty,12557.16,Resolved,3
SV03896,H030,D018,2025-09-05,Installation,Display Issue,High,16.1,3,Under Warranty,10928.35,Resolved,4
SV03897,H031,D060,2025-05-01,Preventive Maintenance,Software Error,Medium,7.3,2,Under Warranty,5381.17,Resolved,4
SV03898,H064,D021,2024-02-16,Corrective Maintenance,Power Failure,Medium,6.4,4,Out of Warranty,15264.55,Resolved,4
SV03899,H026,D006,2025-02-25,Preventive Maintenance,Power Failure,Medium,1.2,2,Out of Warranty,12728.24,Resolved,5
SV03900,H061,D020,2024-10-12,Preventive Maintenance,Power Failure,Medium,4.0,2,Under Warranty,8249.46,Resolved,5
SV03901,H029,D057,2025-03-22,Corrective Maintenance,Image Quality,Medium,13.4,2,Under Warranty,13482.57,Resolved,4
SV03902,H043,D019,2025-06-24,Corrective Maintenance,Power Failure,Medium,4.3,3,Under Warranty,19432.68,Resolved,4
SV03903,H006,D016,2025-12-27,Installation,Preventive Maintenance,High,13.6,3,Under Warranty,6350.04,Resolved,5
SV03904,H055,D041,2024-11-10,Corrective Maintenance,Software Error,Medium,11.3,1,Under Warranty,19438.22,Pending,5
SV03905,H096,D025,2026-04-07,Corrective Maintenance,Power Failure,Medium,19.2,3,Out of Warranty,33806.71,Resolved,4
SV03906,H058,D049,2025-11-06,Corrective Maintenance,Image Quality,Critical,21.6,4,Under Warranty,12286.0,Resolved,4
SV03907,H006,D022,2026-04-09,Preventive Maintenance,Software Error,High,8.1,2,Under Warranty,6000.68,Resolved,4
SV03908,H069,D032,2025-08-08,Corrective Maintenance,Battery Issue,Medium,1.2,2,Under Warranty,20476.04,Resolved,5
SV03909,H080,D022,2025-09-01,Preventive Maintenance,Mechanical Issue,Low,5.5,4,Under Warranty,2864.29,Resolved,4
SV03910,H028,D053,2025-10-12,Preventive Maintenance,Sensor/Probe Issue,High,20.5,3,Out of Warranty,14941.69,Resolved,4
SV03911,H043,D020,2024-01-30,Corrective Maintenance,Image Quality,High,46.6,5,Out of Warranty,17421.6,Resolved,4
SV03912,H090,D055,2024-09-16,Preventive Maintenance,Mechanical Issue,Medium,25.1,2,Under Warranty,2756.11,Resolved,4
SV03913,H026,D033,2025-07-24,Preventive Maintenance,Preventive Maintenance,Low,11.5,1,Out of Warranty,4971.46,Resolved,4
SV03914,H064,D008,2026-07-16,Corrective Maintenance,Image Quality,Medium,20.1,1,Under Warranty,12742.3,Resolved,4
SV03915,H049,D043,2026-09-07,Preventive Maintenance,Image Quality,Medium,4.3,3,Under Warranty,4181.71,Resolved,4
SV03916,H067,D040,2025-02-19,Corrective Maintenance,Image Quality,High,2.5,2,Out of Warranty,14938.37,Resolved,4
SV03917,H098,D005,2026-08-05,Preventive Maintenance,Power Failure,Medium,3.0,5,Out of Warranty,13418.62,Resolved,4
SV03918,H064,D015,2026-05-03,Corrective Maintenance,Connectivity,Low,10.5,2,Out of Warranty,10427.75,Resolved,4
SV03919,H004,D047,2024-06-21,Preventive Maintenance,Calibration Issue,High,2.8,5,Under Warranty,3649.66,Resolved,4
SV03920,H004,D056,2024-05-31,Corrective Maintenance,Image Quality,Medium,7.0,3,Under Warranty,20971.85,Resolved,4
SV03921,H024,D009,2026-02-18,Preventive Maintenance,Calibration Issue,Medium,29.9,2,Out of Warranty,6699.89,Pending,4
SV03922,H083,D048,2024-12-29,Corrective Maintenance,Mechanical Issue,Low,6.1,2,Out of Warranty,32171.45,Resolved,5
SV03923,H069,D031,2025-03-10,Corrective Maintenance,Mechanical Issue,Low,1.0,2,Out of Warranty,17211.5,Resolved,5
SV03924,H081,D022,2025-09-02,Preventive Maintenance,Image Quality,Medium,1.5,2,Out of Warranty,5001.61,Resolved,4
SV03925,H033,D036,2026-09-11,Corrective Maintenance,Software Error,Medium,7.8,4,Under Warranty,16377.85,Resolved,4
SV03926,H015,D033,2026-02-04,Corrective Maintenance,Power Failure,Medium,8.3,2,Out of Warranty,15140.84,Resolved,5
SV03927,H047,D005,2025-01-03,Corrective Maintenance,Mechanical Issue,High,8.5,2,Out of Warranty,19562.04,Resolved,5
SV03928,H086,D041,2024-09-13,Preventive Maintenance,Software Error,High,20.1,3,Under Warranty,2550.14,Resolved,4
SV03929,H064,D058,2026-03-26,Corrective Maintenance,Power Failure,Medium,8.5,8,Under Warranty,9602.82,Resolved,4
SV03930,H059,D014,2024-11-23,Corrective Maintenance,Software Error,Medium,1.1,5,Under Warranty,13624.22,Resolved,4
SV03931,H040,D009,2024-04-23,Preventive Maintenance,Image Quality,Low,4.5,3,Under Warranty,6253.59,Resolved,4
SV03932,H033,D015,2026-02-05,Corrective Maintenance,Calibration Issue,Low,3.3,1,Under Warranty,11638.21,Resolved,4
SV03933,H027,D046,2024-11-21,Preventive Maintenance,Image Quality,High,10.6,3,Under Warranty,5590.92,Resolved,4
SV03934,H045,D043,2025-04-22,Corrective Maintenance,Display Issue,Medium,4.7,2,Under Warranty,9788.46,Resolved,5
SV03935,H040,D059,2025-03-16,Corrective Maintenance,Power Failure,High,7.5,3,Under Warranty,10314.85,Resolved,4
SV03936,H001,D024,2026-04-20,Corrective Maintenance,Power Failure,Medium,4.7,1,Out of Warranty,14373.87,Resolved,4
SV03937,H005,D041,2024-08-09,Corrective Maintenance,Calibration Issue,Medium,7.6,4,Under Warranty,19407.63,Resolved,5
SV03938,H043,D057,2024-04-16,Corrective Maintenance,Image Quality,Medium,8.2,2,Out of Warranty,32656.16,Resolved,4
SV03939,H038,D055,2026-06-22,Preventive Maintenance,Image Quality,Medium,2.7,6,Out of Warranty,5557.78,Resolved,5
SV03940,H046,D017,2024-05-12,Preventive Maintenance,Software Error,Critical,30.6,11,Out of Warranty,13402.79,Resolved,3
SV03941,H057,D060,2026-08-27,Preventive Maintenance,Connectivity,Medium,8.4,3,Under Warranty,5996.14,Resolved,5
SV03942,H094,D049,2025-05-17,Installation,Mechanical Issue,High,14.6,2,Out of Warranty,11843.11,Resolved,4
SV03943,H087,D030,2024-03-27,Installation,Connectivity,Medium,3.8,6,Under Warranty,11601.36,Resolved,3
SV03944,H084,D010,2024-04-23,Preventive Maintenance,Preventive Maintenance,Low,3.3,1,Under Warranty,7649.6,Resolved,4
SV03945,H011,D001,2024-06-12,Corrective Maintenance,Mechanical Issue,High,4.7,6,Out of Warranty,21342.07,Resolved,4
SV03946,H087,D027,2025-09-19,Preventive Maintenance,Battery Issue,High,14.1,3,Under Warranty,5531.15,Resolved,4
SV03947,H087,D054,2026-02-13,Preventive Maintenance,Battery Issue,High,3.1,7,Under Warranty,2338.68,Resolved,5
SV03948,H075,D058,2024-12-08,Corrective Maintenance,Sensor/Probe Issue,High,10.6,14,Out of Warranty,32721.7,Resolved,4
SV03949,H097,D040,2025-11-29,Corrective Maintenance,Calibration Issue,High,20.6,3,Under Warranty,5147.05,Resolved,4
SV03950,H098,D029,2024-01-11,Corrective Maintenance,Battery Issue,High,8.7,10,Under Warranty,16415.78,Resolved,4
SV03951,H010,D031,2025-02-14,Preventive Maintenance,Battery Issue,Medium,19.4,1,Out of Warranty,13183.06,Resolved,5
SV03952,H041,D020,2024-01-16,Preventive Maintenance,Display Issue,Medium,12.4,3,Under Warranty,3799.22,Resolved,5
SV03953,H031,D059,2025-05-27,Corrective Maintenance,Software Error,High,6.5,7,Out of Warranty,30930.65,Resolved,4
SV03954,H041,D008,2024-12-29,Corrective Maintenance,Sensor/Probe Issue,High,12.7,3,Out of Warranty,25371.45,Resolved,4
SV03955,H076,D033,2026-01-09,Preventive Maintenance,Software Error,Medium,9.2,1,Under Warranty,2663.36,Resolved,4
SV03956,H078,D040,2024-07-21,Preventive Maintenance,Display Issue,Medium,2.8,3,Out of Warranty,14030.68,Resolved,4
SV03957,H002,D037,2025-04-06,Corrective Maintenance,Display Issue,High,15.4,8,Out of Warranty,23237.46,Resolved,4
SV03958,H060,D060,2025-02-22,Preventive Maintenance,Battery Issue,Medium,15.5,9,Under Warranty,3961.34,Pending,4
SV03959,H097,D005,2025-11-10,Preventive Maintenance,Calibration Issue,Critical,30.6,3,Out of Warranty,4346.36,Resolved,4
SV03960,H100,D042,2026-08-27,Corrective Maintenance,Connectivity,High,7.4,5,Out of Warranty,22726.1,Resolved,4
SV03961,H020,D043,2024-03-18,Preventive Maintenance,Sensor/Probe Issue,Medium,10.4,3,Under Warranty,3411.14,Resolved,4
SV03962,H002,D060,2025-12-26,Corrective Maintenance,Sensor/Probe Issue,Low,7.9,3,Under Warranty,14388.11,Resolved,5
SV03963,H054,D055,2024-12-31,Corrective Maintenance,Image Quality,Medium,3.2,2,Out of Warranty,22035.98,Resolved,5
SV03964,H038,D040,2025-04-15,Corrective Maintenance,Mechanical Issue,Low,5.5,1,Under Warranty,17512.18,Resolved,5
SV03965,H088,D037,2026-02-07,Preventive Maintenance,Power Failure,Medium,5.3,2,Under Warranty,4258.79,Resolved,5
SV03966,H044,D035,2024-10-12,Preventive Maintenance,Calibration Issue,Medium,6.9,3,Out of Warranty,11422.91,Resolved,4
SV03967,H088,D010,2026-03-14,Preventive Maintenance,Image Quality,Medium,1.4,1,Out of Warranty,7501.77,Resolved,5
SV03968,H095,D019,2026-03-19,Preventive Maintenance,Calibration Issue,Medium,1.7,2,Out of Warranty,9114.39,Resolved,5
SV03969,H078,D051,2026-05-06,Corrective Maintenance,Power Failure,Low,3.6,3,Out of Warranty,10336.91,Resolved,5
SV03970,H060,D041,2024-03-10,Preventive Maintenance,Power Failure,Medium,3.7,2,Out of Warranty,10882.02,Resolved,5
SV03971,H002,D001,2026-01-08,Corrective Maintenance,Mechanical Issue,Medium,8.3,2,Out of Warranty,33191.56,Resolved,5
SV03972,H056,D017,2025-11-26,Corrective Maintenance,Power Failure,High,5.1,7,Under Warranty,18662.55,Resolved,4
SV03973,H028,D026,2026-03-16,Preventive Maintenance,Software Error,Medium,1.7,1,Out of Warranty,11532.94,Resolved,5
SV03974,H038,D030,2024-08-31,Preventive Maintenance,Calibration Issue,Medium,9.6,3,Under Warranty,2462.4,Resolved,4
SV03975,H005,D056,2026-09-10,Preventive Maintenance,Sensor/Probe Issue,Low,1.6,2,Under Warranty,6723.71,Resolved,5
SV03976,H004,D029,2026-07-27,Corrective Maintenance,Preventive Maintenance,Critical,27.0,10,Under Warranty,9168.5,Resolved,3
SV03977,H030,D035,2026-08-02,Corrective Maintenance,Software Error,High,2.2,4,Under Warranty,6681.3,Resolved,5
SV03978,H084,D049,2024-05-28,Preventive Maintenance,Preventive Maintenance,Medium,1.6,3,Out of Warranty,11414.72,Resolved,4
SV03979,H067,D053,2024-11-05,Corrective Maintenance,Mechanical Issue,Medium,4.4,1,Under Warranty,11919.82,Resolved,5
SV03980,H053,D027,2025-04-09,Corrective Maintenance,Software Error,Medium,11.1,2,Under Warranty,16941.05,Resolved,5
SV03981,H081,D011,2024-05-30,Corrective Maintenance,Software Error,Critical,10.4,7,Out of Warranty,18193.49,Resolved,4
SV03982,H057,D028,2026-07-06,Corrective Maintenance,Image Quality,High,9.5,1,Out of Warranty,37640.08,Resolved,4
SV03983,H089,D011,2025-05-03,Corrective Maintenance,Preventive Maintenance,Critical,3.0,2,Under Warranty,11064.28,Resolved,4
SV03984,H097,D019,2024-09-06,Preventive Maintenance,Sensor/Probe Issue,High,9.3,2,Under Warranty,3431.36,Resolved,5
SV03985,H031,D049,2026-04-14,Corrective Maintenance,Battery Issue,Medium,2.0,5,Under Warranty,19917.12,Resolved,5
SV03986,H052,D007,2025-09-17,Preventive Maintenance,Display Issue,Low,10.9,1,Under Warranty,8585.1,Resolved,5
SV03987,H092,D040,2026-01-12,Installation,Power Failure,High,9.3,5,Out of Warranty,13702.38,Resolved,4
SV03988,H053,D047,2024-11-09,Preventive Maintenance,Sensor/Probe Issue,Medium,14.8,1,Under Warranty,3894.37,Resolved,5
SV03989,H097,D009,2025-10-30,Preventive Maintenance,Preventive Maintenance,Low,4.5,3,Under Warranty,8355.14,Resolved,4
SV03990,H053,D040,2024-02-25,Corrective Maintenance,Battery Issue,High,11.3,4,Under Warranty,15974.26,Resolved,4
SV03991,H064,D015,2024-07-29,Preventive Maintenance,Display Issue,Low,4.1,2,Out of Warranty,14457.09,Resolved,5
SV03992,H012,D039,2024-11-06,Corrective Maintenance,Calibration Issue,High,18.9,4,Under Warranty,11813.43,Resolved,4
SV03993,H051,D054,2024-11-23,Corrective Maintenance,Preventive Maintenance,Medium,4.8,3,Out of Warranty,27101.34,Resolved,4
SV03994,H076,D001,2025-04-09,Preventive Maintenance,Display Issue,High,2.2,2,Under Warranty,7050.58,Resolved,4
SV03995,H022,D022,2025-05-28,Installation,Power Failure,High,2.1,3,Out of Warranty,16288.53,Resolved,4
SV03996,H039,D043,2025-10-21,Preventive Maintenance,Sensor/Probe Issue,Low,3.9,1,Under Warranty,8619.98,Resolved,5
SV03997,H100,D041,2025-04-30,Corrective Maintenance,Sensor/Probe Issue,Medium,11.6,1,Under Warranty,20611.89,Resolved,4
SV03998,H006,D044,2025-03-17,Preventive Maintenance,Software Error,Low,1.9,2,Under Warranty,2554.96,Resolved,5
SV03999,H041,D031,2024-01-06,Installation,Image Quality,Medium,4.2,4,Out of Warranty,11606.78,Resolved,4
SV04000,H090,D022,2026-02-04,Preventive Maintenance,Software Error,Critical,15.9,8,Under Warranty,4792.73,Resolved,3
SV04001,H069,D007,2025-08-02,Installation,Sensor/Probe Issue,Medium,10.1,2,Under Warranty,5707.3,Resolved,4
SV04002,H077,D037,2025-10-30,Installation,Connectivity,High,18.8,2,Under Warranty,8444.45,Resolved,5
SV04003,H055,D011,2026-07-25,Corrective Maintenance,Battery Issue,High,2.0,1,Under Warranty,6964.12,Resolved,4
SV04004,H067,D037,2026-07-04,Preventive Maintenance,Sensor/Probe Issue,High,35.6,1,Out of Warranty,8270.16,Resolved,4
SV04005,H036,D002,2026-03-03,Corrective Maintenance,Software Error,Medium,14.3,7,Under Warranty,13550.88,Resolved,4
SV04006,H016,D052,2025-07-12,Corrective Maintenance,Display Issue,Medium,15.8,2,Under Warranty,16720.8,Resolved,4
SV04007,H021,D012,2024-12-17,Corrective Maintenance,Sensor/Probe Issue,Low,1.6,1,Out of Warranty,37952.87,Resolved,3
SV04008,H081,D011,2025-06-20,Corrective Maintenance,Calibration Issue,Medium,7.0,5,Out of Warranty,15977.87,Resolved,4
SV04009,H011,D028,2024-11-04,Corrective Maintenance,Preventive Maintenance,Medium,7.8,1,Under Warranty,11404.16,Resolved,4
SV04010,H010,D023,2024-09-20,Corrective Maintenance,Connectivity,Medium,6.8,2,Under Warranty,15582.13,Resolved,5
SV04011,H063,D020,2025-10-31,Corrective Maintenance,Mechanical Issue,Low,4.6,2,Out of Warranty,23221.47,Resolved,4
SV04012,H004,D002,2026-03-08,Corrective Maintenance,Calibration Issue,Low,1.5,1,Out of Warranty,17145.32,Resolved,5
SV04013,H014,D007,2026-08-17,Corrective Maintenance,Sensor/Probe Issue,Low,2.6,4,Under Warranty,19194.01,Resolved,4
SV04014,H038,D056,2025-11-30,Preventive Maintenance,Mechanical Issue,Low,4.2,3,Under Warranty,7133.47,Resolved,4
SV04015,H083,D002,2025-05-02,Corrective Maintenance,Mechanical Issue,High,1.9,5,Under Warranty,20638.6,Resolved,4
SV04016,H060,D031,2025-10-02,Corrective Maintenance,Software Error,Medium,10.4,3,Out of Warranty,34818.56,Resolved,3
SV04017,H037,D009,2026-07-22,Corrective Maintenance,Image Quality,Medium,1.7,6,Under Warranty,19631.03,Resolved,4
SV04018,H027,D006,2024-10-13,Preventive Maintenance,Sensor/Probe Issue,Medium,10.3,8,Out of Warranty,6593.41,Resolved,3
SV04019,H076,D037,2024-01-21,Corrective Maintenance,Mechanical Issue,High,9.6,4,Under Warranty,12809.87,Resolved,5
SV04020,H045,D014,2025-02-20,Preventive Maintenance,Connectivity,Medium,14.3,4,Out of Warranty,10550.26,Resolved,4
SV04021,H090,D019,2025-01-20,Preventive Maintenance,Software Error,High,7.8,1,Out of Warranty,6171.64,Resolved,4
SV04022,H019,D044,2024-04-19,Preventive Maintenance,Image Quality,Medium,4.8,1,Under Warranty,8597.43,Resolved,5
SV04023,H013,D038,2026-02-05,Corrective Maintenance,Calibration Issue,Medium,12.0,2,Under Warranty,14314.85,Resolved,5
SV04024,H044,D033,2026-02-12,Corrective Maintenance,Software Error,High,6.5,2,Under Warranty,18996.14,Resolved,5
SV04025,H090,D050,2025-04-18,Corrective Maintenance,Sensor/Probe Issue,Medium,3.1,4,Under Warranty,6329.56,Pending,5
SV04026,H050,D058,2026-02-06,Installation,Software Error,High,58.5,7,Under Warranty,6308.7,Resolved,3
SV04027,H026,D044,2024-07-27,Preventive Maintenance,Software Error,Medium,9.2,1,Under Warranty,2363.26,Resolved,5
SV04028,H041,D030,2024-02-23,Preventive Maintenance,Sensor/Probe Issue,Medium,16.4,2,Under Warranty,8734.1,Resolved,4
SV04029,H032,D050,2025-03-31,Corrective Maintenance,Sensor/Probe Issue,Low,3.2,1,Under Warranty,7279.39,Resolved,4
SV04030,H031,D050,2024-09-23,Preventive Maintenance,Preventive Maintenance,High,30.8,7,Under Warranty,5013.32,Resolved,3
SV04031,H023,D008,2025-07-27,Corrective Maintenance,Power Failure,Low,1.6,1,Out of Warranty,13435.83,Resolved,5
SV04032,H033,D025,2024-07-22,Installation,Display Issue,Low,4.0,1,Under Warranty,6112.32,Resolved,5
SV04033,H075,D055,2024-02-05,Preventive Maintenance,Battery Issue,Medium,2.9,3,Out of Warranty,12566.27,Resolved,4
SV04034,H011,D017,2026-03-26,Corrective Maintenance,Connectivity,Medium,8.9,3,Out of Warranty,22579.14,Resolved,4
SV04035,H034,D017,2025-06-16,Corrective Maintenance,Mechanical Issue,Low,0.6,1,Out of Warranty,36082.95,Resolved,5
SV04036,H018,D016,2025-05-18,Preventive Maintenance,Image Quality,Medium,4.7,3,Out of Warranty,6120.89,Resolved,4
SV04037,H047,D012,2024-05-12,Preventive Maintenance,Image Quality,Critical,41.3,3,Under Warranty,8046.82,Resolved,4
SV04038,H028,D026,2025-07-08,Corrective Maintenance,Sensor/Probe Issue,High,15.9,3,Under Warranty,5697.95,Resolved,4
SV04039,H075,D034,2025-05-16,Corrective Maintenance,Image Quality,Low,15.1,2,Under Warranty,7127.75,Resolved,5
SV04040,H045,D015,2024-03-21,Preventive Maintenance,Display Issue,Medium,15.8,3,Under Warranty,7430.05,Resolved,4
SV04041,H037,D035,2025-05-17,Corrective Maintenance,Image Quality,Medium,8.9,4,Out of Warranty,27572.75,Resolved,5
SV04042,H050,D059,2025-09-28,Corrective Maintenance,Battery Issue,Medium,6.0,2,Under Warranty,12725.39,Resolved,4
SV04043,H013,D032,2026-03-07,Installation,Image Quality,High,9.9,2,Under Warranty,9996.18,Resolved,4
SV04044,H028,D022,2025-08-25,Corrective Maintenance,Battery Issue,Medium,5.0,4,Out of Warranty,12342.16,Pending,5
SV04045,H085,D048,2025-02-16,Preventive Maintenance,Power Failure,Medium,12.9,3,Under Warranty,5732.78,Resolved,4
SV04046,H048,D012,2024-11-17,Preventive Maintenance,Calibration Issue,High,11.8,3,Under Warranty,3832.57,Resolved,5
SV04047,H097,D057,2026-07-21,Preventive Maintenance,Battery Issue,Medium,8.0,3,Under Warranty,3398.97,Resolved,5
SV04048,H069,D039,2026-06-17,Preventive Maintenance,Sensor/Probe Issue,Medium,4.8,2,Under Warranty,5613.24,Resolved,5
SV04049,H039,D029,2025-07-16,Corrective Maintenance,Sensor/Probe Issue,High,24.3,1,Out of Warranty,28223.61,Resolved,4
SV04050,H046,D013,2025-06-15,Preventive Maintenance,Power Failure,Critical,42.2,2,Under Warranty,5543.44,Resolved,4
SV04051,H007,D054,2026-09-17,Preventive Maintenance,Battery Issue,Critical,4.3,7,Out of Warranty,11297.19,Resolved,4
SV04052,H001,D016,2026-08-01,Corrective Maintenance,Display Issue,High,18.6,4,Under Warranty,8353.38,Resolved,4
SV04053,H076,D017,2025-05-06,Preventive Maintenance,Software Error,High,1.1,7,Out of Warranty,15899.55,Resolved,5
SV04054,H016,D012,2025-10-05,Preventive Maintenance,Sensor/Probe Issue,High,23.1,4,Out of Warranty,12275.17,Resolved,5
SV04055,H095,D058,2024-02-12,Preventive Maintenance,Image Quality,Medium,6.0,3,Out of Warranty,6210.71,Resolved,5
SV04056,H084,D033,2026-05-15,Corrective Maintenance,Mechanical Issue,Medium,23.5,3,Out of Warranty,11964.95,Resolved,4
SV04057,H018,D032,2024-11-02,Corrective Maintenance,Calibration Issue,High,5.1,4,Under Warranty,6520.94,Resolved,4
SV04058,H017,D005,2026-04-09,Preventive Maintenance,Preventive Maintenance,Medium,20.9,6,Under Warranty,2749.45,Resolved,3
SV04059,H071,D010,2026-07-27,Corrective Maintenance,Sensor/Probe Issue,High,6.1,8,Under Warranty,20662.02,Resolved,4
SV04060,H090,D031,2025-04-30,Corrective Maintenance,Sensor/Probe Issue,Medium,5.9,2,Out of Warranty,12652.81,Resolved,4
SV04061,H034,D019,2026-07-19,Corrective Maintenance,Software Error,High,19.3,6,Under Warranty,15004.66,Resolved,4
SV04062,H092,D052,2024-03-01,Corrective Maintenance,Sensor/Probe Issue,High,14.5,2,Out of Warranty,15174.09,Resolved,4
SV04063,H065,D006,2026-07-18,Corrective Maintenance,Image Quality,High,6.5,6,Under Warranty,19652.48,Resolved,3
SV04064,H005,D024,2026-02-08,Corrective Maintenance,Calibration Issue,Critical,5.9,3,Under Warranty,20998.51,Resolved,4
SV04065,H058,D046,2025-09-29,Corrective Maintenance,Calibration Issue,Medium,13.7,3,Under Warranty,11871.39,Resolved,4
SV04066,H076,D052,2024-08-17,Preventive Maintenance,Connectivity,High,8.6,6,Under Warranty,5221.55,Resolved,4
SV04067,H035,D001,2025-10-19,Corrective Maintenance,Image Quality,Critical,2.9,3,Under Warranty,18717.6,Resolved,4
SV04068,H074,D035,2024-09-19,Preventive Maintenance,Image Quality,Medium,9.6,2,Under Warranty,6307.52,Resolved,3
SV04069,H009,D026,2025-08-17,Corrective Maintenance,Battery Issue,Medium,3.9,2,Out of Warranty,26067.51,Resolved,4
SV04070,H039,D044,2026-08-28,Corrective Maintenance,Mechanical Issue,High,16.7,4,Under Warranty,20277.67,Resolved,4
SV04071,H021,D057,2024-04-11,Preventive Maintenance,Battery Issue,Medium,9.7,3,Under Warranty,6609.02,Resolved,4
SV04072,H001,D027,2025-07-22,Corrective Maintenance,Battery Issue,Medium,20.9,1,Out of Warranty,22000.65,Resolved,5
SV04073,H058,D001,2024-03-21,Corrective Maintenance,Preventive Maintenance,High,7.1,9,Under Warranty,12674.04,Resolved,4
SV04074,H028,D019,2026-05-28,Corrective Maintenance,Image Quality,Medium,16.0,2,Out of Warranty,10397.93,Resolved,4
SV04075,H099,D039,2024-07-23,Corrective Maintenance,Sensor/Probe Issue,Medium,5.4,2,Under Warranty,19273.05,Resolved,5
SV04076,H076,D040,2024-02-07,Installation,Mechanical Issue,High,2.7,1,Under Warranty,3448.81,Resolved,4
SV04077,H033,D042,2026-05-30,Installation,Connectivity,Medium,3.4,2,Out of Warranty,21233.48,Resolved,4
SV04078,H025,D041,2026-04-27,Corrective Maintenance,Sensor/Probe Issue,Medium,9.1,2,Out of Warranty,24252.07,Resolved,5
SV04079,H084,D021,2025-08-07,Preventive Maintenance,Image Quality,Critical,22.7,3,Under Warranty,7029.35,Resolved,4
SV04080,H051,D006,2025-05-17,Corrective Maintenance,Image Quality,Low,3.1,2,Under Warranty,7966.75,Resolved,4
SV04081,H074,D012,2025-03-03,Corrective Maintenance,Battery Issue,Medium,2.2,3,Under Warranty,13876.72,Resolved,5
SV04082,H012,D027,2025-04-09,Corrective Maintenance,Power Failure,Medium,12.6,6,Under Warranty,18408.28,Resolved,4
SV04083,H049,D023,2025-07-26,Corrective Maintenance,Sensor/Probe Issue,High,8.5,5,Out of Warranty,33497.21,Resolved,5
SV04084,H036,D035,2024-10-29,Corrective Maintenance,Display Issue,High,23.1,2,Out of Warranty,24193.09,Resolved,4
SV04085,H023,D016,2024-08-13,Corrective Maintenance,Calibration Issue,Medium,7.9,2,Out of Warranty,29971.87,Resolved,4
SV04086,H043,D045,2025-05-19,Corrective Maintenance,Software Error,Medium,5.3,4,Out of Warranty,19436.14,Resolved,4
SV04087,H058,D018,2024-11-28,Preventive Maintenance,Mechanical Issue,Medium,9.6,3,Out of Warranty,14947.07,Resolved,5
SV04088,H044,D019,2024-10-04,Preventive Maintenance,Sensor/Probe Issue,Medium,6.6,1,Out of Warranty,7503.88,Resolved,4
SV04089,H082,D014,2025-09-12,Corrective Maintenance,Sensor/Probe Issue,Medium,9.5,5,Out of Warranty,36322.33,Resolved,4
SV04090,H031,D017,2026-05-10,Preventive Maintenance,Calibration Issue,Medium,10.6,2,Under Warranty,4818.72,Resolved,4
SV04091,H059,D002,2025-04-30,Installation,Preventive Maintenance,Medium,6.5,1,Out of Warranty,23900.79,Resolved,5
SV04092,H063,D034,2025-12-14,Preventive Maintenance,Connectivity,High,3.7,5,Under Warranty,4462.04,Resolved,4
SV04093,H044,D023,2024-08-17,Preventive Maintenance,Preventive Maintenance,Medium,4.1,3,Under Warranty,6802.14,Resolved,5
SV04094,H089,D056,2024-09-14,Installation,Battery Issue,High,7.3,3,Under Warranty,13932.04,Resolved,5
SV04095,H035,D026,2025-10-14,Corrective Maintenance,Power Failure,Medium,6.7,2,Under Warranty,10765.47,Resolved,4
SV04096,H096,D007,2025-02-05,Corrective Maintenance,Calibration Issue,High,3.9,4,Out of Warranty,36217.1,Resolved,4
SV04097,H083,D045,2024-08-03,Preventive Maintenance,Power Failure,High,3.3,4,Out of Warranty,11352.05,Resolved,4
SV04098,H001,D055,2025-06-28,Preventive Maintenance,Image Quality,Low,3.0,1,Under Warranty,5188.22,Resolved,4
SV04099,H098,D006,2024-07-18,Corrective Maintenance,Connectivity,Medium,14.0,1,Under Warranty,8359.19,Resolved,5
SV04100,H016,D047,2025-03-08,Preventive Maintenance,Preventive Maintenance,High,20.9,5,Out of Warranty,11284.55,Resolved,4
SV04101,H068,D014,2025-01-24,Corrective Maintenance,Connectivity,Medium,12.2,2,Under Warranty,12708.96,Resolved,4
SV04102,H006,D015,2026-03-01,Preventive Maintenance,Image Quality,Medium,3.5,2,Under Warranty,2614.63,Resolved,4
SV04103,H051,D003,2024-04-07,Preventive Maintenance,Sensor/Probe Issue,Medium,9.9,2,Under Warranty,7007.56,Resolved,4
SV04104,H043,D060,2024-02-24,Corrective Maintenance,Connectivity,Medium,35.7,3,Under Warranty,7950.01,Resolved,4
SV04105,H005,D019,2025-11-18,Preventive Maintenance,Connectivity,Medium,5.9,1,Under Warranty,3694.03,Resolved,4
SV04106,H043,D011,2024-07-21,Preventive Maintenance,Battery Issue,High,6.4,2,Under Warranty,4221.06,Resolved,5
SV04107,H018,D030,2024-07-19,Installation,Software Error,Low,2.0,2,Out of Warranty,16004.46,Resolved,4
SV04108,H050,D030,2024-02-19,Corrective Maintenance,Display Issue,Critical,7.7,3,Under Warranty,19243.69,Resolved,4
SV04109,H078,D003,2026-01-01,Preventive Maintenance,Software Error,Medium,4.2,4,Under Warranty,6413.85,Resolved,4
SV04110,H044,D049,2025-02-17,Corrective Maintenance,Battery Issue,High,9.6,1,Under Warranty,16368.15,Resolved,4
SV04111,H021,D058,2024-09-28,Corrective Maintenance,Sensor/Probe Issue,Medium,7.9,4,Out of Warranty,12641.75,Resolved,5
SV04112,H089,D019,2026-09-06,Installation,Software Error,High,0.8,3,Under Warranty,8695.13,Resolved,4
SV04113,H011,D030,2026-03-21,Corrective Maintenance,Connectivity,Medium,7.8,2,Out of Warranty,33683.26,Resolved,4
SV04114,H065,D032,2026-01-03,Installation,Software Error,Medium,5.3,4,Under Warranty,4976.36,Resolved,4
SV04115,H079,D041,2025-02-21,Installation,Sensor/Probe Issue,Medium,5.8,1,Under Warranty,10455.37,Resolved,5
SV04116,H076,D016,2025-10-05,Corrective Maintenance,Mechanical Issue,Low,9.6,2,Out of Warranty,28568.78,Resolved,5
SV04117,H015,D025,2025-11-12,Preventive Maintenance,Calibration Issue,Low,1.9,1,Under Warranty,7203.82,Resolved,4
SV04118,H059,D041,2026-03-16,Corrective Maintenance,Mechanical Issue,Medium,11.4,2,Under Warranty,18637.6,Resolved,4
SV04119,H073,D041,2025-12-04,Preventive Maintenance,Sensor/Probe Issue,Medium,7.9,3,Under Warranty,8480.49,Resolved,5
SV04120,H025,D035,2026-09-19,Corrective Maintenance,Image Quality,High,18.4,9,Under Warranty,16577.59,Resolved,3
SV04121,H040,D033,2026-05-22,Corrective Maintenance,Calibration Issue,High,11.1,1,Under Warranty,8191.12,Pending,5
SV04122,H077,D045,2025-06-14,Corrective Maintenance,Power Failure,Low,7.0,1,Out of Warranty,33174.85,Resolved,5
SV04123,H061,D059,2025-11-13,Preventive Maintenance,Preventive Maintenance,Low,5.5,1,Under Warranty,6508.6,Resolved,3
SV04124,H048,D045,2025-02-11,Corrective Maintenance,Image Quality,High,18.6,4,Under Warranty,13800.67,Resolved,4
SV04125,H091,D004,2024-12-14,Preventive Maintenance,Connectivity,Low,7.2,1,Under Warranty,6431.47,Resolved,4
SV04126,H096,D011,2026-01-15,Preventive Maintenance,Sensor/Probe Issue,Low,4.6,2,Under Warranty,6413.13,Resolved,5
SV04127,H029,D014,2025-12-12,Corrective Maintenance,Mechanical Issue,Medium,9.7,2,Out of Warranty,23540.12,Resolved,4
SV04128,H071,D029,2024-09-17,Preventive Maintenance,Software Error,Medium,6.8,1,Out of Warranty,6474.52,Resolved,5
SV04129,H092,D029,2025-10-31,Corrective Maintenance,Power Failure,High,8.5,3,Out of Warranty,19022.43,Resolved,4
SV04130,H076,D054,2026-06-05,Installation,Preventive Maintenance,Medium,4.5,2,Under Warranty,9303.99,Resolved,5
SV04131,H016,D047,2025-04-23,Installation,Connectivity,Low,6.3,1,Under Warranty,6189.39,Resolved,4
SV04132,H069,D050,2026-06-23,Preventive Maintenance,Calibration Issue,Medium,1.1,4,Under Warranty,4339.1,Resolved,4
SV04133,H073,D021,2025-10-10,Corrective Maintenance,Connectivity,High,6.4,4,Out of Warranty,28963.67,Resolved,4
SV04134,H089,D035,2025-04-19,Installation,Display Issue,Medium,6.6,5,Under Warranty,10278.27,Resolved,3
SV04135,H018,D026,2025-12-30,Preventive Maintenance,Sensor/Probe Issue,Low,4.1,2,Under Warranty,5750.64,Resolved,4
SV04136,H051,D008,2024-06-30,Installation,Image Quality,Medium,6.4,2,Out of Warranty,24357.55,Resolved,5
SV04137,H010,D043,2024-12-05,Preventive Maintenance,Sensor/Probe Issue,Medium,4.3,3,Out of Warranty,14566.04,Resolved,5
SV04138,H007,D048,2025-02-12,Corrective Maintenance,Power Failure,High,1.3,9,Under Warranty,16095.68,Resolved,4
SV04139,H023,D019,2025-04-24,Installation,Power Failure,Low,4.4,6,Under Warranty,12822.32,Resolved,5
SV04140,H037,D044,2025-11-28,Corrective Maintenance,Mechanical Issue,High,9.8,3,Out of Warranty,25808.41,Resolved,4
SV04141,H083,D022,2025-10-26,Corrective Maintenance,Preventive Maintenance,Medium,7.8,2,Out of Warranty,35368.14,Resolved,4
SV04142,H032,D055,2024-03-09,Installation,Battery Issue,Medium,5.3,2,Under Warranty,9610.85,Resolved,4
SV04143,H047,D037,2024-11-23,Corrective Maintenance,Connectivity,High,14.4,2,Under Warranty,6987.21,Resolved,5
SV04144,H100,D005,2026-06-27,Corrective Maintenance,Image Quality,Low,4.9,1,Out of Warranty,19002.55,Resolved,4
SV04145,H020,D039,2025-11-25,Preventive Maintenance,Image Quality,Low,4.2,3,Under Warranty,3828.36,Resolved,4
SV04146,H042,D028,2024-03-30,Preventive Maintenance,Calibration Issue,Medium,11.6,3,Under Warranty,5245.84,Resolved,4
SV04147,H048,D019,2025-07-18,Corrective Maintenance,Calibration Issue,Critical,25.2,9,Out of Warranty,12041.63,Resolved,3
SV04148,H025,D035,2024-02-28,Installation,Mechanical Issue,High,7.1,2,Out of Warranty,18598.4,Resolved,4
SV04149,H008,D041,2025-09-29,Corrective Maintenance,Sensor/Probe Issue,Medium,11.8,2,Under Warranty,19804.29,Resolved,4
SV04150,H023,D041,2025-05-24,Corrective Maintenance,Sensor/Probe Issue,Medium,1.6,2,Under Warranty,19263.01,Pending,5
SV04151,H002,D011,2024-02-26,Corrective Maintenance,Connectivity,Medium,12.9,2,Out of Warranty,24005.38,Resolved,4
SV04152,H046,D033,2026-05-16,Corrective Maintenance,Connectivity,Medium,25.9,4,Under Warranty,15201.93,Resolved,3
SV04153,H036,D048,2025-09-07,Corrective Maintenance,Sensor/Probe Issue,Medium,7.2,5,Under Warranty,12769.1,Resolved,5
SV04154,H061,D036,2025-10-08,Preventive Maintenance,Sensor/Probe Issue,Medium,5.4,2,Out of Warranty,13664.7,Resolved,5
SV04155,H088,D040,2026-07-12,Corrective Maintenance,Power Failure,Medium,7.4,2,Out of Warranty,27433.91,Resolved,3
SV04156,H003,D060,2025-03-25,Corrective Maintenance,Software Error,Low,8.3,1,Out of Warranty,36837.42,Resolved,5
SV04157,H055,D043,2024-06-03,Corrective Maintenance,Image Quality,High,16.9,1,Out of Warranty,25614.91,Resolved,5
SV04158,H088,D031,2026-06-20,Corrective Maintenance,Mechanical Issue,Medium,8.8,2,Out of Warranty,25268.56,Resolved,4
SV04159,H003,D022,2025-04-08,Installation,Sensor/Probe Issue,Medium,6.2,5,Out of Warranty,25560.4,Resolved,4
SV04160,H063,D039,2026-06-21,Corrective Maintenance,Software Error,Medium,3.6,2,Under Warranty,18145.47,Resolved,4
SV04161,H034,D005,2024-03-09,Corrective Maintenance,Calibration Issue,Medium,12.0,2,Under Warranty,8296.43,Pending,4
SV04162,H089,D045,2026-03-22,Installation,Preventive Maintenance,Medium,13.1,2,Under Warranty,4218.77,Pending,4
SV04163,H085,D038,2025-09-04,Preventive Maintenance,Calibration Issue,Medium,13.5,3,Out of Warranty,8703.5,Resolved,4
SV04164,H030,D053,2024-10-06,Preventive Maintenance,Preventive Maintenance,Medium,7.0,2,Under Warranty,4789.33,Resolved,4
SV04165,H035,D010,2025-07-09,Corrective Maintenance,Display Issue,High,4.3,1,Out of Warranty,36455.18,Resolved,3
SV04166,H084,D023,2026-08-06,Preventive Maintenance,Image Quality,High,27.4,1,Under Warranty,3842.34,Resolved,4
SV04167,H051,D052,2025-04-16,Corrective Maintenance,Display Issue,Medium,6.1,2,Under Warranty,6792.19,Resolved,4
SV04168,H027,D001,2025-05-24,Corrective Maintenance,Display Issue,Medium,7.7,4,Under Warranty,9417.83,Resolved,5
SV04169,H080,D020,2024-01-06,Preventive Maintenance,Calibration Issue,Medium,2.5,1,Out of Warranty,7954.29,Resolved,5
SV04170,H092,D035,2026-03-10,Corrective Maintenance,Software Error,Low,2.3,3,Out of Warranty,14857.74,Pending,4
SV04171,H089,D057,2025-12-30,Preventive Maintenance,Calibration Issue,Low,3.3,2,Out of Warranty,6042.05,Resolved,4
SV04172,H078,D029,2025-02-20,Corrective Maintenance,Battery Issue,High,14.0,1,Out of Warranty,12791.89,Resolved,4
SV04173,H098,D059,2025-05-03,Preventive Maintenance,Battery Issue,Medium,5.7,9,Out of Warranty,5336.63,Resolved,4
SV04174,H048,D017,2024-03-06,Corrective Maintenance,Connectivity,Medium,12.8,2,Out of Warranty,28119.85,Resolved,4
SV04175,H077,D025,2026-02-15,Corrective Maintenance,Sensor/Probe Issue,High,8.0,3,Under Warranty,16768.89,Resolved,4
SV04176,H071,D055,2025-06-10,Corrective Maintenance,Calibration Issue,High,18.2,4,Under Warranty,6322.99,Resolved,4
SV04177,H078,D040,2025-08-31,Corrective Maintenance,Mechanical Issue,Medium,5.3,1,Under Warranty,20934.22,Resolved,5
SV04178,H003,D056,2025-02-02,Corrective Maintenance,Mechanical Issue,Low,2.9,3,Out of Warranty,18749.03,Resolved,4
SV04179,H055,D006,2025-12-01,Corrective Maintenance,Software Error,Medium,8.5,2,Under Warranty,11184.06,Resolved,4
SV04180,H056,D023,2025-12-17,Installation,Sensor/Probe Issue,Low,11.3,4,Under Warranty,7683.98,Resolved,5
SV04181,H031,D002,2024-07-20,Preventive Maintenance,Sensor/Probe Issue,Medium,6.8,2,Out of Warranty,5182.98,Resolved,4
SV04182,H042,D034,2025-03-02,Corrective Maintenance,Battery Issue,Medium,4.9,2,Under Warranty,13199.55,Resolved,4
SV04183,H075,D022,2024-08-18,Corrective Maintenance,Sensor/Probe Issue,Medium,5.0,8,Out of Warranty,25461.07,Resolved,3
SV04184,H047,D026,2026-02-28,Preventive Maintenance,Power Failure,Low,10.2,3,Under Warranty,8100.66,Resolved,5
SV04185,H078,D040,2025-03-20,Preventive Maintenance,Software Error,High,4.3,3,Under Warranty,3528.98,Resolved,5
SV04186,H099,D051,2026-04-02,Corrective Maintenance,Image Quality,Critical,6.1,6,Under Warranty,9790.99,Resolved,4
SV04187,H069,D059,2025-03-14,Preventive Maintenance,Calibration Issue,Low,4.7,2,Under Warranty,6611.31,Resolved,5
SV04188,H060,D032,2025-10-05,Preventive Maintenance,Calibration Issue,Medium,8.5,1,Under Warranty,6014.41,Resolved,5
SV04189,H011,D001,2026-02-12,Corrective Maintenance,Display Issue,Medium,22.8,3,Under Warranty,11139.45,Resolved,4
SV04190,H071,D036,2024-02-19,Installation,Software Error,High,2.2,3,Out of Warranty,9198.29,Resolved,4
SV04191,H009,D018,2025-04-27,Corrective Maintenance,Power Failure,Low,4.2,2,Out of Warranty,18979.26,Resolved,5
SV04192,H040,D023,2025-07-08,Installation,Mechanical Issue,High,4.7,7,Out of Warranty,18735.63,Resolved,4
SV04193,H084,D013,2024-04-20,Preventive Maintenance,Software Error,Medium,7.1,3,Under Warranty,2433.67,Resolved,4
SV04194,H031,D051,2024-11-02,Preventive Maintenance,Power Failure,High,13.4,10,Under Warranty,6628.84,Resolved,4
SV04195,H062,D016,2024-11-17,Preventive Maintenance,Battery Issue,Critical,21.8,6,Under Warranty,5392.04,Resolved,4
SV04196,H077,D033,2024-07-20,Corrective Maintenance,Software Error,Critical,6.4,5,Out of Warranty,31443.96,Resolved,4
SV04197,H024,D041,2024-02-24,Preventive Maintenance,Preventive Maintenance,Low,7.5,1,Under Warranty,3187.69,Resolved,4
SV04198,H089,D028,2025-08-03,Preventive Maintenance,Image Quality,Low,14.8,2,Out of Warranty,9460.78,Resolved,5
SV04199,H059,D007,2024-11-01,Corrective Maintenance,Display Issue,Medium,5.3,1,Under Warranty,7639.41,Resolved,5
SV04200,H018,D019,2025-11-22,Corrective Maintenance,Battery Issue,High,12.6,1,Out of Warranty,16107.06,Resolved,5
SV04201,H080,D045,2025-10-29,Preventive Maintenance,Sensor/Probe Issue,Medium,3.9,3,Under Warranty,3785.91,Resolved,4
SV04202,H019,D044,2024-07-26,Corrective Maintenance,Sensor/Probe Issue,Low,3.9,2,Out of Warranty,31521.53,Resolved,5
SV04203,H018,D035,2025-06-22,Corrective Maintenance,Calibration Issue,Medium,11.1,1,Out of Warranty,16439.41,Resolved,5
SV04204,H030,D038,2026-09-02,Corrective Maintenance,Power Failure,Low,5.3,1,Out of Warranty,18141.58,Resolved,4
SV04205,H010,D040,2025-04-03,Preventive Maintenance,Battery Issue,Low,2.2,1,Under Warranty,8663.89,Pending,5
SV04206,H022,D043,2025-01-27,Preventive Maintenance,Sensor/Probe Issue,High,1.6,2,Out of Warranty,11307.36,Resolved,4
SV04207,H094,D031,2024-04-23,Corrective Maintenance,Mechanical Issue,Low,6.0,1,Under Warranty,11598.4,Resolved,4
SV04208,H004,D026,2025-01-29,Installation,Preventive Maintenance,Low,3.0,2,Under Warranty,8829.77,Resolved,5
SV04209,H049,D060,2025-06-27,Corrective Maintenance,Connectivity,High,3.0,3,Under Warranty,11940.02,Resolved,4
SV04210,H079,D042,2026-03-04,Preventive Maintenance,Display Issue,Medium,8.5,2,Under Warranty,5402.11,Resolved,5
SV04211,H079,D008,2025-03-18,Preventive Maintenance,Connectivity,High,40.0,2,Under Warranty,7679.21,Resolved,5
SV04212,H094,D001,2024-09-02,Preventive Maintenance,Image Quality,Low,4.9,2,Under Warranty,7644.56,Resolved,4
SV04213,H077,D039,2026-04-07,Corrective Maintenance,Mechanical Issue,High,4.2,7,Under Warranty,18323.78,Resolved,4
SV04214,H073,D023,2024-11-02,Corrective Maintenance,Software Error,High,27.2,2,Under Warranty,16699.61,Resolved,5
SV04215,H058,D048,2024-03-07,Installation,Sensor/Probe Issue,Critical,16.4,12,Under Warranty,9191.56,Resolved,3
SV04216,H061,D024,2026-05-17,Preventive Maintenance,Image Quality,High,12.0,2,Out of Warranty,8480.79,Resolved,5
SV04217,H060,D013,2025-05-14,Preventive Maintenance,Sensor/Probe Issue,Medium,2.2,1,Under Warranty,8401.74,Resolved,5
SV04218,H047,D033,2026-06-12,Corrective Maintenance,Image Quality,Low,1.5,4,Out of Warranty,14100.16,Resolved,4
SV04219,H093,D005,2024-09-13,Preventive Maintenance,Power Failure,Low,5.4,2,Under Warranty,4214.8,Resolved,4
SV04220,H020,D059,2024-05-27,Corrective Maintenance,Sensor/Probe Issue,Medium,0.9,4,Under Warranty,9053.29,Resolved,4
SV04221,H025,D005,2024-06-09,Corrective Maintenance,Connectivity,Medium,5.8,2,Under Warranty,17102.41,Resolved,4
SV04222,H088,D046,2025-04-07,Corrective Maintenance,Sensor/Probe Issue,Medium,38.5,3,Under Warranty,5424.05,Resolved,3
SV04223,H015,D020,2025-04-05,Corrective Maintenance,Display Issue,Medium,2.9,1,Under Warranty,7603.25,Resolved,5
SV04224,H062,D057,2024-12-22,Preventive Maintenance,Battery Issue,Medium,7.3,1,Out of Warranty,15366.29,Resolved,5
SV04225,H062,D042,2024-08-28,Preventive Maintenance,Image Quality,Low,6.4,2,Under Warranty,5000.28,Resolved,5
SV04226,H057,D017,2025-02-16,Corrective Maintenance,Battery Issue,Medium,7.5,2,Out of Warranty,10007.31,Resolved,5
SV04227,H031,D049,2024-02-25,Corrective Maintenance,Display Issue,Medium,3.9,3,Out of Warranty,24242.42,Pending,4
SV04228,H053,D019,2024-11-14,Corrective Maintenance,Software Error,Low,3.8,1,Under Warranty,7286.17,Resolved,4
SV04229,H044,D060,2024-06-18,Preventive Maintenance,Image Quality,Medium,13.9,1,Under Warranty,8157.62,Resolved,4
SV04230,H046,D009,2026-05-18,Preventive Maintenance,Software Error,Medium,2.7,3,Out of Warranty,5351.11,Resolved,5
SV04231,H047,D032,2024-04-26,Preventive Maintenance,Connectivity,Medium,1.7,3,Under Warranty,4459.69,Resolved,4
SV04232,H048,D046,2025-05-05,Installation,Preventive Maintenance,Medium,9.4,10,Under Warranty,10757.01,Resolved,3
SV04233,H006,D039,2024-11-08,Installation,Display Issue,High,8.3,4,Under Warranty,9735.02,Resolved,4
SV04234,H038,D004,2025-11-11,Installation,Connectivity,Medium,5.7,1,Under Warranty,8320.15,Resolved,5
SV04235,H097,D054,2024-01-27,Installation,Sensor/Probe Issue,High,3.2,9,Under Warranty,5108.17,Resolved,5
SV04236,H028,D039,2026-09-03,Corrective Maintenance,Sensor/Probe Issue,Critical,5.8,3,Under Warranty,19113.86,Resolved,5
SV04237,H001,D001,2026-04-03,Corrective Maintenance,Image Quality,Low,7.1,1,Out of Warranty,14328.15,Resolved,4
SV04238,H040,D032,2025-02-15,Corrective Maintenance,Power Failure,Medium,8.5,3,Under Warranty,20339.18,Resolved,4
SV04239,H022,D006,2026-09-01,Corrective Maintenance,Software Error,Low,8.6,2,Under Warranty,6297.64,Resolved,4
SV04240,H046,D005,2024-01-17,Corrective Maintenance,Connectivity,Medium,5.0,2,Out of Warranty,10626.66,Resolved,4
SV04241,H088,D048,2026-06-03,Corrective Maintenance,Mechanical Issue,Low,0.8,3,Out of Warranty,16130.87,Resolved,4
SV04242,H077,D049,2024-05-10,Corrective Maintenance,Image Quality,High,15.0,6,Under Warranty,11192.07,Resolved,4
SV04243,H089,D001,2025-04-19,Corrective Maintenance,Battery Issue,High,14.3,2,Under Warranty,7306.27,Resolved,4
SV04244,H088,D018,2025-04-01,Corrective Maintenance,Software Error,Low,6.0,1,Out of Warranty,10491.62,Resolved,4
SV04245,H041,D015,2026-09-26,Corrective Maintenance,Display Issue,Medium,9.2,2,Under Warranty,10382.24,Resolved,4
SV04246,H031,D044,2026-03-29,Corrective Maintenance,Mechanical Issue,Critical,3.6,4,Out of Warranty,26509.32,Resolved,4
SV04247,H015,D015,2024-06-28,Corrective Maintenance,Software Error,Medium,6.0,1,Out of Warranty,21782.65,Resolved,4
SV04248,H075,D010,2024-04-15,Corrective Maintenance,Battery Issue,High,9.2,3,Out of Warranty,24647.99,Resolved,4
SV04249,H047,D026,2025-07-13,Preventive Maintenance,Image Quality,Critical,4.3,2,Under Warranty,3418.6,Resolved,5
SV04250,H032,D012,2026-05-02,Corrective Maintenance,Sensor/Probe Issue,High,10.6,2,Out of Warranty,20697.78,Resolved,4
SV04251,H010,D048,2026-04-11,Preventive Maintenance,Display Issue,Medium,11.7,5,Under Warranty,3472.9,Resolved,4
SV04252,H044,D032,2026-06-04,Preventive Maintenance,Sensor/Probe Issue,High,18.1,4,Out of Warranty,8543.61,Resolved,4
SV04253,H093,D025,2026-04-27,Installation,Calibration Issue,Critical,51.3,10,Under Warranty,4984.99,Resolved,3
SV04254,H096,D049,2026-08-17,Preventive Maintenance,Sensor/Probe Issue,Medium,1.3,2,Under Warranty,2998.53,Pending,5
SV04255,H065,D039,2026-06-27,Preventive Maintenance,Calibration Issue,High,7.0,11,Under Warranty,8710.22,Resolved,5
SV04256,H004,D003,2024-02-07,Preventive Maintenance,Sensor/Probe Issue,Low,7.5,2,Out of Warranty,13101.99,Resolved,5
SV04257,H078,D033,2025-05-25,Corrective Maintenance,Sensor/Probe Issue,Medium,15.8,2,Under Warranty,19075.24,Resolved,5
SV04258,H045,D018,2024-01-08,Preventive Maintenance,Preventive Maintenance,Medium,10.5,2,Out of Warranty,6897.25,Resolved,4
SV04259,H012,D046,2025-06-28,Preventive Maintenance,Software Error,Medium,8.1,2,Under Warranty,6463.73,Resolved,5
SV04260,H078,D030,2024-10-06,Installation,Calibration Issue,Low,6.9,1,Under Warranty,12158.48,Resolved,4
SV04261,H054,D051,2024-09-24,Installation,Image Quality,Medium,4.0,3,Under Warranty,9034.62,Resolved,4
SV04262,H063,D005,2024-08-30,Preventive Maintenance,Image Quality,Low,0.8,1,Under Warranty,5393.77,Resolved,5
SV04263,H075,D059,2024-01-10,Preventive Maintenance,Battery Issue,Medium,0.7,2,Under Warranty,4319.47,Resolved,4
SV04264,H002,D026,2024-10-07,Corrective Maintenance,Image Quality,Medium,3.1,3,Out of Warranty,17116.87,Resolved,4
SV04265,H017,D036,2026-05-17,Corrective Maintenance,Mechanical Issue,Medium,5.3,3,Under Warranty,16887.43,Resolved,5
SV04266,H004,D031,2024-12-01,Installation,Software Error,High,16.0,5,Under Warranty,6322.62,Resolved,5
SV04267,H085,D060,2024-01-29,Corrective Maintenance,Software Error,High,12.1,2,Under Warranty,14070.06,Resolved,5
SV04268,H011,D014,2026-03-23,Corrective Maintenance,Image Quality,High,19.0,4,Under Warranty,19804.54,Pending,4
SV04269,H100,D033,2024-03-07,Installation,Image Quality,Medium,11.2,2,Out of Warranty,22933.97,Resolved,5
SV04270,H011,D028,2026-06-02,Corrective Maintenance,Display Issue,Medium,8.0,2,Under Warranty,14731.95,Resolved,4
SV04271,H020,D056,2025-07-27,Corrective Maintenance,Power Failure,High,5.4,3,Out of Warranty,38535.86,Resolved,4
SV04272,H048,D050,2025-04-02,Preventive Maintenance,Connectivity,Medium,9.2,1,Under Warranty,5011.94,Resolved,4
SV04273,H028,D039,2024-02-01,Corrective Maintenance,Preventive Maintenance,Medium,11.5,3,Out of Warranty,31922.45,Resolved,4
SV04274,H063,D001,2024-11-27,Corrective Maintenance,Software Error,High,4.4,2,Under Warranty,6334.58,Resolved,5
SV04275,H039,D017,2026-04-19,Corrective Maintenance,Sensor/Probe Issue,Critical,45.2,4,Under Warranty,19283.91,Resolved,4
SV04276,H019,D011,2024-01-18,Preventive Maintenance,Image Quality,Critical,13.2,2,Under Warranty,3277.51,Resolved,5
SV04277,H045,D029,2026-01-31,Corrective Maintenance,Sensor/Probe Issue,High,28.2,3,Out of Warranty,10572.88,Resolved,4
SV04278,H098,D056,2025-07-15,Corrective Maintenance,Software Error,Medium,11.9,3,Under Warranty,20755.76,Resolved,4
SV04279,H033,D052,2024-08-04,Preventive Maintenance,Display Issue,Critical,12.1,6,Under Warranty,3423.39,Resolved,4
SV04280,H042,D050,2025-05-16,Corrective Maintenance,Calibration Issue,High,30.0,5,Out of Warranty,33037.24,Resolved,4
SV04281,H046,D007,2024-07-03,Corrective Maintenance,Connectivity,Low,7.3,1,Out of Warranty,38534.09,Resolved,4
SV04282,H009,D017,2026-05-16,Corrective Maintenance,Display Issue,High,16.1,7,Under Warranty,9161.64,Resolved,4
SV04283,H075,D047,2025-09-01,Preventive Maintenance,Preventive Maintenance,Medium,5.2,2,Under Warranty,7757.22,Resolved,4
SV04284,H090,D060,2025-11-30,Corrective Maintenance,Calibration Issue,Medium,15.0,1,Under Warranty,8292.14,Resolved,5
SV04285,H010,D001,2025-07-18,Preventive Maintenance,Mechanical Issue,High,28.3,8,Under Warranty,6751.16,Resolved,3
SV04286,H091,D053,2026-08-25,Preventive Maintenance,Image Quality,Medium,2.0,4,Out of Warranty,10151.22,Resolved,4
SV04287,H015,D044,2026-08-24,Preventive Maintenance,Preventive Maintenance,Critical,18.9,8,Out of Warranty,4178.28,Resolved,4
SV04288,H051,D044,2026-02-11,Corrective Maintenance,Software Error,Low,3.6,4,Out of Warranty,24010.83,Resolved,4
SV04289,H040,D001,2025-06-27,Installation,Display Issue,Medium,12.0,2,Out of Warranty,17750.73,Resolved,4
SV04290,H073,D049,2026-05-02,Preventive Maintenance,Image Quality,Medium,6.7,1,Out of Warranty,10626.55,Resolved,5
SV04291,H086,D045,2025-05-25,Preventive Maintenance,Power Failure,Medium,8.9,3,Under Warranty,6158.22,Resolved,4
SV04292,H028,D010,2025-05-29,Installation,Calibration Issue,Medium,8.0,2,Out of Warranty,25245.21,Resolved,5
SV04293,H059,D003,2026-04-24,Installation,Mechanical Issue,Low,4.2,1,Under Warranty,9063.2,Resolved,4
SV04294,H001,D054,2025-12-27,Corrective Maintenance,Software Error,Medium,12.3,4,Out of Warranty,22252.42,Pending,4
SV04295,H028,D043,2024-07-06,Corrective Maintenance,Calibration Issue,High,10.0,3,Out of Warranty,29177.98,Resolved,4
SV04296,H016,D029,2024-11-26,Preventive Maintenance,Power Failure,Low,3.0,6,Under Warranty,3466.85,Resolved,3
SV04297,H080,D036,2025-05-14,Preventive Maintenance,Sensor/Probe Issue,Medium,6.4,3,Under Warranty,3494.05,Resolved,4
SV04298,H094,D034,2026-08-29,Corrective Maintenance,Sensor/Probe Issue,Medium,7.8,4,Under Warranty,8371.14,Resolved,4
SV04299,H011,D031,2026-09-15,Preventive Maintenance,Calibration Issue,Medium,3.8,2,Out of Warranty,15797.96,Resolved,5
SV04300,H099,D053,2024-01-14,Corrective Maintenance,Image Quality,Critical,7.0,4,Out of Warranty,28151.4,Resolved,5
SV04301,H061,D052,2025-07-11,Corrective Maintenance,Preventive Maintenance,Medium,7.1,2,Out of Warranty,35768.09,Resolved,5
SV04302,H093,D012,2024-08-22,Corrective Maintenance,Power Failure,Medium,7.4,2,Under Warranty,16006.05,Resolved,5
SV04303,H026,D002,2024-09-20,Preventive Maintenance,Image Quality,Medium,10.0,3,Under Warranty,2664.57,Resolved,4
SV04304,H024,D060,2026-02-03,Preventive Maintenance,Preventive Maintenance,Low,8.9,3,Under Warranty,4340.84,Resolved,4
SV04305,H037,D028,2025-11-13,Corrective Maintenance,Preventive Maintenance,Medium,9.7,4,Out of Warranty,12091.03,Resolved,5
SV04306,H099,D028,2025-06-04,Preventive Maintenance,Software Error,High,4.4,1,Out of Warranty,11762.12,Resolved,5
SV04307,H082,D031,2025-06-21,Corrective Maintenance,Image Quality,Medium,18.8,3,Under Warranty,12561.13,Resolved,4
SV04308,H033,D025,2024-02-20,Preventive Maintenance,Calibration Issue,Low,7.6,1,Under Warranty,7881.18,Resolved,5
SV04309,H095,D031,2026-06-08,Preventive Maintenance,Software Error,Medium,7.5,5,Out of Warranty,15519.59,Resolved,4
SV04310,H076,D052,2025-11-18,Preventive Maintenance,Display Issue,Critical,10.1,2,Under Warranty,7060.65,Resolved,4
SV04311,H016,D020,2024-07-18,Preventive Maintenance,Software Error,Medium,14.0,8,Under Warranty,6044.01,Resolved,4
SV04312,H065,D012,2024-04-22,Corrective Maintenance,Sensor/Probe Issue,High,8.3,2,Out of Warranty,37624.12,Resolved,4
SV04313,H016,D031,2024-06-08,Corrective Maintenance,Image Quality,High,11.1,7,Under Warranty,13693.34,Resolved,4
SV04314,H042,D035,2025-12-06,Corrective Maintenance,Calibration Issue,Medium,0.6,2,Under Warranty,20513.57,Resolved,4
SV04315,H081,D014,2024-06-11,Preventive Maintenance,Display Issue,Medium,5.2,2,Under Warranty,4477.23,Resolved,4
SV04316,H091,D007,2025-06-22,Corrective Maintenance,Mechanical Issue,Medium,1.9,2,Under Warranty,14843.17,Resolved,4
SV04317,H032,D015,2025-10-05,Corrective Maintenance,Sensor/Probe Issue,Medium,2.8,4,Under Warranty,12026.68,Resolved,4
SV04318,H061,D043,2024-12-31,Installation,Image Quality,Medium,13.6,2,Out of Warranty,16616.79,Resolved,4
SV04319,H046,D021,2025-11-26,Corrective Maintenance,Preventive Maintenance,Medium,10.8,2,Out of Warranty,19039.83,Resolved,5
SV04320,H082,D033,2024-03-21,Preventive Maintenance,Image Quality,Medium,12.5,2,Out of Warranty,6352.41,Resolved,4
SV04321,H090,D051,2025-01-12,Corrective Maintenance,Mechanical Issue,Medium,8.2,1,Out of Warranty,36816.24,Resolved,5
SV04322,H055,D024,2024-07-09,Corrective Maintenance,Power Failure,Low,2.8,3,Under Warranty,11463.18,Resolved,5
SV04323,H068,D054,2025-10-13,Preventive Maintenance,Sensor/Probe Issue,Medium,5.2,1,Under Warranty,5209.67,Resolved,5
SV04324,H060,D002,2026-09-18,Corrective Maintenance,Power Failure,Low,4.3,3,Under Warranty,13711.95,Resolved,5
SV04325,H055,D058,2024-09-15,Corrective Maintenance,Software Error,Medium,3.8,3,Under Warranty,19173.81,Resolved,4
SV04326,H077,D025,2025-05-10,Corrective Maintenance,Battery Issue,Critical,20.6,9,Under Warranty,16351.29,Resolved,3
SV04327,H045,D001,2024-02-12,Corrective Maintenance,Preventive Maintenance,High,5.0,1,Out of Warranty,25835.26,Resolved,5
SV04328,H035,D008,2025-09-01,Corrective Maintenance,Mechanical Issue,Medium,9.3,3,Under Warranty,19141.55,Resolved,4
SV04329,H090,D052,2026-01-22,Preventive Maintenance,Connectivity,Medium,9.1,2,Under Warranty,5544.47,Resolved,4
SV04330,H075,D027,2026-08-18,Corrective Maintenance,Image Quality,High,21.7,3,Under Warranty,11790.87,Resolved,5
SV04331,H041,D019,2025-03-19,Corrective Maintenance,Power Failure,Low,5.5,3,Under Warranty,18867.28,Resolved,4
SV04332,H075,D015,2025-08-09,Preventive Maintenance,Software Error,Medium,2.7,1,Under Warranty,6566.73,Pending,5
SV04333,H087,D012,2026-02-25,Corrective Maintenance,Display Issue,Critical,17.8,13,Under Warranty,15951.97,Resolved,3
SV04334,H082,D057,2026-01-13,Corrective Maintenance,Display Issue,Critical,12.8,8,Out of Warranty,22564.56,Resolved,4
SV04335,H098,D013,2025-05-18,Preventive Maintenance,Sensor/Probe Issue,Medium,5.8,2,Under Warranty,5921.79,Resolved,5
SV04336,H002,D060,2024-05-19,Corrective Maintenance,Sensor/Probe Issue,Critical,45.8,20,Out of Warranty,33446.0,Resolved,2
SV04337,H094,D006,2024-07-16,Preventive Maintenance,Image Quality,Medium,9.0,1,Out of Warranty,15443.7,Resolved,4
SV04338,H086,D020,2025-04-28,Corrective Maintenance,Power Failure,Critical,7.6,9,Under Warranty,12374.74,Resolved,5
SV04339,H065,D043,2025-12-31,Installation,Connectivity,Critical,27.1,12,Under Warranty,4897.97,Resolved,3
SV04340,H042,D038,2026-05-31,Corrective Maintenance,Image Quality,Medium,3.7,3,Under Warranty,14103.45,Pending,4
SV04341,H080,D025,2024-09-18,Preventive Maintenance,Preventive Maintenance,Medium,15.7,4,Under Warranty,5809.9,Resolved,4
SV04342,H049,D038,2025-09-27,Corrective Maintenance,Software Error,High,13.0,3,Out of Warranty,10463.68,Resolved,3
SV04343,H007,D036,2024-10-11,Corrective Maintenance,Software Error,Low,1.8,3,Out of Warranty,14901.29,Resolved,4
SV04344,H024,D046,2024-05-01,Preventive Maintenance,Display Issue,Low,8.0,2,Under Warranty,5801.68,Resolved,4
SV04345,H055,D034,2026-05-12,Corrective Maintenance,Sensor/Probe Issue,High,6.0,2,Out of Warranty,9476.41,Resolved,5
SV04346,H061,D036,2025-08-15,Corrective Maintenance,Sensor/Probe Issue,Medium,11.0,1,Under Warranty,10964.85,Resolved,4
SV04347,H052,D024,2025-12-26,Corrective Maintenance,Software Error,Medium,15.4,3,Out of Warranty,20486.88,Resolved,3
SV04348,H069,D014,2024-06-10,Preventive Maintenance,Sensor/Probe Issue,High,13.2,3,Under Warranty,6365.77,Resolved,4
SV04349,H013,D049,2024-04-09,Preventive Maintenance,Display Issue,Low,12.8,4,Under Warranty,5980.61,Resolved,5
SV04350,H051,D006,2025-02-18,Corrective Maintenance,Preventive Maintenance,High,11.4,6,Out of Warranty,25747.59,Resolved,3
SV04351,H066,D022,2024-09-10,Corrective Maintenance,Software Error,Medium,8.0,5,Under Warranty,18231.95,Resolved,4
SV04352,H093,D002,2024-02-27,Corrective Maintenance,Preventive Maintenance,Medium,1.1,3,Out of Warranty,19369.91,Resolved,4
SV04353,H008,D011,2024-10-08,Corrective Maintenance,Power Failure,Low,6.6,2,Under Warranty,13142.6,Resolved,4
SV04354,H045,D060,2025-09-09,Preventive Maintenance,Software Error,Low,5.2,2,Out of Warranty,13524.31,Resolved,5
SV04355,H047,D020,2024-03-13,Corrective Maintenance,Connectivity,Low,5.4,3,Under Warranty,12622.8,Resolved,5
SV04356,H003,D004,2026-07-11,Installation,Calibration Issue,Medium,6.6,2,Under Warranty,5740.36,Resolved,4
SV04357,H063,D018,2024-07-25,Corrective Maintenance,Mechanical Issue,High,10.2,7,Out of Warranty,29998.23,Resolved,4
SV04358,H004,D045,2024-05-22,Preventive Maintenance,Calibration Issue,Medium,1.8,1,Under Warranty,2523.21,Pending,5
SV04359,H100,D006,2024-11-29,Corrective Maintenance,Sensor/Probe Issue,Medium,7.5,2,Under Warranty,11933.34,Resolved,4
SV04360,H091,D041,2026-03-24,Corrective Maintenance,Display Issue,High,0.8,9,Out of Warranty,25996.53,Resolved,4
SV04361,H044,D018,2025-05-31,Preventive Maintenance,Image Quality,Medium,3.0,3,Under Warranty,3094.27,Resolved,5
SV04362,H091,D001,2026-09-12,Preventive Maintenance,Calibration Issue,High,6.3,2,Out of Warranty,13871.09,Resolved,5
SV04363,H089,D021,2025-03-19,Preventive Maintenance,Software Error,High,4.7,2,Under Warranty,2432.71,Resolved,4
SV04364,H003,D048,2024-06-12,Corrective Maintenance,Image Quality,Medium,12.4,7,Under Warranty,5910.73,Pending,4
SV04365,H003,D011,2026-01-04,Preventive Maintenance,Connectivity,High,10.9,9,Under Warranty,7522.82,Resolved,3
SV04366,H061,D037,2025-09-14,Preventive Maintenance,Connectivity,Low,4.5,2,Under Warranty,6975.7,Resolved,4
SV04367,H052,D040,2026-02-16,Corrective Maintenance,Power Failure,Medium,1.0,4,Under Warranty,13450.65,Resolved,5
SV04368,H002,D045,2024-09-29,Corrective Maintenance,Image Quality,Medium,8.6,4,Out of Warranty,27948.74,Resolved,4
SV04369,H001,D051,2024-10-12,Installation,Sensor/Probe Issue,Critical,34.8,7,Out of Warranty,13156.88,Resolved,4
SV04370,H009,D049,2024-07-10,Corrective Maintenance,Sensor/Probe Issue,Medium,3.9,4,Under Warranty,13119.89,Resolved,4
SV04371,H069,D059,2025-09-26,Corrective Maintenance,Mechanical Issue,Medium,4.4,6,Under Warranty,6289.34,Resolved,3
SV04372,H050,D024,2026-02-17,Corrective Maintenance,Sensor/Probe Issue,Medium,2.8,2,Under Warranty,15801.58,Resolved,5
SV04373,H046,D012,2025-04-29,Corrective Maintenance,Software Error,Medium,9.9,3,Out of Warranty,22557.58,Resolved,4
SV04374,H099,D014,2025-11-03,Corrective Maintenance,Sensor/Probe Issue,Medium,10.1,2,Under Warranty,8625.48,Resolved,4
SV04375,H082,D011,2024-06-18,Preventive Maintenance,Calibration Issue,Medium,8.1,2,Out of Warranty,4212.58,Resolved,4
SV04376,H064,D028,2024-07-27,Installation,Power Failure,High,7.0,5,Under Warranty,10543.84,Resolved,3
SV04377,H031,D004,2025-01-07,Preventive Maintenance,Power Failure,High,27.3,1,Under Warranty,2211.5,Resolved,4
SV04378,H015,D058,2025-11-02,Installation,Image Quality,Medium,7.0,1,Out of Warranty,11469.1,Resolved,5
SV04379,H017,D011,2024-11-05,Preventive Maintenance,Sensor/Probe Issue,Medium,4.7,2,Out of Warranty,8395.6,Resolved,4
SV04380,H011,D009,2026-05-28,Installation,Software Error,High,6.7,3,Under Warranty,12662.54,Resolved,4
SV04381,H016,D019,2025-12-26,Installation,Image Quality,Medium,1.4,4,Under Warranty,12662.92,Resolved,4
SV04382,H036,D009,2024-10-05,Corrective Maintenance,Battery Issue,Medium,3.7,2,Under Warranty,12971.8,Resolved,5
SV04383,H020,D048,2024-10-26,Corrective Maintenance,Sensor/Probe Issue,Medium,0.5,3,Under Warranty,19188.94,Resolved,4
SV04384,H041,D007,2026-06-25,Corrective Maintenance,Power Failure,High,6.2,6,Out of Warranty,26493.28,Resolved,4
SV04385,H042,D046,2025-06-23,Corrective Maintenance,Connectivity,Critical,4.9,6,Out of Warranty,31384.03,Resolved,4
SV04386,H099,D024,2025-02-22,Corrective Maintenance,Connectivity,High,12.4,7,Under Warranty,8426.35,Resolved,4
SV04387,H049,D010,2026-06-15,Preventive Maintenance,Mechanical Issue,High,1.5,8,Out of Warranty,10262.83,Resolved,4
SV04388,H041,D023,2024-01-10,Corrective Maintenance,Preventive Maintenance,Medium,1.5,4,Under Warranty,11295.64,Resolved,4
SV04389,H070,D008,2026-07-28,Preventive Maintenance,Power Failure,High,4.3,4,Out of Warranty,9161.3,Resolved,5
SV04390,H013,D031,2024-05-13,Preventive Maintenance,Battery Issue,High,6.9,8,Under Warranty,8245.74,Resolved,4
SV04391,H098,D006,2025-08-30,Corrective Maintenance,Preventive Maintenance,Medium,10.5,3,Out of Warranty,22745.86,Pending,4
SV04392,H013,D033,2025-04-03,Corrective Maintenance,Mechanical Issue,High,4.0,2,Out of Warranty,24431.44,Resolved,5
SV04393,H041,D039,2026-03-14,Preventive Maintenance,Software Error,Medium,11.4,3,Under Warranty,3998.99,Resolved,4
SV04394,H050,D028,2025-10-17,Corrective Maintenance,Battery Issue,Medium,0.7,3,Under Warranty,14692.4,Resolved,4
SV04395,H098,D021,2025-08-21,Preventive Maintenance,Preventive Maintenance,High,21.9,5,Out of Warranty,4014.2,Resolved,4
SV04396,H003,D011,2026-08-29,Preventive Maintenance,Connectivity,High,19.6,2,Out of Warranty,14250.98,Resolved,4
SV04397,H005,D031,2024-06-03,Corrective Maintenance,Display Issue,Medium,22.7,2,Out of Warranty,9674.12,Resolved,3
SV04398,H044,D006,2025-11-26,Installation,Calibration Issue,High,14.1,4,Under Warranty,3535.0,Resolved,4
SV04399,H060,D046,2025-07-25,Preventive Maintenance,Image Quality,High,9.3,2,Under Warranty,2856.8,Resolved,5
SV04400,H073,D024,2025-02-02,Corrective Maintenance,Preventive Maintenance,Low,2.2,3,Under Warranty,5370.95,Resolved,5
SV04401,H084,D002,2026-04-14,Corrective Maintenance,Image Quality,Medium,5.9,2,Out of Warranty,14858.02,Resolved,4
SV04402,H064,D003,2026-03-13,Corrective Maintenance,Battery Issue,High,2.4,2,Under Warranty,18725.92,Resolved,5
SV04403,H091,D021,2024-09-29,Corrective Maintenance,Calibration Issue,Critical,16.3,9,Under Warranty,12526.41,Resolved,4
SV04404,H052,D028,2026-08-08,Corrective Maintenance,Battery Issue,Medium,6.6,4,Under Warranty,17608.75,Resolved,4
SV04405,H019,D023,2025-02-04,Corrective Maintenance,Power Failure,Medium,3.8,3,Under Warranty,7309.29,Resolved,3
SV04406,H094,D006,2025-04-13,Installation,Mechanical Issue,Medium,6.2,4,Out of Warranty,19971.75,Resolved,5
SV04407,H053,D033,2024-12-12,Corrective Maintenance,Software Error,Medium,4.3,6,Under Warranty,9893.51,Resolved,5
SV04408,H077,D016,2024-05-25,Corrective Maintenance,Calibration Issue,Medium,2.8,2,Under Warranty,8127.79,Resolved,4
SV04409,H062,D044,2026-04-13,Preventive Maintenance,Mechanical Issue,High,11.5,3,Under Warranty,5655.39,Resolved,4
SV04410,H012,D021,2025-01-09,Corrective Maintenance,Sensor/Probe Issue,Low,12.5,1,Under Warranty,13137.35,Resolved,5
SV04411,H021,D017,2025-03-25,Preventive Maintenance,Sensor/Probe Issue,Medium,11.3,1,Out of Warranty,15988.31,Resolved,3
SV04412,H094,D005,2026-04-18,Corrective Maintenance,Calibration Issue,Critical,26.1,9,Under Warranty,17406.06,Resolved,3
SV04413,H011,D059,2026-01-15,Corrective Maintenance,Power Failure,High,8.8,4,Out of Warranty,31671.65,Resolved,5
SV04414,H091,D046,2026-08-30,Installation,Sensor/Probe Issue,Medium,8.2,2,Out of Warranty,7202.41,Resolved,5
SV04415,H013,D020,2026-03-17,Preventive Maintenance,Power Failure,Medium,7.9,4,Under Warranty,5739.53,Pending,3
SV04416,H096,D020,2025-08-07,Corrective Maintenance,Sensor/Probe Issue,Medium,1.7,2,Out of Warranty,15092.55,Resolved,4
SV04417,H060,D025,2024-04-06,Corrective Maintenance,Software Error,High,8.0,5,Under Warranty,7434.59,Resolved,4
SV04418,H061,D002,2024-02-17,Preventive Maintenance,Display Issue,Low,3.7,3,Out of Warranty,5035.44,Resolved,4
SV04419,H024,D056,2024-05-11,Preventive Maintenance,Image Quality,Medium,25.5,2,Under Warranty,7924.05,Resolved,5
SV04420,H023,D043,2025-10-29,Corrective Maintenance,Image Quality,High,10.2,8,Under Warranty,7787.19,Resolved,4
SV04421,H043,D024,2025-02-06,Installation,Software Error,Low,1.6,3,Under Warranty,5593.66,Resolved,4
SV04422,H011,D053,2026-06-10,Corrective Maintenance,Connectivity,High,12.3,7,Under Warranty,10591.52,Resolved,3
SV04423,H040,D018,2024-06-03,Preventive Maintenance,Image Quality,High,19.8,7,Under Warranty,4054.33,Resolved,4
SV04424,H065,D013,2025-01-31,Preventive Maintenance,Mechanical Issue,High,4.9,6,Under Warranty,8398.68,Resolved,4
SV04425,H091,D043,2025-11-10,Corrective Maintenance,Power Failure,Medium,9.5,1,Out of Warranty,28493.57,Resolved,4
SV04426,H028,D056,2025-12-23,Preventive Maintenance,Preventive Maintenance,Medium,8.8,4,Under Warranty,5539.27,Resolved,5
SV04427,H064,D027,2024-07-09,Preventive Maintenance,Power Failure,Medium,8.7,1,Out of Warranty,10260.66,Resolved,5
SV04428,H097,D039,2024-02-08,Corrective Maintenance,Display Issue,Low,0.6,3,Under Warranty,5241.43,Resolved,5
SV04429,H034,D007,2026-07-28,Corrective Maintenance,Mechanical Issue,Critical,3.2,3,Under Warranty,19428.49,Resolved,5
SV04430,H036,D023,2025-09-10,Corrective Maintenance,Mechanical Issue,Low,5.9,1,Out of Warranty,10570.42,Resolved,4
SV04431,H060,D003,2026-03-06,Corrective Maintenance,Battery Issue,Medium,0.6,3,Under Warranty,20619.27,Resolved,4
SV04432,H075,D041,2026-03-26,Preventive Maintenance,Image Quality,Low,3.6,1,Out of Warranty,9177.34,Resolved,4
SV04433,H049,D040,2026-01-29,Preventive Maintenance,Mechanical Issue,Medium,6.0,1,Under Warranty,5497.31,Resolved,4
SV04434,H021,D047,2025-12-29,Corrective Maintenance,Image Quality,High,4.4,1,Out of Warranty,9919.35,Resolved,5
SV04435,H097,D033,2024-09-05,Preventive Maintenance,Display Issue,Medium,6.0,3,Out of Warranty,4047.52,Resolved,5
SV04436,H100,D043,2025-03-29,Preventive Maintenance,Battery Issue,Medium,11.6,4,Under Warranty,5024.0,Resolved,5
SV04437,H049,D045,2025-10-07,Corrective Maintenance,Sensor/Probe Issue,Medium,7.0,3,Out of Warranty,25295.83,Resolved,4
SV04438,H023,D032,2024-04-19,Installation,Software Error,Medium,2.4,2,Under Warranty,6134.31,Resolved,5
SV04439,H062,D047,2025-07-24,Corrective Maintenance,Power Failure,Critical,16.7,5,Under Warranty,18082.97,Resolved,4
SV04440,H080,D058,2026-02-19,Corrective Maintenance,Display Issue,Medium,4.9,1,Out of Warranty,27905.53,Resolved,5
SV04441,H014,D007,2024-02-22,Corrective Maintenance,Calibration Issue,Medium,13.0,3,Out of Warranty,10976.97,Resolved,4
SV04442,H036,D028,2025-12-22,Corrective Maintenance,Software Error,Medium,21.9,4,Under Warranty,8427.23,Resolved,4
SV04443,H064,D019,2026-01-13,Corrective Maintenance,Sensor/Probe Issue,High,3.0,2,Under Warranty,11050.8,Resolved,4
SV04444,H036,D048,2024-01-23,Corrective Maintenance,Sensor/Probe Issue,Low,4.0,1,Under Warranty,6000.75,Resolved,5
SV04445,H091,D054,2026-01-20,Corrective Maintenance,Power Failure,Medium,9.5,5,Out of Warranty,24444.26,Resolved,4
SV04446,H020,D025,2024-04-10,Corrective Maintenance,Battery Issue,Low,5.9,2,Out of Warranty,16607.03,Resolved,5
SV04447,H030,D049,2025-08-27,Preventive Maintenance,Display Issue,High,4.8,4,Under Warranty,8148.86,Resolved,5
SV04448,H010,D045,2024-07-17,Corrective Maintenance,Software Error,High,3.4,1,Under Warranty,20615.04,Resolved,4
SV04449,H046,D038,2026-05-18,Corrective Maintenance,Display Issue,Critical,41.7,3,Under Warranty,13497.5,Resolved,3
SV04450,H100,D059,2024-12-16,Preventive Maintenance,Connectivity,Medium,10.4,6,Out of Warranty,15644.41,Pending,4
SV04451,H005,D039,2025-01-18,Corrective Maintenance,Software Error,High,6.7,2,Under Warranty,20198.63,Resolved,5
SV04452,H093,D004,2024-02-20,Preventive Maintenance,Battery Issue,Medium,4.1,3,Out of Warranty,12957.27,Resolved,5
SV04453,H016,D022,2025-09-05,Corrective Maintenance,Connectivity,High,22.9,3,Out of Warranty,9529.66,Resolved,3
SV04454,H006,D029,2025-06-19,Corrective Maintenance,Sensor/Probe Issue,Critical,26.3,6,Under Warranty,19180.98,Resolved,4
SV04455,H038,D048,2026-05-26,Preventive Maintenance,Preventive Maintenance,Critical,2.5,5,Under Warranty,6170.93,Resolved,5
SV04456,H009,D023,2025-11-30,Preventive Maintenance,Battery Issue,Medium,7.7,4,Under Warranty,6650.05,Resolved,4
SV04457,H064,D004,2024-09-27,Corrective Maintenance,Sensor/Probe Issue,Medium,15.0,1,Under Warranty,13707.14,Resolved,4
SV04458,H066,D054,2026-03-07,Corrective Maintenance,Image Quality,High,14.5,8,Under Warranty,12283.84,Resolved,4
SV04459,H039,D059,2025-07-13,Preventive Maintenance,Image Quality,High,6.4,5,Under Warranty,2743.8,Resolved,4
SV04460,H095,D019,2025-02-21,Installation,Mechanical Issue,Low,1.6,1,Out of Warranty,13049.69,Resolved,5
SV04461,H002,D040,2025-06-13,Preventive Maintenance,Calibration Issue,High,21.8,3,Out of Warranty,7318.86,Resolved,4
SV04462,H095,D047,2024-06-28,Corrective Maintenance,Software Error,Critical,9.6,5,Out of Warranty,10997.67,Resolved,4
SV04463,H072,D036,2026-06-16,Preventive Maintenance,Preventive Maintenance,High,5.0,7,Out of Warranty,10181.06,Resolved,4
SV04464,H056,D037,2026-05-18,Corrective Maintenance,Power Failure,Medium,3.7,3,Under Warranty,7273.46,Resolved,5
SV04465,H046,D023,2024-04-26,Corrective Maintenance,Display Issue,Low,7.4,2,Out of Warranty,34590.46,Resolved,5
SV04466,H015,D046,2026-04-15,Installation,Calibration Issue,Critical,22.1,1,Under Warranty,13184.73,Resolved,4
SV04467,H049,D021,2025-12-05,Installation,Preventive Maintenance,Medium,7.4,2,Out of Warranty,15118.97,Resolved,5
SV04468,H086,D026,2026-08-25,Installation,Mechanical Issue,Medium,21.4,2,Under Warranty,13855.9,Resolved,3
SV04469,H093,D013,2025-08-17,Corrective Maintenance,Sensor/Probe Issue,High,10.6,1,Under Warranty,10992.62,Resolved,5
SV04470,H029,D007,2024-07-18,Corrective Maintenance,Power Failure,Medium,17.5,2,Out of Warranty,27719.28,Resolved,4
SV04471,H069,D012,2025-12-02,Preventive Maintenance,Display Issue,Medium,1.0,1,Under Warranty,5577.0,Resolved,4
SV04472,H056,D001,2026-01-31,Preventive Maintenance,Battery Issue,Medium,6.3,2,Under Warranty,7177.93,Resolved,4
SV04473,H019,D053,2024-02-18,Preventive Maintenance,Preventive Maintenance,Low,4.8,2,Under Warranty,8541.78,Resolved,5
SV04474,H023,D036,2025-10-13,Corrective Maintenance,Image Quality,Critical,24.7,4,Under Warranty,17871.35,Resolved,4
SV04475,H051,D042,2024-10-13,Preventive Maintenance,Calibration Issue,Low,1.5,1,Out of Warranty,11624.39,Resolved,4
SV04476,H070,D059,2025-04-01,Corrective Maintenance,Display Issue,Low,3.7,3,Under Warranty,6564.19,Resolved,4
SV04477,H006,D038,2024-06-01,Preventive Maintenance,Calibration Issue,Medium,15.1,2,Under Warranty,3778.11,Resolved,4
SV04478,H023,D059,2024-01-04,Corrective Maintenance,Connectivity,Medium,9.8,4,Out of Warranty,25872.81,Resolved,4
SV04479,H041,D040,2025-02-02,Corrective Maintenance,Software Error,High,5.1,3,Under Warranty,6483.02,Resolved,5
SV04480,H057,D037,2024-01-15,Installation,Battery Issue,High,7.7,3,Under Warranty,6886.82,Resolved,4
SV04481,H024,D018,2024-12-17,Corrective Maintenance,Battery Issue,Critical,11.1,6,Out of Warranty,37736.2,Resolved,4
SV04482,H038,D002,2024-05-31,Corrective Maintenance,Image Quality,Critical,11.2,7,Under Warranty,19076.83,Resolved,4
SV04483,H041,D028,2026-07-26,Installation,Preventive Maintenance,Medium,3.1,3,Under Warranty,11359.54,Resolved,4
SV04484,H054,D049,2024-05-07,Corrective Maintenance,Sensor/Probe Issue,Low,0.7,1,Under Warranty,8968.68,Resolved,5
SV04485,H025,D029,2024-01-02,Preventive Maintenance,Sensor/Probe Issue,Medium,1.7,4,Out of Warranty,11708.23,Resolved,4
SV04486,H096,D016,2024-04-15,Installation,Software Error,High,11.7,3,Under Warranty,12832.37,Resolved,5
SV04487,H007,D049,2026-03-20,Corrective Maintenance,Calibration Issue,High,27.9,18,Under Warranty,9135.3,Resolved,3
SV04488,H050,D014,2026-02-12,Corrective Maintenance,Mechanical Issue,High,4.8,8,Under Warranty,7265.55,Pending,4
SV04489,H021,D032,2025-03-31,Preventive Maintenance,Sensor/Probe Issue,Low,2.1,2,Out of Warranty,7192.16,Resolved,4
SV04490,H026,D005,2024-10-19,Corrective Maintenance,Battery Issue,High,14.4,5,Under Warranty,15154.18,Resolved,3
SV04491,H058,D027,2025-06-08,Corrective Maintenance,Sensor/Probe Issue,High,8.7,3,Under Warranty,20710.49,Resolved,4
SV04492,H027,D013,2025-12-23,Corrective Maintenance,Preventive Maintenance,Medium,6.9,2,Under Warranty,19622.04,Resolved,4
SV04493,H093,D020,2026-03-24,Preventive Maintenance,Battery Issue,Medium,3.6,5,Under Warranty,8600.49,Resolved,4
SV04494,H097,D005,2024-09-21,Corrective Maintenance,Sensor/Probe Issue,Medium,1.4,3,Out of Warranty,11545.82,Resolved,4
SV04495,H082,D008,2025-06-11,Corrective Maintenance,Software Error,Medium,4.5,2,Under Warranty,9727.64,Resolved,5
SV04496,H044,D051,2024-09-16,Preventive Maintenance,Image Quality,Critical,4.7,4,Out of Warranty,7168.16,Resolved,4
SV04497,H093,D039,2025-10-24,Corrective Maintenance,Mechanical Issue,High,31.2,5,Under Warranty,8257.03,Resolved,4
SV04498,H055,D035,2024-12-24,Corrective Maintenance,Preventive Maintenance,Low,2.7,4,Under Warranty,17203.59,Resolved,4
SV04499,H099,D039,2026-06-18,Corrective Maintenance,Software Error,Medium,7.5,3,Out of Warranty,28380.53,Resolved,4
SV04500,H060,D027,2025-04-11,Preventive Maintenance,Power Failure,Medium,5.6,3,Out of Warranty,15783.57,Resolved,4
SV04501,H007,D030,2025-01-11,Corrective Maintenance,Power Failure,Medium,7.1,2,Under Warranty,8856.5,Resolved,5
SV04502,H063,D054,2026-06-21,Preventive Maintenance,Calibration Issue,Medium,6.7,3,Under Warranty,6469.27,Resolved,5
SV04503,H019,D008,2024-02-25,Corrective Maintenance,Battery Issue,High,22.2,10,Under Warranty,18746.29,Resolved,4
SV04504,H072,D016,2024-10-19,Corrective Maintenance,Battery Issue,Critical,27.3,2,Under Warranty,10868.07,Pending,4
SV04505,H065,D049,2026-02-22,Corrective Maintenance,Software Error,High,6.7,2,Out of Warranty,30606.74,Resolved,4
SV04506,H058,D033,2025-09-10,Preventive Maintenance,Display Issue,Low,6.9,1,Out of Warranty,14575.17,Resolved,5
SV04507,H085,D041,2025-07-06,Installation,Sensor/Probe Issue,Low,5.8,5,Under Warranty,7332.06,Resolved,4
SV04508,H004,D015,2026-05-14,Corrective Maintenance,Image Quality,Medium,3.4,2,Under Warranty,9981.4,Resolved,4
SV04509,H060,D054,2025-01-12,Installation,Power Failure,High,19.0,7,Under Warranty,8574.84,Resolved,4
SV04510,H094,D051,2025-05-03,Preventive Maintenance,Software Error,Medium,3.1,2,Out of Warranty,11292.75,Pending,4
SV04511,H018,D042,2024-05-25,Preventive Maintenance,Software Error,Medium,5.4,3,Under Warranty,6958.35,Resolved,4
SV04512,H069,D003,2024-08-04,Preventive Maintenance,Connectivity,Medium,7.3,2,Under Warranty,2100.71,Resolved,5
SV04513,H037,D039,2024-06-09,Corrective Maintenance,Battery Issue,Medium,4.1,1,Out of Warranty,36856.2,Resolved,4
SV04514,H025,D044,2026-07-24,Preventive Maintenance,Sensor/Probe Issue,Low,7.7,4,Under Warranty,5177.77,Resolved,5
SV04515,H004,D009,2024-04-23,Preventive Maintenance,Image Quality,High,3.5,2,Under Warranty,8004.8,Resolved,5
SV04516,H019,D047,2024-05-09,Preventive Maintenance,Calibration Issue,High,3.7,3,Under Warranty,7978.76,Resolved,3
SV04517,H092,D015,2026-07-04,Preventive Maintenance,Image Quality,Medium,0.9,2,Under Warranty,7324.2,Resolved,4
SV04518,H063,D052,2025-07-21,Corrective Maintenance,Software Error,Medium,2.0,2,Out of Warranty,20914.43,Resolved,4
SV04519,H030,D056,2026-04-23,Corrective Maintenance,Sensor/Probe Issue,Medium,13.0,2,Under Warranty,11207.01,Resolved,5
SV04520,H032,D025,2025-05-08,Corrective Maintenance,Preventive Maintenance,High,7.8,2,Under Warranty,16874.07,Resolved,4
SV04521,H074,D045,2025-11-25,Preventive Maintenance,Preventive Maintenance,Medium,6.3,3,Under Warranty,5066.15,Resolved,4
SV04522,H058,D045,2025-03-27,Preventive Maintenance,Mechanical Issue,Medium,5.2,1,Out of Warranty,5094.02,Resolved,5
SV04523,H045,D008,2025-11-17,Corrective Maintenance,Image Quality,Low,4.4,2,Under Warranty,9504.86,Resolved,4
SV04524,H052,D018,2025-09-15,Corrective Maintenance,Preventive Maintenance,High,17.8,3,Under Warranty,7546.76,Resolved,4
SV04525,H037,D035,2026-03-17,Preventive Maintenance,Sensor/Probe Issue,Medium,4.4,2,Under Warranty,3712.3,Resolved,4
SV04526,H050,D020,2026-07-08,Corrective Maintenance,Preventive Maintenance,Medium,18.8,2,Out of Warranty,34966.78,Resolved,4
SV04527,H048,D033,2026-03-09,Corrective Maintenance,Preventive Maintenance,High,16.5,4,Under Warranty,20706.93,Resolved,4
SV04528,H075,D030,2024-04-01,Preventive Maintenance,Preventive Maintenance,Medium,2.0,4,Under Warranty,8635.53,Resolved,4
SV04529,H097,D054,2026-07-17,Corrective Maintenance,Preventive Maintenance,Medium,0.7,2,Under Warranty,8297.2,Resolved,5
SV04530,H024,D051,2025-03-07,Preventive Maintenance,Image Quality,Medium,4.4,1,Under Warranty,6961.55,Resolved,5
SV04531,H091,D018,2024-05-27,Corrective Maintenance,Image Quality,Medium,18.3,3,Out of Warranty,20874.54,Resolved,5
SV04532,H097,D048,2026-09-27,Corrective Maintenance,Battery Issue,High,4.7,1,Under Warranty,18700.47,Resolved,5
SV04533,H068,D030,2024-02-25,Corrective Maintenance,Calibration Issue,Medium,2.2,3,Out of Warranty,29720.68,Resolved,4
SV04534,H080,D037,2024-04-03,Corrective Maintenance,Image Quality,High,5.1,3,Out of Warranty,16598.87,Resolved,4
SV04535,H041,D014,2025-08-03,Corrective Maintenance,Display Issue,Medium,0.5,3,Under Warranty,13368.75,Resolved,4
SV04536,H071,D056,2025-11-03,Preventive Maintenance,Image Quality,Low,11.6,4,Under Warranty,8253.74,Resolved,5
SV04537,H005,D055,2025-08-19,Corrective Maintenance,Software Error,Medium,7.8,1,Under Warranty,16212.59,Pending,4
SV04538,H080,D047,2025-07-29,Preventive Maintenance,Image Quality,Medium,19.3,1,Out of Warranty,8220.59,Resolved,4
SV04539,H080,D055,2024-04-05,Corrective Maintenance,Power Failure,Low,9.0,1,Out of Warranty,22134.33,Resolved,4
SV04540,H014,D059,2024-11-01,Corrective Maintenance,Sensor/Probe Issue,Medium,5.2,2,Under Warranty,10071.66,Pending,4
SV04541,H086,D045,2024-05-31,Preventive Maintenance,Connectivity,Low,8.9,1,Under Warranty,5947.67,Resolved,4
SV04542,H022,D031,2025-10-29,Corrective Maintenance,Power Failure,Medium,3.7,4,Under Warranty,18417.79,Resolved,3
SV04543,H074,D008,2026-05-21,Preventive Maintenance,Preventive Maintenance,High,17.7,3,Out of Warranty,9717.64,Resolved,4
SV04544,H004,D011,2024-12-29,Corrective Maintenance,Battery Issue,Medium,12.3,4,Under Warranty,14728.57,Pending,5
SV04545,H036,D047,2026-01-22,Corrective Maintenance,Power Failure,Medium,3.2,2,Out of Warranty,24959.46,Resolved,5
SV04546,H072,D040,2026-06-19,Corrective Maintenance,Display Issue,Medium,6.2,2,Under Warranty,10597.59,Pending,4
SV04547,H046,D032,2024-03-11,Corrective Maintenance,Preventive Maintenance,Medium,9.6,4,Out of Warranty,32966.21,Resolved,4
SV04548,H057,D027,2025-09-06,Corrective Maintenance,Battery Issue,High,7.4,1,Out of Warranty,32250.95,Resolved,4
SV04549,H049,D007,2025-06-16,Installation,Image Quality,Medium,19.8,6,Under Warranty,5945.97,Resolved,3
SV04550,H014,D029,2025-04-13,Preventive Maintenance,Connectivity,Low,2.5,2,Under Warranty,8131.66,Resolved,4
SV04551,H049,D030,2026-02-17,Preventive Maintenance,Software Error,Low,15.5,2,Under Warranty,2641.65,Resolved,4
SV04552,H056,D041,2026-04-19,Preventive Maintenance,Calibration Issue,Medium,13.5,2,Out of Warranty,9021.77,Resolved,4
SV04553,H047,D057,2026-08-01,Corrective Maintenance,Software Error,Medium,8.4,2,Under Warranty,13066.92,Resolved,5
SV04554,H018,D022,2025-12-03,Corrective Maintenance,Preventive Maintenance,Critical,19.7,6,Out of Warranty,18112.15,Resolved,5
SV04555,H082,D009,2025-04-28,Installation,Battery Issue,Medium,20.5,5,Out of Warranty,16490.28,Resolved,4
SV04556,H071,D029,2025-12-25,Preventive Maintenance,Power Failure,Medium,10.8,3,Under Warranty,7390.34,Resolved,4
SV04557,H094,D053,2024-06-27,Corrective Maintenance,Mechanical Issue,Low,10.1,1,Out of Warranty,37929.34,Resolved,4
SV04558,H075,D005,2024-10-17,Corrective Maintenance,Power Failure,Medium,12.7,2,Out of Warranty,37230.33,Resolved,5
SV04559,H063,D028,2025-04-30,Corrective Maintenance,Calibration Issue,Medium,4.0,3,Out of Warranty,37539.02,Resolved,4
SV04560,H029,D048,2025-03-19,Corrective Maintenance,Image Quality,Low,3.6,2,Under Warranty,13948.41,Resolved,5
SV04561,H051,D012,2025-11-30,Preventive Maintenance,Sensor/Probe Issue,Medium,3.7,2,Out of Warranty,12912.72,Resolved,4
SV04562,H036,D033,2025-12-01,Corrective Maintenance,Power Failure,High,5.2,3,Under Warranty,9698.42,Resolved,4
SV04563,H089,D030,2024-03-05,Preventive Maintenance,Connectivity,Medium,2.4,3,Under Warranty,5341.97,Resolved,4
SV04564,H035,D011,2024-05-09,Preventive Maintenance,Calibration Issue,Medium,19.3,6,Out of Warranty,8700.46,Resolved,4
SV04565,H050,D021,2024-03-22,Corrective Maintenance,Power Failure,High,10.1,5,Under Warranty,12002.6,Resolved,4
SV04566,H020,D033,2024-06-01,Installation,Image Quality,High,40.6,2,Out of Warranty,12518.06,Resolved,4
SV04567,H051,D020,2024-07-29,Preventive Maintenance,Image Quality,Low,3.7,4,Out of Warranty,7987.23,Resolved,5
SV04568,H019,D040,2025-07-29,Corrective Maintenance,Preventive Maintenance,Low,0.8,1,Under Warranty,11054.43,Resolved,5
SV04569,H022,D057,2026-01-05,Corrective Maintenance,Calibration Issue,High,7.6,1,Under Warranty,9012.04,Resolved,5
SV04570,H011,D058,2025-06-23,Corrective Maintenance,Software Error,High,7.0,1,Under Warranty,6063.55,Pending,4
SV04571,H018,D046,2024-07-29,Corrective Maintenance,Image Quality,High,14.9,3,Under Warranty,16851.88,Resolved,4
SV04572,H065,D041,2024-03-24,Corrective Maintenance,Battery Issue,Medium,6.3,2,Under Warranty,11390.19,Resolved,4
SV04573,H034,D043,2025-06-25,Preventive Maintenance,Software Error,High,10.6,2,Out of Warranty,6194.89,Resolved,4
SV04574,H015,D053,2026-08-19,Preventive Maintenance,Battery Issue,Low,11.2,4,Under Warranty,6652.08,Resolved,4
SV04575,H006,D012,2024-05-13,Corrective Maintenance,Power Failure,Critical,18.7,4,Out of Warranty,37722.87,Resolved,4
SV04576,H012,D060,2024-09-14,Preventive Maintenance,Calibration Issue,Low,5.1,2,Out of Warranty,7757.33,Resolved,3
SV04577,H054,D036,2024-10-01,Corrective Maintenance,Software Error,Medium,8.3,7,Under Warranty,13498.91,Resolved,4
SV04578,H070,D016,2024-09-28,Corrective Maintenance,Calibration Issue,Low,5.1,4,Out of Warranty,14572.36,Resolved,4
SV04579,H050,D038,2024-09-30,Corrective Maintenance,Battery Issue,Medium,0.6,5,Out of Warranty,15194.01,Resolved,4
SV04580,H024,D030,2025-12-29,Corrective Maintenance,Sensor/Probe Issue,High,2.6,4,Under Warranty,11854.6,Resolved,5
SV04581,H056,D039,2026-01-30,Installation,Image Quality,Medium,14.0,4,Under Warranty,13796.97,Resolved,4
SV04582,H002,D023,2025-12-30,Preventive Maintenance,Calibration Issue,Critical,3.6,4,Under Warranty,8491.59,Resolved,4
SV04583,H007,D023,2026-04-24,Corrective Maintenance,Image Quality,Low,7.3,3,Out of Warranty,24070.64,Resolved,4
SV04584,H064,D020,2026-06-10,Installation,Image Quality,High,9.6,5,Under Warranty,10621.07,Resolved,4
SV04585,H026,D006,2026-06-13,Installation,Preventive Maintenance,Medium,1.3,4,Under Warranty,9473.95,Resolved,5
SV04586,H023,D060,2026-04-20,Preventive Maintenance,Mechanical Issue,Medium,9.1,2,Under Warranty,8559.75,Resolved,4
SV04587,H011,D027,2026-08-19,Corrective Maintenance,Software Error,High,5.5,4,Under Warranty,6752.55,Resolved,5
SV04588,H070,D004,2025-12-21,Corrective Maintenance,Image Quality,Medium,14.5,2,Out of Warranty,28011.12,Resolved,5
SV04589,H094,D045,2026-05-30,Preventive Maintenance,Preventive Maintenance,Medium,6.8,2,Under Warranty,6450.02,Resolved,4
SV04590,H069,D030,2024-05-11,Preventive Maintenance,Sensor/Probe Issue,Critical,8.4,5,Under Warranty,6854.63,Resolved,4
SV04591,H079,D039,2026-03-07,Corrective Maintenance,Calibration Issue,Medium,4.9,1,Under Warranty,17157.4,Resolved,5
SV04592,H014,D041,2024-11-03,Corrective Maintenance,Display Issue,Low,3.4,2,Under Warranty,9011.59,Resolved,4
SV04593,H086,D049,2024-09-13,Installation,Sensor/Probe Issue,Medium,3.6,1,Under Warranty,12045.0,Resolved,4
SV04594,H099,D023,2024-11-05,Preventive Maintenance,Power Failure,Medium,5.5,2,Under Warranty,8523.02,Resolved,4
SV04595,H029,D054,2025-04-03,Corrective Maintenance,Battery Issue,Medium,4.8,4,Out of Warranty,30658.99,Resolved,5
SV04596,H077,D042,2025-11-23,Corrective Maintenance,Power Failure,Medium,5.3,2,Out of Warranty,22039.64,Resolved,5
SV04597,H065,D019,2024-06-05,Corrective Maintenance,Display Issue,Low,7.8,2,Under Warranty,19099.33,Resolved,4
SV04598,H088,D035,2024-03-08,Installation,Power Failure,Medium,2.9,3,Under Warranty,5179.89,Resolved,5
SV04599,H017,D060,2024-04-22,Corrective Maintenance,Calibration Issue,High,15.8,3,Out of Warranty,27450.07,Resolved,4
SV04600,H035,D035,2026-02-14,Corrective Maintenance,Connectivity,Medium,1.6,2,Under Warranty,18944.2,Resolved,4
SV04601,H013,D006,2026-08-07,Installation,Image Quality,Low,5.6,2,Under Warranty,10376.87,Resolved,5
SV04602,H026,D012,2024-05-14,Corrective Maintenance,Image Quality,High,31.7,3,Under Warranty,7113.75,Resolved,4
SV04603,H060,D024,2024-09-28,Corrective Maintenance,Image Quality,Medium,17.9,1,Under Warranty,10615.71,Resolved,4
SV04604,H097,D048,2025-04-04,Preventive Maintenance,Display Issue,High,18.3,2,Out of Warranty,8028.83,Resolved,5
SV04605,H052,D011,2024-01-13,Preventive Maintenance,Software Error,High,4.5,2,Out of Warranty,13380.95,Resolved,5
SV04606,H029,D040,2026-01-24,Corrective Maintenance,Display Issue,Critical,6.8,10,Out of Warranty,11381.42,Resolved,4
SV04607,H004,D035,2026-03-08,Preventive Maintenance,Software Error,Low,7.8,2,Under Warranty,4402.23,Resolved,5
SV04608,H075,D054,2026-01-31,Corrective Maintenance,Display Issue,High,6.7,6,Under Warranty,17538.5,Resolved,4
SV04609,H053,D059,2024-04-05,Preventive Maintenance,Image Quality,High,24.1,4,Out of Warranty,15371.12,Resolved,3
SV04610,H020,D056,2026-09-19,Installation,Mechanical Issue,High,3.1,5,Under Warranty,9736.93,Resolved,4
SV04611,H032,D016,2026-02-23,Preventive Maintenance,Battery Issue,Medium,10.2,4,Under Warranty,2157.06,Resolved,4
SV04612,H090,D022,2025-02-25,Preventive Maintenance,Connectivity,Medium,4.7,1,Out of Warranty,6702.65,Resolved,4
SV04613,H001,D014,2025-12-27,Corrective Maintenance,Software Error,Low,7.3,4,Out of Warranty,11792.14,Resolved,4
SV04614,H047,D009,2024-10-13,Preventive Maintenance,Image Quality,High,12.2,2,Under Warranty,5765.85,Resolved,4
SV04615,H007,D013,2026-07-17,Corrective Maintenance,Software Error,Medium,8.7,2,Under Warranty,15252.35,Resolved,5
SV04616,H074,D018,2026-03-18,Preventive Maintenance,Sensor/Probe Issue,Medium,0.8,2,Under Warranty,5539.73,Resolved,5
SV04617,H060,D049,2024-09-13,Preventive Maintenance,Preventive Maintenance,Medium,5.4,2,Out of Warranty,8456.81,Resolved,4
SV04618,H100,D058,2024-11-09,Preventive Maintenance,Image Quality,High,9.6,2,Under Warranty,4204.51,Resolved,5
SV04619,H066,D023,2026-06-25,Preventive Maintenance,Calibration Issue,High,19.0,4,Under Warranty,5284.1,Resolved,3
SV04620,H091,D059,2024-12-28,Preventive Maintenance,Software Error,Medium,5.6,3,Under Warranty,5050.98,Resolved,5
SV04621,H033,D050,2026-05-21,Preventive Maintenance,Preventive Maintenance,High,7.1,2,Under Warranty,6028.77,Pending,4
SV04622,H067,D048,2025-04-15,Corrective Maintenance,Sensor/Probe Issue,Medium,4.3,3,Under Warranty,18849.68,Resolved,5
SV04623,H009,D005,2024-11-30,Corrective Maintenance,Calibration Issue,Critical,34.5,3,Under Warranty,15751.32,Resolved,4
SV04624,H075,D057,2025-02-20,Corrective Maintenance,Software Error,High,9.0,2,Under Warranty,6548.65,Pending,4
SV04625,H099,D027,2025-02-23,Corrective Maintenance,Power Failure,Medium,6.9,2,Under Warranty,16276.76,Resolved,4
SV04626,H093,D042,2024-09-25,Corrective Maintenance,Image Quality,High,14.3,1,Under Warranty,16964.62,Resolved,3
SV04627,H075,D014,2025-07-11,Installation,Display Issue,Medium,4.7,3,Under Warranty,9505.86,Resolved,4
SV04628,H039,D010,2026-04-12,Preventive Maintenance,Calibration Issue,Low,1.5,2,Under Warranty,4005.23,Pending,5
SV04629,H008,D040,2025-02-21,Corrective Maintenance,Calibration Issue,Medium,14.2,7,Under Warranty,11801.87,Resolved,4
SV04630,H057,D037,2025-09-19,Preventive Maintenance,Sensor/Probe Issue,Critical,25.6,6,Out of Warranty,6061.9,Resolved,3
SV04631,H026,D017,2026-05-29,Corrective Maintenance,Connectivity,Medium,1.1,2,Out of Warranty,34605.92,Resolved,5
SV04632,H049,D026,2026-02-01,Preventive Maintenance,Image Quality,Medium,7.1,3,Under Warranty,4190.83,Resolved,4
SV04633,H035,D044,2024-07-23,Preventive Maintenance,Software Error,High,1.7,2,Out of Warranty,12339.18,Resolved,4
SV04634,H098,D015,2026-04-01,Preventive Maintenance,Image Quality,Critical,20.5,4,Under Warranty,7051.43,Resolved,4
SV04635,H037,D026,2025-02-02,Preventive Maintenance,Software Error,Low,4.7,1,Under Warranty,6144.26,Resolved,4
SV04636,H071,D003,2026-07-09,Corrective Maintenance,Image Quality,Low,4.2,3,Under Warranty,17978.72,Resolved,5
SV04637,H018,D001,2024-04-14,Corrective Maintenance,Battery Issue,Low,3.5,2,Out of Warranty,9409.91,Resolved,5
SV04638,H058,D037,2024-10-15,Corrective Maintenance,Connectivity,Low,10.7,3,Out of Warranty,32736.78,Resolved,5
SV04639,H036,D050,2024-10-05,Corrective Maintenance,Mechanical Issue,High,8.3,5,Out of Warranty,27054.55,Resolved,4
SV04640,H048,D024,2026-04-13,Corrective Maintenance,Mechanical Issue,Medium,0.9,1,Under Warranty,7090.95,Resolved,4
SV04641,H027,D020,2024-01-14,Corrective Maintenance,Power Failure,Medium,3.3,3,Under Warranty,17819.93,Resolved,4
SV04642,H055,D007,2024-05-11,Preventive Maintenance,Image Quality,Medium,6.3,2,Under Warranty,7868.69,Resolved,4
SV04643,H043,D029,2025-10-29,Preventive Maintenance,Battery Issue,Medium,13.8,3,Under Warranty,3400.18,Resolved,4
SV04644,H058,D008,2026-07-20,Corrective Maintenance,Battery Issue,Medium,13.0,2,Under Warranty,12092.18,Pending,4
SV04645,H015,D023,2024-07-16,Preventive Maintenance,Calibration Issue,High,9.6,4,Out of Warranty,7366.54,Pending,4
SV04646,H051,D020,2025-01-12,Corrective Maintenance,Display Issue,Critical,59.5,1,Under Warranty,20590.02,Resolved,4
SV04647,H095,D040,2026-06-29,Corrective Maintenance,Battery Issue,Low,8.9,3,Out of Warranty,37116.43,Resolved,4
SV04648,H040,D022,2025-10-14,Preventive Maintenance,Mechanical Issue,Low,4.0,2,Under Warranty,4188.0,Resolved,4
SV04649,H030,D054,2024-12-13,Corrective Maintenance,Software Error,Medium,17.5,1,Under Warranty,15823.56,Resolved,4
SV04650,H060,D017,2024-02-07,Corrective Maintenance,Display Issue,Medium,5.4,2,Out of Warranty,23193.91,Resolved,5
SV04651,H071,D017,2024-03-24,Preventive Maintenance,Software Error,High,8.3,1,Under Warranty,5068.36,Resolved,4
SV04652,H023,D002,2025-03-10,Preventive Maintenance,Image Quality,Medium,3.6,6,Out of Warranty,12881.05,Resolved,4
SV04653,H018,D017,2024-07-31,Installation,Software Error,Medium,1.4,5,Out of Warranty,12742.53,Resolved,4
SV04654,H071,D033,2025-12-26,Preventive Maintenance,Mechanical Issue,Low,5.3,3,Under Warranty,4839.04,Resolved,5
SV04655,H011,D010,2024-03-23,Preventive Maintenance,Calibration Issue,Medium,6.3,3,Under Warranty,8494.76,Resolved,5
SV04656,H033,D047,2026-09-28,Corrective Maintenance,Display Issue,Medium,2.3,3,Under Warranty,14834.86,Resolved,4
SV04657,H084,D001,2026-07-06,Corrective Maintenance,Display Issue,High,8.9,3,Out of Warranty,27759.57,Resolved,5
SV04658,H001,D043,2025-06-12,Corrective Maintenance,Image Quality,Medium,3.7,3,Under Warranty,8289.7,Resolved,4
SV04659,H084,D019,2026-04-10,Corrective Maintenance,Sensor/Probe Issue,High,3.6,5,Out of Warranty,20343.46,Resolved,5
SV04660,H045,D026,2026-06-28,Preventive Maintenance,Software Error,High,12.2,11,Under Warranty,7317.26,Resolved,4
SV04661,H011,D003,2024-10-18,Preventive Maintenance,Image Quality,High,18.4,13,Under Warranty,4510.82,Resolved,3
SV04662,H063,D032,2024-09-27,Installation,Power Failure,Medium,5.8,2,Under Warranty,6084.74,Resolved,5
SV04663,H062,D042,2026-08-06,Installation,Image Quality,High,3.2,4,Under Warranty,7780.26,Resolved,4
SV04664,H008,D057,2024-08-01,Preventive Maintenance,Software Error,Medium,2.5,2,Under Warranty,3678.34,Resolved,5
SV04665,H039,D032,2024-01-06,Corrective Maintenance,Image Quality,Medium,3.2,3,Out of Warranty,30994.62,Resolved,4
SV04666,H050,D053,2024-08-11,Corrective Maintenance,Power Failure,Medium,7.5,1,Under Warranty,13588.34,Resolved,5
SV04667,H035,D005,2024-11-04,Preventive Maintenance,Sensor/Probe Issue,Low,1.0,3,Under Warranty,2201.09,Resolved,5
SV04668,H025,D053,2024-04-08,Preventive Maintenance,Power Failure,High,16.7,3,Under Warranty,4794.97,Resolved,4
SV04669,H066,D002,2024-09-26,Corrective Maintenance,Preventive Maintenance,Critical,3.3,2,Under Warranty,13175.7,Resolved,4
SV04670,H013,D053,2024-07-10,Corrective Maintenance,Calibration Issue,Critical,12.1,1,Out of Warranty,25849.9,Resolved,4
SV04671,H040,D029,2026-08-23,Preventive Maintenance,Connectivity,Medium,22.5,1,Under Warranty,6864.92,Resolved,4
SV04672,H044,D035,2024-08-06,Corrective Maintenance,Calibration Issue,Low,1.4,2,Out of Warranty,29213.9,Resolved,5
SV04673,H082,D058,2025-07-05,Preventive Maintenance,Connectivity,Low,3.6,1,Under Warranty,5843.3,Resolved,4
SV04674,H009,D043,2025-10-02,Corrective Maintenance,Preventive Maintenance,Critical,4.8,8,Under Warranty,14720.04,Resolved,4
SV04675,H083,D007,2024-08-04,Preventive Maintenance,Image Quality,Medium,1.2,5,Under Warranty,4755.97,Resolved,4
SV04676,H021,D007,2025-12-15,Preventive Maintenance,Battery Issue,High,6.6,9,Out of Warranty,11899.99,Resolved,4
SV04677,H034,D025,2024-01-08,Corrective Maintenance,Mechanical Issue,Medium,8.5,3,Under Warranty,20212.86,Resolved,5
SV04678,H064,D029,2024-04-06,Preventive Maintenance,Mechanical Issue,High,2.2,6,Out of Warranty,12325.23,Resolved,4
SV04679,H086,D013,2024-11-15,Corrective Maintenance,Power Failure,High,7.4,2,Under Warranty,18238.92,Resolved,5
SV04680,H072,D048,2026-06-20,Installation,Display Issue,High,1.7,2,Under Warranty,10705.07,Resolved,4
SV04681,H061,D048,2026-03-25,Preventive Maintenance,Battery Issue,Critical,18.3,15,Under Warranty,8541.21,Resolved,4
SV04682,H005,D060,2026-03-07,Preventive Maintenance,Software Error,Low,0.7,3,Under Warranty,3544.55,Resolved,5
SV04683,H024,D020,2026-07-17,Corrective Maintenance,Image Quality,Critical,24.9,20,Under Warranty,9722.28,Resolved,3
SV04684,H039,D043,2026-01-13,Preventive Maintenance,Power Failure,High,14.9,3,Under Warranty,3109.29,Resolved,4
SV04685,H081,D002,2024-08-14,Corrective Maintenance,Calibration Issue,High,4.2,2,Under Warranty,6757.45,Resolved,4
SV04686,H009,D013,2024-06-03,Corrective Maintenance,Image Quality,Medium,4.8,4,Under Warranty,8424.17,Resolved,4
SV04687,H013,D018,2026-07-21,Corrective Maintenance,Mechanical Issue,Medium,11.5,3,Out of Warranty,17663.62,Resolved,4
SV04688,H098,D045,2025-10-05,Corrective Maintenance,Power Failure,Low,9.3,4,Under Warranty,20028.7,Resolved,4
SV04689,H032,D039,2024-03-23,Corrective Maintenance,Image Quality,Low,6.9,3,Out of Warranty,35711.17,Resolved,4
SV04690,H059,D030,2025-04-10,Corrective Maintenance,Power Failure,High,22.9,2,Out of Warranty,37818.49,Resolved,4
SV04691,H022,D052,2026-06-22,Preventive Maintenance,Sensor/Probe Issue,Critical,9.5,11,Out of Warranty,9764.36,Resolved,4
SV04692,H038,D006,2025-07-26,Preventive Maintenance,Display Issue,High,4.7,3,Out of Warranty,6589.12,Resolved,4
SV04693,H066,D057,2024-07-15,Corrective Maintenance,Software Error,Medium,3.5,5,Under Warranty,10086.94,Resolved,5
SV04694,H006,D030,2024-11-23,Corrective Maintenance,Software Error,Medium,4.2,3,Out of Warranty,13933.97,Pending,4
SV04695,H004,D058,2024-11-04,Corrective Maintenance,Sensor/Probe Issue,Medium,1.8,1,Out of Warranty,29030.37,Resolved,4
SV04696,H006,D012,2025-02-09,Preventive Maintenance,Image Quality,Medium,5.2,1,Under Warranty,2926.16,Resolved,5
SV04697,H070,D012,2025-04-10,Preventive Maintenance,Calibration Issue,Medium,2.1,3,Under Warranty,4646.33,Pending,4
SV04698,H018,D050,2024-02-17,Corrective Maintenance,Software Error,Medium,6.4,2,Out of Warranty,14141.41,Resolved,4
SV04699,H084,D033,2024-02-12,Corrective Maintenance,Mechanical Issue,Low,0.9,1,Under Warranty,11152.87,Resolved,5
SV04700,H005,D028,2024-09-10,Preventive Maintenance,Calibration Issue,High,9.4,2,Out of Warranty,11534.67,Resolved,4
SV04701,H033,D035,2026-06-21,Corrective Maintenance,Display Issue,Low,9.2,5,Under Warranty,15948.46,Resolved,3
SV04702,H099,D028,2024-03-10,Corrective Maintenance,Image Quality,Low,5.2,1,Under Warranty,17422.27,Resolved,5
SV04703,H032,D020,2026-08-18,Corrective Maintenance,Display Issue,Medium,19.7,7,Under Warranty,6124.62,Resolved,4
SV04704,H044,D048,2026-08-12,Corrective Maintenance,Sensor/Probe Issue,Critical,11.4,3,Under Warranty,18892.35,Resolved,4
SV04705,H003,D020,2025-12-24,Corrective Maintenance,Connectivity,Low,7.4,2,Out of Warranty,13332.59,Resolved,5
SV04706,H047,D048,2025-05-22,Preventive Maintenance,Calibration Issue,Medium,5.3,1,Out of Warranty,13088.55,Resolved,4
SV04707,H043,D011,2024-09-26,Corrective Maintenance,Battery Issue,Medium,8.7,4,Under Warranty,15659.32,Pending,4
SV04708,H001,D027,2026-03-29,Preventive Maintenance,Calibration Issue,High,9.9,8,Under Warranty,2389.72,Resolved,4
SV04709,H071,D001,2025-06-27,Corrective Maintenance,Mechanical Issue,High,42.9,4,Out of Warranty,21827.49,Resolved,3
SV04710,H065,D031,2026-05-28,Preventive Maintenance,Calibration Issue,Medium,13.6,3,Under Warranty,8443.3,Resolved,4
SV04711,H093,D024,2025-05-20,Corrective Maintenance,Sensor/Probe Issue,High,19.5,2,Out of Warranty,27915.43,Resolved,4
SV04712,H018,D040,2026-06-05,Preventive Maintenance,Image Quality,High,9.2,2,Under Warranty,4408.4,Resolved,4
SV04713,H009,D019,2026-08-02,Corrective Maintenance,Display Issue,Low,9.4,1,Under Warranty,7202.78,Resolved,4
SV04714,H087,D059,2024-04-12,Preventive Maintenance,Preventive Maintenance,Medium,3.3,1,Under Warranty,8320.62,Resolved,4
SV04715,H009,D009,2024-07-30,Preventive Maintenance,Sensor/Probe Issue,Medium,7.4,6,Out of Warranty,3958.76,Resolved,4
SV04716,H100,D020,2026-07-14,Installation,Mechanical Issue,Medium,6.7,7,Under Warranty,10651.69,Resolved,4
SV04717,H005,D007,2024-08-08,Installation,Calibration Issue,High,36.2,3,Out of Warranty,24533.91,Resolved,4
SV04718,H073,D007,2026-06-23,Preventive Maintenance,Connectivity,Medium,7.1,2,Out of Warranty,13303.59,Resolved,5
SV04719,H059,D044,2025-02-02,Installation,Preventive Maintenance,Critical,24.2,2,Out of Warranty,17972.99,Resolved,3
SV04720,H014,D013,2025-12-24,Corrective Maintenance,Connectivity,Critical,13.2,4,Under Warranty,6723.98,Resolved,4
SV04721,H050,D048,2026-08-14,Corrective Maintenance,Image Quality,Medium,28.0,1,Under Warranty,8440.12,Resolved,4
SV04722,H066,D038,2024-05-06,Corrective Maintenance,Connectivity,Medium,6.4,2,Under Warranty,13642.26,Resolved,4
SV04723,H043,D019,2024-05-22,Preventive Maintenance,Software Error,Low,3.8,4,Under Warranty,4658.04,Resolved,4
SV04724,H023,D034,2025-05-09,Corrective Maintenance,Sensor/Probe Issue,High,14.1,8,Under Warranty,15688.82,Resolved,4
SV04725,H094,D004,2024-12-02,Installation,Sensor/Probe Issue,Medium,11.2,7,Out of Warranty,8431.71,Resolved,4
SV04726,H073,D024,2025-08-18,Preventive Maintenance,Display Issue,High,5.3,10,Under Warranty,2316.52,Resolved,4
SV04727,H010,D054,2024-05-23,Corrective Maintenance,Display Issue,Medium,5.1,4,Under Warranty,7698.22,Resolved,4
SV04728,H002,D038,2026-05-05,Corrective Maintenance,Connectivity,High,5.9,2,Under Warranty,16705.7,Resolved,5
SV04729,H010,D036,2024-05-26,Preventive Maintenance,Calibration Issue,Medium,7.6,2,Under Warranty,5611.99,Resolved,4
SV04730,H025,D009,2026-03-14,Corrective Maintenance,Display Issue,High,7.4,1,Under Warranty,7193.14,Resolved,4
SV04731,H036,D013,2025-05-10,Installation,Sensor/Probe Issue,High,11.8,3,Out of Warranty,14375.57,Resolved,5
SV04732,H028,D054,2026-07-03,Corrective Maintenance,Software Error,High,4.4,5,Under Warranty,19108.63,Resolved,5
SV04733,H034,D048,2024-04-29,Preventive Maintenance,Sensor/Probe Issue,Critical,21.6,8,Under Warranty,2783.14,Resolved,4
SV04734,H023,D044,2025-12-01,Corrective Maintenance,Image Quality,Medium,12.7,2,Under Warranty,11444.5,Resolved,4
SV04735,H070,D003,2026-06-17,Preventive Maintenance,Image Quality,Medium,16.0,1,Out of Warranty,7937.81,Resolved,5
SV04736,H006,D028,2026-01-06,Corrective Maintenance,Mechanical Issue,Medium,15.3,2,Under Warranty,7905.83,Resolved,4
SV04737,H080,D047,2024-04-03,Corrective Maintenance,Preventive Maintenance,Medium,13.9,5,Out of Warranty,37702.7,Resolved,4
SV04738,H082,D045,2024-09-18,Preventive Maintenance,Display Issue,Low,1.7,2,Under Warranty,3567.51,Resolved,5
SV04739,H022,D004,2026-02-18,Corrective Maintenance,Sensor/Probe Issue,Medium,3.4,3,Out of Warranty,16559.22,Resolved,5
SV04740,H016,D059,2025-10-14,Preventive Maintenance,Display Issue,Medium,5.2,4,Under Warranty,8188.04,Resolved,4
SV04741,H053,D017,2024-09-22,Preventive Maintenance,Sensor/Probe Issue,Medium,9.1,4,Under Warranty,2177.31,Resolved,4
SV04742,H096,D047,2024-03-29,Installation,Calibration Issue,High,5.2,2,Out of Warranty,8512.57,Resolved,5
SV04743,H007,D005,2025-05-10,Preventive Maintenance,Display Issue,Low,4.9,1,Under Warranty,3673.06,Resolved,5
SV04744,H070,D028,2024-11-03,Preventive Maintenance,Preventive Maintenance,Medium,4.2,1,Out of Warranty,13808.18,Pending,4
SV04745,H081,D034,2026-08-20,Corrective Maintenance,Image Quality,Low,3.1,1,Out of Warranty,38896.36,Pending,5
SV04746,H001,D053,2024-03-20,Preventive Maintenance,Image Quality,High,10.2,11,Out of Warranty,7124.29,Pending,3
SV04747,H025,D004,2026-04-07,Preventive Maintenance,Image Quality,Medium,2.6,5,Out of Warranty,15680.85,Pending,4
SV04748,H067,D013,2024-03-21,Corrective Maintenance,Preventive Maintenance,High,2.1,3,Out of Warranty,19356.08,Resolved,5
SV04749,H003,D029,2025-02-15,Corrective Maintenance,Sensor/Probe Issue,Medium,1.7,4,Under Warranty,7178.67,Resolved,5
SV04750,H083,D049,2025-02-19,Corrective Maintenance,Power Failure,High,9.1,3,Out of Warranty,13859.53,Resolved,4
SV04751,H005,D035,2025-10-02,Preventive Maintenance,Display Issue,Medium,22.9,2,Under Warranty,2713.36,Resolved,4
SV04752,H094,D046,2025-11-15,Corrective Maintenance,Connectivity,High,8.1,3,Under Warranty,9930.86,Resolved,3
SV04753,H089,D006,2025-12-03,Corrective Maintenance,Mechanical Issue,Low,15.8,2,Under Warranty,6988.13,Resolved,5
SV04754,H033,D018,2024-11-24,Installation,Mechanical Issue,Low,3.8,1,Out of Warranty,14417.84,Resolved,4
SV04755,H055,D008,2025-09-07,Corrective Maintenance,Mechanical Issue,High,4.8,3,Under Warranty,11669.96,Resolved,5
SV04756,H069,D028,2025-09-24,Preventive Maintenance,Power Failure,Medium,12.3,1,Under Warranty,2875.13,Resolved,5
SV04757,H037,D007,2026-02-26,Preventive Maintenance,Software Error,High,17.0,3,Out of Warranty,6353.91,Resolved,4
SV04758,H039,D050,2025-11-10,Preventive Maintenance,Sensor/Probe Issue,Medium,17.5,3,Out of Warranty,11312.04,Resolved,4
SV04759,H001,D016,2024-11-25,Corrective Maintenance,Calibration Issue,Low,1.3,1,Under Warranty,6514.72,Resolved,4
SV04760,H006,D022,2025-12-17,Corrective Maintenance,Power Failure,Medium,18.3,1,Out of Warranty,9543.25,Resolved,4
SV04761,H081,D024,2025-03-04,Corrective Maintenance,Image Quality,Medium,11.8,1,Under Warranty,16268.92,Resolved,4
SV04762,H067,D026,2024-07-04,Preventive Maintenance,Preventive Maintenance,Medium,5.9,3,Under Warranty,5692.26,Resolved,5
SV04763,H069,D030,2024-01-08,Corrective Maintenance,Battery Issue,Low,1.3,1,Under Warranty,18381.98,Resolved,4
SV04764,H094,D009,2025-06-15,Corrective Maintenance,Sensor/Probe Issue,Low,3.9,2,Under Warranty,6256.26,Resolved,5
SV04765,H019,D050,2025-11-05,Corrective Maintenance,Calibration Issue,Medium,1.6,2,Under Warranty,6077.92,Resolved,5
SV04766,H015,D004,2025-07-03,Preventive Maintenance,Sensor/Probe Issue,Low,13.2,2,Under Warranty,8554.84,Resolved,4
SV04767,H031,D019,2024-04-12,Preventive Maintenance,Power Failure,Medium,1.7,4,Under Warranty,7606.09,Resolved,5
SV04768,H044,D002,2025-01-03,Corrective Maintenance,Mechanical Issue,Critical,25.6,4,Under Warranty,11654.78,Resolved,4
SV04769,H100,D019,2025-12-07,Preventive Maintenance,Calibration Issue,High,11.8,2,Under Warranty,2261.43,Resolved,5
SV04770,H085,D048,2025-09-21,Corrective Maintenance,Sensor/Probe Issue,Medium,2.8,1,Out of Warranty,37607.43,Resolved,5
SV04771,H038,D012,2025-01-11,Preventive Maintenance,Mechanical Issue,Medium,35.1,3,Under Warranty,5042.47,Resolved,4
SV04772,H071,D030,2024-09-20,Installation,Calibration Issue,Critical,11.9,7,Under Warranty,4695.61,Resolved,4
SV04773,H035,D039,2025-05-19,Corrective Maintenance,Preventive Maintenance,Low,12.2,1,Under Warranty,13802.59,Pending,4
SV04774,H097,D060,2025-04-03,Corrective Maintenance,Sensor/Probe Issue,Medium,7.4,2,Under Warranty,17676.01,Resolved,4
SV04775,H036,D005,2024-09-03,Installation,Power Failure,Medium,5.6,3,Under Warranty,8279.03,Resolved,5
SV04776,H100,D013,2025-01-25,Corrective Maintenance,Display Issue,High,2.1,3,Under Warranty,20518.19,Resolved,5
SV04777,H029,D036,2025-06-25,Preventive Maintenance,Sensor/Probe Issue,High,0.9,8,Under Warranty,6760.14,Resolved,4
SV04778,H050,D039,2026-09-18,Corrective Maintenance,Power Failure,Medium,6.4,2,Under Warranty,7807.48,Resolved,5
SV04779,H006,D013,2025-05-23,Preventive Maintenance,Image Quality,Medium,4.5,4,Out of Warranty,14595.87,Resolved,5
SV04780,H074,D054,2026-02-07,Corrective Maintenance,Calibration Issue,Critical,19.2,1,Under Warranty,16522.52,Resolved,5
SV04781,H049,D012,2024-01-06,Preventive Maintenance,Preventive Maintenance,Medium,14.8,3,Under Warranty,2110.56,Resolved,4
SV04782,H088,D058,2025-02-02,Corrective Maintenance,Battery Issue,High,29.8,2,Out of Warranty,29358.07,Resolved,4
SV04783,H082,D020,2025-08-01,Preventive Maintenance,Display Issue,High,11.1,3,Under Warranty,3624.59,Resolved,5
SV04784,H006,D049,2025-10-01,Installation,Sensor/Probe Issue,Medium,25.5,1,Under Warranty,3933.69,Resolved,5
SV04785,H050,D054,2024-06-23,Installation,Image Quality,High,7.3,2,Out of Warranty,14131.76,Resolved,4
SV04786,H024,D029,2024-01-21,Preventive Maintenance,Battery Issue,Medium,9.9,7,Out of Warranty,11563.64,Resolved,4
SV04787,H016,D021,2025-03-29,Preventive Maintenance,Image Quality,Medium,16.5,1,Under Warranty,4966.51,Resolved,5
SV04788,H087,D054,2025-08-01,Preventive Maintenance,Sensor/Probe Issue,Medium,2.0,6,Under Warranty,2683.74,Resolved,4
SV04789,H094,D006,2024-05-22,Corrective Maintenance,Power Failure,Medium,6.3,1,Under Warranty,20504.46,Resolved,5
SV04790,H010,D059,2024-04-19,Corrective Maintenance,Calibration Issue,Medium,1.0,2,Under Warranty,5968.45,Resolved,5
SV04791,H018,D059,2025-09-12,Preventive Maintenance,Software Error,Medium,10.8,4,Under Warranty,7052.05,Resolved,4
SV04792,H011,D016,2026-01-30,Corrective Maintenance,Calibration Issue,High,2.9,6,Under Warranty,17818.35,Resolved,5
SV04793,H050,D001,2024-12-09,Installation,Image Quality,Medium,8.4,6,Under Warranty,13601.56,Resolved,4
SV04794,H021,D049,2024-02-21,Corrective Maintenance,Image Quality,Medium,4.3,5,Out of Warranty,22797.18,Resolved,4
SV04795,H073,D052,2026-08-10,Corrective Maintenance,Display Issue,Low,7.5,1,Out of Warranty,15644.18,Resolved,5
SV04796,H007,D025,2024-11-13,Corrective Maintenance,Image Quality,Low,16.0,2,Out of Warranty,38498.26,Resolved,5
SV04797,H063,D024,2026-01-04,Preventive Maintenance,Calibration Issue,High,11.3,3,Under Warranty,2533.13,Resolved,4
SV04798,H028,D008,2026-02-13,Corrective Maintenance,Calibration Issue,High,16.5,5,Out of Warranty,23288.7,Resolved,4
SV04799,H077,D023,2024-09-22,Installation,Sensor/Probe Issue,Medium,3.8,6,Out of Warranty,8310.95,Resolved,4
SV04800,H055,D032,2025-01-07,Preventive Maintenance,Display Issue,Critical,9.5,5,Under Warranty,5469.75,Resolved,5
SV04801,H005,D037,2024-05-29,Corrective Maintenance,Calibration Issue,High,15.7,2,Under Warranty,9599.89,Resolved,4
SV04802,H076,D044,2026-04-28,Corrective Maintenance,Power Failure,Medium,8.1,2,Out of Warranty,38974.85,Resolved,5
SV04803,H036,D052,2025-10-16,Preventive Maintenance,Display Issue,Low,1.4,1,Under Warranty,5734.58,Resolved,5
SV04804,H016,D049,2025-03-23,Preventive Maintenance,Image Quality,High,16.4,2,Under Warranty,5986.92,Resolved,4
SV04805,H089,D058,2026-02-27,Corrective Maintenance,Power Failure,Low,11.5,3,Under Warranty,8769.16,Resolved,4
SV04806,H045,D015,2025-11-13,Corrective Maintenance,Software Error,High,9.9,4,Under Warranty,8203.87,Resolved,4
SV04807,H043,D013,2025-10-29,Corrective Maintenance,Software Error,Medium,8.0,1,Out of Warranty,14548.86,Resolved,5
SV04808,H024,D041,2024-10-07,Installation,Battery Issue,Medium,11.7,8,Under Warranty,8371.38,Resolved,4
SV04809,H089,D021,2025-07-21,Corrective Maintenance,Battery Issue,Medium,1.9,3,Under Warranty,12512.81,Resolved,4
SV04810,H072,D003,2024-07-20,Corrective Maintenance,Display Issue,Medium,3.3,3,Out of Warranty,38860.91,Resolved,4
SV04811,H071,D011,2024-07-17,Preventive Maintenance,Software Error,Low,11.0,3,Under Warranty,8583.16,Resolved,4
SV04812,H077,D014,2024-03-02,Corrective Maintenance,Mechanical Issue,Critical,22.9,4,Under Warranty,5625.05,Resolved,4
SV04813,H005,D054,2024-02-07,Preventive Maintenance,Display Issue,Medium,14.2,5,Under Warranty,3333.48,Resolved,4
SV04814,H093,D056,2025-07-27,Corrective Maintenance,Image Quality,Medium,9.1,1,Under Warranty,15883.35,Resolved,5
SV04815,H080,D017,2025-10-30,Corrective Maintenance,Image Quality,High,9.7,2,Under Warranty,14774.28,Resolved,4
SV04816,H065,D046,2024-03-11,Corrective Maintenance,Software Error,Low,5.9,1,Out of Warranty,13672.24,Resolved,4
SV04817,H020,D054,2026-05-08,Installation,Image Quality,Critical,8.7,3,Under Warranty,3366.52,Resolved,5
SV04818,H026,D042,2026-04-29,Corrective Maintenance,Mechanical Issue,Medium,5.1,2,Under Warranty,8898.88,Pending,4
SV04819,H098,D004,2025-01-01,Preventive Maintenance,Software Error,Low,1.8,1,Out of Warranty,15884.72,Resolved,5
SV04820,H094,D057,2024-09-04,Corrective Maintenance,Sensor/Probe Issue,High,42.1,4,Under Warranty,16311.74,Resolved,3
SV04821,H015,D011,2025-01-02,Corrective Maintenance,Battery Issue,Low,10.3,2,Out of Warranty,33818.05,Resolved,4
SV04822,H049,D017,2024-05-13,Preventive Maintenance,Battery Issue,High,20.9,3,Out of Warranty,7431.82,Resolved,4
SV04823,H056,D022,2026-01-31,Preventive Maintenance,Software Error,Medium,4.3,3,Under Warranty,8491.67,Resolved,5
SV04824,H084,D042,2025-06-07,Corrective Maintenance,Calibration Issue,Medium,12.3,3,Under Warranty,8447.7,Resolved,4
SV04825,H058,D010,2025-12-23,Installation,Preventive Maintenance,Medium,24.3,3,Under Warranty,3599.6,Resolved,4
SV04826,H081,D002,2024-04-11,Installation,Image Quality,High,8.4,4,Under Warranty,9502.25,Resolved,5
SV04827,H063,D058,2024-06-27,Preventive Maintenance,Image Quality,Medium,3.9,1,Out of Warranty,8260.41,Resolved,5
SV04828,H011,D021,2024-10-26,Corrective Maintenance,Preventive Maintenance,Low,0.5,3,Out of Warranty,36792.49,Resolved,4
SV04829,H001,D006,2025-12-04,Corrective Maintenance,Calibration Issue,Medium,3.6,1,Under Warranty,14501.88,Resolved,4
SV04830,H039,D022,2024-08-08,Preventive Maintenance,Image Quality,Low,0.7,2,Under Warranty,5760.49,Resolved,5
SV04831,H047,D048,2026-09-25,Preventive Maintenance,Sensor/Probe Issue,Medium,0.5,3,Under Warranty,4730.47,Resolved,5
SV04832,H003,D032,2025-08-02,Corrective Maintenance,Power Failure,Low,0.8,3,Out of Warranty,14356.22,Resolved,5
SV04833,H045,D016,2026-06-12,Corrective Maintenance,Battery Issue,Critical,20.2,4,Out of Warranty,17901.23,Resolved,4
SV04834,H097,D046,2025-03-18,Corrective Maintenance,Image Quality,Low,6.8,3,Out of Warranty,26897.39,Resolved,5
SV04835,H009,D036,2025-02-26,Preventive Maintenance,Calibration Issue,High,3.6,2,Out of Warranty,8811.72,Resolved,4
SV04836,H012,D037,2025-06-02,Corrective Maintenance,Software Error,Low,2.4,4,Out of Warranty,17645.84,Resolved,4
SV04837,H010,D036,2025-03-24,Corrective Maintenance,Software Error,High,6.2,2,Under Warranty,20636.96,Resolved,5
SV04838,H083,D049,2026-01-20,Corrective Maintenance,Display Issue,Medium,9.9,4,Under Warranty,16178.77,Resolved,4
SV04839,H086,D012,2026-04-23,Corrective Maintenance,Calibration Issue,High,8.3,9,Under Warranty,15079.36,Resolved,3
SV04840,H088,D043,2025-01-12,Preventive Maintenance,Battery Issue,High,14.4,1,Out of Warranty,6428.85,Resolved,4
SV04841,H077,D030,2025-08-07,Corrective Maintenance,Display Issue,Low,7.6,1,Out of Warranty,19071.8,Resolved,5
SV04842,H041,D056,2024-07-16,Corrective Maintenance,Image Quality,Low,2.3,3,Under Warranty,17993.75,Resolved,4
SV04843,H069,D038,2024-09-19,Corrective Maintenance,Software Error,Medium,13.6,4,Under Warranty,15250.65,Resolved,5
SV04844,H099,D002,2026-01-17,Corrective Maintenance,Software Error,High,13.9,2,Out of Warranty,30212.57,Resolved,4
SV04845,H046,D059,2026-02-07,Installation,Power Failure,Medium,13.0,7,Out of Warranty,6423.17,Resolved,4
SV04846,H035,D058,2025-03-09,Corrective Maintenance,Image Quality,High,10.8,10,Under Warranty,11548.34,Resolved,3
SV04847,H062,D016,2025-03-18,Preventive Maintenance,Power Failure,Medium,2.1,2,Out of Warranty,5657.8,Resolved,4
SV04848,H062,D033,2024-02-07,Corrective Maintenance,Mechanical Issue,Medium,2.8,3,Out of Warranty,28417.73,Resolved,4
SV04849,H062,D002,2025-02-16,Corrective Maintenance,Battery Issue,Medium,6.3,3,Out of Warranty,24521.82,Resolved,4
SV04850,H001,D044,2025-02-22,Corrective Maintenance,Mechanical Issue,Low,8.9,1,Out of Warranty,19945.46,Resolved,4
SV04851,H046,D059,2024-02-28,Corrective Maintenance,Software Error,Critical,12.7,7,Out of Warranty,23593.25,Resolved,4
SV04852,H029,D035,2026-08-02,Corrective Maintenance,Preventive Maintenance,Medium,4.2,4,Under Warranty,17553.78,Resolved,4
SV04853,H062,D041,2025-07-31,Corrective Maintenance,Software Error,Low,0.5,2,Under Warranty,12815.36,Resolved,5
SV04854,H017,D058,2024-06-17,Installation,Calibration Issue,Low,15.2,2,Under Warranty,8050.01,Resolved,4
SV04855,H045,D052,2024-05-04,Corrective Maintenance,Connectivity,Low,2.9,1,Out of Warranty,36286.99,Resolved,4
SV04856,H055,D026,2025-02-15,Corrective Maintenance,Preventive Maintenance,Medium,10.4,4,Under Warranty,10276.04,Resolved,4
SV04857,H002,D059,2025-10-27,Preventive Maintenance,Sensor/Probe Issue,Low,5.5,3,Out of Warranty,11394.72,Resolved,5
SV04858,H013,D032,2026-03-24,Corrective Maintenance,Connectivity,High,12.9,2,Under Warranty,12513.68,Resolved,5
SV04859,H093,D051,2025-01-01,Preventive Maintenance,Sensor/Probe Issue,High,12.0,4,Out of Warranty,13035.59,Resolved,4
SV04860,H018,D032,2026-09-19,Corrective Maintenance,Mechanical Issue,Medium,5.7,2,Out of Warranty,31606.76,Resolved,4
SV04861,H075,D020,2025-04-25,Installation,Connectivity,High,17.6,7,Out of Warranty,21125.3,Resolved,4
SV04862,H034,D048,2024-04-22,Installation,Sensor/Probe Issue,Critical,14.0,7,Under Warranty,6011.5,Resolved,4
SV04863,H077,D004,2025-12-22,Preventive Maintenance,Power Failure,High,8.3,9,Under Warranty,4555.31,Resolved,4
SV04864,H079,D015,2026-01-04,Preventive Maintenance,Mechanical Issue,Medium,14.9,2,Under Warranty,4484.27,Resolved,4
SV04865,H004,D055,2025-09-19,Corrective Maintenance,Image Quality,High,3.0,1,Out of Warranty,28206.53,Resolved,5
SV04866,H017,D045,2024-08-28,Preventive Maintenance,Software Error,Medium,27.6,3,Under Warranty,6387.99,Resolved,4
SV04867,H030,D049,2026-04-13,Installation,Mechanical Issue,Low,6.2,2,Under Warranty,5338.55,Resolved,4
SV04868,H010,D003,2024-03-02,Preventive Maintenance,Power Failure,High,12.4,2,Under Warranty,3762.95,Resolved,4
SV04869,H068,D018,2024-11-18,Corrective Maintenance,Software Error,Medium,19.7,6,Out of Warranty,21405.11,Resolved,4
SV04870,H078,D060,2024-04-05,Corrective Maintenance,Battery Issue,High,8.3,3,Out of Warranty,17261.7,Resolved,4
SV04871,H010,D031,2025-11-16,Preventive Maintenance,Connectivity,Medium,8.5,2,Under Warranty,2613.74,Resolved,4
SV04872,H063,D002,2026-09-11,Corrective Maintenance,Image Quality,Medium,2.6,1,Out of Warranty,35818.15,Resolved,5
SV04873,H090,D018,2025-04-13,Installation,Preventive Maintenance,High,12.4,11,Under Warranty,7619.68,Resolved,3
SV04874,H066,D032,2026-06-08,Preventive Maintenance,Sensor/Probe Issue,Medium,6.1,2,Under Warranty,7622.9,Resolved,5
SV04875,H052,D044,2025-09-16,Corrective Maintenance,Power Failure,Low,10.6,2,Under Warranty,17377.44,Resolved,4
SV04876,H075,D005,2024-05-02,Corrective Maintenance,Sensor/Probe Issue,High,6.5,2,Under Warranty,20218.45,Resolved,4
SV04877,H024,D007,2026-02-27,Corrective Maintenance,Software Error,High,25.5,5,Under Warranty,7742.98,Resolved,4
SV04878,H011,D039,2025-01-15,Corrective Maintenance,Power Failure,High,10.7,7,Under Warranty,12405.63,Resolved,4
SV04879,H023,D033,2025-07-04,Preventive Maintenance,Mechanical Issue,High,14.8,3,Under Warranty,5352.21,Resolved,4
SV04880,H021,D056,2025-06-20,Corrective Maintenance,Sensor/Probe Issue,Medium,3.5,7,Out of Warranty,15425.44,Resolved,4
SV04881,H002,D052,2026-04-27,Preventive Maintenance,Calibration Issue,High,10.6,2,Under Warranty,8253.18,Resolved,5
SV04882,H051,D015,2025-05-05,Preventive Maintenance,Mechanical Issue,Medium,13.6,3,Under Warranty,4345.97,Resolved,4
SV04883,H006,D045,2024-05-17,Corrective Maintenance,Image Quality,Low,3.2,8,Under Warranty,12158.45,Resolved,4
SV04884,H068,D043,2026-08-12,Corrective Maintenance,Image Quality,Critical,16.2,6,Out of Warranty,32968.35,Resolved,4
SV04885,H055,D052,2026-01-08,Corrective Maintenance,Connectivity,Medium,10.9,5,Out of Warranty,20813.95,Resolved,5
SV04886,H070,D037,2025-01-10,Corrective Maintenance,Sensor/Probe Issue,High,2.9,5,Under Warranty,7614.18,Resolved,4
SV04887,H057,D009,2025-06-27,Corrective Maintenance,Mechanical Issue,Medium,10.6,3,Under Warranty,15217.32,Resolved,4
SV04888,H091,D030,2024-01-11,Preventive Maintenance,Image Quality,High,31.3,5,Under Warranty,8288.81,Resolved,5
SV04889,H097,D027,2024-05-22,Corrective Maintenance,Software Error,Medium,5.7,1,Out of Warranty,24471.94,Pending,5
SV04890,H099,D037,2025-02-17,Preventive Maintenance,Display Issue,Critical,22.1,4,Under Warranty,7889.81,Resolved,4
SV04891,H082,D049,2026-08-30,Preventive Maintenance,Power Failure,Medium,2.9,1,Under Warranty,5926.52,Resolved,5
SV04892,H054,D005,2026-07-09,Preventive Maintenance,Power Failure,Low,0.6,2,Out of Warranty,15051.16,Resolved,4
SV04893,H037,D058,2026-01-21,Preventive Maintenance,Image Quality,High,16.0,2,Out of Warranty,10395.52,Resolved,5
SV04894,H066,D038,2024-09-01,Preventive Maintenance,Calibration Issue,Medium,8.0,1,Out of Warranty,9739.9,Resolved,5
SV04895,H061,D016,2024-12-28,Preventive Maintenance,Power Failure,Medium,9.2,2,Under Warranty,6998.97,Resolved,5
SV04896,H060,D031,2024-09-16,Preventive Maintenance,Power Failure,Critical,22.4,13,Under Warranty,6238.83,Resolved,3
SV04897,H085,D009,2025-12-07,Corrective Maintenance,Software Error,Low,0.5,2,Under Warranty,16277.59,Resolved,5
SV04898,H079,D036,2025-03-30,Preventive Maintenance,Preventive Maintenance,Medium,5.5,5,Out of Warranty,4526.65,Resolved,4
SV04899,H063,D030,2025-08-28,Corrective Maintenance,Calibration Issue,Medium,6.4,2,Under Warranty,16568.68,Resolved,3
SV04900,H010,D043,2024-12-23,Preventive Maintenance,Battery Issue,Medium,4.8,3,Out of Warranty,4125.4,Resolved,4
SV04901,H088,D037,2024-10-03,Installation,Preventive Maintenance,Medium,4.3,1,Under Warranty,5232.31,Resolved,5
SV04902,H037,D057,2025-04-25,Corrective Maintenance,Image Quality,Medium,0.5,2,Out of Warranty,19468.94,Resolved,4
SV04903,H073,D019,2025-05-31,Preventive Maintenance,Mechanical Issue,Medium,1.5,2,Under Warranty,6535.01,Pending,5
SV04904,H057,D056,2025-12-09,Corrective Maintenance,Image Quality,High,3.1,7,Under Warranty,14044.88,Resolved,4
SV04905,H099,D009,2026-01-06,Preventive Maintenance,Image Quality,Low,7.1,1,Under Warranty,4366.23,Resolved,4
SV04906,H026,D055,2025-11-26,Installation,Power Failure,Low,7.5,1,Under Warranty,13933.04,Resolved,4
SV04907,H007,D059,2025-03-08,Preventive Maintenance,Power Failure,Medium,9.8,3,Under Warranty,5383.2,Resolved,5
SV04908,H014,D040,2024-10-13,Corrective Maintenance,Sensor/Probe Issue,Medium,3.3,2,Out of Warranty,19693.8,Resolved,4
SV04909,H029,D013,2024-06-03,Preventive Maintenance,Power Failure,Medium,5.1,3,Under Warranty,6403.4,Pending,5
SV04910,H040,D019,2025-03-06,Corrective Maintenance,Software Error,Critical,8.7,6,Under Warranty,7334.36,Resolved,4
SV04911,H098,D021,2024-02-12,Preventive Maintenance,Battery Issue,High,8.1,4,Out of Warranty,7337.09,Resolved,4
SV04912,H097,D007,2025-10-30,Preventive Maintenance,Battery Issue,High,4.3,4,Out of Warranty,15585.59,Resolved,4
SV04913,H050,D024,2025-11-27,Preventive Maintenance,Calibration Issue,Medium,1.0,1,Under Warranty,4177.34,Pending,5
SV04914,H001,D014,2024-08-29,Corrective Maintenance,Image Quality,Medium,17.1,4,Out of Warranty,38101.93,Resolved,3
SV04915,H024,D042,2024-11-03,Preventive Maintenance,Battery Issue,Low,5.1,2,Out of Warranty,7693.92,Resolved,4
SV04916,H059,D017,2026-02-23,Corrective Maintenance,Power Failure,Low,0.8,2,Out of Warranty,32029.99,Resolved,5
SV04917,H071,D033,2025-05-17,Preventive Maintenance,Software Error,Critical,7.6,2,Under Warranty,7045.27,Resolved,4
SV04918,H003,D008,2025-12-09,Corrective Maintenance,Display Issue,Medium,2.9,3,Under Warranty,14749.5,Resolved,4
SV04919,H079,D029,2024-03-09,Preventive Maintenance,Calibration Issue,Critical,25.8,4,Out of Warranty,9534.19,Resolved,3
SV04920,H040,D059,2024-12-28,Preventive Maintenance,Calibration Issue,Medium,1.3,4,Under Warranty,8435.16,Resolved,5
SV04921,H016,D037,2024-07-06,Corrective Maintenance,Software Error,Low,5.2,1,Under Warranty,14120.33,Resolved,4
SV04922,H021,D017,2025-08-07,Corrective Maintenance,Connectivity,Medium,5.8,1,Out of Warranty,36824.67,Resolved,4
SV04923,H062,D048,2026-08-10,Preventive Maintenance,Preventive Maintenance,High,3.8,3,Out of Warranty,14879.71,Resolved,5
SV04924,H053,D012,2025-11-27,Preventive Maintenance,Power Failure,Medium,5.4,3,Under Warranty,5260.09,Resolved,4
SV04925,H007,D053,2024-08-22,Corrective Maintenance,Mechanical Issue,High,7.2,1,Out of Warranty,37070.74,Resolved,4
SV04926,H066,D003,2026-03-30,Corrective Maintenance,Sensor/Probe Issue,Medium,1.2,5,Under Warranty,13542.13,Resolved,4
SV04927,H035,D015,2026-09-30,Preventive Maintenance,Connectivity,Medium,1.5,2,Out of Warranty,7512.03,Resolved,4
SV04928,H025,D021,2025-02-02,Corrective Maintenance,Preventive Maintenance,Medium,5.0,2,Under Warranty,18969.25,Resolved,5
SV04929,H081,D018,2025-06-18,Corrective Maintenance,Battery Issue,Low,2.3,4,Under Warranty,13468.95,Resolved,3
SV04930,H044,D017,2026-05-01,Corrective Maintenance,Calibration Issue,Medium,8.5,2,Out of Warranty,16703.18,Resolved,4
SV04931,H053,D060,2025-03-06,Corrective Maintenance,Power Failure,Medium,15.1,2,Out of Warranty,14698.85,Pending,4
SV04932,H028,D029,2024-06-14,Corrective Maintenance,Sensor/Probe Issue,Medium,3.8,3,Under Warranty,10096.64,Pending,4
SV04933,H021,D032,2025-11-26,Preventive Maintenance,Display Issue,Low,7.7,1,Under Warranty,7364.87,Resolved,4
SV04934,H004,D007,2024-10-31,Corrective Maintenance,Software Error,Medium,3.7,1,Under Warranty,9786.57,Resolved,5
SV04935,H045,D018,2026-08-21,Corrective Maintenance,Image Quality,Low,0.7,3,Out of Warranty,37093.11,Resolved,5
SV04936,H029,D018,2025-05-12,Corrective Maintenance,Mechanical Issue,High,10.7,3,Out of Warranty,21415.68,Resolved,4
SV04937,H045,D037,2025-06-10,Preventive Maintenance,Calibration Issue,High,19.0,4,Under Warranty,6969.8,Resolved,3
SV04938,H049,D040,2026-05-16,Corrective Maintenance,Battery Issue,Medium,7.5,3,Under Warranty,20278.9,Resolved,4
SV04939,H089,D025,2025-07-04,Corrective Maintenance,Sensor/Probe Issue,Medium,3.0,3,Out of Warranty,12127.41,Resolved,5
SV04940,H093,D036,2025-03-11,Corrective Maintenance,Software Error,High,5.5,6,Under Warranty,6525.18,Resolved,3
SV04941,H022,D017,2024-08-12,Corrective Maintenance,Calibration Issue,High,9.8,5,Out of Warranty,9886.22,Resolved,4
SV04942,H028,D004,2026-04-19,Preventive Maintenance,Calibration Issue,High,31.7,17,Out of Warranty,7662.8,Resolved,3
SV04943,H069,D007,2026-04-21,Corrective Maintenance,Sensor/Probe Issue,Medium,4.7,5,Out of Warranty,32180.0,Resolved,5
SV04944,H033,D017,2026-04-01,Preventive Maintenance,Mechanical Issue,Medium,2.9,1,Out of Warranty,15417.21,Resolved,5
SV04945,H061,D039,2024-10-13,Installation,Sensor/Probe Issue,High,21.5,2,Out of Warranty,15285.66,Resolved,4
SV04946,H038,D035,2024-10-22,Preventive Maintenance,Software Error,Critical,8.3,2,Under Warranty,5099.28,Resolved,5
SV04947,H068,D020,2024-08-20,Preventive Maintenance,Calibration Issue,Low,1.9,1,Under Warranty,8358.63,Resolved,5
SV04948,H016,D013,2026-07-22,Corrective Maintenance,Connectivity,Medium,3.7,7,Under Warranty,11629.99,Resolved,4
SV04949,H024,D017,2024-12-20,Preventive Maintenance,Power Failure,High,9.6,2,Out of Warranty,15776.98,Resolved,5
SV04950,H060,D048,2024-11-25,Corrective Maintenance,Image Quality,Low,8.6,5,Under Warranty,17801.78,Resolved,4
SV04951,H086,D060,2026-03-22,Corrective Maintenance,Connectivity,Medium,26.6,4,Under Warranty,9830.04,Resolved,4
SV04952,H093,D037,2024-11-28,Preventive Maintenance,Image Quality,Critical,5.8,9,Under Warranty,3073.75,Resolved,4
SV04953,H019,D021,2026-01-12,Preventive Maintenance,Display Issue,Medium,14.0,3,Out of Warranty,4454.2,Resolved,4
SV04954,H098,D023,2025-01-15,Preventive Maintenance,Power Failure,High,4.1,2,Under Warranty,2933.29,Resolved,5
SV04955,H088,D057,2024-03-05,Corrective Maintenance,Connectivity,High,1.2,7,Out of Warranty,13348.65,Resolved,3
SV04956,H030,D013,2024-06-01,Corrective Maintenance,Display Issue,Low,1.9,3,Under Warranty,19223.67,Resolved,4
SV04957,H071,D006,2026-09-24,Installation,Display Issue,Medium,1.1,1,Under Warranty,6844.05,Resolved,4
SV04958,H076,D058,2025-05-17,Corrective Maintenance,Connectivity,High,12.2,8,Out of Warranty,9931.76,Resolved,4
SV04959,H076,D031,2026-09-19,Preventive Maintenance,Display Issue,Medium,4.0,1,Out of Warranty,16154.85,Resolved,4
SV04960,H088,D009,2025-03-22,Preventive Maintenance,Calibration Issue,High,15.7,3,Under Warranty,4436.56,Resolved,4
SV04961,H056,D027,2024-09-02,Corrective Maintenance,Sensor/Probe Issue,High,14.3,2,Under Warranty,8754.03,Resolved,4
SV04962,H034,D026,2026-01-27,Installation,Image Quality,Medium,13.9,4,Under Warranty,12635.48,Resolved,4
SV04963,H034,D033,2026-08-26,Corrective Maintenance,Display Issue,High,7.5,2,Out of Warranty,35603.63,Resolved,5
SV04964,H073,D041,2025-04-20,Preventive Maintenance,Battery Issue,Medium,25.1,2,Under Warranty,5350.72,Resolved,4
SV04965,H083,D023,2025-03-27,Preventive Maintenance,Software Error,High,5.8,5,Under Warranty,7608.78,Resolved,4
SV04966,H040,D059,2025-03-23,Preventive Maintenance,Software Error,Medium,8.4,2,Under Warranty,8609.82,Resolved,4
SV04967,H038,D024,2024-06-16,Corrective Maintenance,Software Error,Medium,7.2,5,Under Warranty,15864.63,Resolved,4
SV04968,H046,D029,2024-06-04,Corrective Maintenance,Display Issue,Low,2.4,2,Under Warranty,20119.22,Resolved,5
SV04969,H035,D009,2025-05-20,Preventive Maintenance,Mechanical Issue,High,2.9,1,Out of Warranty,6842.73,Resolved,5
SV04970,H035,D033,2025-12-23,Preventive Maintenance,Image Quality,Low,3.9,2,Under Warranty,5084.21,Resolved,4
SV04971,H059,D004,2026-06-14,Preventive Maintenance,Software Error,Low,3.2,2,Under Warranty,6447.93,Resolved,5
SV04972,H078,D053,2025-04-09,Preventive Maintenance,Battery Issue,High,5.3,10,Under Warranty,2309.96,Pending,3
SV04973,H069,D036,2025-09-10,Preventive Maintenance,Image Quality,Low,16.5,3,Under Warranty,5678.13,Resolved,4
SV04974,H010,D005,2024-03-17,Corrective Maintenance,Connectivity,Medium,8.5,1,Under Warranty,12155.35,Resolved,5
SV04975,H053,D024,2026-07-24,Corrective Maintenance,Calibration Issue,High,14.6,5,Under Warranty,6245.18,Resolved,5
SV04976,H084,D003,2024-09-21,Corrective Maintenance,Software Error,Medium,7.1,1,Out of Warranty,21554.82,Resolved,5
SV04977,H092,D059,2025-10-28,Corrective Maintenance,Power Failure,High,23.1,4,Under Warranty,7549.49,Resolved,4
SV04978,H029,D004,2024-02-22,Preventive Maintenance,Image Quality,Medium,6.3,2,Out of Warranty,6901.29,Resolved,3
SV04979,H055,D048,2024-12-08,Installation,Calibration Issue,Medium,5.2,1,Under Warranty,8561.04,Resolved,5
SV04980,H016,D050,2025-05-09,Corrective Maintenance,Image Quality,Medium,8.3,1,Under Warranty,16201.15,Resolved,4
SV04981,H024,D005,2026-06-27,Corrective Maintenance,Mechanical Issue,Low,7.7,1,Out of Warranty,23069.27,Resolved,5
SV04982,H031,D051,2024-06-14,Preventive Maintenance,Mechanical Issue,High,3.3,4,Under Warranty,5786.02,Resolved,5
SV04983,H016,D039,2025-12-22,Corrective Maintenance,Display Issue,Critical,37.8,2,Out of Warranty,12226.51,Resolved,4
SV04984,H041,D020,2025-07-02,Preventive Maintenance,Battery Issue,Medium,21.5,2,Under Warranty,5172.51,Resolved,4
SV04985,H083,D045,2025-03-01,Preventive Maintenance,Display Issue,Medium,37.4,2,Under Warranty,8551.3,Resolved,4
SV04986,H038,D005,2026-04-14,Preventive Maintenance,Preventive Maintenance,Medium,5.5,3,Under Warranty,7539.03,Resolved,4
SV04987,H025,D036,2025-01-25,Preventive Maintenance,Battery Issue,High,2.8,5,Out of Warranty,15540.46,Resolved,5
SV04988,H049,D043,2025-12-24,Corrective Maintenance,Image Quality,Medium,6.9,2,Under Warranty,7249.87,Resolved,4
SV04989,H073,D040,2024-07-20,Preventive Maintenance,Power Failure,Low,7.2,2,Out of Warranty,9917.67,Resolved,4
SV04990,H062,D007,2025-02-24,Corrective Maintenance,Preventive Maintenance,Low,3.4,3,Out of Warranty,10080.31,Resolved,5
SV04991,H033,D041,2025-03-24,Installation,Battery Issue,Low,10.2,3,Under Warranty,3823.03,Resolved,5
SV04992,H092,D045,2024-06-11,Preventive Maintenance,Calibration Issue,Critical,50.1,3,Under Warranty,4871.99,Resolved,3
SV04993,H023,D049,2024-12-23,Installation,Mechanical Issue,Low,14.3,2,Out of Warranty,13194.86,Resolved,4
SV04994,H100,D032,2025-08-17,Corrective Maintenance,Preventive Maintenance,Low,3.4,3,Out of Warranty,35245.86,Resolved,4
SV04995,H001,D053,2025-01-28,Corrective Maintenance,Mechanical Issue,High,10.9,5,Under Warranty,8746.3,Resolved,4
SV04996,H067,D041,2024-02-15,Preventive Maintenance,Power Failure,Medium,2.8,3,Out of Warranty,8469.48,Resolved,5
SV04997,H071,D058,2026-07-26,Corrective Maintenance,Power Failure,Low,2.9,2,Under Warranty,14298.69,Resolved,4
SV04998,H073,D049,2024-03-07,Preventive Maintenance,Mechanical Issue,Medium,12.6,1,Under Warranty,4491.48,Resolved,4
SV04999,H031,D030,2024-03-21,Preventive Maintenance,Mechanical Issue,High,1.9,2,Out of Warranty,7520.16,Resolved,4
SV05000,H044,D051,2024-01-25,Corrective Maintenance,Mechanical Issue,High,18.9,4,Under Warranty,19547.84,Resolved,4
SV05001,H080,D039,2024-12-28,Corrective Maintenance,Sensor/Probe Issue,Medium,2.6,2,Out of Warranty,20620.51,Resolved,5
SV05002,H048,D027,2025-10-22,Preventive Maintenance,Software Error,High,15.6,2,Out of Warranty,9698.88,Resolved,5
SV05003,H060,D055,2026-04-06,Corrective Maintenance,Display Issue,Low,5.7,3,Under Warranty,8460.36,Resolved,5
SV05004,H065,D010,2024-06-15,Corrective Maintenance,Image Quality,Medium,5.3,6,Under Warranty,14273.78,Resolved,4
SV05005,H058,D035,2024-06-24,Corrective Maintenance,Image Quality,Low,2.2,3,Under Warranty,8216.09,Resolved,4
SV05006,H077,D041,2026-07-29,Preventive Maintenance,Software Error,Medium,2.0,2,Under Warranty,4657.96,Resolved,5
SV05007,H077,D056,2025-10-02,Corrective Maintenance,Software Error,Medium,9.0,4,Out of Warranty,29875.96,Resolved,5
SV05008,H007,D059,2024-11-17,Corrective Maintenance,Power Failure,High,11.3,2,Under Warranty,6729.91,Resolved,5
SV05009,H036,D053,2025-10-08,Preventive Maintenance,Mechanical Issue,High,4.4,9,Out of Warranty,12280.34,Resolved,3
SV05010,H016,D008,2026-05-02,Installation,Mechanical Issue,Medium,3.5,2,Out of Warranty,25926.02,Resolved,4
SV05011,H060,D004,2026-07-31,Installation,Connectivity,Low,5.5,5,Out of Warranty,9126.93,Resolved,4
SV05012,H027,D008,2026-02-15,Corrective Maintenance,Display Issue,Medium,4.8,5,Under Warranty,7120.34,Resolved,4
SV05013,H026,D053,2024-01-08,Corrective Maintenance,Calibration Issue,High,16.2,2,Under Warranty,9099.19,Resolved,4
SV05014,H078,D007,2026-04-12,Corrective Maintenance,Software Error,High,14.0,7,Under Warranty,10076.39,Resolved,4
SV05015,H018,D059,2024-07-06,Corrective Maintenance,Display Issue,Medium,7.2,1,Out of Warranty,33311.0,Resolved,4
SV05016,H087,D030,2024-06-09,Corrective Maintenance,Calibration Issue,High,13.9,7,Under Warranty,6126.07,Resolved,3
SV05017,H022,D036,2026-08-21,Corrective Maintenance,Mechanical Issue,Medium,5.2,2,Under Warranty,18950.67,Pending,5
SV05018,H097,D031,2025-05-16,Corrective Maintenance,Software Error,Medium,11.0,1,Out of Warranty,10506.48,Resolved,4
SV05019,H098,D019,2025-12-09,Installation,Battery Issue,Medium,1.9,3,Under Warranty,12729.5,Resolved,5
SV05020,H094,D055,2026-06-21,Corrective Maintenance,Image Quality,High,3.8,1,Under Warranty,11087.2,Resolved,4
SV05021,H054,D016,2025-09-13,Corrective Maintenance,Preventive Maintenance,Low,2.0,3,Under Warranty,12700.1,Resolved,5
SV05022,H026,D016,2025-10-16,Preventive Maintenance,Mechanical Issue,Low,4.4,3,Under Warranty,8205.06,Resolved,5
SV05023,H091,D022,2025-09-24,Corrective Maintenance,Battery Issue,Medium,11.1,2,Under Warranty,15262.2,Resolved,4
SV05024,H012,D028,2026-05-03,Corrective Maintenance,Connectivity,Low,3.6,3,Under Warranty,5310.85,Resolved,4
SV05025,H022,D033,2026-09-08,Preventive Maintenance,Battery Issue,Medium,2.2,2,Under Warranty,5333.06,Resolved,5
SV05026,H006,D057,2025-08-25,Preventive Maintenance,Mechanical Issue,Medium,12.2,4,Under Warranty,3884.84,Resolved,4
SV05027,H042,D014,2026-04-12,Corrective Maintenance,Battery Issue,Medium,7.4,1,Under Warranty,19826.0,Resolved,4
SV05028,H028,D021,2026-07-17,Corrective Maintenance,Display Issue,Medium,3.7,4,Under Warranty,14583.52,Resolved,4
SV05029,H087,D040,2025-01-30,Corrective Maintenance,Connectivity,Low,1.0,2,Under Warranty,7995.69,Resolved,4
SV05030,H060,D043,2026-07-11,Preventive Maintenance,Sensor/Probe Issue,High,6.0,2,Out of Warranty,4552.97,Resolved,5
SV05031,H066,D050,2026-04-15,Corrective Maintenance,Image Quality,Low,6.4,2,Under Warranty,5554.74,Resolved,5
SV05032,H072,D048,2025-09-22,Installation,Sensor/Probe Issue,Low,6.2,2,Out of Warranty,21205.02,Resolved,4
SV05033,H029,D059,2025-01-20,Corrective Maintenance,Display Issue,Medium,5.8,4,Under Warranty,6851.51,Pending,4
SV05034,H072,D056,2024-05-31,Corrective Maintenance,Connectivity,Critical,18.8,8,Out of Warranty,15705.42,Resolved,4
SV05035,H057,D039,2026-04-30,Installation,Software Error,Low,4.6,2,Under Warranty,3844.51,Resolved,5
SV05036,H058,D059,2024-12-29,Preventive Maintenance,Power Failure,Medium,10.6,2,Under Warranty,6693.77,Resolved,4
SV05037,H074,D011,2024-05-28,Corrective Maintenance,Image Quality,Medium,21.7,2,Under Warranty,7016.57,Resolved,4
SV05038,H037,D030,2024-06-06,Preventive Maintenance,Sensor/Probe Issue,Medium,6.2,3,Under Warranty,5318.45,Resolved,4
SV05039,H018,D056,2024-11-10,Corrective Maintenance,Preventive Maintenance,Medium,7.7,5,Out of Warranty,20345.87,Resolved,5
SV05040,H039,D033,2025-09-26,Corrective Maintenance,Battery Issue,Low,0.8,1,Out of Warranty,37583.57,Resolved,5
SV05041,H071,D058,2026-04-02,Corrective Maintenance,Preventive Maintenance,Low,21.2,2,Out of Warranty,32959.72,Resolved,4
SV05042,H036,D060,2026-01-04,Corrective Maintenance,Display Issue,Medium,6.4,2,Out of Warranty,23697.13,Resolved,4
SV05043,H091,D021,2025-02-20,Corrective Maintenance,Software Error,Medium,7.6,5,Under Warranty,6384.76,Resolved,4
SV05044,H024,D036,2026-07-30,Preventive Maintenance,Mechanical Issue,High,18.2,8,Under Warranty,2149.31,Resolved,4
SV05045,H054,D021,2024-05-23,Preventive Maintenance,Mechanical Issue,High,7.4,2,Under Warranty,2201.18,Resolved,4
SV05046,H079,D035,2025-02-21,Corrective Maintenance,Sensor/Probe Issue,Critical,1.9,12,Under Warranty,6175.58,Resolved,4
SV05047,H089,D009,2025-08-06,Preventive Maintenance,Power Failure,Medium,7.5,2,Under Warranty,3693.51,Resolved,5
SV05048,H065,D018,2024-01-31,Corrective Maintenance,Mechanical Issue,High,8.9,3,Under Warranty,19974.98,Resolved,4
SV05049,H059,D014,2024-01-26,Corrective Maintenance,Display Issue,Medium,3.9,3,Under Warranty,6758.01,Resolved,4
SV05050,H074,D020,2025-09-01,Preventive Maintenance,Calibration Issue,Medium,5.0,2,Out of Warranty,8202.33,Resolved,5
SV05051,H044,D018,2026-03-13,Installation,Image Quality,Medium,14.0,2,Out of Warranty,24618.72,Resolved,4
SV05052,H027,D057,2025-12-10,Corrective Maintenance,Image Quality,High,1.9,3,Out of Warranty,16226.01,Resolved,4
SV05053,H065,D027,2024-02-18,Installation,Image Quality,Medium,4.8,3,Under Warranty,10623.5,Resolved,5
SV05054,H030,D028,2025-07-04,Corrective Maintenance,Display Issue,Low,21.0,2,Under Warranty,11580.57,Resolved,4
SV05055,H099,D007,2026-03-22,Corrective Maintenance,Sensor/Probe Issue,Medium,6.3,6,Under Warranty,16340.89,Resolved,5
SV05056,H100,D012,2024-11-18,Corrective Maintenance,Image Quality,Medium,1.3,2,Under Warranty,17978.96,Pending,5
SV05057,H005,D043,2026-04-19,Corrective Maintenance,Preventive Maintenance,Low,8.2,1,Under Warranty,20200.92,Resolved,4
SV05058,H099,D007,2026-04-09,Preventive Maintenance,Mechanical Issue,Medium,0.8,4,Out of Warranty,13790.32,Resolved,4
SV05059,H058,D056,2026-09-08,Preventive Maintenance,Mechanical Issue,Medium,15.5,2,Under Warranty,2146.62,Resolved,4
SV05060,H087,D054,2026-08-20,Corrective Maintenance,Connectivity,Medium,1.4,1,Under Warranty,20934.46,Resolved,4
SV05061,H059,D021,2026-08-29,Preventive Maintenance,Preventive Maintenance,Medium,5.1,3,Under Warranty,2134.18,Resolved,4
SV05062,H040,D040,2024-10-20,Preventive Maintenance,Battery Issue,Medium,3.6,5,Under Warranty,7123.65,Resolved,4
SV05063,H062,D008,2026-08-25,Corrective Maintenance,Preventive Maintenance,High,10.1,6,Under Warranty,12921.33,Resolved,4
SV05064,H003,D049,2024-04-07,Preventive Maintenance,Battery Issue,Low,2.0,2,Out of Warranty,14519.14,Resolved,5
SV05065,H071,D010,2026-04-21,Preventive Maintenance,Mechanical Issue,Medium,2.3,4,Under Warranty,3051.89,Resolved,4
SV05066,H035,D020,2026-05-25,Corrective Maintenance,Sensor/Probe Issue,High,1.7,2,Out of Warranty,10717.86,Resolved,4
SV05067,H059,D033,2024-03-26,Preventive Maintenance,Connectivity,Critical,23.8,5,Under Warranty,4623.88,Resolved,4
SV05068,H081,D004,2026-08-30,Preventive Maintenance,Battery Issue,Medium,10.4,5,Out of Warranty,4732.79,Resolved,4
SV05069,H031,D045,2024-05-24,Preventive Maintenance,Image Quality,High,5.9,4,Under Warranty,6958.36,Resolved,4
SV05070,H072,D011,2024-11-12,Corrective Maintenance,Software Error,Medium,4.3,8,Out of Warranty,38161.13,Resolved,4
SV05071,H060,D023,2025-06-06,Corrective Maintenance,Software Error,Low,1.0,2,Under Warranty,15245.68,Pending,5
SV05072,H030,D025,2024-12-09,Corrective Maintenance,Calibration Issue,Low,8.5,2,Under Warranty,17716.54,Resolved,4
SV05073,H037,D023,2024-12-12,Preventive Maintenance,Software Error,Low,6.1,1,Out of Warranty,15380.22,Resolved,5
SV05074,H092,D027,2026-07-10,Installation,Power Failure,Medium,7.0,4,Out of Warranty,10880.76,Resolved,4
SV05075,H015,D057,2025-06-04,Installation,Battery Issue,Medium,2.8,2,Out of Warranty,11737.45,Resolved,5
SV05076,H046,D031,2025-07-18,Preventive Maintenance,Mechanical Issue,Low,3.0,2,Under Warranty,2973.85,Resolved,5
SV05077,H058,D059,2025-07-31,Corrective Maintenance,Sensor/Probe Issue,High,31.9,7,Under Warranty,12617.67,Resolved,3
SV05078,H013,D017,2025-02-23,Corrective Maintenance,Display Issue,Medium,7.7,2,Out of Warranty,27309.46,Resolved,4
SV05079,H030,D033,2024-03-19,Corrective Maintenance,Image Quality,Critical,10.6,11,Out of Warranty,11380.75,Resolved,3
SV05080,H056,D017,2024-04-29,Corrective Maintenance,Battery Issue,Low,2.2,2,Out of Warranty,26850.56,Resolved,5
SV05081,H005,D017,2024-10-31,Corrective Maintenance,Calibration Issue,Low,2.5,3,Out of Warranty,32215.28,Resolved,5
SV05082,H019,D035,2025-05-12,Preventive Maintenance,Software Error,Medium,20.6,4,Under Warranty,2836.44,Resolved,4
SV05083,H084,D041,2024-06-16,Corrective Maintenance,Battery Issue,Medium,8.3,5,Out of Warranty,11401.64,Resolved,4
SV05084,H072,D011,2025-07-15,Corrective Maintenance,Preventive Maintenance,High,9.9,5,Under Warranty,9560.6,Resolved,4
SV05085,H010,D028,2024-11-12,Corrective Maintenance,Image Quality,Low,1.3,3,Out of Warranty,17156.68,Resolved,5
SV05086,H007,D030,2024-11-07,Preventive Maintenance,Power Failure,Medium,18.7,3,Out of Warranty,10607.03,Resolved,4
SV05087,H068,D006,2025-09-07,Preventive Maintenance,Mechanical Issue,High,12.1,5,Out of Warranty,15467.53,Resolved,4
SV05088,H075,D054,2024-10-24,Corrective Maintenance,Software Error,Low,5.2,1,Out of Warranty,14728.06,Resolved,5
SV05089,H089,D014,2026-01-13,Corrective Maintenance,Power Failure,High,12.7,5,Out of Warranty,10926.47,Resolved,4
SV05090,H065,D030,2024-08-08,Corrective Maintenance,Connectivity,High,2.4,7,Under Warranty,11962.71,Resolved,4
SV05091,H087,D056,2024-01-30,Corrective Maintenance,Software Error,Medium,5.1,2,Out of Warranty,22443.22,Resolved,5
SV05092,H062,D032,2024-10-21,Installation,Image Quality,Critical,14.1,12,Out of Warranty,14370.27,Resolved,3
SV05093,H015,D021,2025-09-14,Preventive Maintenance,Image Quality,Medium,7.5,3,Out of Warranty,3998.38,Resolved,5
SV05094,H083,D035,2024-12-07,Corrective Maintenance,Mechanical Issue,Medium,2.9,3,Under Warranty,15572.32,Resolved,4
SV05095,H060,D045,2026-05-30,Corrective Maintenance,Image Quality,High,17.3,4,Out of Warranty,16379.0,Resolved,5
SV05096,H093,D036,2026-02-21,Corrective Maintenance,Image Quality,Medium,1.7,3,Out of Warranty,14261.16,Resolved,5
SV05097,H019,D044,2025-07-06,Preventive Maintenance,Connectivity,High,15.6,1,Under Warranty,7151.31,Resolved,4
SV05098,H022,D030,2025-04-05,Preventive Maintenance,Image Quality,Medium,15.2,2,Out of Warranty,5679.64,Resolved,4
SV05099,H048,D031,2025-03-21,Corrective Maintenance,Sensor/Probe Issue,Low,11.1,2,Under Warranty,10300.41,Resolved,5
SV05100,H006,D022,2025-09-14,Corrective Maintenance,Image Quality,High,12.4,6,Under Warranty,20233.31,Resolved,4
SV05101,H048,D028,2024-12-01,Corrective Maintenance,Connectivity,Medium,5.3,1,Under Warranty,19588.4,Resolved,4
SV05102,H005,D050,2026-03-01,Corrective Maintenance,Battery Issue,Medium,9.6,5,Under Warranty,17560.93,Resolved,4
SV05103,H048,D014,2024-11-21,Preventive Maintenance,Mechanical Issue,Medium,28.1,3,Out of Warranty,5757.03,Resolved,4
SV05104,H097,D040,2024-11-22,Preventive Maintenance,Calibration Issue,High,4.8,3,Out of Warranty,11997.88,Resolved,5
SV05105,H048,D025,2025-03-15,Corrective Maintenance,Calibration Issue,Medium,9.5,5,Under Warranty,8182.4,Resolved,5
SV05106,H052,D049,2024-09-26,Corrective Maintenance,Power Failure,Low,6.5,4,Out of Warranty,10081.34,Resolved,5
SV05107,H075,D060,2025-11-27,Preventive Maintenance,Power Failure,Medium,7.9,5,Under Warranty,8273.88,Resolved,4
SV05108,H062,D042,2025-07-31,Corrective Maintenance,Power Failure,High,23.9,2,Out of Warranty,26508.63,Resolved,4
SV05109,H023,D018,2024-04-23,Corrective Maintenance,Image Quality,Medium,6.7,4,Under Warranty,15572.08,Resolved,4
SV05110,H091,D060,2025-09-25,Preventive Maintenance,Mechanical Issue,High,8.7,5,Under Warranty,5595.8,Resolved,5
SV05111,H081,D054,2024-08-20,Corrective Maintenance,Sensor/Probe Issue,High,20.5,6,Out of Warranty,13762.28,Pending,4
SV05112,H082,D040,2024-06-11,Installation,Display Issue,High,10.5,3,Out of Warranty,20306.37,Resolved,4
SV05113,H071,D005,2024-04-07,Preventive Maintenance,Sensor/Probe Issue,Low,3.3,2,Under Warranty,4435.92,Resolved,4
SV05114,H036,D042,2024-03-01,Corrective Maintenance,Software Error,Medium,15.9,2,Out of Warranty,9604.8,Resolved,4
SV05115,H010,D053,2024-04-12,Corrective Maintenance,Mechanical Issue,Low,2.7,1,Under Warranty,12661.27,Resolved,5
SV05116,H045,D057,2026-05-12,Corrective Maintenance,Software Error,Low,6.3,1,Under Warranty,9455.7,Resolved,4
SV05117,H084,D027,2025-12-15,Corrective Maintenance,Display Issue,Medium,6.3,8,Under Warranty,16127.61,Resolved,4
SV05118,H033,D060,2024-01-06,Corrective Maintenance,Display Issue,Medium,11.3,4,Under Warranty,14345.6,Resolved,4
SV05119,H070,D013,2025-05-21,Preventive Maintenance,Software Error,Low,5.7,1,Under Warranty,3548.43,Resolved,5
SV05120,H052,D018,2025-04-25,Corrective Maintenance,Battery Issue,Medium,16.2,1,Out of Warranty,12333.2,Resolved,5
SV05121,H007,D040,2025-11-25,Corrective Maintenance,Sensor/Probe Issue,Medium,6.6,6,Out of Warranty,22658.18,Resolved,4
SV05122,H055,D034,2025-05-12,Corrective Maintenance,Sensor/Probe Issue,Medium,1.8,2,Under Warranty,16740.2,Resolved,5
SV05123,H033,D024,2024-10-27,Preventive Maintenance,Display Issue,High,3.8,2,Under Warranty,8185.19,Resolved,4
SV05124,H074,D026,2026-06-28,Corrective Maintenance,Calibration Issue,Medium,9.0,5,Out of Warranty,28501.46,Resolved,4
SV05125,H017,D049,2026-02-17,Corrective Maintenance,Power Failure,Medium,6.5,2,Out of Warranty,16358.22,Resolved,3
SV05126,H075,D029,2024-11-07,Preventive Maintenance,Preventive Maintenance,Medium,8.5,2,Under Warranty,6111.14,Resolved,4
SV05127,H066,D057,2024-01-14,Preventive Maintenance,Calibration Issue,Medium,4.4,2,Out of Warranty,11178.62,Resolved,4
SV05128,H069,D021,2025-05-15,Installation,Software Error,Medium,7.0,3,Under Warranty,3669.71,Pending,4
SV05129,H072,D046,2025-11-01,Corrective Maintenance,Software Error,Low,3.2,2,Out of Warranty,28910.41,Resolved,4
SV05130,H047,D046,2025-10-25,Preventive Maintenance,Display Issue,High,7.6,4,Out of Warranty,9644.89,Resolved,5
SV05131,H039,D050,2025-04-10,Corrective Maintenance,Sensor/Probe Issue,Critical,15.3,4,Out of Warranty,35192.26,Resolved,4
SV05132,H062,D007,2026-02-25,Corrective Maintenance,Software Error,Medium,7.5,2,Under Warranty,14551.22,Resolved,5
SV05133,H014,D060,2025-07-30,Corrective Maintenance,Sensor/Probe Issue,Low,5.6,3,Under Warranty,8990.45,Resolved,4
SV05134,H033,D013,2026-08-26,Corrective Maintenance,Calibration Issue,High,7.7,3,Under Warranty,18955.5,Resolved,4
SV05135,H051,D032,2025-01-11,Corrective Maintenance,Mechanical Issue,Medium,13.9,3,Under Warranty,10813.59,Resolved,4
SV05136,H033,D049,2025-08-01,Corrective Maintenance,Software Error,Low,5.9,3,Out of Warranty,35324.43,Resolved,3
SV05137,H007,D026,2025-02-05,Preventive Maintenance,Image Quality,High,10.2,3,Under Warranty,2657.94,Resolved,4
SV05138,H058,D027,2025-09-21,Corrective Maintenance,Power Failure,Medium,4.3,2,Out of Warranty,19466.05,Resolved,4
SV05139,H099,D049,2026-03-09,Corrective Maintenance,Battery Issue,Medium,16.4,1,Under Warranty,9263.43,Resolved,4
SV05140,H047,D009,2026-05-24,Corrective Maintenance,Battery Issue,High,2.8,1,Out of Warranty,32905.15,Resolved,5
SV05141,H039,D032,2025-06-18,Corrective Maintenance,Connectivity,Medium,5.9,3,Under Warranty,16745.91,Resolved,4
SV05142,H091,D008,2026-02-01,Preventive Maintenance,Power Failure,High,5.7,2,Under Warranty,4888.97,Resolved,4
SV05143,H071,D019,2024-12-24,Installation,Display Issue,Medium,13.0,3,Out of Warranty,21835.66,Resolved,4
SV05144,H015,D048,2025-08-04,Preventive Maintenance,Sensor/Probe Issue,Medium,6.1,6,Under Warranty,2108.64,Resolved,4
SV05145,H055,D017,2024-03-16,Preventive Maintenance,Software Error,High,6.4,4,Under Warranty,8742.1,Resolved,4
SV05146,H060,D043,2025-03-04,Corrective Maintenance,Software Error,Low,1.9,1,Out of Warranty,16019.05,Resolved,5
SV05147,H068,D009,2024-09-07,Preventive Maintenance,Connectivity,High,21.5,3,Out of Warranty,15702.2,Resolved,5
SV05148,H051,D027,2025-11-11,Corrective Maintenance,Image Quality,Medium,3.5,4,Under Warranty,15243.61,Resolved,4
SV05149,H059,D020,2024-02-13,Preventive Maintenance,Connectivity,High,3.5,6,Under Warranty,7635.6,Resolved,4
SV05150,H063,D034,2024-09-24,Preventive Maintenance,Calibration Issue,Medium,4.9,2,Under Warranty,4486.96,Resolved,4
SV05151,H057,D059,2024-11-07,Corrective Maintenance,Mechanical Issue,Medium,9.2,2,Out of Warranty,31457.06,Resolved,5
SV05152,H098,D033,2024-02-14,Corrective Maintenance,Image Quality,Critical,33.6,16,Out of Warranty,15762.07,Resolved,3
SV05153,H029,D043,2025-09-18,Corrective Maintenance,Calibration Issue,Medium,7.7,4,Under Warranty,12452.67,Pending,3
SV05154,H020,D060,2024-08-26,Installation,Battery Issue,High,5.3,4,Out of Warranty,24521.22,Resolved,4
SV05155,H057,D011,2025-12-21,Preventive Maintenance,Software Error,Medium,6.2,1,Out of Warranty,14797.27,Pending,4
SV05156,H075,D014,2024-11-14,Corrective Maintenance,Calibration Issue,High,23.9,4,Under Warranty,12820.55,Resolved,3
SV05157,H015,D054,2025-02-13,Preventive Maintenance,Sensor/Probe Issue,Low,11.2,1,Out of Warranty,13174.16,Resolved,5
SV05158,H087,D034,2025-08-25,Installation,Image Quality,Critical,14.9,4,Under Warranty,6623.28,Resolved,4
SV05159,H022,D056,2025-04-05,Installation,Sensor/Probe Issue,Low,1.4,1,Under Warranty,7686.98,Resolved,4
SV05160,H051,D059,2025-12-31,Corrective Maintenance,Power Failure,Medium,2.6,2,Under Warranty,7188.19,Resolved,5
SV05161,H077,D022,2025-10-09,Preventive Maintenance,Software Error,Medium,7.9,2,Under Warranty,8455.02,Resolved,5
SV05162,H029,D010,2024-12-31,Preventive Maintenance,Mechanical Issue,High,4.7,7,Under Warranty,3503.72,Resolved,4
SV05163,H041,D055,2026-04-13,Corrective Maintenance,Calibration Issue,Critical,3.4,5,Under Warranty,16999.49,Resolved,4
SV05164,H094,D055,2025-11-16,Corrective Maintenance,Preventive Maintenance,High,27.8,3,Out of Warranty,11250.43,Resolved,4
SV05165,H010,D058,2026-07-04,Corrective Maintenance,Connectivity,Medium,0.5,2,Under Warranty,7616.12,Resolved,5
SV05166,H020,D022,2025-09-26,Corrective Maintenance,Battery Issue,Medium,5.0,1,Under Warranty,19786.27,Pending,5
SV05167,H014,D041,2026-03-02,Corrective Maintenance,Image Quality,High,25.6,7,Out of Warranty,11783.22,Resolved,4
SV05168,H048,D031,2025-05-12,Preventive Maintenance,Calibration Issue,Low,3.9,3,Under Warranty,4529.08,Resolved,4
SV05169,H055,D003,2025-07-12,Corrective Maintenance,Mechanical Issue,Low,1.5,2,Out of Warranty,13874.0,Resolved,3
SV05170,H084,D047,2024-06-12,Corrective Maintenance,Connectivity,High,3.9,2,Under Warranty,6855.38,Resolved,5
SV05171,H066,D041,2026-08-29,Preventive Maintenance,Mechanical Issue,Low,7.9,2,Out of Warranty,14526.89,Resolved,4
SV05172,H029,D044,2026-06-17,Installation,Software Error,High,6.2,1,Under Warranty,11764.99,Resolved,5
SV05173,H040,D037,2026-09-22,Corrective Maintenance,Mechanical Issue,Low,11.4,2,Out of Warranty,29548.88,Resolved,5
SV05174,H076,D036,2026-03-27,Corrective Maintenance,Image Quality,High,7.7,2,Out of Warranty,17785.32,Resolved,4
SV05175,H076,D002,2024-06-18,Corrective Maintenance,Image Quality,High,9.6,2,Under Warranty,18845.34,Resolved,4
SV05176,H008,D060,2025-01-02,Corrective Maintenance,Display Issue,High,14.9,3,Out of Warranty,29379.83,Resolved,5
SV05177,H055,D015,2025-07-25,Preventive Maintenance,Software Error,Medium,3.3,5,Out of Warranty,12069.41,Resolved,5
SV05178,H026,D047,2025-10-05,Corrective Maintenance,Software Error,High,8.3,2,Under Warranty,18627.65,Resolved,4
SV05179,H044,D054,2025-04-05,Corrective Maintenance,Image Quality,Medium,5.9,5,Out of Warranty,36540.96,Resolved,5
SV05180,H079,D010,2026-01-19,Corrective Maintenance,Image Quality,High,3.5,6,Under Warranty,15889.22,Resolved,4
SV05181,H012,D006,2026-02-17,Corrective Maintenance,Battery Issue,Medium,11.1,2,Out of Warranty,13183.08,Resolved,4
SV05182,H039,D032,2026-04-05,Preventive Maintenance,Sensor/Probe Issue,Medium,2.4,1,Under Warranty,5804.42,Resolved,5
SV05183,H080,D046,2024-06-14,Installation,Sensor/Probe Issue,Medium,3.2,3,Out of Warranty,24843.38,Resolved,4
SV05184,H065,D040,2025-09-02,Preventive Maintenance,Image Quality,Medium,8.2,3,Out of Warranty,9972.97,Resolved,5
SV05185,H081,D053,2026-06-10,Corrective Maintenance,Power Failure,Medium,4.5,1,Under Warranty,11569.46,Resolved,5
SV05186,H061,D056,2024-04-25,Corrective Maintenance,Image Quality,Medium,4.8,4,Under Warranty,8532.3,Resolved,4
SV05187,H059,D033,2024-01-27,Corrective Maintenance,Calibration Issue,Low,5.4,3,Under Warranty,5139.61,Resolved,5
SV05188,H057,D058,2026-04-11,Corrective Maintenance,Power Failure,Medium,3.3,3,Out of Warranty,12392.53,Resolved,5
SV05189,H045,D046,2025-07-04,Corrective Maintenance,Display Issue,Medium,6.3,4,Out of Warranty,36688.95,Resolved,3
SV05190,H062,D017,2025-11-24,Corrective Maintenance,Calibration Issue,Medium,7.4,3,Out of Warranty,35441.44,Resolved,5
SV05191,H095,D001,2024-12-18,Preventive Maintenance,Power Failure,High,9.1,5,Out of Warranty,8440.62,Resolved,4
SV05192,H006,D011,2026-02-01,Corrective Maintenance,Calibration Issue,Medium,7.9,1,Out of Warranty,14413.44,Resolved,4
SV05193,H027,D027,2024-12-17,Corrective Maintenance,Software Error,Medium,7.2,2,Out of Warranty,19548.39,Resolved,5
SV05194,H087,D002,2025-01-02,Installation,Image Quality,High,17.7,3,Out of Warranty,15181.76,Resolved,4
SV05195,H084,D004,2025-02-08,Preventive Maintenance,Image Quality,Low,3.2,3,Out of Warranty,11985.49,Resolved,4
SV05196,H051,D054,2026-02-25,Corrective Maintenance,Display Issue,High,8.4,3,Out of Warranty,30233.22,Resolved,4
SV05197,H016,D013,2025-05-07,Corrective Maintenance,Image Quality,Critical,9.2,4,Under Warranty,11866.72,Resolved,5
SV05198,H008,D027,2024-07-06,Preventive Maintenance,Display Issue,High,20.4,3,Out of Warranty,5505.63,Resolved,4
SV05199,H030,D047,2024-07-19,Corrective Maintenance,Software Error,Medium,3.1,3,Under Warranty,7968.37,Resolved,4
SV05200,H009,D013,2026-01-07,Corrective Maintenance,Calibration Issue,Medium,11.1,1,Under Warranty,16974.1,Resolved,5
SV05201,H070,D003,2024-07-26,Preventive Maintenance,Power Failure,Medium,4.7,2,Under Warranty,8143.51,Resolved,4
SV05202,H018,D053,2025-12-28,Corrective Maintenance,Sensor/Probe Issue,Critical,5.7,7,Out of Warranty,38077.87,Resolved,4
SV05203,H019,D019,2026-02-21,Preventive Maintenance,Preventive Maintenance,High,28.8,4,Under Warranty,4088.9,Resolved,3
SV05204,H045,D050,2026-01-22,Corrective Maintenance,Preventive Maintenance,Critical,3.2,3,Out of Warranty,27082.31,Resolved,4
SV05205,H048,D010,2025-06-26,Preventive Maintenance,Software Error,Medium,5.4,1,Under Warranty,2645.75,Resolved,4
SV05206,H050,D030,2026-03-21,Corrective Maintenance,Software Error,Medium,32.9,2,Under Warranty,12879.29,Pending,4
SV05207,H005,D047,2024-07-26,Corrective Maintenance,Display Issue,Critical,11.5,2,Under Warranty,14143.44,Resolved,4
SV05208,H056,D004,2025-12-14,Corrective Maintenance,Mechanical Issue,Low,6.2,1,Under Warranty,12319.36,Resolved,4
SV05209,H013,D009,2025-12-02,Corrective Maintenance,Preventive Maintenance,Medium,11.2,2,Out of Warranty,26739.5,Resolved,4
SV05210,H019,D016,2026-03-17,Installation,Software Error,High,12.3,4,Out of Warranty,11555.59,Resolved,4
SV05211,H060,D028,2025-08-06,Corrective Maintenance,Image Quality,Critical,4.8,6,Under Warranty,18291.64,Resolved,4
SV05212,H005,D054,2024-03-29,Corrective Maintenance,Image Quality,Medium,8.6,10,Out of Warranty,35063.45,Resolved,4
SV05213,H030,D025,2024-08-13,Corrective Maintenance,Image Quality,Medium,11.4,3,Out of Warranty,24319.06,Resolved,4
SV05214,H028,D037,2026-07-05,Preventive Maintenance,Sensor/Probe Issue,Low,10.3,2,Out of Warranty,15387.62,Resolved,4
SV05215,H048,D039,2025-02-04,Corrective Maintenance,Sensor/Probe Issue,Low,2.7,2,Under Warranty,16628.27,Resolved,4
SV05216,H084,D001,2026-07-22,Preventive Maintenance,Battery Issue,Low,7.2,3,Out of Warranty,9558.38,Resolved,5
SV05217,H009,D028,2025-12-17,Preventive Maintenance,Image Quality,High,36.0,3,Out of Warranty,15812.09,Resolved,4
SV05218,H070,D004,2025-03-05,Corrective Maintenance,Sensor/Probe Issue,High,22.1,4,Out of Warranty,15107.69,Resolved,4
SV05219,H075,D029,2025-02-22,Preventive Maintenance,Display Issue,High,6.5,4,Out of Warranty,12919.37,Resolved,4
SV05220,H028,D023,2025-12-01,Preventive Maintenance,Calibration Issue,High,18.4,4,Under Warranty,5075.86,Resolved,4
SV05221,H077,D031,2026-02-15,Preventive Maintenance,Calibration Issue,High,12.6,6,Out of Warranty,10346.62,Resolved,4
SV05222,H089,D021,2024-04-02,Corrective Maintenance,Battery Issue,Low,10.6,1,Under Warranty,6920.33,Resolved,4
SV05223,H033,D058,2024-12-11,Preventive Maintenance,Preventive Maintenance,High,3.4,4,Out of Warranty,11943.6,Resolved,4
SV05224,H073,D027,2024-05-18,Corrective Maintenance,Display Issue,High,12.7,2,Out of Warranty,33516.32,Resolved,3
SV05225,H085,D021,2024-08-03,Corrective Maintenance,Sensor/Probe Issue,Medium,23.0,1,Out of Warranty,27442.76,Resolved,3
SV05226,H066,D052,2026-02-15,Installation,Preventive Maintenance,Low,4.3,2,Out of Warranty,6997.56,Resolved,4
SV05227,H091,D011,2026-04-02,Corrective Maintenance,Sensor/Probe Issue,Low,3.5,1,Under Warranty,15752.29,Resolved,5
SV05228,H036,D037,2026-04-01,Corrective Maintenance,Image Quality,Low,7.7,2,Under Warranty,9763.13,Resolved,5
SV05229,H084,D004,2024-10-20,Corrective Maintenance,Calibration Issue,Critical,90.9,13,Under Warranty,7191.66,Resolved,2
SV05230,H003,D048,2026-02-22,Preventive Maintenance,Power Failure,High,16.1,1,Out of Warranty,6516.19,Resolved,5
SV05231,H038,D059,2024-10-09,Corrective Maintenance,Sensor/Probe Issue,High,12.8,14,Under Warranty,20522.53,Resolved,2
SV05232,H053,D015,2026-09-10,Corrective Maintenance,Image Quality,Medium,2.6,2,Out of Warranty,27581.31,Resolved,4
SV05233,H074,D036,2024-11-05,Preventive Maintenance,Software Error,High,21.8,5,Out of Warranty,15967.25,Pending,4
SV05234,H016,D015,2024-08-08,Preventive Maintenance,Power Failure,Low,4.0,2,Under Warranty,2243.49,Resolved,5
SV05235,H001,D055,2024-05-06,Corrective Maintenance,Mechanical Issue,High,3.6,6,Under Warranty,6925.86,Resolved,4
SV05236,H067,D060,2024-07-24,Corrective Maintenance,Sensor/Probe Issue,Low,1.9,1,Under Warranty,7349.12,Resolved,5
SV05237,H071,D049,2026-08-25,Corrective Maintenance,Image Quality,Medium,3.3,2,Out of Warranty,31513.44,Resolved,5
SV05238,H023,D046,2024-10-25,Preventive Maintenance,Sensor/Probe Issue,High,24.5,3,Under Warranty,6179.56,Resolved,4
SV05239,H015,D058,2026-03-23,Corrective Maintenance,Power Failure,High,5.2,2,Under Warranty,8336.86,Resolved,4
SV05240,H093,D016,2026-03-15,Corrective Maintenance,Power Failure,High,7.9,2,Under Warranty,18027.54,Resolved,4
SV05241,H054,D040,2024-01-27,Corrective Maintenance,Battery Issue,Critical,15.5,4,Under Warranty,6787.56,Resolved,5
SV05242,H016,D028,2026-06-21,Preventive Maintenance,Image Quality,Medium,10.5,2,Out of Warranty,6480.89,Resolved,4
SV05243,H016,D039,2025-04-11,Corrective Maintenance,Display Issue,Medium,2.3,2,Under Warranty,9173.07,Resolved,4
SV05244,H057,D045,2026-02-17,Corrective Maintenance,Image Quality,Medium,2.1,1,Under Warranty,16651.41,Resolved,5
SV05245,H016,D009,2024-02-11,Corrective Maintenance,Image Quality,Medium,22.3,2,Out of Warranty,13163.1,Resolved,4
SV05246,H025,D025,2026-03-19,Corrective Maintenance,Software Error,Medium,5.6,5,Under Warranty,15873.66,Resolved,4
SV05247,H026,D034,2024-03-10,Corrective Maintenance,Software Error,Low,9.3,1,Out of Warranty,24104.64,Resolved,4
SV05248,H055,D003,2024-03-13,Preventive Maintenance,Mechanical Issue,Low,1.8,2,Under Warranty,4064.45,Resolved,5
SV05249,H070,D042,2025-06-04,Corrective Maintenance,Connectivity,Low,12.9,1,Under Warranty,5556.3,Resolved,4
SV05250,H029,D057,2026-01-10,Corrective Maintenance,Image Quality,High,18.9,10,Out of Warranty,13456.55,Resolved,4
SV05251,H099,D055,2024-05-14,Preventive Maintenance,Software Error,Critical,18.4,4,Out of Warranty,9416.96,Resolved,4
SV05252,H040,D018,2024-09-25,Corrective Maintenance,Image Quality,Medium,0.7,6,Out of Warranty,18470.08,Resolved,4
SV05253,H046,D002,2024-03-05,Preventive Maintenance,Display Issue,Low,13.5,2,Under Warranty,5902.85,Resolved,5
SV05254,H093,D050,2025-08-04,Corrective Maintenance,Power Failure,Medium,3.2,3,Under Warranty,12414.58,Resolved,5
SV05255,H043,D030,2024-10-28,Corrective Maintenance,Display Issue,Low,5.7,3,Under Warranty,12859.1,Resolved,5
SV05256,H023,D032,2025-11-07,Preventive Maintenance,Calibration Issue,High,28.1,5,Under Warranty,6525.06,Resolved,3
SV05257,H018,D045,2026-08-08,Installation,Image Quality,Medium,10.4,1,Out of Warranty,17277.91,Resolved,4
SV05258,H069,D044,2026-01-06,Preventive Maintenance,Mechanical Issue,Medium,23.6,3,Under Warranty,8041.29,Pending,4
SV05259,H022,D004,2026-04-15,Preventive Maintenance,Sensor/Probe Issue,Critical,24.7,2,Out of Warranty,16205.85,Resolved,4
SV05260,H019,D046,2025-08-01,Preventive Maintenance,Battery Issue,High,19.7,3,Under Warranty,6562.89,Resolved,4
SV05261,H034,D007,2026-02-17,Corrective Maintenance,Connectivity,Medium,13.1,1,Out of Warranty,35299.86,Resolved,5
SV05262,H072,D060,2026-08-03,Corrective Maintenance,Battery Issue,Medium,2.8,3,Out of Warranty,21332.72,Resolved,4
SV05263,H031,D046,2025-05-06,Corrective Maintenance,Connectivity,Low,2.1,4,Out of Warranty,12147.97,Resolved,4
SV05264,H030,D052,2024-04-26,Corrective Maintenance,Display Issue,Medium,5.2,4,Under Warranty,18477.75,Resolved,4
SV05265,H035,D058,2024-08-10,Corrective Maintenance,Image Quality,Low,11.0,2,Out of Warranty,34637.69,Resolved,5
SV05266,H020,D030,2026-08-17,Preventive Maintenance,Image Quality,Low,7.3,1,Out of Warranty,12149.55,Resolved,4
SV05267,H015,D040,2026-02-24,Preventive Maintenance,Power Failure,Medium,3.5,2,Out of Warranty,14854.26,Resolved,4
SV05268,H092,D006,2026-06-10,Preventive Maintenance,Sensor/Probe Issue,Medium,3.4,2,Under Warranty,5923.23,Pending,4
SV05269,H015,D040,2024-07-31,Preventive Maintenance,Preventive Maintenance,Medium,2.4,4,Under Warranty,4610.43,Resolved,5
SV05270,H060,D018,2024-08-08,Preventive Maintenance,Connectivity,Medium,3.5,1,Under Warranty,2673.47,Resolved,5
SV05271,H054,D010,2026-01-23,Preventive Maintenance,Preventive Maintenance,Medium,5.1,4,Under Warranty,7052.58,Resolved,4
SV05272,H036,D036,2025-01-10,Preventive Maintenance,Connectivity,High,10.2,4,Under Warranty,6722.42,Resolved,4
SV05273,H081,D059,2024-06-22,Corrective Maintenance,Display Issue,Medium,5.8,2,Out of Warranty,10394.57,Resolved,4
SV05274,H088,D042,2024-02-05,Preventive Maintenance,Connectivity,Critical,20.8,4,Under Warranty,7599.48,Resolved,4
SV05275,H010,D049,2024-03-26,Preventive Maintenance,Software Error,Critical,6.4,4,Out of Warranty,3961.19,Resolved,4
SV05276,H047,D054,2026-01-09,Corrective Maintenance,Calibration Issue,Medium,9.4,4,Under Warranty,16772.83,Resolved,4
SV05277,H028,D033,2024-02-25,Installation,Mechanical Issue,Critical,5.2,3,Out of Warranty,13563.86,Resolved,5
SV05278,H053,D041,2025-01-29,Installation,Battery Issue,Low,14.0,1,Under Warranty,4719.31,Resolved,4
SV05279,H031,D007,2026-04-28,Installation,Preventive Maintenance,Low,3.2,3,Out of Warranty,24108.49,Resolved,5
SV05280,H077,D040,2025-11-01,Preventive Maintenance,Software Error,Medium,13.9,2,Out of Warranty,10054.53,Resolved,5
SV05281,H028,D038,2024-05-09,Installation,Image Quality,Medium,5.0,5,Under Warranty,12076.01,Resolved,4
SV05282,H021,D018,2024-06-06,Preventive Maintenance,Software Error,High,2.1,5,Out of Warranty,15754.51,Resolved,4
SV05283,H090,D053,2024-11-28,Corrective Maintenance,Power Failure,Medium,15.2,1,Out of Warranty,38102.99,Resolved,5
SV05284,H046,D056,2025-04-28,Corrective Maintenance,Calibration Issue,Medium,5.5,4,Under Warranty,18243.7,Resolved,4
SV05285,H070,D036,2025-05-27,Corrective Maintenance,Sensor/Probe Issue,Medium,7.4,2,Under Warranty,20499.81,Resolved,4
SV05286,H087,D021,2025-09-21,Corrective Maintenance,Preventive Maintenance,Low,7.6,3,Out of Warranty,23426.54,Pending,4
SV05287,H093,D001,2025-06-13,Preventive Maintenance,Sensor/Probe Issue,Low,3.1,4,Under Warranty,7487.55,Resolved,5
SV05288,H045,D021,2026-03-07,Corrective Maintenance,Sensor/Probe Issue,High,2.9,1,Under Warranty,7695.37,Resolved,5
SV05289,H020,D003,2025-07-31,Corrective Maintenance,Power Failure,Medium,2.7,3,Under Warranty,6519.51,Resolved,4
SV05290,H054,D015,2024-11-13,Corrective Maintenance,Connectivity,Medium,23.3,3,Under Warranty,5570.0,Resolved,4
SV05291,H007,D027,2026-05-17,Preventive Maintenance,Sensor/Probe Issue,Medium,3.6,1,Under Warranty,8022.12,Resolved,5
SV05292,H004,D030,2026-08-26,Corrective Maintenance,Software Error,Medium,3.1,3,Out of Warranty,37556.83,Resolved,4
SV05293,H023,D055,2024-11-20,Corrective Maintenance,Image Quality,High,3.5,11,Out of Warranty,15036.8,Resolved,3
SV05294,H080,D006,2024-02-12,Corrective Maintenance,Battery Issue,Medium,6.7,4,Out of Warranty,28710.14,Resolved,4
SV05295,H090,D027,2026-08-12,Corrective Maintenance,Image Quality,Medium,5.8,1,Under Warranty,20482.68,Resolved,4
SV05296,H082,D053,2026-05-09,Corrective Maintenance,Power Failure,Medium,1.9,1,Under Warranty,12775.49,Resolved,4
SV05297,H072,D060,2025-10-11,Corrective Maintenance,Power Failure,Low,9.9,1,Under Warranty,14779.11,Resolved,5
SV05298,H065,D015,2025-01-14,Installation,Image Quality,Medium,5.8,2,Under Warranty,11744.8,Resolved,4
SV05299,H095,D010,2026-01-07,Corrective Maintenance,Power Failure,Low,4.0,3,Under Warranty,17110.83,Resolved,4
SV05300,H056,D039,2026-03-05,Corrective Maintenance,Image Quality,Critical,9.8,20,Under Warranty,5408.86,Resolved,3
SV05301,H090,D001,2024-03-30,Corrective Maintenance,Preventive Maintenance,High,13.7,3,Under Warranty,18204.12,Resolved,4
SV05302,H072,D043,2025-04-17,Preventive Maintenance,Preventive Maintenance,Medium,3.7,1,Out of Warranty,12882.76,Resolved,5
SV05303,H009,D041,2025-10-18,Corrective Maintenance,Power Failure,Medium,6.7,2,Under Warranty,5473.96,Pending,5
SV05304,H002,D012,2025-01-10,Corrective Maintenance,Image Quality,Medium,3.0,1,Under Warranty,15608.39,Resolved,4
SV05305,H062,D059,2025-11-28,Corrective Maintenance,Calibration Issue,High,16.1,3,Under Warranty,8658.3,Resolved,5
SV05306,H096,D030,2026-06-18,Corrective Maintenance,Power Failure,Critical,16.0,5,Under Warranty,17866.02,Resolved,3
SV05307,H099,D058,2026-02-02,Corrective Maintenance,Software Error,High,23.3,2,Under Warranty,7335.46,Resolved,4
SV05308,H096,D004,2025-08-05,Corrective Maintenance,Mechanical Issue,Low,10.2,4,Out of Warranty,34394.05,Resolved,5
SV05309,H003,D025,2026-02-02,Corrective Maintenance,Power Failure,Medium,10.0,1,Under Warranty,16972.39,Resolved,4
SV05310,H055,D018,2026-01-20,Corrective Maintenance,Connectivity,Low,10.0,3,Out of Warranty,35967.65,Pending,4
SV05311,H049,D003,2024-03-18,Corrective Maintenance,Preventive Maintenance,Medium,7.2,2,Under Warranty,9538.04,Resolved,5
SV05312,H074,D003,2024-08-09,Corrective Maintenance,Power Failure,Medium,3.8,6,Out of Warranty,10515.37,Pending,5
SV05313,H010,D043,2024-03-25,Preventive Maintenance,Connectivity,Low,0.7,2,Under Warranty,3015.3,Resolved,4
SV05314,H023,D054,2025-11-06,Preventive Maintenance,Software Error,Low,0.5,1,Under Warranty,3007.18,Resolved,4
SV05315,H022,D043,2024-05-08,Corrective Maintenance,Battery Issue,Low,7.5,1,Out of Warranty,29219.49,Resolved,5
SV05316,H045,D025,2026-05-25,Preventive Maintenance,Calibration Issue,Medium,5.8,2,Under Warranty,6802.69,Resolved,4
SV05317,H021,D003,2025-07-06,Corrective Maintenance,Software Error,Medium,7.9,6,Under Warranty,20046.13,Resolved,5
SV05318,H068,D049,2026-05-24,Corrective Maintenance,Software Error,Critical,12.2,6,Out of Warranty,12066.48,Resolved,3
SV05319,H093,D042,2025-01-24,Corrective Maintenance,Battery Issue,Medium,1.9,1,Under Warranty,20437.51,Resolved,5
SV05320,H060,D003,2024-09-09,Corrective Maintenance,Software Error,Low,3.1,2,Out of Warranty,13825.49,Resolved,4
SV05321,H059,D044,2024-12-17,Preventive Maintenance,Image Quality,High,5.6,2,Under Warranty,8339.02,Resolved,4
SV05322,H032,D009,2026-08-06,Corrective Maintenance,Software Error,Medium,5.7,2,Out of Warranty,21851.14,Resolved,5
SV05323,H020,D053,2024-07-08,Preventive Maintenance,Battery Issue,High,4.8,3,Out of Warranty,13593.96,Pending,4
SV05324,H030,D002,2025-10-31,Corrective Maintenance,Calibration Issue,Medium,2.8,2,Under Warranty,12540.43,Pending,4
SV05325,H078,D037,2025-07-04,Corrective Maintenance,Sensor/Probe Issue,Medium,15.3,2,Under Warranty,15230.89,Resolved,5
SV05326,H088,D004,2026-01-25,Preventive Maintenance,Image Quality,Medium,10.2,3,Under Warranty,3186.39,Resolved,4
SV05327,H084,D056,2025-11-02,Corrective Maintenance,Preventive Maintenance,High,5.2,3,Under Warranty,15994.8,Resolved,4
SV05328,H019,D053,2026-03-07,Corrective Maintenance,Mechanical Issue,High,8.6,2,Under Warranty,6510.56,Resolved,5
SV05329,H075,D054,2024-08-13,Corrective Maintenance,Calibration Issue,Medium,13.9,3,Out of Warranty,25437.31,Resolved,5
SV05330,H035,D005,2024-12-21,Corrective Maintenance,Connectivity,Medium,7.1,1,Under Warranty,14894.37,Resolved,4
SV05331,H002,D052,2025-08-19,Corrective Maintenance,Software Error,Low,4.2,2,Out of Warranty,9582.85,Resolved,4
SV05332,H070,D034,2025-06-07,Corrective Maintenance,Connectivity,Medium,5.7,3,Under Warranty,18943.57,Resolved,4
SV05333,H010,D041,2026-08-21,Corrective Maintenance,Sensor/Probe Issue,Low,2.2,2,Under Warranty,5084.0,Resolved,4
SV05334,H028,D053,2024-04-11,Preventive Maintenance,Mechanical Issue,Medium,12.5,5,Out of Warranty,11970.94,Resolved,4
SV05335,H075,D005,2025-10-15,Preventive Maintenance,Power Failure,High,11.2,2,Out of Warranty,7429.33,Resolved,4
SV05336,H005,D011,2026-08-16,Corrective Maintenance,Power Failure,Low,5.5,1,Under Warranty,20560.58,Resolved,4
SV05337,H036,D015,2024-02-09,Corrective Maintenance,Mechanical Issue,High,5.2,4,Under Warranty,11533.1,Resolved,5
SV05338,H020,D018,2025-12-21,Installation,Mechanical Issue,Low,2.3,3,Under Warranty,6970.25,Resolved,5
SV05339,H002,D022,2025-05-25,Preventive Maintenance,Calibration Issue,Medium,5.7,5,Under Warranty,5464.56,Resolved,4
SV05340,H082,D019,2025-05-05,Installation,Software Error,Critical,8.4,4,Out of Warranty,25106.89,Pending,5
SV05341,H024,D018,2025-04-17,Corrective Maintenance,Mechanical Issue,Critical,7.1,5,Under Warranty,15373.31,Resolved,4
SV05342,H055,D040,2025-01-18,Preventive Maintenance,Image Quality,Low,1.3,4,Under Warranty,5548.87,Resolved,4
SV05343,H012,D004,2026-04-26,Corrective Maintenance,Preventive Maintenance,High,8.1,3,Under Warranty,9170.21,Resolved,4
SV05344,H022,D046,2025-10-31,Corrective Maintenance,Mechanical Issue,Low,7.8,3,Out of Warranty,15121.07,Resolved,4
SV05345,H014,D020,2024-08-03,Preventive Maintenance,Image Quality,High,6.5,3,Under Warranty,7576.84,Resolved,4
SV05346,H007,D023,2026-09-28,Preventive Maintenance,Preventive Maintenance,High,8.5,4,Under Warranty,2600.48,Resolved,4
SV05347,H017,D056,2025-09-16,Corrective Maintenance,Sensor/Probe Issue,Low,4.7,1,Out of Warranty,31679.34,Resolved,4
SV05348,H069,D025,2026-02-27,Corrective Maintenance,Image Quality,High,8.8,4,Out of Warranty,16049.49,Resolved,4
SV05349,H048,D034,2025-09-01,Installation,Power Failure,Medium,2.4,10,Out of Warranty,20876.49,Resolved,4
SV05350,H007,D006,2024-03-22,Corrective Maintenance,Mechanical Issue,High,14.2,6,Under Warranty,15344.14,Resolved,4
SV05351,H094,D047,2026-01-28,Preventive Maintenance,Battery Issue,High,3.7,5,Under Warranty,5897.76,Resolved,4
SV05352,H045,D048,2024-06-15,Installation,Mechanical Issue,Low,12.0,4,Under Warranty,12109.04,Resolved,5
SV05353,H060,D050,2025-03-09,Preventive Maintenance,Power Failure,Medium,1.7,1,Out of Warranty,16179.44,Resolved,4
SV05354,H088,D008,2026-09-17,Preventive Maintenance,Display Issue,Low,3.0,2,Under Warranty,5631.62,Resolved,5
SV05355,H076,D049,2026-03-21,Corrective Maintenance,Battery Issue,Medium,6.3,1,Under Warranty,10574.42,Resolved,4
SV05356,H051,D050,2025-09-01,Preventive Maintenance,Image Quality,Critical,10.4,5,Under Warranty,5108.45,Resolved,4
SV05357,H010,D001,2024-04-15,Preventive Maintenance,Preventive Maintenance,Low,8.8,2,Out of Warranty,11940.59,Resolved,4
SV05358,H004,D018,2026-08-27,Corrective Maintenance,Calibration Issue,High,3.8,3,Out of Warranty,12575.75,Resolved,5
SV05359,H048,D048,2024-03-09,Preventive Maintenance,Power Failure,Low,0.7,1,Under Warranty,3198.41,Resolved,4
SV05360,H060,D050,2025-05-04,Preventive Maintenance,Sensor/Probe Issue,High,1.9,2,Out of Warranty,16206.53,Resolved,5
SV05361,H063,D012,2024-01-24,Preventive Maintenance,Preventive Maintenance,High,18.8,4,Under Warranty,7140.9,Resolved,4
SV05362,H065,D033,2026-09-02,Corrective Maintenance,Image Quality,Medium,6.7,3,Under Warranty,10497.34,Resolved,4
SV05363,H078,D031,2024-02-05,Preventive Maintenance,Calibration Issue,Medium,12.4,3,Under Warranty,3269.07,Resolved,4
SV05364,H048,D006,2026-06-28,Installation,Image Quality,High,10.4,5,Out of Warranty,18061.03,Resolved,3
SV05365,H083,D001,2026-02-01,Preventive Maintenance,Preventive Maintenance,High,25.2,3,Under Warranty,4802.92,Resolved,4
SV05366,H064,D040,2024-11-07,Corrective Maintenance,Preventive Maintenance,Critical,12.9,5,Out of Warranty,32095.84,Resolved,4
SV05367,H038,D010,2026-05-22,Corrective Maintenance,Image Quality,High,23.0,3,Under Warranty,19480.16,Resolved,5
SV05368,H097,D030,2026-09-05,Preventive Maintenance,Calibration Issue,Medium,4.1,3,Out of Warranty,15873.41,Resolved,5
SV05369,H077,D002,2025-09-17,Corrective Maintenance,Software Error,Medium,11.0,3,Under Warranty,6407.7,Resolved,4
SV05370,H091,D048,2025-10-22,Installation,Connectivity,High,6.8,1,Out of Warranty,16975.68,Resolved,5
SV05371,H081,D034,2026-02-27,Corrective Maintenance,Connectivity,Low,3.4,1,Under Warranty,11012.79,Resolved,3
SV05372,H016,D044,2026-06-19,Corrective Maintenance,Power Failure,High,5.0,9,Under Warranty,14377.08,Resolved,4
SV05373,H025,D015,2025-08-21,Preventive Maintenance,Image Quality,High,4.3,6,Out of Warranty,10910.35,Resolved,4
SV05374,H024,D017,2026-06-11,Corrective Maintenance,Image Quality,Medium,2.4,5,Out of Warranty,22565.67,Resolved,4
SV05375,H069,D027,2024-08-13,Corrective Maintenance,Software Error,High,7.1,1,Under Warranty,8796.71,Resolved,4
SV05376,H037,D017,2025-05-30,Corrective Maintenance,Sensor/Probe Issue,High,7.9,3,Under Warranty,5767.34,Resolved,4
SV05377,H062,D002,2025-03-07,Preventive Maintenance,Power Failure,High,27.9,2,Under Warranty,5126.28,Resolved,4
SV05378,H032,D035,2024-10-31,Corrective Maintenance,Image Quality,Medium,23.0,2,Under Warranty,6722.88,Resolved,4
SV05379,H078,D036,2026-04-01,Preventive Maintenance,Power Failure,Low,2.7,1,Out of Warranty,8805.67,Resolved,5
SV05380,H079,D036,2026-05-26,Corrective Maintenance,Connectivity,Critical,12.8,4,Out of Warranty,19945.26,Resolved,4
SV05381,H015,D006,2024-02-28,Installation,Preventive Maintenance,Medium,1.7,2,Under Warranty,8694.64,Resolved,4
SV05382,H096,D053,2024-10-09,Preventive Maintenance,Battery Issue,High,5.3,2,Under Warranty,6196.29,Resolved,5
SV05383,H023,D047,2025-05-21,Corrective Maintenance,Calibration Issue,High,9.9,2,Under Warranty,19951.44,Resolved,5
SV05384,H045,D029,2025-07-23,Preventive Maintenance,Sensor/Probe Issue,Critical,8.9,4,Under Warranty,2400.79,Resolved,4
SV05385,H041,D001,2026-09-14,Corrective Maintenance,Battery Issue,Medium,8.2,7,Out of Warranty,28360.85,Resolved,4
SV05386,H005,D058,2025-12-30,Preventive Maintenance,Preventive Maintenance,Medium,6.2,7,Out of Warranty,15137.32,Resolved,4
SV05387,H068,D024,2024-06-24,Corrective Maintenance,Sensor/Probe Issue,Medium,15.6,5,Under Warranty,6654.39,Resolved,5
SV05388,H015,D028,2025-12-26,Corrective Maintenance,Battery Issue,Low,1.6,2,Out of Warranty,29156.63,Resolved,5
SV05389,H073,D004,2025-08-27,Corrective Maintenance,Sensor/Probe Issue,High,26.6,1,Out of Warranty,20629.41,Resolved,4
SV05390,H026,D053,2026-02-09,Corrective Maintenance,Software Error,Medium,7.6,2,Under Warranty,10748.99,Resolved,3
SV05391,H048,D040,2025-11-04,Preventive Maintenance,Mechanical Issue,Low,7.8,3,Under Warranty,7859.66,Resolved,4
SV05392,H022,D007,2025-12-02,Corrective Maintenance,Power Failure,Medium,18.0,3,Under Warranty,6809.56,Resolved,4
SV05393,H022,D026,2024-11-28,Preventive Maintenance,Connectivity,High,2.8,4,Out of Warranty,14511.09,Resolved,4
SV05394,H056,D051,2026-05-22,Corrective Maintenance,Image Quality,Medium,5.8,2,Under Warranty,18304.19,Resolved,4
SV05395,H044,D004,2026-02-02,Corrective Maintenance,Battery Issue,Medium,12.9,4,Under Warranty,5987.47,Resolved,3
SV05396,H042,D031,2025-01-13,Corrective Maintenance,Mechanical Issue,High,1.7,10,Under Warranty,15102.55,Resolved,4
SV05397,H079,D056,2025-03-17,Corrective Maintenance,Mechanical Issue,Medium,0.6,2,Out of Warranty,14039.18,Resolved,4
SV05398,H095,D007,2024-02-07,Preventive Maintenance,Image Quality,Medium,4.8,2,Out of Warranty,15026.11,Resolved,4
SV05399,H080,D024,2026-03-21,Installation,Sensor/Probe Issue,High,43.3,3,Under Warranty,13407.45,Resolved,4
SV05400,H064,D013,2025-05-03,Installation,Image Quality,High,3.4,8,Under Warranty,8753.85,Resolved,3
SV05401,H022,D049,2026-02-15,Corrective Maintenance,Preventive Maintenance,Medium,10.4,3,Under Warranty,10944.46,Resolved,4
SV05402,H089,D007,2024-11-01,Corrective Maintenance,Sensor/Probe Issue,Low,7.4,4,Under Warranty,6350.53,Resolved,3
SV05403,H035,D003,2025-02-03,Preventive Maintenance,Power Failure,Medium,3.8,7,Under Warranty,4372.32,Pending,3
SV05404,H028,D007,2025-05-25,Corrective Maintenance,Software Error,Medium,8.4,2,Under Warranty,14182.59,Resolved,4
SV05405,H057,D014,2026-06-21,Corrective Maintenance,Software Error,High,3.9,4,Out of Warranty,13737.74,Resolved,4
SV05406,H083,D013,2026-09-06,Corrective Maintenance,Connectivity,Low,3.2,2,Out of Warranty,20893.07,Resolved,5
SV05407,H014,D060,2024-01-31,Corrective Maintenance,Calibration Issue,High,17.5,2,Out of Warranty,15239.85,Resolved,4
SV05408,H008,D015,2024-08-10,Corrective Maintenance,Image Quality,Medium,14.7,1,Out of Warranty,34346.34,Resolved,5
SV05409,H014,D049,2025-02-27,Corrective Maintenance,Preventive Maintenance,High,10.5,4,Under Warranty,16196.02,Resolved,4
SV05410,H007,D014,2025-10-01,Preventive Maintenance,Connectivity,Low,4.0,5,Out of Warranty,11116.27,Resolved,4
SV05411,H075,D024,2026-02-26,Corrective Maintenance,Connectivity,High,7.7,4,Under Warranty,9285.51,Resolved,5
SV05412,H030,D054,2024-10-10,Corrective Maintenance,Preventive Maintenance,Medium,1.5,3,Out of Warranty,16360.18,Resolved,4
SV05413,H004,D031,2025-08-23,Preventive Maintenance,Mechanical Issue,Medium,7.8,2,Out of Warranty,7723.89,Resolved,4
SV05414,H084,D026,2024-07-20,Preventive Maintenance,Software Error,Medium,9.5,1,Out of Warranty,4824.31,Resolved,4
SV05415,H065,D002,2026-02-09,Preventive Maintenance,Image Quality,Medium,8.2,1,Under Warranty,3945.61,Resolved,5
SV05416,H066,D036,2026-09-23,Corrective Maintenance,Display Issue,Medium,1.9,2,Under Warranty,20720.45,Pending,5
SV05417,H089,D010,2025-01-19,Corrective Maintenance,Calibration Issue,Low,6.2,1,Out of Warranty,28580.57,Resolved,4
SV05418,H001,D025,2024-07-16,Preventive Maintenance,Calibration Issue,High,7.4,3,Under Warranty,3244.24,Resolved,5
SV05419,H010,D022,2025-03-29,Corrective Maintenance,Power Failure,Low,8.5,1,Out of Warranty,25803.97,Resolved,4
SV05420,H064,D034,2025-12-22,Corrective Maintenance,Battery Issue,Medium,17.4,1,Under Warranty,14700.81,Resolved,5
SV05421,H037,D039,2025-08-13,Preventive Maintenance,Connectivity,High,5.1,3,Out of Warranty,14240.12,Resolved,4
SV05422,H085,D036,2026-07-25,Corrective Maintenance,Software Error,Critical,16.0,6,Out of Warranty,12606.15,Resolved,4
SV05423,H037,D025,2025-07-06,Preventive Maintenance,Software Error,Low,9.1,2,Under Warranty,3577.62,Resolved,5
SV05424,H095,D004,2024-07-08,Installation,Display Issue,High,7.2,6,Out of Warranty,16489.73,Resolved,4
SV05425,H091,D059,2025-06-27,Corrective Maintenance,Display Issue,Medium,13.2,3,Under Warranty,18826.27,Resolved,4
SV05426,H008,D008,2025-10-20,Preventive Maintenance,Connectivity,High,8.0,4,Under Warranty,4911.5,Resolved,4
SV05427,H090,D039,2025-03-09,Preventive Maintenance,Calibration Issue,Medium,3.6,1,Out of Warranty,5326.03,Resolved,4
SV05428,H013,D035,2024-02-02,Corrective Maintenance,Mechanical Issue,Medium,3.6,2,Under Warranty,16470.99,Resolved,4
SV05429,H050,D017,2024-03-23,Preventive Maintenance,Display Issue,Medium,5.6,2,Under Warranty,5661.06,Resolved,4
SV05430,H011,D036,2025-06-24,Corrective Maintenance,Sensor/Probe Issue,Medium,6.8,2,Under Warranty,5398.51,Resolved,5
SV05431,H002,D057,2024-02-14,Corrective Maintenance,Calibration Issue,High,12.4,10,Out of Warranty,16842.07,Resolved,3
SV05432,H086,D058,2024-03-04,Corrective Maintenance,Sensor/Probe Issue,Medium,24.7,3,Out of Warranty,30450.36,Pending,5
SV05433,H065,D055,2026-05-25,Preventive Maintenance,Connectivity,High,6.4,2,Out of Warranty,6867.66,Resolved,4
SV05434,H022,D033,2025-10-30,Corrective Maintenance,Sensor/Probe Issue,Low,11.4,1,Under Warranty,17996.8,Resolved,4
SV05435,H034,D040,2024-11-16,Corrective Maintenance,Power Failure,Medium,2.7,3,Under Warranty,13442.27,Resolved,5
SV05436,H024,D055,2026-07-21,Preventive Maintenance,Power Failure,Medium,4.3,2,Out of Warranty,16050.04,Resolved,5
SV05437,H090,D006,2025-07-16,Corrective Maintenance,Sensor/Probe Issue,Medium,4.4,4,Under Warranty,19019.14,Resolved,4
SV05438,H024,D034,2024-09-20,Corrective Maintenance,Software Error,High,1.7,6,Under Warranty,10869.76,Resolved,4
SV05439,H065,D020,2025-12-01,Corrective Maintenance,Connectivity,Medium,0.6,1,Under Warranty,10637.77,Resolved,5
SV05440,H054,D046,2024-10-22,Preventive Maintenance,Connectivity,Medium,3.8,1,Under Warranty,8406.04,Resolved,5
SV05441,H083,D045,2026-09-11,Corrective Maintenance,Calibration Issue,Low,1.7,1,Under Warranty,12646.27,Resolved,5
SV05442,H059,D051,2025-03-30,Preventive Maintenance,Software Error,High,6.4,1,Under Warranty,5050.08,Resolved,5
SV05443,H039,D055,2024-02-12,Installation,Mechanical Issue,High,3.9,8,Out of Warranty,17835.62,Resolved,4
SV05444,H020,D024,2025-08-24,Corrective Maintenance,Calibration Issue,Critical,13.1,7,Out of Warranty,17894.13,Resolved,3
SV05445,H034,D005,2026-03-08,Corrective Maintenance,Software Error,Medium,4.8,1,Out of Warranty,29177.66,Resolved,4
SV05446,H077,D008,2024-07-27,Corrective Maintenance,Battery Issue,Low,5.5,3,Under Warranty,9529.49,Resolved,5
SV05447,H068,D003,2024-04-26,Corrective Maintenance,Image Quality,High,3.3,3,Out of Warranty,31395.58,Resolved,4
SV05448,H100,D027,2024-11-21,Preventive Maintenance,Image Quality,Medium,3.7,2,Out of Warranty,15075.31,Resolved,4
SV05449,H092,D031,2025-02-02,Corrective Maintenance,Power Failure,High,11.9,4,Out of Warranty,22806.7,Resolved,4
SV05450,H074,D043,2025-10-31,Corrective Maintenance,Sensor/Probe Issue,Low,2.9,2,Under Warranty,5328.07,Resolved,4
SV05451,H047,D025,2025-08-25,Installation,Software Error,Medium,12.3,1,Out of Warranty,15730.33,Resolved,4
SV05452,H057,D049,2024-06-11,Corrective Maintenance,Software Error,High,15.4,7,Under Warranty,10797.91,Resolved,4
SV05453,H043,D016,2024-12-16,Corrective Maintenance,Battery Issue,High,21.3,4,Under Warranty,9290.78,Resolved,4
SV05454,H048,D020,2024-01-23,Corrective Maintenance,Mechanical Issue,Medium,3.5,1,Under Warranty,17526.69,Resolved,5
SV05455,H053,D031,2024-12-26,Preventive Maintenance,Software Error,High,8.2,5,Out of Warranty,15411.84,Resolved,5
SV05456,H087,D025,2025-03-29,Corrective Maintenance,Software Error,Low,5.0,2,Out of Warranty,20516.01,Resolved,5
SV05457,H011,D002,2024-05-29,Preventive Maintenance,Mechanical Issue,High,3.6,1,Out of Warranty,15614.71,Resolved,5
SV05458,H058,D026,2024-10-30,Preventive Maintenance,Image Quality,High,9.7,8,Out of Warranty,12414.13,Pending,5
SV05459,H014,D010,2024-04-29,Corrective Maintenance,Mechanical Issue,High,21.4,8,Out of Warranty,19692.74,Resolved,4
SV05460,H007,D017,2024-04-01,Preventive Maintenance,Preventive Maintenance,Medium,13.1,1,Under Warranty,2394.93,Resolved,4
SV05461,H040,D026,2025-05-14,Corrective Maintenance,Image Quality,Medium,11.2,4,Under Warranty,8464.37,Resolved,4
SV05462,H094,D017,2026-05-11,Corrective Maintenance,Software Error,Medium,11.5,2,Under Warranty,8113.24,Resolved,4
SV05463,H066,D036,2025-03-03,Corrective Maintenance,Battery Issue,Low,2.3,3,Under Warranty,8898.49,Resolved,5
SV05464,H028,D040,2026-02-03,Preventive Maintenance,Battery Issue,High,5.6,2,Under Warranty,5385.66,Resolved,4
SV05465,H058,D047,2026-06-03,Corrective Maintenance,Sensor/Probe Issue,Low,14.7,1,Under Warranty,18438.21,Resolved,4
SV05466,H076,D011,2024-11-12,Preventive Maintenance,Power Failure,Low,5.1,5,Out of Warranty,4741.27,Resolved,4
SV05467,H064,D051,2025-02-24,Corrective Maintenance,Connectivity,Medium,12.1,4,Under Warranty,6549.59,Resolved,5
SV05468,H081,D026,2024-02-11,Preventive Maintenance,Display Issue,Critical,20.0,9,Out of Warranty,5242.23,Resolved,4
SV05469,H052,D018,2024-08-24,Installation,Calibration Issue,Medium,11.8,1,Out of Warranty,24843.01,Resolved,5
SV05470,H024,D010,2024-01-16,Preventive Maintenance,Power Failure,High,2.5,4,Out of Warranty,14107.21,Resolved,4
SV05471,H077,D036,2025-04-13,Corrective Maintenance,Preventive Maintenance,High,20.5,2,Under Warranty,19397.8,Resolved,5
SV05472,H045,D002,2024-04-01,Corrective Maintenance,Power Failure,Medium,2.0,3,Under Warranty,5181.02,Resolved,5
SV05473,H067,D011,2026-04-21,Corrective Maintenance,Mechanical Issue,Medium,6.7,1,Under Warranty,7496.92,Resolved,4
SV05474,H034,D033,2026-03-01,Corrective Maintenance,Display Issue,Medium,18.3,1,Under Warranty,20541.66,Resolved,5
SV05475,H099,D036,2025-05-17,Preventive Maintenance,Mechanical Issue,Critical,3.3,4,Out of Warranty,7675.53,Resolved,5
SV05476,H074,D036,2025-09-16,Corrective Maintenance,Sensor/Probe Issue,High,10.5,4,Out of Warranty,10873.71,Resolved,5
SV05477,H046,D028,2024-03-23,Preventive Maintenance,Image Quality,Medium,13.8,2,Under Warranty,8387.18,Resolved,4
SV05478,H025,D050,2024-11-26,Corrective Maintenance,Software Error,High,15.1,1,Under Warranty,12412.4,Resolved,4
SV05479,H053,D039,2024-08-29,Corrective Maintenance,Image Quality,Medium,15.6,6,Out of Warranty,27446.68,Resolved,3
SV05480,H062,D003,2026-09-25,Preventive Maintenance,Calibration Issue,High,1.4,3,Under Warranty,2838.36,Resolved,4
SV05481,H099,D038,2024-08-25,Corrective Maintenance,Display Issue,Medium,19.8,1,Under Warranty,12708.33,Resolved,4
SV05482,H096,D059,2026-06-14,Corrective Maintenance,Sensor/Probe Issue,Low,28.9,1,Out of Warranty,34916.3,Resolved,4
SV05483,H061,D052,2026-01-05,Installation,Power Failure,High,22.5,6,Under Warranty,7442.76,Resolved,3
SV05484,H008,D052,2024-01-02,Corrective Maintenance,Mechanical Issue,High,23.6,2,Under Warranty,15735.44,Resolved,5
SV05485,H098,D039,2024-06-27,Corrective Maintenance,Software Error,Medium,0.8,3,Under Warranty,14569.3,Pending,3
SV05486,H091,D044,2026-05-19,Corrective Maintenance,Software Error,Medium,1.5,2,Under Warranty,16159.0,Resolved,5
SV05487,H072,D028,2024-08-08,Preventive Maintenance,Display Issue,High,16.1,8,Under Warranty,5858.64,Resolved,3
SV05488,H034,D015,2025-10-26,Corrective Maintenance,Sensor/Probe Issue,Low,3.3,2,Out of Warranty,30202.93,Resolved,4
SV05489,H026,D006,2025-05-10,Preventive Maintenance,Display Issue,Low,1.1,4,Under Warranty,3996.81,Resolved,3
SV05490,H057,D013,2026-04-10,Corrective Maintenance,Software Error,Low,1.3,5,Under Warranty,16293.67,Resolved,4
SV05491,H037,D035,2024-10-08,Corrective Maintenance,Sensor/Probe Issue,High,6.3,6,Under Warranty,7918.75,Resolved,4
SV05492,H075,D011,2026-06-13,Corrective Maintenance,Image Quality,Medium,10.2,3,Under Warranty,10034.45,Resolved,5
SV05493,H075,D035,2024-04-17,Corrective Maintenance,Preventive Maintenance,Medium,6.2,4,Out of Warranty,15286.37,Resolved,5
SV05494,H090,D020,2026-04-19,Preventive Maintenance,Connectivity,Low,2.4,2,Under Warranty,6555.5,Resolved,4
SV05495,H012,D039,2025-01-22,Corrective Maintenance,Sensor/Probe Issue,Medium,13.6,1,Out of Warranty,20956.57,Resolved,5
SV05496,H068,D041,2024-11-10,Corrective Maintenance,Calibration Issue,High,33.3,1,Out of Warranty,20234.4,Resolved,4
SV05497,H049,D043,2025-08-21,Preventive Maintenance,Calibration Issue,High,7.6,9,Under Warranty,7329.99,Resolved,4
SV05498,H069,D056,2026-08-22,Installation,Connectivity,Medium,14.1,2,Under Warranty,9736.13,Resolved,4
SV05499,H062,D048,2024-08-16,Corrective Maintenance,Calibration Issue,Low,1.6,2,Under Warranty,13357.78,Resolved,4
SV05500,H061,D020,2024-07-30,Corrective Maintenance,Sensor/Probe Issue,Medium,3.1,6,Under Warranty,8401.97,Resolved,4
SV05501,H097,D008,2025-09-23,Corrective Maintenance,Power Failure,Low,22.1,2,Under Warranty,5688.59,Pending,4
SV05502,H089,D031,2025-02-12,Installation,Sensor/Probe Issue,Low,6.1,1,Under Warranty,7017.06,Resolved,4
SV05503,H077,D044,2024-11-13,Preventive Maintenance,Software Error,Medium,2.8,3,Under Warranty,8177.87,Resolved,4
SV05504,H094,D006,2024-09-22,Corrective Maintenance,Battery Issue,High,6.0,2,Under Warranty,16234.25,Resolved,4
SV05505,H098,D043,2025-01-31,Corrective Maintenance,Preventive Maintenance,Medium,12.3,2,Out of Warranty,21183.38,Resolved,4
SV05506,H074,D016,2025-02-09,Corrective Maintenance,Display Issue,Medium,9.0,3,Out of Warranty,26238.19,Resolved,3
SV05507,H007,D025,2024-06-06,Corrective Maintenance,Mechanical Issue,High,16.9,3,Out of Warranty,36076.92,Resolved,4
SV05508,H033,D034,2025-12-06,Corrective Maintenance,Mechanical Issue,Low,4.9,2,Under Warranty,14272.88,Resolved,4
SV05509,H069,D057,2026-04-11,Corrective Maintenance,Software Error,Low,1.7,1,Under Warranty,16016.84,Resolved,5
SV05510,H031,D030,2026-06-03,Preventive Maintenance,Power Failure,Medium,0.7,1,Out of Warranty,5198.14,Resolved,5
SV05511,H022,D001,2024-05-06,Preventive Maintenance,Image Quality,Medium,9.9,2,Under Warranty,6401.5,Resolved,4
SV05512,H034,D022,2024-05-01,Corrective Maintenance,Calibration Issue,Medium,7.6,2,Under Warranty,13768.37,Resolved,4
SV05513,H086,D039,2026-03-30,Corrective Maintenance,Preventive Maintenance,High,15.7,3,Out of Warranty,37680.8,Resolved,4
SV05514,H099,D004,2024-05-22,Preventive Maintenance,Mechanical Issue,Critical,16.6,2,Under Warranty,2853.9,Resolved,4
SV05515,H006,D039,2025-09-11,Corrective Maintenance,Power Failure,High,7.2,2,Out of Warranty,24031.64,Resolved,5
SV05516,H040,D058,2026-09-25,Installation,Software Error,Medium,10.7,4,Out of Warranty,23793.18,Resolved,5
SV05517,H018,D033,2025-11-18,Installation,Software Error,High,13.2,2,Under Warranty,12523.63,Resolved,4
SV05518,H022,D032,2024-05-22,Preventive Maintenance,Power Failure,High,10.2,4,Under Warranty,8305.74,Resolved,4
SV05519,H067,D008,2024-09-01,Corrective Maintenance,Software Error,Medium,1.8,11,Under Warranty,6545.98,Resolved,4
SV05520,H039,D048,2026-04-08,Installation,Image Quality,Critical,19.7,5,Out of Warranty,8967.45,Pending,4
SV05521,H051,D045,2025-08-08,Corrective Maintenance,Sensor/Probe Issue,Medium,18.7,5,Under Warranty,18519.14,Resolved,4
SV05522,H022,D002,2024-04-03,Corrective Maintenance,Sensor/Probe Issue,Low,1.0,3,Out of Warranty,12504.98,Resolved,5
SV05523,H038,D048,2024-05-22,Preventive Maintenance,Display Issue,High,5.0,2,Under Warranty,5417.89,Resolved,4
SV05524,H035,D004,2025-05-06,Installation,Image Quality,Medium,6.3,2,Out of Warranty,13457.96,Resolved,5
SV05525,H023,D028,2025-05-19,Corrective Maintenance,Calibration Issue,Medium,9.4,2,Under Warranty,13427.19,Resolved,4
SV05526,H096,D039,2025-07-12,Corrective Maintenance,Power Failure,High,30.0,3,Out of Warranty,11444.36,Resolved,4
SV05527,H005,D059,2025-05-10,Preventive Maintenance,Calibration Issue,Medium,8.6,2,Under Warranty,7156.64,Resolved,4
SV05528,H036,D027,2025-01-18,Corrective Maintenance,Connectivity,Medium,16.3,5,Under Warranty,9174.24,Resolved,4
SV05529,H023,D002,2026-08-09,Corrective Maintenance,Power Failure,Medium,17.9,2,Under Warranty,18802.86,Resolved,5
SV05530,H038,D043,2024-08-14,Corrective Maintenance,Image Quality,Low,2.7,1,Under Warranty,13919.48,Resolved,5
SV05531,H011,D037,2025-02-04,Preventive Maintenance,Sensor/Probe Issue,High,21.2,5,Under Warranty,8292.16,Resolved,4
SV05532,H085,D033,2024-01-28,Corrective Maintenance,Power Failure,High,10.2,2,Under Warranty,5369.88,Resolved,4
SV05533,H098,D047,2026-06-18,Corrective Maintenance,Sensor/Probe Issue,Medium,15.6,6,Under Warranty,17079.75,Resolved,4
SV05534,H086,D030,2026-04-13,Corrective Maintenance,Software Error,Medium,6.0,3,Under Warranty,12772.14,Resolved,5
SV05535,H075,D048,2024-04-29,Corrective Maintenance,Display Issue,High,41.1,2,Out of Warranty,37440.27,Resolved,4
SV05536,H072,D002,2024-11-27,Preventive Maintenance,Sensor/Probe Issue,Low,11.1,3,Out of Warranty,7615.92,Resolved,4
SV05537,H051,D021,2025-10-24,Corrective Maintenance,Power Failure,High,10.4,1,Out of Warranty,29807.07,Resolved,4
SV05538,H024,D057,2024-05-26,Preventive Maintenance,Preventive Maintenance,Low,2.5,2,Out of Warranty,14287.88,Resolved,5
SV05539,H092,D042,2026-06-08,Preventive Maintenance,Calibration Issue,Medium,0.5,1,Under Warranty,3113.1,Resolved,5
SV05540,H018,D051,2025-12-11,Preventive Maintenance,Image Quality,Medium,6.0,4,Under Warranty,5480.77,Resolved,4
SV05541,H001,D001,2025-06-24,Corrective Maintenance,Mechanical Issue,High,23.9,1,Under Warranty,12620.42,Resolved,4
SV05542,H037,D012,2026-07-08,Corrective Maintenance,Connectivity,Medium,11.3,1,Under Warranty,7193.03,Resolved,5
SV05543,H043,D009,2024-03-16,Preventive Maintenance,Connectivity,High,4.8,1,Out of Warranty,12915.25,Resolved,4
SV05544,H080,D022,2024-05-23,Preventive Maintenance,Image Quality,High,3.8,2,Out of Warranty,10109.89,Resolved,4
SV05545,H033,D028,2024-12-16,Installation,Software Error,Low,4.9,2,Under Warranty,5668.03,Resolved,4
SV05546,H043,D025,2025-09-06,Corrective Maintenance,Mechanical Issue,Low,0.9,1,Under Warranty,15682.79,Resolved,4
SV05547,H022,D013,2024-12-22,Corrective Maintenance,Image Quality,Medium,7.5,2,Out of Warranty,26302.92,Resolved,4
SV05548,H027,D051,2025-12-10,Preventive Maintenance,Image Quality,Medium,5.8,1,Under Warranty,5961.75,Resolved,4
SV05549,H057,D031,2026-09-29,Preventive Maintenance,Power Failure,Low,3.2,2,Out of Warranty,16150.52,Resolved,4
SV05550,H084,D013,2026-09-11,Corrective Maintenance,Image Quality,Medium,3.8,3,Under Warranty,11398.4,Resolved,5
SV05551,H034,D059,2024-02-03,Preventive Maintenance,Sensor/Probe Issue,Medium,13.8,2,Out of Warranty,13795.12,Resolved,5
SV05552,H095,D050,2025-10-24,Preventive Maintenance,Sensor/Probe Issue,High,10.4,6,Out of Warranty,15590.48,Resolved,4
SV05553,H073,D058,2024-01-14,Preventive Maintenance,Connectivity,Critical,33.4,2,Out of Warranty,10689.34,Resolved,4
SV05554,H065,D021,2026-05-21,Corrective Maintenance,Battery Issue,Medium,1.7,4,Under Warranty,7336.72,Resolved,4
SV05555,H036,D006,2024-02-28,Corrective Maintenance,Calibration Issue,Critical,23.7,6,Under Warranty,8276.99,Resolved,4
SV05556,H091,D013,2024-03-14,Corrective Maintenance,Connectivity,Critical,15.7,7,Out of Warranty,9828.54,Resolved,4
SV05557,H088,D008,2024-01-28,Corrective Maintenance,Calibration Issue,High,6.4,3,Out of Warranty,12095.09,Resolved,4
SV05558,H092,D060,2025-11-19,Installation,Mechanical Issue,Medium,6.3,3,Under Warranty,13758.27,Resolved,4
SV05559,H066,D055,2025-01-13,Preventive Maintenance,Calibration Issue,High,9.3,2,Out of Warranty,5123.14,Resolved,4
SV05560,H012,D026,2024-04-01,Corrective Maintenance,Software Error,Low,6.6,2,Out of Warranty,33932.47,Resolved,4
SV05561,H095,D010,2024-06-12,Installation,Calibration Issue,High,4.3,3,Out of Warranty,22661.73,Resolved,4
SV05562,H065,D023,2026-07-30,Preventive Maintenance,Sensor/Probe Issue,High,4.1,2,Under Warranty,6453.36,Resolved,5
SV05563,H018,D050,2025-08-18,Preventive Maintenance,Sensor/Probe Issue,Low,17.8,2,Under Warranty,8648.24,Resolved,4
SV05564,H017,D027,2026-04-06,Preventive Maintenance,Connectivity,Low,8.9,1,Out of Warranty,12555.63,Resolved,4
SV05565,H055,D015,2024-06-06,Corrective Maintenance,Sensor/Probe Issue,Medium,3.2,3,Under Warranty,12652.73,Resolved,4
SV05566,H026,D011,2025-03-18,Corrective Maintenance,Software Error,Low,7.9,2,Out of Warranty,22221.97,Resolved,4
SV05567,H061,D022,2024-04-26,Preventive Maintenance,Sensor/Probe Issue,Critical,15.8,7,Under Warranty,4970.49,Resolved,4
SV05568,H086,D011,2026-04-28,Corrective Maintenance,Battery Issue,High,12.7,4,Out of Warranty,34805.72,Resolved,4
SV05569,H030,D054,2026-02-26,Corrective Maintenance,Software Error,Medium,7.3,2,Under Warranty,7316.87,Pending,4
SV05570,H024,D058,2025-12-19,Preventive Maintenance,Battery Issue,Medium,9.3,2,Under Warranty,8554.41,Resolved,4
SV05571,H087,D060,2024-11-26,Preventive Maintenance,Sensor/Probe Issue,Low,5.6,6,Out of Warranty,9130.06,Resolved,4
SV05572,H072,D017,2025-01-27,Corrective Maintenance,Battery Issue,Low,8.8,2,Out of Warranty,37123.79,Resolved,4
SV05573,H054,D004,2026-05-13,Corrective Maintenance,Image Quality,High,2.0,4,Under Warranty,8528.11,Resolved,5
SV05574,H089,D012,2025-02-06,Corrective Maintenance,Mechanical Issue,Medium,4.5,2,Out of Warranty,20988.87,Resolved,5
SV05575,H047,D014,2024-10-11,Corrective Maintenance,Sensor/Probe Issue,High,22.0,5,Out of Warranty,9504.76,Resolved,4
SV05576,H059,D050,2026-03-08,Corrective Maintenance,Calibration Issue,Medium,15.3,3,Out of Warranty,17799.05,Resolved,4
SV05577,H001,D008,2025-05-28,Corrective Maintenance,Connectivity,High,2.7,2,Under Warranty,16350.79,Resolved,4
SV05578,H031,D001,2024-12-23,Corrective Maintenance,Calibration Issue,Medium,7.2,2,Out of Warranty,17008.39,Resolved,5
SV05579,H061,D034,2025-01-12,Corrective Maintenance,Calibration Issue,High,11.8,11,Out of Warranty,24284.57,Resolved,3
SV05580,H020,D002,2024-06-08,Preventive Maintenance,Image Quality,Medium,4.6,3,Under Warranty,7602.26,Resolved,4
SV05581,H010,D032,2025-08-11,Preventive Maintenance,Image Quality,High,18.0,2,Under Warranty,7571.12,Resolved,5
SV05582,H001,D004,2026-04-01,Installation,Connectivity,High,10.5,5,Out of Warranty,12661.02,Resolved,4
SV05583,H095,D011,2024-06-03,Corrective Maintenance,Calibration Issue,Medium,7.3,2,Out of Warranty,12178.53,Resolved,4
SV05584,H008,D041,2024-04-12,Preventive Maintenance,Power Failure,High,4.0,1,Under Warranty,6046.6,Resolved,4
SV05585,H010,D007,2024-01-19,Corrective Maintenance,Power Failure,Low,9.3,3,Out of Warranty,33578.97,Resolved,4
SV05586,H043,D047,2025-10-31,Preventive Maintenance,Sensor/Probe Issue,Critical,15.7,5,Out of Warranty,5247.2,Resolved,4
SV05587,H095,D052,2025-09-28,Preventive Maintenance,Display Issue,High,5.7,4,Under Warranty,7641.92,Resolved,5
SV05588,H046,D041,2024-06-25,Corrective Maintenance,Power Failure,Medium,19.2,1,Out of Warranty,36632.4,Resolved,4
SV05589,H018,D029,2025-01-03,Preventive Maintenance,Display Issue,Medium,5.5,2,Under Warranty,6912.95,Resolved,4
SV05590,H036,D044,2024-11-02,Corrective Maintenance,Sensor/Probe Issue,Medium,1.5,3,Out of Warranty,15952.78,Resolved,5
SV05591,H048,D004,2024-10-07,Preventive Maintenance,Software Error,Medium,11.9,2,Under Warranty,2596.66,Resolved,5
SV05592,H032,D027,2024-11-19,Corrective Maintenance,Mechanical Issue,Low,0.9,1,Under Warranty,6389.92,Resolved,5
SV05593,H094,D052,2024-08-28,Preventive Maintenance,Power Failure,High,9.4,4,Under Warranty,2853.83,Resolved,5
SV05594,H003,D004,2024-05-07,Corrective Maintenance,Display Issue,Low,6.4,3,Under Warranty,12592.52,Resolved,4
SV05595,H033,D003,2025-08-19,Preventive Maintenance,Calibration Issue,Medium,22.1,2,Under Warranty,6037.43,Resolved,4
SV05596,H015,D008,2026-06-18,Corrective Maintenance,Image Quality,Medium,6.8,3,Out of Warranty,14679.84,Resolved,4
SV05597,H055,D023,2025-06-20,Corrective Maintenance,Image Quality,Medium,9.7,1,Under Warranty,9846.07,Resolved,5
SV05598,H088,D025,2025-10-24,Installation,Calibration Issue,Medium,4.4,1,Under Warranty,13020.23,Resolved,5
SV05599,H064,D047,2024-05-27,Preventive Maintenance,Image Quality,Medium,10.8,3,Out of Warranty,4236.13,Resolved,4
SV05600,H039,D053,2024-01-15,Preventive Maintenance,Preventive Maintenance,Medium,12.2,3,Under Warranty,2558.32,Resolved,4
SV05601,H100,D053,2024-05-06,Corrective Maintenance,Image Quality,Medium,9.0,3,Out of Warranty,23362.94,Resolved,4
SV05602,H021,D053,2025-10-30,Corrective Maintenance,Image Quality,High,21.4,7,Out of Warranty,28121.78,Resolved,4
SV05603,H034,D027,2025-11-30,Corrective Maintenance,Power Failure,High,0.5,6,Under Warranty,15603.26,Resolved,4
SV05604,H072,D046,2024-09-12,Corrective Maintenance,Calibration Issue,High,11.7,1,Under Warranty,17447.54,Resolved,5
SV05605,H032,D021,2025-05-01,Corrective Maintenance,Connectivity,Medium,3.2,5,Under Warranty,8130.09,Resolved,4
SV05606,H073,D042,2026-03-27,Installation,Software Error,Medium,3.9,2,Under Warranty,7527.61,Resolved,4
SV05607,H051,D004,2025-10-15,Corrective Maintenance,Image Quality,Medium,8.0,1,Out of Warranty,11255.56,Resolved,5
SV05608,H087,D046,2025-08-02,Corrective Maintenance,Connectivity,Medium,15.8,1,Under Warranty,5793.0,Pending,5
SV05609,H024,D041,2026-06-12,Preventive Maintenance,Sensor/Probe Issue,High,3.6,2,Out of Warranty,11979.73,Resolved,4
SV05610,H063,D047,2026-01-29,Preventive Maintenance,Display Issue,Low,5.9,2,Under Warranty,7682.93,Resolved,4
SV05611,H045,D038,2024-05-01,Preventive Maintenance,Display Issue,Critical,53.2,4,Under Warranty,6914.76,Resolved,4
SV05612,H036,D003,2024-07-12,Preventive Maintenance,Preventive Maintenance,High,6.8,6,Out of Warranty,6593.22,Resolved,4
SV05613,H095,D025,2026-06-28,Installation,Calibration Issue,High,9.4,3,Under Warranty,10761.25,Resolved,5
SV05614,H083,D029,2025-05-02,Corrective Maintenance,Power Failure,Medium,14.5,1,Under Warranty,18959.64,Resolved,4
SV05615,H011,D057,2024-10-04,Preventive Maintenance,Software Error,High,31.5,4,Under Warranty,3606.36,Resolved,4
SV05616,H098,D013,2026-08-19,Preventive Maintenance,Display Issue,High,18.3,2,Under Warranty,4849.93,Resolved,4
SV05617,H090,D049,2026-06-22,Preventive Maintenance,Connectivity,High,6.6,2,Under Warranty,4910.74,Resolved,3
SV05618,H031,D035,2024-04-05,Corrective Maintenance,Sensor/Probe Issue,Low,8.7,3,Under Warranty,12606.36,Resolved,4
SV05619,H099,D012,2025-09-21,Corrective Maintenance,Image Quality,Low,6.5,1,Under Warranty,18539.6,Resolved,5
SV05620,H043,D029,2025-07-28,Preventive Maintenance,Image Quality,Medium,0.5,1,Under Warranty,8693.63,Resolved,5
SV05621,H074,D025,2024-07-14,Preventive Maintenance,Calibration Issue,High,4.7,4,Under Warranty,8337.17,Pending,4
SV05622,H098,D047,2025-06-23,Installation,Mechanical Issue,Medium,5.6,3,Out of Warranty,22033.83,Resolved,5
SV05623,H003,D033,2025-10-09,Corrective Maintenance,Software Error,Low,9.6,1,Under Warranty,10006.02,Resolved,5
SV05624,H084,D049,2026-02-22,Installation,Software Error,High,58.5,4,Under Warranty,6717.38,Resolved,4
SV05625,H017,D023,2024-10-11,Preventive Maintenance,Software Error,High,1.9,2,Out of Warranty,11644.28,Resolved,5
SV05626,H100,D024,2024-08-31,Corrective Maintenance,Connectivity,High,12.4,4,Under Warranty,15929.93,Resolved,4
SV05627,H094,D024,2026-06-25,Preventive Maintenance,Power Failure,Low,14.2,5,Out of Warranty,11176.3,Resolved,4
SV05628,H064,D032,2025-03-01,Corrective Maintenance,Calibration Issue,Low,6.3,1,Out of Warranty,26043.45,Resolved,4
SV05629,H002,D015,2026-02-21,Corrective Maintenance,Mechanical Issue,High,21.5,3,Out of Warranty,27420.52,Resolved,4
SV05630,H007,D057,2025-11-19,Corrective Maintenance,Image Quality,High,14.1,4,Out of Warranty,25897.19,Resolved,4
SV05631,H017,D022,2024-06-02,Preventive Maintenance,Sensor/Probe Issue,High,19.7,1,Under Warranty,2545.32,Resolved,4
SV05632,H092,D014,2025-11-14,Preventive Maintenance,Mechanical Issue,Medium,4.1,5,Out of Warranty,7894.74,Resolved,5
SV05633,H005,D024,2024-12-30,Preventive Maintenance,Sensor/Probe Issue,Critical,20.3,9,Out of Warranty,11699.5,Resolved,3
SV05634,H100,D035,2025-09-12,Corrective Maintenance,Preventive Maintenance,Medium,1.2,3,Out of Warranty,22363.36,Resolved,4
SV05635,H011,D022,2024-12-31,Corrective Maintenance,Display Issue,Medium,4.7,1,Out of Warranty,17852.85,Resolved,5
SV05636,H012,D039,2025-04-23,Preventive Maintenance,Power Failure,High,12.1,2,Under Warranty,4459.57,Resolved,4
SV05637,H038,D028,2025-02-05,Preventive Maintenance,Power Failure,High,7.8,3,Under Warranty,3082.94,Resolved,5
SV05638,H050,D024,2025-01-29,Corrective Maintenance,Power Failure,High,12.4,6,Under Warranty,20569.3,Resolved,4
SV05639,H021,D012,2024-06-08,Corrective Maintenance,Display Issue,Low,5.3,2,Out of Warranty,27644.28,Resolved,4
SV05640,H053,D014,2024-05-03,Corrective Maintenance,Image Quality,Medium,5.3,3,Under Warranty,13729.6,Resolved,5
SV05641,H077,D045,2024-12-12,Installation,Software Error,Critical,3.3,8,Out of Warranty,16007.59,Resolved,4
SV05642,H046,D021,2025-05-03,Preventive Maintenance,Mechanical Issue,Low,8.9,2,Out of Warranty,12392.19,Pending,4
SV05643,H080,D009,2026-03-05,Corrective Maintenance,Sensor/Probe Issue,High,11.2,6,Out of Warranty,25514.52,Resolved,4
SV05644,H018,D057,2024-02-24,Preventive Maintenance,Battery Issue,Medium,8.1,3,Under Warranty,2794.35,Resolved,5
SV05645,H049,D043,2026-02-15,Corrective Maintenance,Calibration Issue,Low,7.2,2,Under Warranty,15598.79,Resolved,4
SV05646,H079,D049,2026-09-26,Corrective Maintenance,Power Failure,High,12.5,8,Out of Warranty,27972.04,Resolved,4
SV05647,H002,D017,2024-04-30,Installation,Software Error,Medium,9.4,3,Under Warranty,13970.0,Resolved,4
SV05648,H097,D036,2025-03-21,Corrective Maintenance,Sensor/Probe Issue,Medium,8.2,4,Under Warranty,5873.03,Resolved,4
SV05649,H035,D027,2024-08-12,Corrective Maintenance,Display Issue,Low,2.6,2,Under Warranty,11077.21,Resolved,5
SV05650,H034,D031,2024-08-02,Corrective Maintenance,Calibration Issue,High,3.6,3,Out of Warranty,24350.09,Resolved,4
SV05651,H034,D015,2025-05-02,Corrective Maintenance,Battery Issue,Medium,3.9,4,Out of Warranty,38416.94,Resolved,4
SV05652,H011,D021,2024-05-25,Preventive Maintenance,Power Failure,Medium,2.4,2,Under Warranty,6481.16,Resolved,4
SV05653,H025,D003,2026-08-08,Preventive Maintenance,Sensor/Probe Issue,Medium,3.4,4,Under Warranty,8604.07,Resolved,5
SV05654,H016,D007,2025-04-04,Corrective Maintenance,Software Error,Medium,14.2,5,Out of Warranty,34310.39,Resolved,5
SV05655,H043,D039,2025-08-09,Installation,Connectivity,Medium,19.3,2,Under Warranty,13172.82,Resolved,4
SV05656,H003,D040,2025-06-07,Preventive Maintenance,Image Quality,Medium,5.6,4,Out of Warranty,15577.82,Resolved,5
SV05657,H006,D059,2024-04-09,Preventive Maintenance,Sensor/Probe Issue,Critical,19.0,2,Under Warranty,7312.66,Resolved,4
SV05658,H029,D028,2024-09-18,Installation,Image Quality,Medium,6.4,2,Under Warranty,4666.15,Resolved,5
SV05659,H056,D014,2024-12-11,Corrective Maintenance,Image Quality,High,11.0,4,Under Warranty,12657.31,Resolved,5
SV05660,H023,D027,2025-12-27,Preventive Maintenance,Software Error,Medium,11.8,4,Out of Warranty,5431.93,Resolved,4
SV05661,H088,D037,2026-05-21,Corrective Maintenance,Mechanical Issue,Medium,7.6,2,Under Warranty,14481.03,Resolved,4
SV05662,H023,D039,2024-01-17,Preventive Maintenance,Software Error,Medium,7.6,3,Out of Warranty,8243.42,Resolved,5
SV05663,H098,D022,2026-08-13,Corrective Maintenance,Software Error,Medium,2.1,3,Under Warranty,14585.16,Resolved,5
SV05664,H086,D041,2025-01-08,Preventive Maintenance,Calibration Issue,Medium,5.5,3,Under Warranty,4120.52,Resolved,3
SV05665,H019,D039,2024-06-24,Preventive Maintenance,Sensor/Probe Issue,High,3.2,2,Out of Warranty,10799.39,Resolved,4
SV05666,H004,D010,2024-08-26,Preventive Maintenance,Mechanical Issue,High,1.2,3,Out of Warranty,5605.08,Resolved,4
SV05667,H066,D013,2026-03-29,Corrective Maintenance,Software Error,Medium,14.2,5,Under Warranty,12546.42,Resolved,4
SV05668,H094,D051,2024-09-30,Corrective Maintenance,Calibration Issue,High,13.7,6,Under Warranty,11283.02,Resolved,4
SV05669,H069,D051,2025-08-18,Corrective Maintenance,Display Issue,High,8.4,8,Out of Warranty,28418.43,Resolved,3
SV05670,H071,D001,2026-02-17,Corrective Maintenance,Calibration Issue,High,6.8,2,Under Warranty,17458.83,Resolved,4
SV05671,H098,D050,2024-02-13,Preventive Maintenance,Mechanical Issue,Low,8.5,4,Under Warranty,8375.06,Resolved,5
SV05672,H003,D024,2026-07-27,Preventive Maintenance,Calibration Issue,High,15.2,6,Under Warranty,8019.99,Resolved,4
SV05673,H051,D029,2026-09-12,Corrective Maintenance,Display Issue,High,16.7,4,Out of Warranty,26542.49,Resolved,4
SV05674,H075,D022,2025-02-17,Preventive Maintenance,Mechanical Issue,High,8.7,4,Out of Warranty,9727.55,Resolved,4
SV05675,H065,D058,2025-09-21,Installation,Image Quality,Critical,26.4,4,Out of Warranty,23905.57,Resolved,4
SV05676,H053,D060,2026-08-17,Corrective Maintenance,Image Quality,Medium,10.8,2,Under Warranty,10170.53,Resolved,4
SV05677,H046,D036,2026-06-14,Corrective Maintenance,Preventive Maintenance,Low,8.2,2,Out of Warranty,29486.35,Resolved,4
SV05678,H056,D050,2025-03-24,Installation,Preventive Maintenance,High,15.1,4,Out of Warranty,8761.1,Resolved,4
SV05679,H044,D020,2024-02-16,Preventive Maintenance,Power Failure,Low,10.9,3,Under Warranty,4106.09,Resolved,4
SV05680,H096,D033,2024-10-01,Corrective Maintenance,Power Failure,Medium,10.0,2,Out of Warranty,11987.31,Resolved,5
SV05681,H051,D035,2024-09-21,Corrective Maintenance,Software Error,High,3.6,6,Out of Warranty,35740.99,Resolved,4
SV05682,H039,D034,2025-05-02,Corrective Maintenance,Preventive Maintenance,Medium,12.9,3,Under Warranty,15011.12,Resolved,4
SV05683,H092,D050,2024-01-12,Corrective Maintenance,Sensor/Probe Issue,High,3.2,18,Out of Warranty,24355.11,Resolved,3
SV05684,H024,D002,2025-05-19,Corrective Maintenance,Connectivity,High,4.0,2,Out of Warranty,14450.24,Resolved,4
SV05685,H052,D058,2025-05-21,Corrective Maintenance,Power Failure,Medium,8.6,2,Out of Warranty,13726.54,Resolved,4
SV05686,H067,D026,2025-12-15,Installation,Sensor/Probe Issue,Medium,5.0,2,Out of Warranty,13525.74,Resolved,5
SV05687,H085,D013,2024-03-12,Preventive Maintenance,Connectivity,Low,5.4,1,Out of Warranty,13696.63,Resolved,4
SV05688,H013,D025,2026-04-05,Corrective Maintenance,Battery Issue,Medium,5.3,4,Under Warranty,7731.78,Resolved,4
SV05689,H045,D003,2024-03-06,Corrective Maintenance,Sensor/Probe Issue,Critical,8.6,9,Out of Warranty,29216.87,Resolved,4
SV05690,H076,D041,2026-03-17,Preventive Maintenance,Display Issue,Medium,11.5,2,Under Warranty,6203.13,Resolved,4
SV05691,H070,D022,2024-07-18,Preventive Maintenance,Calibration Issue,Medium,2.1,3,Under Warranty,6019.2,Resolved,4
SV05692,H014,D008,2026-01-25,Installation,Connectivity,Medium,4.1,2,Under Warranty,7098.53,Resolved,4
SV05693,H004,D028,2024-04-01,Corrective Maintenance,Display Issue,High,7.3,2,Under Warranty,7901.86,Resolved,3
SV05694,H050,D025,2024-07-28,Preventive Maintenance,Software Error,Critical,20.5,8,Under Warranty,5531.65,Resolved,4
SV05695,H064,D041,2025-08-18,Installation,Mechanical Issue,Low,1.6,1,Under Warranty,7105.68,Resolved,5
SV05696,H033,D045,2025-07-07,Corrective Maintenance,Sensor/Probe Issue,Critical,7.2,9,Under Warranty,20010.42,Resolved,3
SV05697,H028,D017,2024-01-02,Preventive Maintenance,Software Error,High,6.1,2,Under Warranty,4290.54,Resolved,4
SV05698,H056,D024,2024-01-23,Corrective Maintenance,Calibration Issue,Low,4.7,2,Under Warranty,19213.06,Resolved,5
SV05699,H096,D021,2026-06-03,Corrective Maintenance,Software Error,Low,0.9,2,Under Warranty,7307.85,Resolved,5
SV05700,H073,D025,2025-11-06,Preventive Maintenance,Battery Issue,Low,1.8,2,Under Warranty,3447.38,Resolved,4
SV05701,H062,D033,2026-04-14,Corrective Maintenance,Image Quality,Low,4.6,2,Under Warranty,13124.12,Resolved,5
SV05702,H002,D015,2026-05-09,Preventive Maintenance,Display Issue,Critical,6.9,6,Out of Warranty,7975.07,Resolved,3
SV05703,H095,D008,2025-07-02,Preventive Maintenance,Display Issue,Medium,10.0,4,Under Warranty,3208.02,Resolved,4
SV05704,H039,D054,2025-10-17,Corrective Maintenance,Sensor/Probe Issue,Medium,5.4,3,Out of Warranty,10270.31,Resolved,4
SV05705,H040,D014,2025-08-26,Corrective Maintenance,Power Failure,High,11.5,3,Under Warranty,19613.11,Resolved,5
SV05706,H036,D040,2026-08-23,Corrective Maintenance,Calibration Issue,Low,7.1,1,Out of Warranty,34947.0,Resolved,4
SV05707,H054,D016,2025-07-31,Corrective Maintenance,Power Failure,Critical,30.4,7,Out of Warranty,28969.05,Resolved,4
SV05708,H028,D047,2025-07-17,Corrective Maintenance,Software Error,High,7.3,2,Under Warranty,19596.64,Resolved,5
SV05709,H011,D023,2024-10-06,Corrective Maintenance,Display Issue,Low,4.9,4,Under Warranty,11281.72,Resolved,4
SV05710,H046,D059,2026-01-28,Installation,Software Error,Low,2.4,2,Under Warranty,5105.18,Resolved,5
SV05711,H083,D032,2025-12-03,Preventive Maintenance,Preventive Maintenance,Medium,21.1,3,Out of Warranty,10258.28,Resolved,4
SV05712,H008,D004,2026-08-15,Preventive Maintenance,Preventive Maintenance,Critical,24.8,4,Under Warranty,5739.83,Resolved,4
SV05713,H008,D034,2025-01-17,Corrective Maintenance,Preventive Maintenance,High,26.5,3,Under Warranty,6809.85,Resolved,5
SV05714,H070,D038,2025-10-01,Preventive Maintenance,Software Error,Medium,16.5,3,Under Warranty,7336.02,Resolved,4
SV05715,H040,D057,2026-03-17,Corrective Maintenance,Connectivity,High,11.0,4,Out of Warranty,38078.63,Resolved,4
SV05716,H063,D049,2024-03-14,Corrective Maintenance,Image Quality,Low,5.3,3,Under Warranty,15268.05,Resolved,4
SV05717,H094,D026,2025-01-07,Preventive Maintenance,Image Quality,Low,8.8,3,Under Warranty,3989.71,Resolved,5
SV05718,H015,D057,2024-12-02,Corrective Maintenance,Sensor/Probe Issue,High,2.3,3,Under Warranty,15871.69,Resolved,4
SV05719,H066,D049,2026-07-23,Installation,Mechanical Issue,Medium,14.5,1,Out of Warranty,14744.81,Resolved,5
SV05720,H090,D055,2025-05-16,Corrective Maintenance,Mechanical Issue,Medium,9.4,2,Out of Warranty,13277.65,Resolved,4
SV05721,H008,D060,2025-03-15,Preventive Maintenance,Image Quality,Medium,5.3,2,Out of Warranty,11349.48,Resolved,4
SV05722,H083,D043,2025-09-28,Corrective Maintenance,Calibration Issue,High,8.0,4,Out of Warranty,34455.76,Resolved,5
SV05723,H056,D016,2025-04-25,Corrective Maintenance,Display Issue,Medium,20.4,1,Under Warranty,5149.47,Resolved,4
SV05724,H063,D023,2026-01-12,Preventive Maintenance,Mechanical Issue,High,9.5,7,Under Warranty,8293.26,Resolved,4
SV05725,H068,D046,2025-01-12,Corrective Maintenance,Mechanical Issue,Low,8.2,3,Out of Warranty,26323.85,Resolved,5
SV05726,H053,D059,2025-09-01,Corrective Maintenance,Mechanical Issue,Low,4.8,1,Out of Warranty,31944.62,Resolved,4
SV05727,H018,D010,2024-02-19,Corrective Maintenance,Calibration Issue,Medium,2.8,2,Out of Warranty,32836.54,Resolved,4
SV05728,H038,D032,2025-12-13,Corrective Maintenance,Mechanical Issue,Medium,2.0,5,Out of Warranty,36650.98,Resolved,4
SV05729,H052,D059,2024-10-29,Preventive Maintenance,Preventive Maintenance,Low,5.3,4,Out of Warranty,9814.91,Resolved,5
SV05730,H026,D013,2024-10-19,Preventive Maintenance,Display Issue,Low,2.6,4,Under Warranty,2456.02,Resolved,4
SV05731,H071,D022,2026-04-08,Corrective Maintenance,Software Error,Medium,5.3,2,Out of Warranty,27112.6,Resolved,4
SV05732,H007,D036,2026-03-24,Installation,Software Error,High,15.9,1,Out of Warranty,11487.35,Resolved,4
SV05733,H070,D046,2025-04-22,Preventive Maintenance,Calibration Issue,High,33.0,8,Under Warranty,5875.32,Resolved,3
SV05734,H057,D029,2026-02-16,Installation,Software Error,Medium,7.8,5,Under Warranty,13688.01,Resolved,4
SV05735,H007,D034,2025-10-09,Corrective Maintenance,Software Error,Medium,15.4,2,Under Warranty,15784.97,Resolved,5
SV05736,H024,D014,2025-05-28,Corrective Maintenance,Sensor/Probe Issue,Medium,2.5,2,Out of Warranty,36269.04,Resolved,5
SV05737,H014,D009,2025-05-10,Corrective Maintenance,Preventive Maintenance,High,5.9,2,Under Warranty,19700.33,Resolved,5
SV05738,H036,D051,2025-06-15,Corrective Maintenance,Image Quality,Medium,6.4,1,Under Warranty,20998.96,Resolved,5
SV05739,H053,D013,2025-04-27,Corrective Maintenance,Sensor/Probe Issue,High,16.8,6,Out of Warranty,25376.0,Resolved,4
SV05740,H094,D024,2024-02-08,Corrective Maintenance,Calibration Issue,High,11.4,1,Under Warranty,18577.04,Resolved,5
SV05741,H057,D036,2024-10-03,Preventive Maintenance,Sensor/Probe Issue,Medium,7.4,2,Out of Warranty,4491.92,Resolved,4
SV05742,H089,D060,2025-12-01,Corrective Maintenance,Connectivity,Medium,4.3,3,Out of Warranty,36947.55,Resolved,5
SV05743,H026,D059,2025-07-28,Corrective Maintenance,Image Quality,Medium,3.7,1,Out of Warranty,10312.59,Resolved,4
SV05744,H030,D007,2025-11-21,Corrective Maintenance,Calibration Issue,Medium,3.6,2,Out of Warranty,38372.88,Resolved,5
SV05745,H042,D058,2024-09-07,Corrective Maintenance,Connectivity,Medium,2.6,2,Out of Warranty,23039.6,Resolved,5
SV05746,H011,D014,2024-10-18,Preventive Maintenance,Calibration Issue,High,6.7,3,Under Warranty,7850.48,Resolved,4
SV05747,H070,D021,2025-06-16,Preventive Maintenance,Sensor/Probe Issue,Medium,15.6,1,Out of Warranty,6814.33,Resolved,5
SV05748,H057,D043,2026-02-21,Preventive Maintenance,Connectivity,High,8.4,6,Under Warranty,4712.02,Resolved,5
SV05749,H021,D013,2024-03-13,Corrective Maintenance,Image Quality,High,5.3,2,Under Warranty,7685.89,Resolved,5
SV05750,H028,D003,2024-04-13,Corrective Maintenance,Battery Issue,Medium,1.3,4,Under Warranty,20249.97,Resolved,5
SV05751,H047,D017,2025-10-17,Installation,Connectivity,Medium,7.2,4,Under Warranty,7155.58,Resolved,4
SV05752,H026,D046,2025-06-11,Corrective Maintenance,Connectivity,Low,4.3,1,Under Warranty,10496.21,Resolved,5
SV05753,H077,D041,2026-04-01,Corrective Maintenance,Calibration Issue,Medium,6.1,2,Out of Warranty,26402.14,Resolved,5
SV05754,H048,D039,2025-02-07,Corrective Maintenance,Display Issue,High,3.8,5,Out of Warranty,20313.68,Resolved,5
SV05755,H045,D029,2025-09-07,Corrective Maintenance,Battery Issue,Medium,6.0,5,Under Warranty,15653.19,Resolved,4
SV05756,H007,D015,2024-12-28,Preventive Maintenance,Connectivity,Medium,10.6,6,Under Warranty,8437.25,Resolved,5
SV05757,H080,D032,2026-05-01,Corrective Maintenance,Mechanical Issue,Medium,4.0,1,Under Warranty,17351.98,Resolved,5
SV05758,H094,D042,2024-12-24,Corrective Maintenance,Image Quality,High,3.9,8,Under Warranty,17733.51,Resolved,4
SV05759,H078,D043,2026-06-20,Corrective Maintenance,Preventive Maintenance,Medium,11.8,3,Under Warranty,8874.32,Resolved,4
SV05760,H040,D052,2025-07-16,Preventive Maintenance,Preventive Maintenance,Medium,12.1,1,Out of Warranty,7712.86,Resolved,4
SV05761,H014,D014,2026-09-12,Corrective Maintenance,Software Error,Low,0.5,2,Under Warranty,8874.66,Resolved,5
SV05762,H031,D045,2024-07-21,Corrective Maintenance,Calibration Issue,Medium,6.1,1,Out of Warranty,20132.47,Resolved,5
SV05763,H012,D004,2025-06-25,Corrective Maintenance,Battery Issue,Medium,9.7,3,Out of Warranty,11918.71,Resolved,4
SV05764,H036,D024,2025-03-09,Preventive Maintenance,Software Error,Medium,9.0,5,Out of Warranty,13278.23,Resolved,4
SV05765,H096,D014,2026-08-04,Preventive Maintenance,Image Quality,Medium,12.9,5,Out of Warranty,14668.71,Resolved,4
SV05766,H041,D038,2025-09-04,Preventive Maintenance,Preventive Maintenance,Medium,15.0,2,Out of Warranty,8621.32,Pending,5
SV05767,H006,D057,2026-05-26,Corrective Maintenance,Image Quality,Medium,14.8,1,Under Warranty,14441.88,Resolved,5
SV05768,H028,D012,2025-09-07,Installation,Power Failure,Medium,11.7,1,Under Warranty,4751.07,Resolved,4
SV05769,H085,D056,2026-09-09,Preventive Maintenance,Connectivity,High,2.4,3,Under Warranty,4302.76,Resolved,4
SV05770,H031,D046,2024-07-19,Preventive Maintenance,Image Quality,High,3.3,8,Under Warranty,4135.2,Resolved,4
SV05771,H085,D044,2025-04-24,Installation,Calibration Issue,High,14.6,5,Out of Warranty,19194.34,Resolved,3
SV05772,H056,D006,2026-03-06,Corrective Maintenance,Sensor/Probe Issue,Medium,8.5,2,Out of Warranty,34166.1,Pending,4
SV05773,H075,D024,2025-09-04,Preventive Maintenance,Display Issue,Medium,2.5,1,Out of Warranty,15509.71,Resolved,5
SV05774,H027,D033,2024-11-24,Installation,Image Quality,Medium,12.7,2,Under Warranty,3681.67,Resolved,5
SV05775,H010,D045,2024-07-04,Corrective Maintenance,Battery Issue,Medium,6.4,4,Under Warranty,11065.88,Resolved,4
SV05776,H097,D025,2026-03-06,Corrective Maintenance,Image Quality,Critical,2.9,3,Out of Warranty,35852.09,Resolved,5
SV05777,H025,D011,2026-06-18,Corrective Maintenance,Sensor/Probe Issue,High,6.6,6,Under Warranty,12399.84,Resolved,4
SV05778,H040,D007,2024-10-31,Corrective Maintenance,Connectivity,Critical,6.8,4,Under Warranty,11548.24,Resolved,4
SV05779,H064,D048,2024-06-11,Corrective Maintenance,Battery Issue,High,4.8,1,Under Warranty,6504.37,Resolved,4
SV05780,H051,D028,2026-07-13,Corrective Maintenance,Image Quality,Low,5.3,1,Out of Warranty,11712.61,Resolved,4
SV05781,H027,D001,2026-09-15,Corrective Maintenance,Image Quality,Medium,10.3,2,Under Warranty,8902.78,Resolved,5
SV05782,H011,D044,2024-03-28,Corrective Maintenance,Display Issue,High,8.9,3,Under Warranty,14396.04,Pending,5
SV05783,H081,D040,2026-02-17,Preventive Maintenance,Sensor/Probe Issue,High,8.4,3,Out of Warranty,14633.24,Resolved,5
SV05784,H027,D036,2025-04-04,Corrective Maintenance,Connectivity,High,25.7,3,Under Warranty,7885.79,Resolved,4
SV05785,H066,D031,2025-01-15,Installation,Display Issue,Medium,12.1,1,Out of Warranty,19141.57,Resolved,5
SV05786,H075,D033,2024-04-19,Corrective Maintenance,Software Error,High,27.1,5,Under Warranty,10351.18,Resolved,3
SV05787,H079,D039,2025-01-27,Corrective Maintenance,Sensor/Probe Issue,Medium,2.6,2,Out of Warranty,27559.67,Resolved,4
SV05788,H027,D044,2025-01-19,Corrective Maintenance,Sensor/Probe Issue,Medium,16.0,2,Out of Warranty,31666.86,Pending,4
SV05789,H048,D007,2024-12-18,Corrective Maintenance,Mechanical Issue,High,13.9,2,Under Warranty,7063.74,Resolved,4
SV05790,H011,D012,2024-01-01,Corrective Maintenance,Mechanical Issue,Medium,2.5,2,Under Warranty,17237.69,Resolved,4
SV05791,H025,D021,2026-06-16,Corrective Maintenance,Image Quality,Medium,8.5,3,Under Warranty,17303.4,Resolved,4
SV05792,H020,D008,2026-01-04,Corrective Maintenance,Preventive Maintenance,Medium,20.0,5,Under Warranty,20135.25,Resolved,4
SV05793,H079,D043,2025-05-15,Preventive Maintenance,Sensor/Probe Issue,High,3.4,3,Out of Warranty,12513.18,Resolved,4
SV05794,H010,D009,2024-12-25,Preventive Maintenance,Sensor/Probe Issue,High,15.7,8,Under Warranty,2741.88,Resolved,3
SV05795,H003,D004,2024-10-11,Preventive Maintenance,Connectivity,Critical,11.5,1,Under Warranty,2820.94,Resolved,4
SV05796,H092,D045,2024-12-26,Preventive Maintenance,Sensor/Probe Issue,Critical,12.9,6,Out of Warranty,5957.59,Resolved,4
SV05797,H089,D001,2026-05-25,Preventive Maintenance,Software Error,Medium,3.1,4,Under Warranty,8647.56,Resolved,4
SV05798,H051,D029,2024-12-14,Corrective Maintenance,Image Quality,High,4.8,1,Under Warranty,11491.16,Resolved,5
SV05799,H093,D009,2026-02-05,Preventive Maintenance,Power Failure,Medium,29.0,3,Out of Warranty,8679.85,Resolved,4
SV05800,H096,D005,2026-07-18,Preventive Maintenance,Software Error,Medium,13.6,2,Out of Warranty,15189.28,Resolved,5
SV05801,H057,D033,2025-02-05,Corrective Maintenance,Connectivity,Critical,30.3,6,Under Warranty,7320.64,Resolved,4
SV05802,H081,D049,2024-01-21,Installation,Mechanical Issue,Medium,8.4,3,Under Warranty,11143.05,Resolved,4
SV05803,H054,D013,2025-06-22,Preventive Maintenance,Power Failure,High,10.9,3,Under Warranty,4502.22,Resolved,4
SV05804,H058,D001,2025-07-02,Corrective Maintenance,Mechanical Issue,Low,4.6,2,Under Warranty,5667.25,Resolved,4
SV05805,H020,D046,2024-12-18,Preventive Maintenance,Software Error,Medium,9.0,1,Out of Warranty,7347.39,Resolved,5
SV05806,H090,D040,2025-03-19,Corrective Maintenance,Connectivity,Critical,5.2,5,Under Warranty,20005.11,Resolved,5
SV05807,H079,D034,2025-12-09,Corrective Maintenance,Sensor/Probe Issue,Low,11.3,3,Under Warranty,16887.36,Resolved,5
SV05808,H095,D050,2024-02-15,Corrective Maintenance,Sensor/Probe Issue,High,5.2,3,Under Warranty,18377.86,Resolved,5
SV05809,H040,D031,2024-09-27,Preventive Maintenance,Software Error,Critical,29.0,3,Under Warranty,5361.13,Resolved,4
SV05810,H095,D052,2024-07-05,Corrective Maintenance,Mechanical Issue,Medium,8.2,2,Out of Warranty,20702.02,Resolved,5
SV05811,H079,D002,2025-05-16,Corrective Maintenance,Connectivity,Medium,10.1,2,Under Warranty,16878.6,Resolved,5
SV05812,H020,D017,2025-09-10,Corrective Maintenance,Image Quality,Medium,1.3,2,Out of Warranty,12897.87,Resolved,4
SV05813,H094,D041,2026-01-15,Preventive Maintenance,Display Issue,Medium,1.8,1,Under Warranty,2995.29,Resolved,5
SV05814,H001,D046,2025-05-28,Corrective Maintenance,Sensor/Probe Issue,Medium,4.4,4,Under Warranty,9093.52,Resolved,4
SV05815,H029,D036,2025-03-20,Corrective Maintenance,Sensor/Probe Issue,Low,1.5,4,Out of Warranty,38282.51,Resolved,4
SV05816,H006,D053,2024-12-22,Corrective Maintenance,Sensor/Probe Issue,Medium,11.6,5,Out of Warranty,25888.64,Pending,4
SV05817,H020,D009,2024-12-23,Corrective Maintenance,Software Error,High,22.1,1,Out of Warranty,23813.72,Resolved,4
SV05818,H084,D038,2025-08-15,Corrective Maintenance,Image Quality,High,7.8,5,Under Warranty,7206.35,Pending,3
SV05819,H002,D034,2024-12-29,Preventive Maintenance,Power Failure,Medium,7.8,2,Out of Warranty,15124.26,Resolved,4
SV05820,H071,D021,2026-09-19,Corrective Maintenance,Sensor/Probe Issue,Medium,7.8,5,Under Warranty,17736.4,Resolved,4
SV05821,H006,D046,2024-07-23,Corrective Maintenance,Power Failure,Medium,6.9,2,Under Warranty,15229.67,Resolved,5
SV05822,H087,D031,2025-04-19,Corrective Maintenance,Image Quality,Medium,10.5,6,Under Warranty,17665.14,Resolved,4
SV05823,H033,D060,2026-09-22,Corrective Maintenance,Sensor/Probe Issue,Medium,19.7,2,Under Warranty,13054.26,Pending,3
SV05824,H015,D048,2024-05-09,Installation,Battery Issue,Medium,7.1,6,Under Warranty,6626.04,Resolved,4
SV05825,H040,D035,2025-04-30,Corrective Maintenance,Preventive Maintenance,Medium,19.2,1,Under Warranty,7567.57,Resolved,4
SV05826,H064,D018,2024-05-18,Corrective Maintenance,Image Quality,Critical,25.1,3,Under Warranty,16734.59,Resolved,3
SV05827,H042,D014,2026-05-08,Corrective Maintenance,Sensor/Probe Issue,Medium,1.5,1,Out of Warranty,38568.07,Resolved,5
SV05828,H021,D023,2024-07-08,Corrective Maintenance,Battery Issue,Medium,5.6,4,Out of Warranty,18029.79,Resolved,5
SV05829,H067,D037,2025-03-28,Preventive Maintenance,Power Failure,Medium,3.9,2,Out of Warranty,12839.42,Resolved,4
SV05830,H090,D053,2026-04-30,Installation,Calibration Issue,Medium,5.7,4,Out of Warranty,19619.9,Resolved,4
SV05831,H040,D006,2024-12-03,Corrective Maintenance,Calibration Issue,Medium,8.4,4,Under Warranty,10367.87,Resolved,5
SV05832,H071,D041,2026-05-15,Preventive Maintenance,Software Error,Critical,4.0,8,Under Warranty,3571.8,Resolved,4
SV05833,H070,D019,2025-07-24,Corrective Maintenance,Preventive Maintenance,Low,5.3,2,Under Warranty,9815.84,Resolved,4
SV05834,H051,D008,2026-01-30,Installation,Connectivity,Medium,6.9,3,Under Warranty,11767.85,Resolved,4
SV05835,H011,D046,2025-07-04,Corrective Maintenance,Connectivity,Medium,1.8,2,Under Warranty,17231.14,Resolved,4
SV05836,H061,D013,2026-02-07,Corrective Maintenance,Sensor/Probe Issue,High,10.9,1,Under Warranty,5655.25,Resolved,5
SV05837,H088,D039,2025-03-12,Installation,Image Quality,Medium,0.9,1,Under Warranty,4715.04,Resolved,4
SV05838,H018,D043,2025-08-16,Corrective Maintenance,Preventive Maintenance,Low,5.5,2,Under Warranty,9310.38,Resolved,5
SV05839,H081,D008,2026-02-05,Preventive Maintenance,Connectivity,High,25.4,4,Under Warranty,5842.24,Resolved,4
SV05840,H024,D035,2025-08-16,Corrective Maintenance,Sensor/Probe Issue,Low,7.0,3,Under Warranty,6460.62,Resolved,4
SV05841,H005,D021,2026-01-07,Preventive Maintenance,Calibration Issue,High,3.3,1,Under Warranty,6845.77,Resolved,5
SV05842,H044,D053,2025-11-07,Preventive Maintenance,Mechanical Issue,High,2.1,4,Under Warranty,6660.92,Resolved,4
SV05843,H090,D034,2026-08-16,Corrective Maintenance,Preventive Maintenance,Medium,1.4,6,Under Warranty,5070.35,Resolved,4
SV05844,H087,D043,2025-03-12,Corrective Maintenance,Battery Issue,Medium,9.2,1,Out of Warranty,10519.74,Pending,4
SV05845,H009,D037,2026-02-08,Corrective Maintenance,Mechanical Issue,High,2.6,1,Out of Warranty,35472.41,Resolved,5
SV05846,H018,D015,2026-01-08,Corrective Maintenance,Image Quality,Low,7.7,3,Under Warranty,19146.28,Resolved,5
SV05847,H005,D014,2024-01-15,Corrective Maintenance,Software Error,Medium,3.3,3,Out of Warranty,25846.76,Resolved,4
SV05848,H049,D032,2026-06-15,Installation,Battery Issue,Low,1.1,1,Out of Warranty,16961.31,Resolved,5
SV05849,H062,D058,2024-11-03,Preventive Maintenance,Software Error,Medium,2.2,1,Out of Warranty,11606.39,Resolved,5
SV05850,H042,D032,2025-07-31,Corrective Maintenance,Battery Issue,High,11.6,2,Under Warranty,17746.47,Resolved,3
SV05851,H097,D011,2026-07-20,Preventive Maintenance,Mechanical Issue,Medium,8.7,4,Out of Warranty,12747.19,Resolved,4
SV05852,H023,D008,2025-04-24,Corrective Maintenance,Power Failure,High,7.3,5,Out of Warranty,29547.23,Resolved,4
SV05853,H079,D031,2024-06-29,Corrective Maintenance,Display Issue,Medium,4.7,5,Out of Warranty,17525.06,Resolved,4
SV05854,H079,D018,2025-05-18,Corrective Maintenance,Battery Issue,Medium,8.3,1,Out of Warranty,18945.72,Pending,5
SV05855,H010,D009,2024-03-26,Corrective Maintenance,Preventive Maintenance,Low,7.2,1,Under Warranty,18270.05,Resolved,5
SV05856,H022,D056,2024-05-25,Corrective Maintenance,Software Error,High,12.0,2,Under Warranty,17085.53,Resolved,4
SV05857,H099,D030,2025-07-12,Corrective Maintenance,Image Quality,Medium,2.2,3,Under Warranty,10082.41,Resolved,4
SV05858,H018,D008,2026-02-11,Corrective Maintenance,Software Error,Medium,12.9,1,Under Warranty,15811.82,Resolved,4
SV05859,H048,D054,2024-08-25,Preventive Maintenance,Image Quality,Medium,2.8,1,Out of Warranty,12421.78,Resolved,5
SV05860,H097,D004,2025-09-14,Installation,Battery Issue,Medium,34.6,2,Out of Warranty,23278.43,Resolved,4
SV05861,H075,D014,2026-09-18,Preventive Maintenance,Calibration Issue,High,2.4,9,Under Warranty,2181.52,Resolved,3
SV05862,H095,D022,2025-12-02,Preventive Maintenance,Connectivity,High,4.5,2,Under Warranty,4796.7,Resolved,5
SV05863,H037,D032,2024-12-09,Corrective Maintenance,Sensor/Probe Issue,High,7.3,3,Under Warranty,7565.07,Resolved,5
SV05864,H076,D005,2025-04-18,Corrective Maintenance,Sensor/Probe Issue,Low,0.8,1,Under Warranty,10912.06,Resolved,4
SV05865,H089,D022,2025-07-30,Preventive Maintenance,Power Failure,Medium,11.4,2,Under Warranty,4069.01,Resolved,4
SV05866,H018,D031,2025-11-19,Corrective Maintenance,Calibration Issue,Medium,1.5,1,Under Warranty,19578.94,Resolved,4
SV05867,H036,D053,2025-07-06,Corrective Maintenance,Display Issue,High,5.3,2,Out of Warranty,34324.98,Resolved,5
SV05868,H036,D028,2024-05-26,Corrective Maintenance,Image Quality,Low,6.8,1,Under Warranty,5514.25,Resolved,4
SV05869,H098,D052,2026-08-27,Preventive Maintenance,Software Error,Medium,1.1,6,Out of Warranty,11865.75,Resolved,5
SV05870,H033,D001,2025-12-25,Preventive Maintenance,Sensor/Probe Issue,Medium,3.3,2,Under Warranty,5956.79,Resolved,5
SV05871,H090,D042,2024-05-26,Corrective Maintenance,Calibration Issue,Medium,6.0,2,Under Warranty,10230.93,Resolved,4
SV05872,H033,D008,2025-02-14,Preventive Maintenance,Connectivity,Medium,8.8,1,Under Warranty,5770.48,Resolved,5
SV05873,H039,D060,2025-02-22,Corrective Maintenance,Connectivity,High,14.0,9,Under Warranty,16204.25,Resolved,4
SV05874,H004,D018,2025-05-17,Corrective Maintenance,Preventive Maintenance,Medium,5.3,2,Under Warranty,9240.72,Resolved,4
SV05875,H050,D033,2026-02-15,Corrective Maintenance,Mechanical Issue,Medium,11.4,2,Under Warranty,8359.23,Resolved,5
SV05876,H017,D033,2025-12-31,Corrective Maintenance,Power Failure,Medium,29.4,3,Out of Warranty,35209.55,Resolved,4
SV05877,H091,D016,2026-09-04,Installation,Preventive Maintenance,High,13.4,13,Under Warranty,13827.06,Resolved,4
SV05878,H064,D020,2024-09-25,Installation,Sensor/Probe Issue,High,10.0,5,Under Warranty,11944.63,Resolved,4
SV05879,H050,D013,2026-06-27,Corrective Maintenance,Power Failure,Medium,4.3,3,Under Warranty,11762.04,Resolved,5
SV05880,H010,D042,2024-12-08,Preventive Maintenance,Sensor/Probe Issue,Medium,11.6,2,Out of Warranty,12051.61,Resolved,5
SV05881,H018,D041,2024-09-07,Corrective Maintenance,Display Issue,Medium,10.7,1,Out of Warranty,28523.27,Resolved,4
SV05882,H032,D016,2024-05-03,Corrective Maintenance,Calibration Issue,Medium,2.7,3,Under Warranty,17152.24,Resolved,4
SV05883,H041,D049,2026-09-05,Preventive Maintenance,Software Error,Medium,1.3,1,Under Warranty,2269.11,Resolved,4
SV05884,H096,D011,2025-06-02,Corrective Maintenance,Software Error,Low,10.0,1,Under Warranty,14003.83,Resolved,4
SV05885,H080,D014,2026-04-05,Preventive Maintenance,Preventive Maintenance,Medium,24.1,2,Under Warranty,6783.13,Resolved,3
SV05886,H054,D060,2026-08-21,Corrective Maintenance,Power Failure,Medium,10.5,4,Under Warranty,8524.55,Resolved,4
SV05887,H039,D010,2024-11-10,Corrective Maintenance,Connectivity,Medium,7.6,1,Out of Warranty,21849.56,Resolved,4
SV05888,H070,D025,2025-07-02,Corrective Maintenance,Preventive Maintenance,High,10.1,5,Out of Warranty,18787.81,Resolved,4
SV05889,H086,D052,2025-07-02,Preventive Maintenance,Image Quality,Medium,7.1,2,Out of Warranty,11399.09,Resolved,4
SV05890,H044,D008,2026-06-23,Preventive Maintenance,Sensor/Probe Issue,High,6.4,7,Under Warranty,6223.84,Pending,4
SV05891,H071,D046,2024-01-29,Preventive Maintenance,Preventive Maintenance,Low,4.4,2,Out of Warranty,9284.1,Pending,5
SV05892,H091,D022,2026-02-13,Corrective Maintenance,Image Quality,Critical,8.8,15,Out of Warranty,22512.65,Resolved,3
SV05893,H020,D052,2025-11-07,Preventive Maintenance,Battery Issue,Critical,17.3,1,Under Warranty,8253.36,Resolved,5
SV05894,H087,D033,2025-01-03,Corrective Maintenance,Battery Issue,Medium,25.5,3,Under Warranty,18965.63,Resolved,4
SV05895,H075,D028,2025-09-24,Corrective Maintenance,Preventive Maintenance,Low,1.9,2,Under Warranty,8990.13,Resolved,5
SV05896,H056,D039,2024-08-21,Corrective Maintenance,Preventive Maintenance,Low,4.8,1,Under Warranty,5120.21,Pending,5
SV05897,H084,D047,2026-08-02,Corrective Maintenance,Image Quality,High,17.9,1,Out of Warranty,30445.74,Resolved,4
SV05898,H039,D029,2026-01-04,Corrective Maintenance,Battery Issue,Medium,1.4,3,Under Warranty,17895.21,Resolved,5
SV05899,H078,D012,2026-03-09,Corrective Maintenance,Software Error,Medium,22.3,3,Under Warranty,8600.82,Pending,4
SV05900,H081,D059,2026-06-18,Installation,Power Failure,Low,0.9,2,Under Warranty,10902.51,Resolved,5
SV05901,H020,D019,2025-03-13,Corrective Maintenance,Connectivity,Low,4.6,1,Under Warranty,19943.45,Resolved,5
SV05902,H052,D059,2024-03-16,Corrective Maintenance,Image Quality,High,32.8,3,Out of Warranty,38205.5,Resolved,4
SV05903,H079,D027,2025-07-25,Preventive Maintenance,Power Failure,High,19.4,7,Under Warranty,6012.73,Resolved,4
SV05904,H088,D011,2025-05-28,Installation,Sensor/Probe Issue,Medium,6.0,3,Under Warranty,5079.36,Resolved,4
SV05905,H035,D023,2024-01-29,Corrective Maintenance,Mechanical Issue,High,19.6,1,Out of Warranty,20533.06,Resolved,5
SV05906,H007,D007,2024-07-09,Corrective Maintenance,Battery Issue,Medium,6.0,4,Out of Warranty,37906.5,Resolved,3
SV05907,H096,D017,2024-07-13,Corrective Maintenance,Mechanical Issue,Medium,1.1,1,Under Warranty,7337.52,Resolved,4
SV05908,H088,D046,2025-12-06,Preventive Maintenance,Preventive Maintenance,Low,7.0,2,Out of Warranty,9130.44,Resolved,4
SV05909,H075,D003,2025-11-21,Preventive Maintenance,Preventive Maintenance,Medium,5.6,1,Under Warranty,8071.28,Resolved,4
SV05910,H041,D011,2026-07-26,Corrective Maintenance,Display Issue,Critical,8.1,8,Under Warranty,7333.47,Resolved,4
SV05911,H027,D006,2024-02-20,Corrective Maintenance,Calibration Issue,Medium,23.2,3,Out of Warranty,36155.59,Resolved,4
SV05912,H026,D025,2024-07-28,Preventive Maintenance,Sensor/Probe Issue,High,2.3,10,Out of Warranty,14659.13,Resolved,3
SV05913,H038,D046,2025-12-29,Corrective Maintenance,Preventive Maintenance,Critical,14.2,5,Out of Warranty,25656.14,Resolved,3
SV05914,H076,D030,2024-04-15,Corrective Maintenance,Sensor/Probe Issue,Low,6.1,2,Out of Warranty,25847.27,Resolved,4
SV05915,H043,D019,2024-06-26,Installation,Software Error,Medium,3.0,5,Out of Warranty,23235.66,Resolved,4
SV05916,H073,D022,2025-12-07,Installation,Image Quality,High,3.0,4,Out of Warranty,13481.09,Resolved,4
SV05917,H039,D021,2024-07-24,Preventive Maintenance,Sensor/Probe Issue,Medium,5.9,2,Under Warranty,3507.41,Resolved,4
SV05918,H051,D030,2024-03-21,Corrective Maintenance,Preventive Maintenance,Medium,4.4,4,Under Warranty,15955.16,Resolved,4
SV05919,H080,D021,2024-07-17,Corrective Maintenance,Image Quality,High,3.1,3,Out of Warranty,23840.83,Resolved,4
SV05920,H097,D048,2024-10-05,Corrective Maintenance,Calibration Issue,Medium,3.6,2,Under Warranty,17918.55,Resolved,5
SV05921,H036,D039,2025-05-04,Preventive Maintenance,Image Quality,Critical,13.2,2,Under Warranty,7640.57,Resolved,5
SV05922,H086,D032,2024-03-13,Corrective Maintenance,Image Quality,Low,4.9,1,Under Warranty,14480.01,Resolved,5
SV05923,H003,D030,2024-06-04,Corrective Maintenance,Display Issue,Low,5.9,1,Out of Warranty,19393.95,Resolved,5
SV05924,H014,D038,2024-07-20,Preventive Maintenance,Software Error,Medium,4.7,3,Out of Warranty,15865.3,Resolved,4
SV05925,H064,D048,2024-11-28,Preventive Maintenance,Mechanical Issue,Low,2.7,1,Out of Warranty,9730.66,Resolved,5
SV05926,H015,D045,2024-03-27,Corrective Maintenance,Connectivity,Medium,5.5,2,Out of Warranty,10140.18,Resolved,4
SV05927,H024,D031,2026-01-05,Preventive Maintenance,Preventive Maintenance,Medium,6.2,2,Out of Warranty,7206.42,Resolved,4
SV05928,H076,D008,2024-09-18,Corrective Maintenance,Software Error,High,4.9,4,Out of Warranty,13705.16,Resolved,4
SV05929,H028,D027,2025-07-25,Preventive Maintenance,Sensor/Probe Issue,High,3.5,2,Out of Warranty,11552.95,Resolved,5
SV05930,H035,D020,2026-01-03,Installation,Display Issue,Medium,5.9,3,Under Warranty,9074.72,Resolved,3
SV05931,H062,D052,2024-04-19,Preventive Maintenance,Battery Issue,Medium,8.7,4,Under Warranty,7927.02,Resolved,4
SV05932,H095,D014,2026-02-16,Preventive Maintenance,Preventive Maintenance,Medium,3.4,1,Out of Warranty,4005.36,Resolved,5
SV05933,H029,D011,2024-06-13,Preventive Maintenance,Power Failure,Medium,9.8,3,Out of Warranty,13117.6,Pending,5
SV05934,H079,D007,2025-05-27,Installation,Display Issue,Medium,10.1,1,Under Warranty,13404.89,Resolved,4
SV05935,H006,D058,2024-01-24,Corrective Maintenance,Software Error,Medium,1.7,3,Out of Warranty,38255.91,Resolved,4
SV05936,H087,D002,2025-07-30,Corrective Maintenance,Mechanical Issue,Low,3.7,2,Out of Warranty,18235.91,Resolved,3
SV05937,H023,D053,2026-05-06,Installation,Sensor/Probe Issue,Medium,16.0,3,Under Warranty,12144.57,Resolved,5
SV05938,H061,D054,2025-03-15,Preventive Maintenance,Battery Issue,Medium,6.1,2,Out of Warranty,4547.47,Resolved,3
SV05939,H053,D013,2025-03-07,Preventive Maintenance,Image Quality,High,5.7,4,Out of Warranty,8950.99,Resolved,4
SV05940,H032,D018,2026-02-09,Corrective Maintenance,Software Error,Medium,2.6,2,Under Warranty,19358.72,Resolved,4
SV05941,H010,D035,2025-10-04,Corrective Maintenance,Software Error,Medium,1.9,2,Under Warranty,8404.63,Resolved,4
SV05942,H079,D010,2026-07-19,Corrective Maintenance,Battery Issue,Medium,5.8,2,Out of Warranty,21322.42,Resolved,4
SV05943,H062,D040,2025-06-16,Preventive Maintenance,Calibration Issue,Medium,1.4,7,Out of Warranty,15656.54,Resolved,4
SV05944,H065,D031,2025-09-07,Corrective Maintenance,Software Error,High,6.2,1,Out of Warranty,36690.74,Resolved,4
SV05945,H015,D004,2026-07-16,Corrective Maintenance,Software Error,Medium,5.1,2,Out of Warranty,25163.81,Resolved,4
SV05946,H079,D054,2025-10-02,Corrective Maintenance,Power Failure,Critical,14.6,4,Out of Warranty,28539.29,Resolved,4
SV05947,H073,D004,2025-02-06,Installation,Mechanical Issue,High,9.3,4,Out of Warranty,12994.4,Resolved,4
SV05948,H005,D032,2024-08-14,Preventive Maintenance,Power Failure,Medium,8.0,4,Under Warranty,2820.06,Resolved,5
SV05949,H044,D024,2026-04-23,Corrective Maintenance,Connectivity,Medium,2.4,5,Under Warranty,17587.58,Resolved,5
SV05950,H042,D004,2026-09-23,Corrective Maintenance,Calibration Issue,Medium,8.1,1,Out of Warranty,24102.44,Resolved,5
SV05951,H002,D008,2024-12-17,Preventive Maintenance,Sensor/Probe Issue,Critical,8.4,21,Out of Warranty,5454.48,Resolved,3
SV05952,H089,D058,2024-09-13,Corrective Maintenance,Calibration Issue,Critical,9.4,9,Out of Warranty,37025.33,Resolved,3
SV05953,H050,D059,2024-08-13,Corrective Maintenance,Software Error,High,4.0,1,Under Warranty,12187.05,Resolved,5
SV05954,H041,D006,2026-05-12,Installation,Calibration Issue,Medium,2.3,1,Under Warranty,7034.18,Resolved,5
SV05955,H085,D017,2025-02-05,Installation,Power Failure,Low,8.8,1,Under Warranty,8149.92,Resolved,5
SV05956,H083,D053,2025-06-14,Preventive Maintenance,Image Quality,Low,7.1,1,Out of Warranty,9781.65,Resolved,4
SV05957,H002,D004,2024-06-17,Corrective Maintenance,Calibration Issue,High,19.2,3,Under Warranty,14552.44,Resolved,5
SV05958,H082,D010,2025-02-09,Installation,Software Error,Medium,6.0,5,Out of Warranty,8380.42,Resolved,4
SV05959,H061,D054,2024-04-28,Corrective Maintenance,Software Error,Medium,4.6,5,Under Warranty,5556.7,Resolved,4
SV05960,H087,D018,2024-11-10,Corrective Maintenance,Connectivity,High,10.3,2,Out of Warranty,25008.22,Resolved,5
SV05961,H031,D040,2025-04-16,Preventive Maintenance,Sensor/Probe Issue,Medium,1.7,2,Under Warranty,3792.43,Resolved,5
SV05962,H033,D001,2025-09-20,Preventive Maintenance,Connectivity,Medium,15.4,2,Out of Warranty,9004.09,Resolved,5
SV05963,H068,D008,2024-02-20,Corrective Maintenance,Software Error,Medium,11.0,2,Out of Warranty,34986.96,Resolved,4
SV05964,H025,D007,2026-01-25,Preventive Maintenance,Battery Issue,Medium,10.0,3,Out of Warranty,5195.74,Resolved,5
SV05965,H095,D013,2025-03-17,Preventive Maintenance,Mechanical Issue,Medium,7.9,2,Out of Warranty,7447.56,Resolved,5
SV05966,H034,D052,2024-11-06,Corrective Maintenance,Battery Issue,Medium,4.2,3,Under Warranty,20148.87,Resolved,5
SV05967,H069,D036,2025-12-13,Corrective Maintenance,Power Failure,Medium,6.0,2,Under Warranty,7436.57,Resolved,5
SV05968,H085,D017,2025-12-09,Installation,Display Issue,Low,19.2,1,Under Warranty,8860.37,Resolved,3
SV05969,H090,D004,2026-04-03,Corrective Maintenance,Connectivity,Medium,13.9,3,Out of Warranty,17979.79,Resolved,3
SV05970,H002,D003,2025-11-13,Preventive Maintenance,Software Error,Medium,10.9,2,Under Warranty,5834.15,Resolved,4
SV05971,H082,D041,2024-10-10,Corrective Maintenance,Sensor/Probe Issue,Medium,11.0,2,Under Warranty,20788.83,Resolved,4
SV05972,H020,D029,2025-11-14,Corrective Maintenance,Software Error,Medium,4.7,1,Under Warranty,13774.3,Resolved,5
SV05973,H005,D033,2024-11-15,Corrective Maintenance,Mechanical Issue,High,37.7,6,Under Warranty,19422.84,Resolved,4
SV05974,H027,D020,2024-04-05,Installation,Software Error,Medium,10.2,4,Out of Warranty,24128.28,Resolved,4
SV05975,H065,D011,2024-05-20,Preventive Maintenance,Software Error,High,10.8,3,Under Warranty,3227.41,Resolved,4
SV05976,H066,D032,2025-09-23,Corrective Maintenance,Connectivity,Medium,12.1,2,Out of Warranty,35891.29,Resolved,4
SV05977,H066,D046,2025-08-19,Installation,Sensor/Probe Issue,High,14.0,2,Under Warranty,3535.77,Resolved,4
SV05978,H087,D033,2024-03-26,Corrective Maintenance,Calibration Issue,High,6.5,4,Under Warranty,17737.95,Pending,4
SV05979,H044,D045,2025-02-14,Corrective Maintenance,Battery Issue,Low,7.2,2,Under Warranty,11709.13,Pending,3
SV05980,H049,D034,2024-03-09,Corrective Maintenance,Software Error,Medium,6.3,3,Out of Warranty,9508.0,Resolved,4
SV05981,H051,D035,2025-10-18,Corrective Maintenance,Power Failure,Critical,6.9,13,Under Warranty,5908.47,Resolved,3
SV05982,H012,D037,2025-11-15,Corrective Maintenance,Sensor/Probe Issue,Medium,4.1,2,Under Warranty,16433.77,Resolved,4
SV05983,H094,D018,2025-01-05,Corrective Maintenance,Display Issue,Medium,8.0,2,Out of Warranty,17150.97,Pending,4
SV05984,H037,D039,2025-05-22,Preventive Maintenance,Display Issue,Low,6.2,1,Out of Warranty,12623.97,Resolved,4
SV05985,H002,D039,2024-11-06,Corrective Maintenance,Preventive Maintenance,Medium,15.8,1,Out of Warranty,27834.39,Resolved,5
SV05986,H001,D055,2026-01-20,Preventive Maintenance,Display Issue,Low,7.5,2,Under Warranty,8173.06,Resolved,4
SV05987,H097,D018,2024-12-28,Corrective Maintenance,Power Failure,Medium,9.5,1,Out of Warranty,37327.77,Resolved,4
SV05988,H025,D004,2025-04-15,Preventive Maintenance,Sensor/Probe Issue,Medium,7.7,2,Out of Warranty,4672.96,Resolved,5
SV05989,H009,D032,2024-03-17,Preventive Maintenance,Calibration Issue,Medium,5.6,2,Out of Warranty,12436.02,Resolved,4
SV05990,H079,D046,2026-03-04,Preventive Maintenance,Display Issue,Medium,3.7,2,Out of Warranty,6751.62,Resolved,4
SV05991,H054,D046,2025-09-08,Corrective Maintenance,Mechanical Issue,Medium,12.7,4,Under Warranty,20741.92,Resolved,4
SV05992,H092,D001,2024-03-16,Preventive Maintenance,Connectivity,High,13.0,7,Under Warranty,3297.27,Resolved,4
SV05993,H022,D017,2025-01-29,Preventive Maintenance,Mechanical Issue,High,8.9,6,Under Warranty,7658.51,Resolved,4
SV05994,H014,D006,2024-03-15,Preventive Maintenance,Calibration Issue,Medium,16.0,5,Out of Warranty,14168.88,Resolved,4
SV05995,H003,D026,2024-08-13,Installation,Preventive Maintenance,Medium,3.9,3,Under Warranty,6216.5,Resolved,4
SV05996,H035,D045,2024-07-31,Installation,Display Issue,Low,1.3,3,Under Warranty,12783.55,Resolved,5
SV05997,H037,D054,2024-12-13,Corrective Maintenance,Sensor/Probe Issue,High,5.2,2,Under Warranty,9107.14,Resolved,3
SV05998,H099,D009,2025-06-29,Corrective Maintenance,Calibration Issue,Critical,5.8,6,Under Warranty,12343.58,Resolved,4
SV05999,H037,D016,2024-10-12,Corrective Maintenance,Image Quality,Medium,15.5,3,Under Warranty,9224.36,Resolved,4
SV06000,H063,D043,2024-12-26,Preventive Maintenance,Calibration Issue,Medium,26.0,2,Under Warranty,3626.61,Resolved,4
SV06001,H030,D020,2026-01-22,Corrective Maintenance,Calibration Issue,Medium,10.8,2,Out of Warranty,30579.19,Resolved,5
SV06002,H076,D024,2025-07-19,Corrective Maintenance,Battery Issue,Critical,4.3,3,Out of Warranty,18014.76,Resolved,3
SV06003,H010,D033,2026-07-19,Corrective Maintenance,Sensor/Probe Issue,Medium,10.2,2,Under Warranty,9553.72,Resolved,4
SV06004,H004,D046,2025-11-13,Corrective Maintenance,Battery Issue,High,20.5,2,Out of Warranty,35679.21,Resolved,4
SV06005,H054,D013,2024-07-07,Corrective Maintenance,Power Failure,Medium,1.1,1,Under Warranty,16231.45,Pending,3
SV06006,H001,D048,2024-01-22,Corrective Maintenance,Image Quality,Medium,16.8,2,Under Warranty,20277.4,Resolved,5
SV06007,H072,D028,2025-09-30,Corrective Maintenance,Software Error,Low,17.7,1,Under Warranty,6587.04,Resolved,5
SV06008,H021,D005,2025-10-04,Preventive Maintenance,Calibration Issue,Low,0.8,2,Out of Warranty,14050.95,Resolved,4
SV06009,H033,D028,2024-11-08,Corrective Maintenance,Display Issue,High,10.2,5,Under Warranty,16259.56,Resolved,4
SV06010,H009,D052,2024-06-15,Corrective Maintenance,Sensor/Probe Issue,Medium,17.9,4,Under Warranty,11897.68,Resolved,5
SV06011,H055,D004,2025-02-08,Corrective Maintenance,Image Quality,High,21.5,2,Out of Warranty,19045.67,Resolved,5
SV06012,H045,D052,2026-07-14,Corrective Maintenance,Battery Issue,Critical,0.6,5,Out of Warranty,13547.07,Resolved,4
SV06013,H061,D018,2026-08-31,Corrective Maintenance,Connectivity,Medium,17.5,3,Under Warranty,5731.26,Resolved,4
SV06014,H043,D008,2025-11-02,Preventive Maintenance,Image Quality,Low,0.8,2,Under Warranty,5665.22,Resolved,4
SV06015,H059,D019,2025-03-12,Corrective Maintenance,Image Quality,Low,3.7,1,Under Warranty,6336.75,Resolved,4
SV06016,H083,D042,2025-07-24,Preventive Maintenance,Sensor/Probe Issue,Medium,2.5,3,Under Warranty,2891.76,Resolved,4
SV06017,H034,D043,2024-07-26,Preventive Maintenance,Battery Issue,Medium,3.3,3,Under Warranty,8099.15,Resolved,5
SV06018,H031,D057,2025-03-13,Corrective Maintenance,Battery Issue,Medium,21.9,2,Out of Warranty,33064.37,Resolved,3
SV06019,H044,D024,2025-11-11,Corrective Maintenance,Connectivity,Medium,9.6,2,Under Warranty,8680.86,Resolved,3
SV06020,H097,D006,2024-07-21,Corrective Maintenance,Image Quality,Medium,3.1,2,Out of Warranty,16051.16,Pending,4
SV06021,H043,D049,2024-11-30,Corrective Maintenance,Software Error,High,9.4,2,Out of Warranty,11271.79,Resolved,5
SV06022,H009,D048,2024-06-24,Corrective Maintenance,Calibration Issue,Medium,11.9,2,Out of Warranty,24555.68,Resolved,4
SV06023,H054,D055,2025-09-22,Preventive Maintenance,Sensor/Probe Issue,Medium,13.2,1,Under Warranty,3968.1,Resolved,5
SV06024,H078,D021,2024-06-09,Preventive Maintenance,Connectivity,Medium,2.6,6,Out of Warranty,6724.63,Resolved,4
SV06025,H007,D043,2025-07-04,Corrective Maintenance,Display Issue,Medium,10.1,10,Under Warranty,15549.12,Resolved,4
SV06026,H022,D027,2024-12-22,Preventive Maintenance,Calibration Issue,High,19.9,2,Out of Warranty,8282.04,Resolved,4
SV06027,H029,D047,2026-01-30,Corrective Maintenance,Calibration Issue,High,15.7,2,Under Warranty,9665.99,Resolved,4
SV06028,H067,D013,2025-12-24,Corrective Maintenance,Power Failure,High,7.3,7,Out of Warranty,25967.84,Resolved,3
SV06029,H063,D016,2024-07-26,Preventive Maintenance,Calibration Issue,Medium,14.5,2,Out of Warranty,14036.51,Resolved,4
SV06030,H037,D039,2025-08-16,Preventive Maintenance,Preventive Maintenance,Low,12.8,1,Under Warranty,8183.72,Resolved,4
SV06031,H053,D021,2025-08-01,Corrective Maintenance,Image Quality,Medium,15.5,1,Out of Warranty,21485.45,Resolved,4
SV06032,H074,D054,2026-03-18,Corrective Maintenance,Power Failure,High,21.4,5,Under Warranty,5525.81,Resolved,5
SV06033,H079,D006,2024-04-22,Corrective Maintenance,Display Issue,Low,1.7,1,Out of Warranty,15265.79,Resolved,5
SV06034,H049,D019,2024-08-10,Preventive Maintenance,Calibration Issue,Medium,5.2,2,Out of Warranty,7916.43,Resolved,4
SV06035,H025,D024,2024-02-21,Corrective Maintenance,Preventive Maintenance,Medium,9.8,3,Out of Warranty,19217.59,Resolved,4
SV06036,H078,D024,2024-01-29,Preventive Maintenance,Sensor/Probe Issue,High,3.1,4,Under Warranty,2438.98,Resolved,4
SV06037,H090,D023,2025-03-23,Corrective Maintenance,Power Failure,Medium,12.3,3,Under Warranty,8588.03,Resolved,5
SV06038,H019,D012,2025-08-23,Corrective Maintenance,Battery Issue,High,5.8,6,Under Warranty,8233.47,Resolved,4
SV06039,H100,D006,2024-08-06,Preventive Maintenance,Connectivity,High,20.2,4,Under Warranty,7357.02,Resolved,4
SV06040,H034,D003,2024-12-27,Preventive Maintenance,Image Quality,High,11.3,3,Under Warranty,3533.07,Resolved,3
SV06041,H004,D023,2024-07-09,Corrective Maintenance,Sensor/Probe Issue,Medium,9.5,7,Out of Warranty,36518.31,Resolved,4
SV06042,H089,D029,2024-10-12,Corrective Maintenance,Image Quality,Medium,6.2,2,Under Warranty,18459.62,Pending,4
SV06043,H058,D055,2024-08-07,Preventive Maintenance,Sensor/Probe Issue,Medium,9.6,5,Out of Warranty,15266.43,Resolved,5
SV06044,H038,D016,2025-07-22,Corrective Maintenance,Image Quality,Medium,16.7,2,Out of Warranty,16435.06,Resolved,4
SV06045,H094,D020,2024-03-26,Corrective Maintenance,Mechanical Issue,Low,2.8,2,Under Warranty,11157.74,Resolved,5
SV06046,H020,D022,2024-07-28,Corrective Maintenance,Display Issue,Medium,2.9,2,Out of Warranty,34872.33,Resolved,5
SV06047,H094,D030,2026-09-04,Corrective Maintenance,Connectivity,Medium,4.0,1,Out of Warranty,15699.86,Resolved,4
SV06048,H033,D005,2024-12-22,Corrective Maintenance,Calibration Issue,High,20.1,4,Under Warranty,15524.15,Pending,3
SV06049,H082,D015,2026-08-23,Installation,Software Error,Medium,9.4,1,Under Warranty,6452.79,Resolved,5
SV06050,H061,D046,2024-03-04,Preventive Maintenance,Software Error,Medium,11.8,2,Out of Warranty,4968.24,Resolved,4
SV06051,H069,D004,2026-02-28,Preventive Maintenance,Software Error,High,22.6,5,Out of Warranty,9628.27,Resolved,4
SV06052,H086,D047,2024-09-23,Corrective Maintenance,Connectivity,Medium,15.3,2,Out of Warranty,32423.35,Resolved,3
SV06053,H047,D037,2026-08-27,Corrective Maintenance,Mechanical Issue,High,12.4,1,Out of Warranty,25575.79,Resolved,4
SV06054,H084,D038,2025-04-08,Corrective Maintenance,Battery Issue,Low,17.3,3,Out of Warranty,18003.23,Resolved,4
SV06055,H001,D014,2026-02-07,Corrective Maintenance,Sensor/Probe Issue,Critical,1.8,6,Under Warranty,8693.64,Resolved,4
SV06056,H056,D057,2026-03-21,Corrective Maintenance,Sensor/Probe Issue,High,7.0,5,Out of Warranty,18551.89,Resolved,5
SV06057,H081,D044,2024-05-12,Preventive Maintenance,Image Quality,Low,5.0,1,Under Warranty,2848.49,Resolved,5
SV06058,H074,D039,2025-03-19,Preventive Maintenance,Power Failure,Medium,5.7,4,Out of Warranty,9544.39,Resolved,4
SV06059,H079,D012,2025-05-11,Preventive Maintenance,Connectivity,Medium,7.2,4,Out of Warranty,14853.15,Resolved,4
SV06060,H087,D004,2024-03-27,Preventive Maintenance,Battery Issue,High,8.8,5,Under Warranty,4164.53,Resolved,4
SV06061,H059,D029,2025-02-09,Corrective Maintenance,Software Error,Medium,9.7,4,Out of Warranty,22929.09,Resolved,4
SV06062,H019,D056,2025-02-02,Corrective Maintenance,Display Issue,High,6.3,2,Under Warranty,15634.72,Resolved,4
SV06063,H014,D002,2024-10-31,Corrective Maintenance,Sensor/Probe Issue,High,16.7,3,Under Warranty,9487.57,Resolved,4
SV06064,H025,D013,2026-09-03,Preventive Maintenance,Mechanical Issue,High,17.9,4,Under Warranty,8225.73,Resolved,3
SV06065,H019,D052,2024-04-06,Preventive Maintenance,Software Error,Critical,12.7,14,Under Warranty,6634.96,Resolved,3
SV06066,H046,D004,2025-01-11,Corrective Maintenance,Software Error,High,8.5,2,Under Warranty,20016.88,Resolved,5
SV06067,H098,D047,2024-03-21,Corrective Maintenance,Mechanical Issue,Low,5.1,1,Under Warranty,10654.81,Resolved,5
SV06068,H082,D018,2024-08-24,Preventive Maintenance,Display Issue,Low,4.5,4,Under Warranty,5847.19,Resolved,4
SV06069,H091,D055,2025-10-28,Preventive Maintenance,Sensor/Probe Issue,Low,3.9,1,Under Warranty,3314.27,Resolved,5
SV06070,H057,D049,2024-05-20,Preventive Maintenance,Connectivity,Medium,9.9,2,Under Warranty,4292.8,Resolved,5
SV06071,H076,D032,2026-07-30,Corrective Maintenance,Software Error,High,20.8,2,Under Warranty,13219.02,Resolved,4
SV06072,H090,D003,2026-01-16,Installation,Sensor/Probe Issue,Low,5.7,2,Out of Warranty,7947.92,Resolved,5
SV06073,H031,D040,2026-02-28,Corrective Maintenance,Sensor/Probe Issue,Medium,2.0,3,Out of Warranty,17013.46,Resolved,4
SV06074,H065,D025,2025-02-07,Corrective Maintenance,Connectivity,Medium,0.5,4,Out of Warranty,23566.67,Resolved,4
SV06075,H075,D029,2024-03-05,Preventive Maintenance,Power Failure,High,7.7,4,Under Warranty,4501.27,Resolved,4
SV06076,H040,D031,2025-09-11,Corrective Maintenance,Software Error,Critical,30.1,6,Under Warranty,11456.61,Resolved,4
SV06077,H016,D045,2025-10-10,Corrective Maintenance,Preventive Maintenance,High,1.6,2,Under Warranty,15010.86,Resolved,4
SV06078,H082,D037,2025-10-09,Corrective Maintenance,Battery Issue,Medium,11.6,1,Under Warranty,15543.34,Resolved,3
SV06079,H064,D058,2025-08-01,Installation,Battery Issue,Low,10.3,3,Out of Warranty,6846.38,Resolved,4
SV06080,H016,D030,2024-01-20,Corrective Maintenance,Connectivity,Low,3.7,2,Under Warranty,18591.64,Resolved,4
SV06081,H033,D016,2025-10-17,Preventive Maintenance,Image Quality,Medium,2.7,2,Out of Warranty,12864.78,Resolved,5
SV06082,H079,D029,2026-09-06,Preventive Maintenance,Software Error,Medium,11.9,3,Under Warranty,3571.95,Resolved,4
SV06083,H080,D015,2025-10-03,Corrective Maintenance,Preventive Maintenance,Low,5.1,2,Under Warranty,18089.72,Resolved,4
SV06084,H071,D024,2025-05-15,Corrective Maintenance,Calibration Issue,High,6.1,8,Out of Warranty,38194.09,Resolved,4
SV06085,H078,D057,2024-09-05,Corrective Maintenance,Sensor/Probe Issue,High,26.6,3,Out of Warranty,20047.63,Resolved,4
SV06086,H035,D019,2026-06-08,Preventive Maintenance,Power Failure,Medium,0.5,6,Out of Warranty,13089.31,Resolved,4
SV06087,H039,D060,2024-01-22,Installation,Preventive Maintenance,Medium,19.0,3,Out of Warranty,10984.26,Resolved,4
SV06088,H004,D051,2026-01-26,Corrective Maintenance,Sensor/Probe Issue,Low,2.6,2,Out of Warranty,36978.86,Resolved,4
SV06089,H010,D004,2026-09-10,Corrective Maintenance,Software Error,High,10.5,3,Out of Warranty,25219.82,Resolved,3
SV06090,H060,D019,2025-01-30,Corrective Maintenance,Connectivity,Medium,6.0,1,Under Warranty,14451.39,Resolved,4
SV06091,H099,D014,2025-08-11,Corrective Maintenance,Power Failure,Medium,3.6,7,Under Warranty,8762.82,Pending,4
SV06092,H043,D059,2026-05-12,Preventive Maintenance,Mechanical Issue,Medium,9.0,3,Out of Warranty,13518.58,Resolved,4
SV06093,H068,D058,2024-12-20,Corrective Maintenance,Software Error,High,15.6,2,Under Warranty,12831.78,Resolved,4
SV06094,H047,D008,2024-07-26,Corrective Maintenance,Software Error,High,12.4,2,Out of Warranty,13132.8,Resolved,5
SV06095,H038,D007,2024-09-27,Corrective Maintenance,Mechanical Issue,Critical,19.3,7,Out of Warranty,35574.06,Resolved,4
SV06096,H002,D057,2026-03-01,Corrective Maintenance,Display Issue,Medium,9.4,3,Under Warranty,7587.45,Resolved,4
SV06097,H068,D011,2026-06-08,Preventive Maintenance,Power Failure,High,25.7,19,Out of Warranty,10996.47,Resolved,4
SV06098,H044,D028,2025-03-16,Installation,Sensor/Probe Issue,Medium,2.2,4,Out of Warranty,11365.35,Resolved,4
SV06099,H033,D028,2026-05-02,Preventive Maintenance,Image Quality,Medium,10.6,3,Out of Warranty,6484.35,Resolved,4
SV06100,H068,D027,2026-02-24,Installation,Battery Issue,Medium,8.6,4,Under Warranty,7100.47,Resolved,3
SV06101,H095,D018,2024-09-06,Corrective Maintenance,Sensor/Probe Issue,High,2.8,3,Under Warranty,8970.57,Resolved,4
SV06102,H069,D028,2026-03-25,Corrective Maintenance,Connectivity,Medium,8.7,2,Out of Warranty,26017.76,Resolved,4
SV06103,H028,D038,2025-09-14,Preventive Maintenance,Power Failure,Medium,14.2,4,Under Warranty,2976.86,Resolved,4
SV06104,H029,D035,2025-05-13,Preventive Maintenance,Sensor/Probe Issue,Critical,55.5,2,Under Warranty,8186.89,Resolved,4
SV06105,H044,D009,2026-07-01,Installation,Display Issue,High,15.6,1,Under Warranty,3577.31,Resolved,5
SV06106,H081,D012,2026-04-05,Corrective Maintenance,Power Failure,Medium,6.1,3,Under Warranty,16065.56,Resolved,4
SV06107,H091,D025,2026-01-05,Corrective Maintenance,Sensor/Probe Issue,Critical,14.6,6,Under Warranty,14359.59,Resolved,4
SV06108,H065,D041,2024-09-12,Installation,Mechanical Issue,Medium,8.1,2,Under Warranty,3750.77,Resolved,4
SV06109,H010,D046,2025-12-06,Preventive Maintenance,Software Error,High,6.4,7,Out of Warranty,11151.95,Resolved,4
SV06110,H086,D005,2026-02-10,Preventive Maintenance,Image Quality,Low,0.5,2,Out of Warranty,11453.07,Resolved,5
SV06111,H058,D045,2024-02-06,Corrective Maintenance,Calibration Issue,Medium,6.6,1,Under Warranty,8385.14,Resolved,4
SV06112,H082,D018,2026-06-23,Corrective Maintenance,Power Failure,Medium,4.4,2,Under Warranty,18594.93,Resolved,4
SV06113,H046,D009,2026-06-07,Preventive Maintenance,Preventive Maintenance,High,14.2,1,Out of Warranty,5569.5,Resolved,5
SV06114,H067,D036,2024-12-22,Corrective Maintenance,Connectivity,Low,5.9,1,Out of Warranty,9461.17,Resolved,5
SV06115,H017,D053,2024-10-30,Corrective Maintenance,Calibration Issue,High,16.9,2,Out of Warranty,35132.71,Resolved,4
SV06116,H097,D021,2024-06-11,Corrective Maintenance,Calibration Issue,Critical,7.7,4,Under Warranty,5387.32,Resolved,4
SV06117,H020,D057,2026-01-28,Installation,Calibration Issue,Low,1.8,1,Under Warranty,12307.41,Resolved,5
SV06118,H051,D022,2024-11-12,Corrective Maintenance,Power Failure,Medium,12.4,5,Out of Warranty,16060.97,Resolved,4
SV06119,H090,D060,2026-09-02,Corrective Maintenance,Calibration Issue,Medium,9.6,5,Under Warranty,16202.2,Resolved,3
SV06120,H012,D020,2024-04-23,Corrective Maintenance,Software Error,Medium,14.2,1,Out of Warranty,19344.37,Resolved,5
SV06121,H039,D019,2025-09-30,Preventive Maintenance,Image Quality,Medium,7.7,2,Out of Warranty,4907.41,Resolved,5
SV06122,H025,D005,2025-09-05,Preventive Maintenance,Battery Issue,High,10.5,1,Under Warranty,5125.59,Resolved,5
SV06123,H015,D042,2025-06-12,Corrective Maintenance,Display Issue,Medium,7.3,1,Out of Warranty,13405.09,Resolved,5
SV06124,H062,D036,2025-12-09,Corrective Maintenance,Image Quality,Low,4.0,2,Under Warranty,20923.29,Resolved,4
SV06125,H092,D042,2026-02-24,Preventive Maintenance,Sensor/Probe Issue,Low,4.0,2,Under Warranty,4031.61,Resolved,4
SV06126,H037,D034,2024-10-21,Corrective Maintenance,Image Quality,Low,2.8,2,Out of Warranty,37489.31,Resolved,5
SV06127,H003,D054,2024-08-10,Corrective Maintenance,Sensor/Probe Issue,Low,3.2,1,Out of Warranty,21194.33,Resolved,5
SV06128,H035,D060,2026-02-13,Corrective Maintenance,Connectivity,Medium,12.8,2,Under Warranty,14392.82,Resolved,5
SV06129,H044,D010,2026-09-28,Installation,Battery Issue,Medium,5.8,3,Under Warranty,4184.92,Resolved,4
SV06130,H025,D037,2026-01-02,Corrective Maintenance,Connectivity,Medium,3.9,4,Under Warranty,15449.61,Resolved,4
SV06131,H074,D056,2024-06-15,Installation,Calibration Issue,High,7.0,4,Out of Warranty,12260.19,Resolved,4
SV06132,H050,D053,2026-04-10,Preventive Maintenance,Mechanical Issue,Medium,3.0,3,Under Warranty,6245.31,Resolved,5
SV06133,H023,D028,2026-09-03,Corrective Maintenance,Sensor/Probe Issue,High,5.9,8,Under Warranty,5688.79,Resolved,4
SV06134,H077,D053,2026-04-25,Preventive Maintenance,Power Failure,High,18.4,7,Out of Warranty,13200.03,Resolved,4
SV06135,H023,D015,2024-01-07,Preventive Maintenance,Calibration Issue,High,5.4,1,Out of Warranty,14431.75,Resolved,5
SV06136,H063,D058,2024-01-09,Corrective Maintenance,Sensor/Probe Issue,Medium,0.5,1,Under Warranty,10575.78,Resolved,5
SV06137,H005,D051,2025-11-13,Preventive Maintenance,Display Issue,Medium,5.5,3,Under Warranty,3284.49,Resolved,5
SV06138,H089,D039,2025-02-19,Corrective Maintenance,Battery Issue,Medium,2.1,2,Under Warranty,6802.83,Resolved,5
SV06139,H050,D022,2025-08-05,Corrective Maintenance,Display Issue,High,10.4,8,Under Warranty,19371.54,Resolved,4
SV06140,H036,D019,2026-06-03,Corrective Maintenance,Power Failure,Low,7.3,3,Under Warranty,15642.93,Resolved,4
SV06141,H098,D049,2025-04-25,Installation,Power Failure,Medium,11.1,3,Out of Warranty,10413.62,Resolved,4
SV06142,H031,D036,2026-07-15,Corrective Maintenance,Sensor/Probe Issue,Medium,3.4,2,Out of Warranty,34808.56,Resolved,5
SV06143,H007,D017,2025-11-20,Preventive Maintenance,Software Error,Low,2.2,1,Under Warranty,6201.18,Resolved,4
SV06144,H040,D054,2025-05-09,Preventive Maintenance,Software Error,High,5.5,4,Out of Warranty,14415.12,Resolved,4
SV06145,H012,D054,2025-01-21,Corrective Maintenance,Software Error,Medium,4.5,2,Under Warranty,13772.34,Resolved,4
SV06146,H079,D051,2025-08-18,Preventive Maintenance,Battery Issue,Critical,37.2,14,Under Warranty,4421.26,Resolved,2
SV06147,H012,D020,2024-08-10,Preventive Maintenance,Software Error,Medium,23.4,3,Out of Warranty,7496.35,Resolved,4
SV06148,H068,D017,2024-05-19,Corrective Maintenance,Display Issue,Medium,12.7,2,Under Warranty,8208.22,Resolved,4
SV06149,H014,D015,2025-09-12,Corrective Maintenance,Sensor/Probe Issue,Medium,4.4,5,Under Warranty,12019.58,Pending,4
SV06150,H044,D049,2026-05-13,Corrective Maintenance,Power Failure,Critical,6.9,1,Under Warranty,16978.11,Resolved,5
SV06151,H046,D046,2025-03-01,Corrective Maintenance,Display Issue,Medium,6.7,2,Under Warranty,9287.86,Pending,4
SV06152,H076,D045,2025-09-15,Corrective Maintenance,Display Issue,Medium,17.4,1,Under Warranty,7752.3,Resolved,4
SV06153,H094,D035,2025-03-21,Preventive Maintenance,Connectivity,High,12.0,2,Out of Warranty,6419.28,Resolved,4
SV06154,H017,D045,2026-07-23,Corrective Maintenance,Calibration Issue,High,10.7,6,Under Warranty,12556.01,Resolved,4
SV06155,H053,D002,2025-07-07,Corrective Maintenance,Image Quality,Medium,19.3,1,Out of Warranty,17479.35,Resolved,4
SV06156,H032,D018,2025-12-26,Preventive Maintenance,Image Quality,Critical,5.4,5,Out of Warranty,13373.01,Resolved,3
SV06157,H008,D006,2026-07-12,Corrective Maintenance,Software Error,Medium,3.2,2,Under Warranty,13036.78,Resolved,4
SV06158,H076,D011,2026-05-04,Installation,Software Error,Low,4.7,2,Under Warranty,12845.98,Resolved,5
SV06159,H044,D039,2025-01-19,Preventive Maintenance,Software Error,Medium,14.7,1,Under Warranty,7655.41,Resolved,5
SV06160,H086,D045,2026-01-13,Preventive Maintenance,Display Issue,Medium,5.4,3,Under Warranty,7479.66,Resolved,4
SV06161,H081,D022,2024-12-19,Corrective Maintenance,Calibration Issue,Medium,15.5,2,Out of Warranty,17663.4,Resolved,4
SV06162,H003,D053,2024-01-08,Preventive Maintenance,Software Error,High,2.5,3,Under Warranty,5536.11,Resolved,4
SV06163,H081,D049,2024-05-09,Corrective Maintenance,Software Error,Medium,8.8,2,Under Warranty,20597.55,Resolved,4
SV06164,H001,D028,2026-08-30,Corrective Maintenance,Sensor/Probe Issue,Low,11.0,3,Out of Warranty,22751.25,Resolved,4
SV06165,H043,D001,2026-03-29,Preventive Maintenance,Display Issue,Medium,9.2,3,Under Warranty,8440.04,Resolved,5
SV06166,H034,D038,2026-02-10,Corrective Maintenance,Connectivity,Critical,8.8,4,Under Warranty,18910.49,Resolved,5
SV06167,H033,D047,2025-01-30,Corrective Maintenance,Preventive Maintenance,High,10.0,5,Out of Warranty,10453.02,Resolved,5
SV06168,H032,D046,2026-01-15,Corrective Maintenance,Power Failure,Low,9.3,1,Out of Warranty,9612.55,Resolved,4
SV06169,H098,D033,2026-08-15,Corrective Maintenance,Battery Issue,Critical,2.2,2,Under Warranty,17639.7,Resolved,4
SV06170,H094,D060,2024-06-24,Preventive Maintenance,Calibration Issue,High,7.5,4,Under Warranty,5647.38,Resolved,4
SV06171,H077,D005,2025-02-11,Preventive Maintenance,Battery Issue,Medium,9.8,2,Under Warranty,5013.53,Resolved,5
SV06172,H042,D049,2025-04-01,Corrective Maintenance,Battery Issue,Medium,4.1,2,Under Warranty,20742.01,Resolved,4
SV06173,H091,D055,2024-08-11,Corrective Maintenance,Image Quality,Medium,5.4,4,Under Warranty,14155.29,Resolved,4
SV06174,H030,D001,2024-04-24,Installation,Calibration Issue,Medium,5.0,2,Out of Warranty,15984.36,Resolved,4
SV06175,H023,D059,2024-05-30,Installation,Preventive Maintenance,Critical,36.3,7,Out of Warranty,16497.79,Resolved,3
SV06176,H090,D054,2026-07-09,Corrective Maintenance,Software Error,High,28.9,3,Out of Warranty,25641.48,Resolved,4
SV06177,H050,D043,2024-09-23,Corrective Maintenance,Software Error,Medium,4.9,2,Under Warranty,9118.21,Resolved,5
SV06178,H091,D047,2026-09-16,Corrective Maintenance,Software Error,High,18.0,3,Under Warranty,13783.41,Resolved,4
SV06179,H088,D011,2026-04-24,Preventive Maintenance,Mechanical Issue,High,17.9,6,Out of Warranty,16151.33,Resolved,4
SV06180,H094,D041,2024-05-30,Preventive Maintenance,Connectivity,Critical,35.2,4,Out of Warranty,7063.16,Resolved,4
SV06181,H054,D035,2025-12-23,Preventive Maintenance,Power Failure,Medium,9.0,2,Under Warranty,8432.13,Resolved,4
SV06182,H001,D023,2025-11-02,Preventive Maintenance,Image Quality,High,4.5,8,Under Warranty,5557.27,Resolved,4
SV06183,H004,D059,2025-01-19,Preventive Maintenance,Power Failure,Medium,15.8,4,Out of Warranty,5857.56,Resolved,4
SV06184,H021,D057,2024-09-24,Corrective Maintenance,Image Quality,Medium,8.7,1,Out of Warranty,21481.75,Resolved,5
SV06185,H091,D026,2024-07-03,Installation,Software Error,High,16.2,4,Under Warranty,6794.33,Resolved,4
SV06186,H059,D057,2025-05-22,Corrective Maintenance,Battery Issue,Low,11.8,1,Under Warranty,20299.53,Resolved,5
SV06187,H085,D045,2025-08-30,Corrective Maintenance,Software Error,High,29.2,4,Out of Warranty,26162.89,Resolved,4
SV06188,H075,D024,2025-09-12,Preventive Maintenance,Display Issue,High,13.2,11,Out of Warranty,9181.57,Resolved,4
SV06189,H004,D057,2025-06-10,Corrective Maintenance,Sensor/Probe Issue,Medium,1.4,3,Out of Warranty,21142.63,Resolved,4
SV06190,H061,D029,2024-07-17,Corrective Maintenance,Image Quality,High,4.0,2,Under Warranty,8679.8,Resolved,5
SV06191,H049,D007,2024-11-30,Corrective Maintenance,Power Failure,Low,0.7,2,Out of Warranty,37098.55,Resolved,5
SV06192,H019,D046,2024-11-22,Corrective Maintenance,Image Quality,Medium,2.9,2,Under Warranty,19191.55,Resolved,4
SV06193,H079,D014,2026-02-08,Corrective Maintenance,Calibration Issue,Low,1.4,2,Under Warranty,5345.78,Resolved,5
SV06194,H014,D016,2024-09-14,Corrective Maintenance,Power Failure,Medium,8.2,4,Out of Warranty,25403.08,Resolved,5
SV06195,H011,D056,2024-07-19,Corrective Maintenance,Image Quality,High,15.3,6,Under Warranty,13318.87,Resolved,3
SV06196,H002,D047,2024-01-27,Corrective Maintenance,Calibration Issue,High,2.9,2,Out of Warranty,30282.96,Resolved,5
SV06197,H068,D017,2025-09-22,Preventive Maintenance,Power Failure,Critical,40.8,10,Under Warranty,5587.4,Resolved,3
SV06198,H074,D024,2025-08-18,Corrective Maintenance,Mechanical Issue,Low,1.9,3,Under Warranty,5488.52,Resolved,5
SV06199,H069,D035,2024-10-28,Corrective Maintenance,Sensor/Probe Issue,High,7.7,2,Under Warranty,17968.62,Resolved,5
SV06200,H025,D049,2026-05-06,Installation,Image Quality,Medium,4.9,1,Under Warranty,4755.6,Resolved,5
SV06201,H044,D019,2024-07-11,Preventive Maintenance,Sensor/Probe Issue,Medium,15.0,6,Under Warranty,8717.55,Resolved,3
SV06202,H032,D031,2026-02-07,Preventive Maintenance,Connectivity,Medium,12.4,1,Under Warranty,5233.66,Resolved,4
SV06203,H077,D048,2024-10-03,Corrective Maintenance,Software Error,High,6.1,9,Out of Warranty,20834.91,Resolved,4
SV06204,H035,D048,2024-12-05,Corrective Maintenance,Image Quality,Medium,2.0,3,Under Warranty,16044.82,Resolved,5
SV06205,H050,D025,2025-11-05,Corrective Maintenance,Preventive Maintenance,High,11.5,4,Under Warranty,11501.33,Resolved,4
SV06206,H030,D022,2024-04-09,Installation,Power Failure,High,9.0,8,Under Warranty,12940.99,Resolved,3
SV06207,H052,D028,2024-05-11,Preventive Maintenance,Sensor/Probe Issue,High,5.6,10,Out of Warranty,10322.32,Resolved,4
SV06208,H088,D001,2025-06-30,Corrective Maintenance,Sensor/Probe Issue,Medium,8.6,4,Under Warranty,15820.43,Pending,5
SV06209,H014,D057,2024-08-31,Preventive Maintenance,Mechanical Issue,Critical,40.5,5,Out of Warranty,6651.69,Resolved,3
SV06210,H080,D007,2024-06-16,Preventive Maintenance,Software Error,High,3.8,4,Out of Warranty,3974.28,Resolved,5
SV06211,H077,D005,2026-01-21,Corrective Maintenance,Calibration Issue,Medium,24.0,1,Out of Warranty,38694.99,Resolved,5
SV06212,H021,D010,2025-04-13,Installation,Battery Issue,Low,5.0,1,Out of Warranty,17994.34,Resolved,4
SV06213,H039,D015,2025-10-30,Preventive Maintenance,Image Quality,High,4.2,2,Under Warranty,3690.43,Resolved,5
SV06214,H099,D043,2024-01-12,Corrective Maintenance,Mechanical Issue,Medium,15.6,2,Under Warranty,6043.82,Resolved,3
SV06215,H100,D002,2025-12-22,Preventive Maintenance,Sensor/Probe Issue,Medium,8.7,2,Out of Warranty,16048.3,Resolved,5
SV06216,H059,D051,2026-04-09,Preventive Maintenance,Power Failure,Medium,7.5,1,Under Warranty,5592.89,Pending,4
SV06217,H062,D043,2025-01-20,Corrective Maintenance,Sensor/Probe Issue,Medium,2.3,3,Out of Warranty,20596.91,Resolved,4
SV06218,H038,D014,2026-06-27,Corrective Maintenance,Mechanical Issue,Low,6.7,1,Out of Warranty,27521.13,Resolved,4
SV06219,H077,D007,2024-05-04,Preventive Maintenance,Power Failure,Low,2.5,3,Under Warranty,8285.47,Resolved,4
SV06220,H087,D009,2025-11-15,Preventive Maintenance,Sensor/Probe Issue,Medium,9.5,6,Out of Warranty,5052.46,Pending,4
SV06221,H045,D019,2025-01-03,Corrective Maintenance,Software Error,High,2.9,4,Out of Warranty,23641.55,Resolved,4
SV06222,H006,D004,2026-08-02,Corrective Maintenance,Mechanical Issue,Low,11.7,1,Under Warranty,18891.23,Resolved,4
SV06223,H088,D024,2026-01-18,Preventive Maintenance,Software Error,Medium,13.7,2,Out of Warranty,3929.57,Resolved,4
SV06224,H060,D045,2025-01-11,Corrective Maintenance,Mechanical Issue,Medium,24.4,2,Out of Warranty,9970.32,Resolved,5
SV06225,H035,D039,2024-11-04,Preventive Maintenance,Mechanical Issue,Low,9.2,1,Out of Warranty,15648.32,Resolved,4
SV06226,H016,D044,2025-10-05,Preventive Maintenance,Sensor/Probe Issue,High,2.2,2,Out of Warranty,5726.78,Pending,4
SV06227,H001,D038,2025-12-07,Preventive Maintenance,Calibration Issue,Medium,7.1,2,Out of Warranty,14872.47,Resolved,5
SV06228,H021,D001,2025-04-16,Corrective Maintenance,Display Issue,Medium,12.9,4,Under Warranty,11844.45,Resolved,5
SV06229,H072,D035,2026-06-21,Preventive Maintenance,Display Issue,Medium,6.7,4,Out of Warranty,4006.27,Resolved,4
SV06230,H063,D028,2025-04-24,Corrective Maintenance,Power Failure,Medium,7.7,4,Under Warranty,16701.76,Resolved,4
SV06231,H071,D049,2024-06-01,Preventive Maintenance,Software Error,High,9.1,2,Under Warranty,5799.56,Resolved,4
SV06232,H038,D024,2024-11-12,Preventive Maintenance,Image Quality,Medium,3.1,6,Under Warranty,4536.24,Resolved,3
SV06233,H092,D059,2025-12-10,Preventive Maintenance,Sensor/Probe Issue,Low,3.1,3,Under Warranty,4189.17,Resolved,4
SV06234,H017,D002,2024-04-08,Installation,Battery Issue,Low,0.6,2,Under Warranty,5246.46,Resolved,4
SV06235,H018,D054,2024-11-29,Corrective Maintenance,Sensor/Probe Issue,Low,2.2,2,Out of Warranty,38255.53,Resolved,4
SV06236,H043,D058,2024-12-10,Preventive Maintenance,Battery Issue,Medium,9.5,6,Under Warranty,7663.93,Resolved,4
SV06237,H049,D002,2024-11-20,Preventive Maintenance,Software Error,Low,0.5,2,Out of Warranty,4056.5,Resolved,5
SV06238,H018,D022,2025-06-30,Preventive Maintenance,Connectivity,High,8.2,3,Out of Warranty,14449.67,Resolved,4
SV06239,H022,D019,2025-02-04,Corrective Maintenance,Calibration Issue,Critical,13.5,11,Out of Warranty,14618.6,Resolved,4
SV06240,H044,D059,2024-05-14,Installation,Image Quality,Low,3.2,2,Under Warranty,8853.11,Resolved,4
SV06241,H005,D054,2024-04-27,Corrective Maintenance,Preventive Maintenance,Low,2.2,1,Out of Warranty,38646.75,Resolved,5
SV06242,H005,D056,2026-07-16,Corrective Maintenance,Image Quality,Low,9.4,1,Out of Warranty,34685.69,Resolved,5
SV06243,H092,D012,2025-05-09,Corrective Maintenance,Power Failure,Medium,5.3,2,Under Warranty,20865.42,Resolved,4
SV06244,H082,D050,2025-01-08,Corrective Maintenance,Battery Issue,Medium,9.6,2,Under Warranty,19256.94,Resolved,4
SV06245,H033,D036,2025-12-25,Corrective Maintenance,Power Failure,Medium,3.9,2,Under Warranty,10576.76,Resolved,5
SV06246,H098,D011,2025-03-03,Installation,Connectivity,Medium,4.6,3,Out of Warranty,17829.2,Resolved,4
SV06247,H077,D039,2026-01-09,Corrective Maintenance,Power Failure,High,2.8,6,Out of Warranty,15879.41,Resolved,4
SV06248,H077,D022,2026-09-02,Preventive Maintenance,Mechanical Issue,Medium,3.1,1,Out of Warranty,12245.11,Resolved,4
SV06249,H007,D044,2024-05-07,Corrective Maintenance,Connectivity,Medium,8.8,1,Under Warranty,10090.91,Resolved,4
SV06250,H071,D015,2026-04-26,Corrective Maintenance,Connectivity,Medium,1.2,3,Under Warranty,10260.61,Resolved,5
SV06251,H054,D038,2026-03-02,Corrective Maintenance,Image Quality,Medium,2.6,2,Under Warranty,7802.86,Resolved,5
SV06252,H061,D014,2025-09-24,Preventive Maintenance,Calibration Issue,Medium,3.6,6,Under Warranty,7937.84,Resolved,5
SV06253,H077,D023,2026-09-17,Corrective Maintenance,Calibration Issue,High,3.7,3,Under Warranty,8152.18,Resolved,4
SV06254,H004,D010,2025-04-19,Preventive Maintenance,Software Error,High,6.3,4,Out of Warranty,13040.46,Resolved,4
SV06255,H034,D014,2026-02-21,Corrective Maintenance,Software Error,High,13.2,9,Under Warranty,11005.98,Resolved,4
SV06256,H030,D020,2026-05-13,Installation,Connectivity,High,7.4,6,Out of Warranty,15366.14,Resolved,4
SV06257,H085,D038,2026-06-10,Corrective Maintenance,Preventive Maintenance,Low,4.6,1,Under Warranty,7061.94,Resolved,4
SV06258,H084,D034,2025-12-31,Preventive Maintenance,Preventive Maintenance,Medium,5.4,3,Under Warranty,6080.55,Resolved,5
SV06259,H081,D016,2026-05-08,Corrective Maintenance,Software Error,High,10.5,1,Out of Warranty,26369.71,Pending,4
SV06260,H072,D041,2024-01-22,Preventive Maintenance,Image Quality,High,7.1,1,Under Warranty,3027.62,Pending,4
SV06261,H023,D019,2025-04-09,Preventive Maintenance,Image Quality,Low,2.9,6,Out of Warranty,9665.74,Resolved,5
SV06262,H052,D026,2024-12-10,Preventive Maintenance,Mechanical Issue,Medium,21.3,1,Out of Warranty,12959.09,Resolved,5
SV06263,H030,D036,2026-01-29,Preventive Maintenance,Power Failure,High,12.9,5,Out of Warranty,9340.6,Resolved,4
SV06264,H027,D042,2026-02-14,Preventive Maintenance,Display Issue,Medium,12.0,5,Under Warranty,3284.18,Resolved,4
SV06265,H055,D022,2025-08-12,Corrective Maintenance,Display Issue,Medium,2.9,1,Under Warranty,5895.46,Resolved,4
SV06266,H084,D012,2025-08-24,Corrective Maintenance,Battery Issue,Low,6.6,3,Under Warranty,9969.8,Resolved,4
SV06267,H084,D004,2026-07-26,Corrective Maintenance,Calibration Issue,Medium,7.1,3,Out of Warranty,37298.46,Resolved,4
SV06268,H087,D053,2024-01-07,Corrective Maintenance,Image Quality,Low,4.7,2,Out of Warranty,12058.27,Resolved,4
SV06269,H046,D034,2026-03-13,Corrective Maintenance,Sensor/Probe Issue,Low,6.5,3,Out of Warranty,25963.94,Resolved,5
SV06270,H041,D012,2025-12-14,Preventive Maintenance,Display Issue,Medium,5.6,3,Out of Warranty,14212.11,Resolved,4
SV06271,H086,D004,2024-11-29,Preventive Maintenance,Connectivity,Critical,8.6,12,Out of Warranty,16054.51,Resolved,3
SV06272,H030,D047,2024-02-22,Corrective Maintenance,Display Issue,Medium,6.3,6,Under Warranty,14172.96,Resolved,4
SV06273,H047,D008,2024-07-12,Corrective Maintenance,Battery Issue,Low,3.3,2,Out of Warranty,19073.35,Resolved,4
SV06274,H071,D026,2025-07-22,Corrective Maintenance,Display Issue,Medium,1.0,1,Out of Warranty,11635.88,Resolved,4
SV06275,H059,D050,2025-08-05,Corrective Maintenance,Display Issue,Low,5.9,1,Under Warranty,15128.23,Resolved,4
SV06276,H079,D056,2024-10-22,Corrective Maintenance,Preventive Maintenance,Medium,14.2,7,Under Warranty,18291.07,Resolved,4
SV06277,H039,D015,2025-12-28,Corrective Maintenance,Power Failure,Low,5.3,3,Under Warranty,17469.54,Resolved,4
SV06278,H075,D057,2025-04-26,Corrective Maintenance,Sensor/Probe Issue,High,4.7,2,Under Warranty,11128.05,Resolved,5
SV06279,H017,D011,2025-04-21,Preventive Maintenance,Software Error,Medium,22.0,2,Under Warranty,2657.61,Resolved,4
SV06280,H037,D027,2025-04-09,Installation,Display Issue,Critical,6.4,3,Out of Warranty,12769.37,Resolved,3
SV06281,H017,D030,2026-01-16,Corrective Maintenance,Software Error,High,17.7,3,Under Warranty,17729.37,Resolved,5
SV06282,H010,D040,2026-08-11,Corrective Maintenance,Calibration Issue,Medium,3.5,7,Out of Warranty,15636.52,Resolved,4
SV06283,H034,D034,2024-06-07,Corrective Maintenance,Sensor/Probe Issue,Low,2.8,8,Under Warranty,20588.52,Resolved,3
SV06284,H056,D033,2024-02-17,Corrective Maintenance,Calibration Issue,High,16.6,1,Under Warranty,13147.18,Resolved,4
SV06285,H083,D032,2025-08-10,Corrective Maintenance,Preventive Maintenance,High,4.8,6,Out of Warranty,37264.45,Resolved,5
SV06286,H041,D045,2026-05-14,Corrective Maintenance,Calibration Issue,Medium,3.2,4,Under Warranty,9703.34,Resolved,4
SV06287,H020,D040,2025-12-14,Preventive Maintenance,Sensor/Probe Issue,Medium,7.9,2,Under Warranty,8235.45,Resolved,4
SV06288,H042,D025,2026-03-16,Preventive Maintenance,Software Error,Low,4.4,1,Out of Warranty,11425.92,Resolved,5
SV06289,H024,D043,2026-03-18,Installation,Power Failure,High,22.7,5,Under Warranty,6238.32,Resolved,4
SV06290,H068,D045,2026-02-10,Corrective Maintenance,Display Issue,High,9.5,1,Under Warranty,18221.14,Resolved,5
SV06291,H039,D011,2026-03-09,Corrective Maintenance,Preventive Maintenance,High,12.3,5,Out of Warranty,10181.51,Resolved,4
SV06292,H061,D058,2025-10-30,Corrective Maintenance,Battery Issue,Medium,11.6,10,Out of Warranty,31465.29,Pending,4
SV06293,H003,D047,2026-08-27,Corrective Maintenance,Software Error,High,3.7,6,Under Warranty,19999.46,Resolved,4
SV06294,H045,D031,2025-10-25,Corrective Maintenance,Preventive Maintenance,High,9.9,2,Under Warranty,13042.25,Resolved,4
SV06295,H049,D048,2025-08-24,Installation,Sensor/Probe Issue,Medium,6.9,2,Out of Warranty,9818.04,Resolved,3
SV06296,H021,D031,2026-04-08,Preventive Maintenance,Software Error,Medium,6.9,1,Out of Warranty,9945.4,Resolved,4
SV06297,H087,D051,2025-07-14,Preventive Maintenance,Calibration Issue,Low,1.1,2,Under Warranty,3698.53,Resolved,3
SV06298,H094,D039,2025-03-14,Corrective Maintenance,Sensor/Probe Issue,Medium,12.4,1,Out of Warranty,24200.92,Resolved,4
SV06299,H084,D042,2024-06-24,Installation,Power Failure,Medium,4.2,6,Under Warranty,8776.57,Resolved,4
SV06300,H017,D058,2024-02-26,Corrective Maintenance,Image Quality,Low,7.7,4,Out of Warranty,19739.86,Resolved,5
SV06301,H013,D038,2025-05-08,Corrective Maintenance,Calibration Issue,Medium,3.4,1,Under Warranty,13423.43,Pending,4
SV06302,H059,D027,2024-10-01,Preventive Maintenance,Sensor/Probe Issue,High,13.4,3,Out of Warranty,8641.17,Resolved,5
SV06303,H070,D012,2025-09-12,Corrective Maintenance,Battery Issue,High,2.7,6,Out of Warranty,21667.47,Resolved,3
SV06304,H088,D039,2024-01-15,Installation,Display Issue,Medium,9.0,1,Out of Warranty,23414.19,Resolved,4
SV06305,H007,D041,2024-02-18,Preventive Maintenance,Image Quality,Low,9.0,5,Under Warranty,2476.02,Resolved,3
SV06306,H091,D011,2024-09-30,Installation,Display Issue,Medium,8.0,3,Under Warranty,6333.41,Resolved,4
SV06307,H061,D029,2025-10-15,Preventive Maintenance,Power Failure,Medium,2.0,2,Out of Warranty,8067.28,Resolved,4
SV06308,H061,D044,2024-03-27,Preventive Maintenance,Calibration Issue,Medium,2.8,1,Under Warranty,8275.54,Resolved,5
SV06309,H079,D027,2025-12-03,Preventive Maintenance,Image Quality,High,16.7,5,Out of Warranty,5201.78,Resolved,5
SV06310,H091,D020,2024-07-08,Installation,Software Error,Medium,10.1,4,Out of Warranty,22497.57,Pending,5
SV06311,H074,D041,2026-09-10,Preventive Maintenance,Calibration Issue,Low,7.1,1,Under Warranty,7716.61,Resolved,4
SV06312,H081,D040,2024-05-26,Preventive Maintenance,Image Quality,Medium,5.8,3,Under Warranty,2365.1,Resolved,4
SV06313,H073,D015,2026-03-29,Preventive Maintenance,Power Failure,Medium,6.8,6,Under Warranty,6613.28,Resolved,5
SV06314,H020,D033,2025-03-01,Corrective Maintenance,Battery Issue,Medium,11.0,4,Under Warranty,11732.83,Resolved,3
SV06315,H009,D032,2026-08-12,Preventive Maintenance,Mechanical Issue,Medium,26.0,7,Under Warranty,3040.57,Resolved,3
SV06316,H088,D026,2026-03-23,Installation,Sensor/Probe Issue,Low,4.4,5,Out of Warranty,25660.52,Resolved,3
SV06317,H023,D059,2026-04-27,Corrective Maintenance,Software Error,Medium,34.1,5,Under Warranty,16281.35,Resolved,4
SV06318,H039,D005,2025-10-24,Preventive Maintenance,Battery Issue,Medium,3.2,3,Out of Warranty,4679.19,Resolved,5
SV06319,H047,D010,2026-07-01,Preventive Maintenance,Sensor/Probe Issue,High,7.0,7,Under Warranty,2435.93,Resolved,4
SV06320,H068,D052,2026-08-29,Preventive Maintenance,Power Failure,Medium,10.1,2,Under Warranty,7418.77,Resolved,4
SV06321,H002,D033,2026-04-28,Corrective Maintenance,Image Quality,High,30.6,2,Out of Warranty,28102.7,Resolved,5
SV06322,H005,D060,2025-10-07,Preventive Maintenance,Battery Issue,Low,2.0,4,Out of Warranty,13360.16,Resolved,3
SV06323,H075,D038,2025-03-15,Preventive Maintenance,Display Issue,Critical,6.8,2,Out of Warranty,11667.48,Resolved,5
SV06324,H056,D022,2024-08-23,Corrective Maintenance,Connectivity,Medium,9.6,2,Out of Warranty,27912.14,Resolved,5
SV06325,H054,D013,2025-11-08,Installation,Power Failure,High,13.4,3,Out of Warranty,7509.83,Resolved,4
SV06326,H031,D049,2026-05-30,Corrective Maintenance,Software Error,Medium,5.2,3,Under Warranty,5706.12,Resolved,5
SV06327,H034,D013,2025-06-01,Preventive Maintenance,Power Failure,Low,3.3,2,Under Warranty,3078.38,Resolved,4
SV06328,H004,D002,2025-12-27,Corrective Maintenance,Battery Issue,High,11.1,4,Out of Warranty,11838.09,Resolved,4
SV06329,H063,D037,2025-10-04,Corrective Maintenance,Software Error,Medium,15.7,2,Under Warranty,13219.27,Resolved,4
SV06330,H062,D028,2024-09-02,Corrective Maintenance,Power Failure,Medium,15.1,5,Under Warranty,18042.26,Resolved,3
SV06331,H082,D014,2024-09-23,Corrective Maintenance,Software Error,High,5.8,4,Under Warranty,18103.56,Resolved,4
SV06332,H063,D036,2025-06-21,Preventive Maintenance,Power Failure,Medium,1.4,1,Out of Warranty,12853.06,Resolved,5
SV06333,H077,D049,2025-06-10,Preventive Maintenance,Sensor/Probe Issue,Medium,6.8,4,Under Warranty,2462.29,Resolved,4
SV06334,H010,D054,2025-08-03,Preventive Maintenance,Preventive Maintenance,Medium,12.4,2,Under Warranty,3016.88,Resolved,4
SV06335,H097,D003,2025-01-22,Corrective Maintenance,Sensor/Probe Issue,Medium,14.6,6,Out of Warranty,21083.52,Resolved,4
SV06336,H084,D037,2025-11-27,Corrective Maintenance,Sensor/Probe Issue,Low,7.6,1,Under Warranty,15600.04,Resolved,5
SV06337,H059,D047,2025-04-23,Corrective Maintenance,Software Error,High,7.3,2,Out of Warranty,29381.63,Resolved,4
SV06338,H027,D026,2025-06-07,Preventive Maintenance,Software Error,Low,1.6,3,Out of Warranty,12949.27,Resolved,5
SV06339,H100,D057,2026-09-26,Corrective Maintenance,Power Failure,Medium,1.0,2,Under Warranty,13581.35,Resolved,5
SV06340,H058,D018,2025-05-24,Corrective Maintenance,Image Quality,Medium,2.7,1,Out of Warranty,29662.56,Resolved,5
SV06341,H068,D024,2025-10-16,Corrective Maintenance,Connectivity,Low,4.3,2,Out of Warranty,30313.53,Resolved,5
SV06342,H023,D056,2024-06-13,Preventive Maintenance,Preventive Maintenance,Low,6.0,2,Under Warranty,6697.4,Resolved,5
SV06343,H086,D051,2025-11-14,Preventive Maintenance,Power Failure,Medium,5.3,2,Out of Warranty,14249.1,Resolved,5
SV06344,H021,D015,2024-12-08,Preventive Maintenance,Image Quality,Low,7.8,1,Out of Warranty,5114.6,Resolved,5
SV06345,H068,D014,2025-05-29,Corrective Maintenance,Calibration Issue,Low,1.4,2,Under Warranty,7687.95,Resolved,4
SV06346,H054,D014,2025-07-08,Corrective Maintenance,Mechanical Issue,Medium,8.9,3,Out of Warranty,31717.94,Pending,4
SV06347,H081,D021,2026-06-06,Corrective Maintenance,Power Failure,High,3.1,4,Under Warranty,8308.03,Resolved,5
SV06348,H087,D038,2024-07-05,Corrective Maintenance,Display Issue,Medium,5.1,6,Out of Warranty,25346.9,Resolved,4
SV06349,H039,D045,2024-02-26,Preventive Maintenance,Preventive Maintenance,Low,7.8,2,Out of Warranty,11380.69,Resolved,5
SV06350,H012,D053,2026-08-02,Corrective Maintenance,Display Issue,High,19.1,11,Under Warranty,15357.13,Resolved,3
SV06351,H087,D034,2025-04-12,Preventive Maintenance,Image Quality,Medium,7.5,1,Under Warranty,5772.58,Resolved,4
SV06352,H049,D023,2026-02-25,Corrective Maintenance,Power Failure,Medium,5.5,2,Out of Warranty,18876.0,Resolved,4
SV06353,H062,D038,2024-11-09,Corrective Maintenance,Sensor/Probe Issue,Medium,12.1,1,Under Warranty,12727.62,Resolved,5
SV06354,H017,D027,2025-12-21,Corrective Maintenance,Software Error,Critical,9.5,5,Under Warranty,13027.72,Resolved,4
SV06355,H055,D003,2026-08-09,Preventive Maintenance,Software Error,Medium,3.8,2,Out of Warranty,7577.01,Resolved,5
SV06356,H014,D048,2025-03-12,Corrective Maintenance,Software Error,Medium,2.8,3,Out of Warranty,13454.0,Resolved,5
SV06357,H088,D048,2026-06-05,Preventive Maintenance,Image Quality,High,2.8,4,Out of Warranty,7742.19,Resolved,4
SV06358,H096,D011,2025-06-29,Preventive Maintenance,Software Error,Medium,6.9,1,Under Warranty,5488.43,Pending,4
SV06359,H089,D026,2025-06-19,Corrective Maintenance,Power Failure,Low,0.9,1,Under Warranty,9295.07,Resolved,4
SV06360,H052,D048,2025-08-03,Corrective Maintenance,Display Issue,Medium,16.4,3,Under Warranty,7378.92,Resolved,5
SV06361,H003,D019,2024-06-09,Preventive Maintenance,Sensor/Probe Issue,Critical,2.0,1,Out of Warranty,5557.03,Resolved,4
SV06362,H011,D060,2025-07-09,Corrective Maintenance,Image Quality,Medium,15.3,2,Out of Warranty,28773.62,Resolved,4
SV06363,H016,D059,2025-05-06,Corrective Maintenance,Power Failure,Medium,3.8,1,Out of Warranty,9439.54,Resolved,4
SV06364,H060,D013,2025-06-02,Corrective Maintenance,Power Failure,Medium,4.5,1,Under Warranty,6376.42,Resolved,4
SV06365,H073,D056,2025-12-16,Preventive Maintenance,Preventive Maintenance,High,18.1,9,Out of Warranty,15401.17,Resolved,4
SV06366,H088,D026,2025-06-22,Preventive Maintenance,Sensor/Probe Issue,High,7.3,2,Out of Warranty,9454.84,Resolved,3
SV06367,H100,D056,2025-01-06,Preventive Maintenance,Software Error,Low,5.0,2,Under Warranty,6070.56,Resolved,5
SV06368,H079,D007,2025-08-28,Corrective Maintenance,Preventive Maintenance,Medium,12.0,3,Out of Warranty,14866.49,Resolved,4
SV06369,H051,D007,2024-10-02,Preventive Maintenance,Image Quality,Medium,6.3,3,Under Warranty,2873.06,Resolved,4
SV06370,H056,D029,2025-02-20,Corrective Maintenance,Sensor/Probe Issue,Medium,9.9,5,Out of Warranty,30543.58,Resolved,4
SV06371,H078,D011,2024-05-25,Preventive Maintenance,Sensor/Probe Issue,Medium,12.1,1,Under Warranty,8096.54,Resolved,4
SV06372,H049,D054,2026-06-08,Corrective Maintenance,Image Quality,Medium,13.7,3,Under Warranty,20537.03,Resolved,4
SV06373,H072,D031,2025-03-21,Installation,Image Quality,High,11.9,4,Under Warranty,3966.47,Resolved,5
SV06374,H048,D035,2025-10-04,Preventive Maintenance,Image Quality,High,16.8,7,Under Warranty,2701.19,Resolved,4
SV06375,H061,D002,2024-07-23,Corrective Maintenance,Software Error,Medium,28.3,2,Under Warranty,17397.12,Resolved,4
SV06376,H074,D009,2025-03-07,Corrective Maintenance,Image Quality,Medium,14.9,7,Under Warranty,8328.36,Resolved,4
SV06377,H050,D041,2026-08-26,Preventive Maintenance,Calibration Issue,Medium,5.8,2,Under Warranty,3444.69,Resolved,5
SV06378,H037,D008,2024-05-09,Corrective Maintenance,Calibration Issue,Medium,1.6,2,Out of Warranty,14419.0,Resolved,3
SV06379,H013,D033,2025-02-04,Preventive Maintenance,Power Failure,Critical,7.0,4,Under Warranty,6319.02,Resolved,4
SV06380,H037,D001,2025-05-20,Preventive Maintenance,Power Failure,High,11.5,1,Under Warranty,7765.13,Resolved,4
SV06381,H005,D022,2025-07-02,Corrective Maintenance,Image Quality,Medium,22.8,2,Under Warranty,20447.81,Resolved,4
SV06382,H058,D036,2024-01-25,Corrective Maintenance,Preventive Maintenance,High,7.2,6,Under Warranty,8922.7,Resolved,3
SV06383,H076,D016,2026-07-23,Corrective Maintenance,Software Error,Low,9.7,2,Under Warranty,11547.7,Resolved,4
SV06384,H098,D037,2024-07-26,Preventive Maintenance,Mechanical Issue,High,2.5,4,Under Warranty,5770.0,Resolved,5
SV06385,H040,D006,2026-09-16,Preventive Maintenance,Power Failure,Medium,6.9,2,Out of Warranty,15950.36,Resolved,4
SV06386,H005,D018,2025-05-22,Corrective Maintenance,Display Issue,Medium,11.1,3,Out of Warranty,16929.93,Resolved,4
SV06387,H043,D025,2024-11-17,Preventive Maintenance,Battery Issue,High,4.4,8,Under Warranty,2439.53,Resolved,4
SV06388,H030,D058,2025-12-01,Preventive Maintenance,Preventive Maintenance,Medium,12.6,3,Under Warranty,8451.34,Resolved,4
SV06389,H041,D046,2026-08-24,Preventive Maintenance,Sensor/Probe Issue,Low,1.1,2,Out of Warranty,4744.6,Resolved,4
SV06390,H085,D035,2025-11-06,Corrective Maintenance,Power Failure,Medium,21.0,3,Out of Warranty,24587.6,Resolved,4
SV06391,H004,D040,2026-01-14,Corrective Maintenance,Image Quality,Medium,2.0,5,Under Warranty,11603.45,Resolved,4
SV06392,H037,D044,2025-01-11,Corrective Maintenance,Connectivity,Medium,4.1,1,Under Warranty,8539.75,Resolved,5
SV06393,H004,D035,2025-01-20,Installation,Power Failure,Medium,10.5,1,Under Warranty,10952.11,Resolved,4
SV06394,H010,D009,2025-06-06,Corrective Maintenance,Battery Issue,Low,5.0,3,Under Warranty,15841.22,Resolved,5
SV06395,H045,D050,2024-05-20,Installation,Display Issue,Medium,11.7,1,Out of Warranty,23510.08,Resolved,5
SV06396,H009,D048,2025-03-22,Corrective Maintenance,Software Error,High,36.8,4,Under Warranty,17753.87,Resolved,4
SV06397,H100,D029,2024-08-17,Corrective Maintenance,Mechanical Issue,High,15.7,3,Out of Warranty,26669.7,Resolved,4
SV06398,H091,D056,2026-03-28,Corrective Maintenance,Sensor/Probe Issue,Medium,17.2,3,Out of Warranty,20176.94,Resolved,3
SV06399,H050,D034,2024-03-27,Corrective Maintenance,Software Error,Medium,12.8,4,Out of Warranty,30197.81,Resolved,4
SV06400,H077,D021,2026-08-28,Preventive Maintenance,Display Issue,Critical,26.1,2,Out of Warranty,14360.33,Resolved,4
SV06401,H089,D047,2025-06-29,Preventive Maintenance,Power Failure,Low,7.1,2,Under Warranty,5230.59,Resolved,4
SV06402,H003,D023,2024-06-10,Corrective Maintenance,Image Quality,High,4.7,10,Under Warranty,10204.37,Resolved,4
SV06403,H084,D015,2024-04-06,Preventive Maintenance,Connectivity,Medium,18.5,1,Under Warranty,6416.11,Resolved,4
SV06404,H098,D050,2025-10-19,Corrective Maintenance,Calibration Issue,Medium,3.7,5,Out of Warranty,24428.85,Resolved,5
SV06405,H093,D054,2024-03-08,Corrective Maintenance,Sensor/Probe Issue,Medium,10.1,5,Under Warranty,14296.11,Resolved,4
SV06406,H083,D017,2026-01-08,Corrective Maintenance,Battery Issue,Medium,7.6,1,Out of Warranty,27593.68,Resolved,4
SV06407,H062,D057,2024-12-23,Corrective Maintenance,Calibration Issue,High,17.7,3,Under Warranty,14524.49,Resolved,4
SV06408,H024,D024,2025-09-03,Corrective Maintenance,Image Quality,High,2.1,3,Out of Warranty,10550.72,Resolved,4
SV06409,H096,D058,2024-05-20,Corrective Maintenance,Sensor/Probe Issue,Critical,1.6,3,Out of Warranty,28058.79,Resolved,4
SV06410,H094,D025,2026-08-24,Corrective Maintenance,Image Quality,Low,13.3,1,Under Warranty,20594.85,Resolved,4
SV06411,H002,D004,2024-03-31,Preventive Maintenance,Sensor/Probe Issue,Low,4.0,2,Under Warranty,8636.65,Resolved,4
SV06412,H083,D056,2025-08-17,Corrective Maintenance,Sensor/Probe Issue,Medium,9.4,3,Under Warranty,7294.01,Resolved,4
SV06413,H072,D041,2024-09-30,Corrective Maintenance,Image Quality,Critical,5.9,2,Out of Warranty,28470.42,Resolved,5
SV06414,H054,D024,2026-08-07,Preventive Maintenance,Mechanical Issue,Medium,14.3,1,Under Warranty,4388.64,Resolved,5
SV06415,H094,D012,2025-04-22,Preventive Maintenance,Calibration Issue,Low,12.0,1,Out of Warranty,6377.11,Resolved,4
SV06416,H045,D055,2025-01-02,Corrective Maintenance,Software Error,Critical,7.4,2,Under Warranty,10306.62,Resolved,5
SV06417,H024,D003,2026-05-23,Installation,Sensor/Probe Issue,Medium,18.0,6,Under Warranty,11076.47,Resolved,4
SV06418,H038,D034,2025-06-17,Installation,Connectivity,Low,5.3,3,Under Warranty,11563.99,Resolved,5
SV06419,H075,D044,2026-02-08,Preventive Maintenance,Calibration Issue,Medium,6.1,4,Under Warranty,7948.64,Resolved,4
SV06420,H037,D045,2025-07-15,Preventive Maintenance,Calibration Issue,Medium,9.0,4,Under Warranty,3602.04,Resolved,4
SV06421,H033,D002,2025-02-08,Corrective Maintenance,Image Quality,Medium,3.8,13,Out of Warranty,33592.32,Resolved,4
SV06422,H018,D014,2025-06-20,Corrective Maintenance,Image Quality,Low,0.8,1,Out of Warranty,32527.01,Resolved,5
SV06423,H009,D003,2024-11-28,Corrective Maintenance,Software Error,Medium,4.7,4,Under Warranty,19270.71,Resolved,4
SV06424,H050,D015,2024-04-16,Corrective Maintenance,Sensor/Probe Issue,Low,4.4,2,Under Warranty,17217.85,Resolved,4
SV06425,H096,D009,2026-01-23,Corrective Maintenance,Display Issue,High,6.8,6,Under Warranty,18402.95,Resolved,4
SV06426,H012,D014,2025-06-11,Installation,Software Error,Medium,3.0,1,Out of Warranty,12023.66,Resolved,4
SV06427,H076,D046,2025-03-28,Corrective Maintenance,Software Error,Medium,10.3,2,Under Warranty,7364.27,Resolved,4
SV06428,H006,D028,2025-05-18,Corrective Maintenance,Preventive Maintenance,Medium,1.8,3,Under Warranty,5857.49,Resolved,5
SV06429,H025,D023,2026-03-03,Preventive Maintenance,Mechanical Issue,Medium,4.7,3,Out of Warranty,15075.44,Resolved,4
SV06430,H040,D024,2025-03-17,Corrective Maintenance,Preventive Maintenance,Medium,6.3,4,Under Warranty,10440.3,Resolved,3
SV06431,H092,D058,2024-05-20,Preventive Maintenance,Calibration Issue,Low,6.0,5,Under Warranty,3224.98,Resolved,4
SV06432,H027,D060,2025-11-23,Installation,Sensor/Probe Issue,High,9.6,3,Out of Warranty,13606.98,Resolved,5
SV06433,H090,D057,2025-06-09,Preventive Maintenance,Calibration Issue,Low,12.2,3,Out of Warranty,4245.53,Pending,4
SV06434,H075,D059,2024-04-10,Corrective Maintenance,Image Quality,Medium,7.5,8,Under Warranty,13852.0,Resolved,4
SV06435,H088,D008,2025-05-24,Corrective Maintenance,Software Error,Medium,3.5,1,Under Warranty,16673.46,Resolved,5
SV06436,H046,D021,2025-03-23,Preventive Maintenance,Image Quality,Medium,2.4,3,Out of Warranty,10802.32,Resolved,5
SV06437,H005,D056,2025-07-21,Corrective Maintenance,Software Error,High,6.5,3,Under Warranty,15658.18,Resolved,4
SV06438,H083,D030,2024-03-11,Preventive Maintenance,Image Quality,High,7.9,2,Out of Warranty,7021.39,Resolved,5
SV06439,H082,D011,2024-05-26,Preventive Maintenance,Calibration Issue,High,4.1,3,Under Warranty,3326.53,Resolved,5
SV06440,H066,D004,2026-08-10,Corrective Maintenance,Power Failure,Medium,6.7,3,Under Warranty,16222.54,Resolved,4
SV06441,H016,D017,2026-09-11,Corrective Maintenance,Display Issue,High,11.7,6,Under Warranty,7024.81,Resolved,3
SV06442,H068,D005,2026-06-10,Corrective Maintenance,Image Quality,Medium,5.8,2,Under Warranty,8693.87,Resolved,5
SV06443,H044,D002,2024-04-06,Preventive Maintenance,Preventive Maintenance,High,1.9,3,Out of Warranty,7740.05,Resolved,4
SV06444,H048,D037,2025-08-26,Corrective Maintenance,Mechanical Issue,High,13.2,3,Under Warranty,11569.46,Resolved,4
SV06445,H053,D006,2024-12-23,Corrective Maintenance,Sensor/Probe Issue,High,9.5,5,Under Warranty,9177.71,Resolved,4
SV06446,H013,D046,2024-06-03,Installation,Preventive Maintenance,High,5.2,5,Under Warranty,9708.96,Resolved,5
SV06447,H050,D024,2024-01-31,Corrective Maintenance,Mechanical Issue,Low,3.2,1,Out of Warranty,18340.98,Resolved,5
SV06448,H003,D049,2024-08-19,Preventive Maintenance,Preventive Maintenance,Medium,22.1,5,Out of Warranty,15075.97,Resolved,5
SV06449,H002,D011,2025-01-23,Installation,Mechanical Issue,Medium,11.1,3,Under Warranty,13061.56,Resolved,5
SV06450,H014,D007,2024-07-01,Corrective Maintenance,Software Error,High,4.2,4,Under Warranty,11482.99,Resolved,4
SV06451,H002,D052,2025-11-03,Corrective Maintenance,Software Error,High,6.5,4,Under Warranty,10818.14,Resolved,5
SV06452,H041,D008,2026-09-06,Corrective Maintenance,Mechanical Issue,Medium,5.6,2,Out of Warranty,26330.85,Resolved,5
SV06453,H084,D016,2025-02-16,Corrective Maintenance,Battery Issue,Medium,4.8,1,Under Warranty,20284.03,Resolved,5
SV06454,H047,D058,2025-11-12,Corrective Maintenance,Sensor/Probe Issue,Medium,4.6,4,Out of Warranty,14750.92,Resolved,4
SV06455,H025,D025,2026-05-22,Preventive Maintenance,Image Quality,Low,0.8,4,Out of Warranty,4176.84,Resolved,4
SV06456,H009,D032,2024-11-14,Corrective Maintenance,Display Issue,High,5.0,5,Under Warranty,19275.32,Resolved,4
SV06457,H010,D060,2024-08-05,Corrective Maintenance,Sensor/Probe Issue,High,18.7,2,Under Warranty,7305.75,Resolved,4
SV06458,H068,D023,2024-05-27,Corrective Maintenance,Mechanical Issue,High,1.8,6,Out of Warranty,30236.54,Resolved,4
SV06459,H037,D003,2025-03-01,Corrective Maintenance,Sensor/Probe Issue,Low,2.4,3,Under Warranty,16038.13,Resolved,4
SV06460,H100,D047,2025-08-19,Preventive Maintenance,Mechanical Issue,Medium,5.1,2,Out of Warranty,10606.71,Resolved,4
SV06461,H018,D034,2026-04-22,Corrective Maintenance,Software Error,Medium,7.9,1,Under Warranty,10068.84,Resolved,5
SV06462,H011,D034,2024-12-31,Corrective Maintenance,Sensor/Probe Issue,Medium,14.6,1,Out of Warranty,37894.1,Resolved,4
SV06463,H067,D024,2025-07-23,Corrective Maintenance,Mechanical Issue,High,4.8,2,Under Warranty,18221.98,Resolved,4
SV06464,H099,D045,2025-10-09,Corrective Maintenance,Software Error,Medium,6.7,1,Under Warranty,9818.49,Resolved,5
SV06465,H008,D052,2024-06-12,Corrective Maintenance,Battery Issue,Medium,14.7,4,Out of Warranty,9454.46,Resolved,5
SV06466,H009,D002,2024-03-08,Corrective Maintenance,Mechanical Issue,High,24.1,2,Out of Warranty,26503.54,Resolved,4
SV06467,H022,D013,2024-02-10,Corrective Maintenance,Sensor/Probe Issue,High,18.5,4,Out of Warranty,21270.82,Resolved,4
SV06468,H093,D060,2026-02-18,Corrective Maintenance,Software Error,Critical,8.9,5,Out of Warranty,34104.83,Resolved,4
SV06469,H040,D039,2026-05-21,Preventive Maintenance,Software Error,Critical,10.3,2,Under Warranty,3575.99,Resolved,3
SV06470,H038,D056,2025-11-30,Corrective Maintenance,Sensor/Probe Issue,Medium,3.2,4,Under Warranty,6016.37,Resolved,4
SV06471,H038,D019,2025-01-25,Preventive Maintenance,Image Quality,Low,2.2,4,Under Warranty,4920.8,Resolved,4
SV06472,H070,D046,2024-12-29,Corrective Maintenance,Preventive Maintenance,Low,6.5,1,Under Warranty,15177.2,Resolved,5
SV06473,H014,D060,2026-05-03,Corrective Maintenance,Mechanical Issue,High,9.6,6,Under Warranty,9067.88,Resolved,4
SV06474,H044,D055,2025-07-27,Preventive Maintenance,Power Failure,Medium,12.5,3,Under Warranty,5765.62,Resolved,4
SV06475,H017,D035,2025-06-18,Corrective Maintenance,Power Failure,High,25.0,6,Under Warranty,13660.37,Resolved,4
SV06476,H008,D058,2026-05-28,Corrective Maintenance,Calibration Issue,Medium,0.5,6,Under Warranty,10354.63,Resolved,3
SV06477,H086,D041,2024-11-14,Corrective Maintenance,Image Quality,Medium,13.2,1,Under Warranty,5628.36,Resolved,5
SV06478,H006,D046,2024-12-17,Preventive Maintenance,Preventive Maintenance,High,16.3,2,Out of Warranty,11997.01,Resolved,4
SV06479,H079,D018,2025-10-26,Corrective Maintenance,Mechanical Issue,Medium,14.0,5,Out of Warranty,13747.83,Resolved,4
SV06480,H073,D059,2026-06-25,Corrective Maintenance,Connectivity,Medium,6.5,3,Out of Warranty,15807.38,Resolved,4
SV06481,H073,D060,2024-09-24,Preventive Maintenance,Sensor/Probe Issue,Low,9.9,1,Under Warranty,7504.98,Resolved,5
SV06482,H025,D026,2024-02-17,Corrective Maintenance,Power Failure,Low,2.6,5,Out of Warranty,32872.3,Resolved,5
SV06483,H073,D036,2024-08-12,Corrective Maintenance,Sensor/Probe Issue,Medium,8.6,2,Under Warranty,6667.59,Resolved,4
SV06484,H067,D022,2024-03-11,Corrective Maintenance,Software Error,Medium,5.0,3,Out of Warranty,37632.28,Resolved,5
SV06485,H052,D030,2026-02-07,Preventive Maintenance,Display Issue,Medium,3.6,1,Under Warranty,6197.26,Resolved,4
SV06486,H064,D060,2024-12-07,Corrective Maintenance,Display Issue,Medium,2.2,7,Under Warranty,14155.04,Resolved,3
SV06487,H047,D024,2025-10-26,Installation,Power Failure,Medium,5.5,1,Out of Warranty,11660.08,Resolved,5
SV06488,H085,D052,2026-09-21,Corrective Maintenance,Image Quality,Medium,5.2,1,Under Warranty,8544.36,Resolved,5
SV06489,H084,D011,2024-02-07,Preventive Maintenance,Image Quality,Low,2.3,2,Under Warranty,5018.11,Resolved,4
SV06490,H020,D049,2025-04-22,Corrective Maintenance,Preventive Maintenance,High,9.8,4,Under Warranty,19558.9,Resolved,5
SV06491,H026,D029,2026-09-14,Corrective Maintenance,Connectivity,Medium,18.0,3,Under Warranty,9659.65,Resolved,4
SV06492,H099,D052,2026-07-02,Corrective Maintenance,Battery Issue,Medium,21.0,3,Out of Warranty,32525.59,Pending,4
SV06493,H082,D021,2025-01-18,Preventive Maintenance,Battery Issue,Medium,1.4,2,Out of Warranty,6393.49,Resolved,4
SV06494,H018,D002,2024-02-14,Installation,Battery Issue,High,5.6,10,Out of Warranty,14547.84,Resolved,4
SV06495,H006,D047,2026-08-25,Corrective Maintenance,Preventive Maintenance,Low,19.7,1,Under Warranty,15997.5,Resolved,5
SV06496,H058,D038,2024-06-24,Installation,Battery Issue,Low,8.6,1,Under Warranty,9079.21,Resolved,4
SV06497,H037,D032,2024-05-09,Preventive Maintenance,Battery Issue,Low,4.5,5,Under Warranty,8189.78,Resolved,4
SV06498,H063,D059,2025-09-18,Preventive Maintenance,Sensor/Probe Issue,Low,3.7,4,Out of Warranty,4005.66,Resolved,5
SV06499,H059,D042,2025-01-11,Corrective Maintenance,Image Quality,High,19.1,5,Under Warranty,5927.04,Resolved,4
SV06500,H057,D044,2024-11-20,Corrective Maintenance,Display Issue,Medium,3.1,2,Under Warranty,8186.53,Pending,4
SV06501,H097,D012,2025-09-14,Installation,Image Quality,Low,2.9,2,Under Warranty,11446.56,Resolved,4
SV06502,H080,D046,2026-04-19,Corrective Maintenance,Sensor/Probe Issue,Low,3.3,1,Under Warranty,12754.74,Resolved,5
SV06503,H032,D043,2025-08-05,Installation,Power Failure,Medium,7.3,4,Out of Warranty,17206.72,Resolved,4
SV06504,H033,D033,2025-08-19,Installation,Image Quality,Low,1.9,1,Under Warranty,6693.05,Resolved,4
SV06505,H010,D059,2024-08-13,Corrective Maintenance,Battery Issue,Medium,3.2,3,Out of Warranty,22742.51,Resolved,4
SV06506,H096,D019,2024-10-17,Corrective Maintenance,Preventive Maintenance,Medium,14.6,2,Under Warranty,18297.26,Resolved,4
SV06507,H016,D014,2025-12-28,Corrective Maintenance,Power Failure,Medium,5.3,3,Under Warranty,11785.44,Resolved,5
SV06508,H020,D017,2025-07-03,Corrective Maintenance,Power Failure,Medium,6.1,5,Under Warranty,14316.32,Resolved,4
SV06509,H087,D029,2025-05-03,Corrective Maintenance,Connectivity,High,28.5,8,Out of Warranty,18895.82,Resolved,4
SV06510,H038,D047,2024-09-12,Preventive Maintenance,Battery Issue,Low,12.4,1,Out of Warranty,4139.0,Resolved,4
SV06511,H053,D055,2024-12-25,Installation,Power Failure,Medium,10.6,2,Out of Warranty,11758.85,Resolved,4
SV06512,H052,D014,2025-08-22,Preventive Maintenance,Calibration Issue,Low,6.2,3,Under Warranty,6421.12,Resolved,4
SV06513,H061,D029,2024-07-03,Corrective Maintenance,Mechanical Issue,High,2.6,3,Under Warranty,6990.53,Resolved,4
SV06514,H075,D034,2024-04-28,Corrective Maintenance,Connectivity,High,28.8,2,Under Warranty,7999.54,Resolved,4
SV06515,H077,D019,2026-09-01,Corrective Maintenance,Sensor/Probe Issue,Medium,5.4,2,Under Warranty,5770.41,Resolved,4
SV06516,H049,D042,2025-08-03,Corrective Maintenance,Sensor/Probe Issue,High,8.2,3,Under Warranty,7747.92,Resolved,4
SV06517,H008,D012,2026-05-14,Preventive Maintenance,Preventive Maintenance,High,11.3,4,Out of Warranty,4306.28,Resolved,4
SV06518,H090,D005,2025-09-24,Corrective Maintenance,Software Error,High,14.1,2,Under Warranty,10143.12,Resolved,4
SV06519,H055,D059,2025-04-11,Preventive Maintenance,Preventive Maintenance,Medium,0.5,6,Out of Warranty,13908.28,Resolved,5
SV06520,H013,D010,2026-03-09,Corrective Maintenance,Battery Issue,High,20.6,6,Out of Warranty,37550.61,Resolved,4
SV06521,H002,D007,2025-08-13,Corrective Maintenance,Power Failure,Critical,15.3,2,Out of Warranty,32134.89,Resolved,4
SV06522,H097,D046,2024-04-10,Preventive Maintenance,Sensor/Probe Issue,Medium,4.7,2,Under Warranty,5001.07,Resolved,5
SV06523,H087,D009,2024-08-16,Corrective Maintenance,Power Failure,Medium,4.9,2,Out of Warranty,33299.76,Resolved,5
SV06524,H087,D040,2025-12-03,Preventive Maintenance,Display Issue,Low,4.7,2,Out of Warranty,9605.07,Resolved,4
SV06525,H010,D048,2026-08-21,Preventive Maintenance,Image Quality,Medium,2.0,1,Out of Warranty,13047.42,Resolved,5
SV06526,H032,D044,2024-04-15,Corrective Maintenance,Preventive Maintenance,Medium,6.3,2,Under Warranty,10387.14,Resolved,5
SV06527,H076,D006,2025-06-08,Preventive Maintenance,Display Issue,Medium,2.7,3,Under Warranty,8315.58,Pending,4
SV06528,H091,D041,2025-04-24,Corrective Maintenance,Calibration Issue,High,21.7,6,Under Warranty,15633.38,Resolved,4
SV06529,H066,D040,2024-03-15,Preventive Maintenance,Connectivity,Medium,8.0,4,Under Warranty,4135.77,Resolved,4
SV06530,H054,D052,2025-06-29,Installation,Sensor/Probe Issue,Medium,14.2,4,Out of Warranty,17628.05,Resolved,4
SV06531,H046,D044,2024-11-18,Installation,Power Failure,Medium,11.3,6,Under Warranty,13960.87,Resolved,4
SV06532,H093,D054,2024-12-26,Corrective Maintenance,Image Quality,Medium,6.9,6,Under Warranty,17170.18,Resolved,4
SV06533,H098,D022,2025-08-10,Corrective Maintenance,Software Error,High,13.8,6,Out of Warranty,26093.78,Resolved,4
SV06534,H059,D030,2025-09-30,Corrective Maintenance,Image Quality,High,3.3,4,Out of Warranty,19999.84,Resolved,5
SV06535,H063,D030,2026-03-13,Corrective Maintenance,Sensor/Probe Issue,High,8.4,5,Out of Warranty,9959.89,Resolved,5
SV06536,H100,D008,2025-12-03,Preventive Maintenance,Preventive Maintenance,Critical,44.0,12,Under Warranty,4619.88,Resolved,3
SV06537,H026,D025,2025-12-20,Installation,Sensor/Probe Issue,Low,1.2,2,Out of Warranty,23006.53,Resolved,4
SV06538,H093,D014,2024-06-30,Corrective Maintenance,Sensor/Probe Issue,High,19.8,3,Under Warranty,13499.48,Resolved,5
SV06539,H033,D011,2025-05-01,Corrective Maintenance,Connectivity,High,12.1,3,Under Warranty,13585.31,Resolved,4
SV06540,H003,D002,2024-06-18,Corrective Maintenance,Image Quality,Medium,5.1,2,Out of Warranty,26377.87,Resolved,4
SV06541,H090,D054,2026-09-17,Corrective Maintenance,Display Issue,Medium,10.1,1,Out of Warranty,9936.72,Resolved,3
SV06542,H059,D036,2024-11-28,Corrective Maintenance,Connectivity,Low,3.2,3,Out of Warranty,25191.3,Resolved,4
SV06543,H008,D008,2024-12-29,Preventive Maintenance,Software Error,Medium,3.1,3,Under Warranty,6203.6,Resolved,4
SV06544,H069,D004,2024-06-07,Corrective Maintenance,Software Error,High,14.0,5,Out of Warranty,12356.23,Resolved,4
SV06545,H088,D054,2024-08-06,Corrective Maintenance,Mechanical Issue,Low,20.2,1,Under Warranty,6529.07,Resolved,5
SV06546,H034,D019,2024-06-12,Installation,Calibration Issue,Medium,13.4,2,Under Warranty,7998.65,Resolved,4
SV06547,H074,D024,2026-06-01,Corrective Maintenance,Preventive Maintenance,Medium,3.4,3,Out of Warranty,37448.79,Pending,4
SV06548,H023,D043,2024-03-03,Corrective Maintenance,Image Quality,Medium,9.5,5,Under Warranty,17153.23,Resolved,4
SV06549,H022,D015,2026-03-26,Corrective Maintenance,Software Error,Medium,3.2,1,Under Warranty,12010.08,Resolved,5
SV06550,H076,D022,2024-11-30,Preventive Maintenance,Power Failure,High,18.2,5,Under Warranty,4051.96,Resolved,4
SV06551,H085,D055,2024-09-15,Installation,Image Quality,Low,1.2,2,Under Warranty,13574.48,Resolved,4
SV06552,H062,D035,2026-06-12,Preventive Maintenance,Connectivity,Medium,18.0,1,Under Warranty,2369.49,Resolved,4
SV06553,H028,D056,2025-02-13,Preventive Maintenance,Preventive Maintenance,High,24.3,9,Out of Warranty,6137.69,Pending,4
SV06554,H013,D041,2024-09-01,Preventive Maintenance,Sensor/Probe Issue,High,22.6,3,Under Warranty,8521.14,Resolved,5
SV06555,H026,D052,2025-06-04,Corrective Maintenance,Power Failure,High,14.9,2,Out of Warranty,11968.54,Resolved,5
SV06556,H053,D004,2025-10-03,Corrective Maintenance,Sensor/Probe Issue,Medium,12.6,4,Under Warranty,19514.54,Resolved,4
SV06557,H025,D013,2026-02-11,Corrective Maintenance,Mechanical Issue,Medium,10.3,6,Under Warranty,14455.09,Resolved,3
SV06558,H072,D059,2024-03-15,Corrective Maintenance,Software Error,Low,11.5,2,Out of Warranty,9378.94,Resolved,5
SV06559,H060,D025,2025-09-27,Preventive Maintenance,Power Failure,Low,0.5,1,Under Warranty,8693.28,Resolved,5
SV06560,H072,D059,2026-01-11,Installation,Image Quality,High,3.3,7,Out of Warranty,14424.94,Resolved,4
SV06561,H027,D022,2026-04-03,Corrective Maintenance,Image Quality,Low,6.9,2,Under Warranty,6950.51,Resolved,4
SV06562,H012,D044,2025-08-25,Corrective Maintenance,Image Quality,Low,4.5,2,Under Warranty,15585.59,Resolved,5
SV06563,H094,D060,2025-01-18,Preventive Maintenance,Battery Issue,Medium,8.6,1,Out of Warranty,14792.54,Resolved,4
SV06564,H065,D017,2025-04-30,Corrective Maintenance,Power Failure,Medium,1.6,3,Out of Warranty,14696.01,Resolved,5
SV06565,H089,D024,2025-09-09,Corrective Maintenance,Preventive Maintenance,High,4.3,5,Under Warranty,11797.48,Resolved,4
SV06566,H077,D056,2026-02-18,Corrective Maintenance,Battery Issue,High,30.8,3,Under Warranty,14683.33,Resolved,3
SV06567,H097,D019,2026-05-16,Corrective Maintenance,Preventive Maintenance,High,13.2,2,Out of Warranty,27938.73,Resolved,4
SV06568,H014,D022,2025-06-05,Preventive Maintenance,Software Error,Low,11.5,2,Under Warranty,3619.48,Resolved,5
SV06569,H073,D011,2024-07-18,Preventive Maintenance,Display Issue,Medium,3.0,4,Out of Warranty,12639.64,Resolved,4
SV06570,H013,D045,2024-05-17,Preventive Maintenance,Battery Issue,High,27.5,4,Out of Warranty,9908.67,Resolved,3
SV06571,H016,D005,2024-03-06,Corrective Maintenance,Software Error,Low,6.4,1,Under Warranty,9215.1,Resolved,4
SV06572,H028,D051,2026-02-19,Corrective Maintenance,Image Quality,Medium,8.4,6,Under Warranty,18234.48,Resolved,5
SV06573,H046,D028,2026-07-30,Corrective Maintenance,Connectivity,Medium,1.7,2,Out of Warranty,33243.6,Resolved,5
SV06574,H093,D058,2024-06-15,Preventive Maintenance,Mechanical Issue,High,1.6,6,Under Warranty,8662.5,Resolved,4
SV06575,H073,D060,2024-09-01,Corrective Maintenance,Connectivity,Low,5.8,2,Out of Warranty,9717.64,Resolved,4
SV06576,H094,D038,2024-01-20,Corrective Maintenance,Mechanical Issue,Medium,13.7,2,Out of Warranty,19247.54,Resolved,5
SV06577,H065,D011,2025-01-18,Preventive Maintenance,Preventive Maintenance,Medium,7.4,4,Under Warranty,6391.2,Resolved,5
SV06578,H003,D029,2026-08-27,Corrective Maintenance,Sensor/Probe Issue,High,12.7,4,Under Warranty,10252.1,Resolved,5
SV06579,H002,D047,2024-02-26,Preventive Maintenance,Connectivity,Medium,4.2,1,Out of Warranty,14518.64,Resolved,4
SV06580,H059,D018,2024-10-25,Preventive Maintenance,Image Quality,High,5.9,4,Under Warranty,5988.81,Resolved,4
SV06581,H029,D014,2025-09-11,Installation,Preventive Maintenance,Low,4.9,2,Out of Warranty,12989.55,Resolved,4
SV06582,H014,D045,2025-01-18,Corrective Maintenance,Connectivity,High,5.0,2,Out of Warranty,30158.5,Resolved,5
SV06583,H056,D027,2024-09-02,Corrective Maintenance,Calibration Issue,Low,1.0,2,Out of Warranty,25977.6,Resolved,5
SV06584,H047,D058,2026-09-25,Installation,Battery Issue,High,9.2,7,Under Warranty,6993.21,Resolved,4
SV06585,H027,D037,2026-09-11,Corrective Maintenance,Sensor/Probe Issue,High,9.4,4,Under Warranty,14692.73,Pending,5
SV06586,H068,D016,2026-04-26,Corrective Maintenance,Display Issue,Medium,12.0,1,Under Warranty,6252.14,Resolved,5
SV06587,H009,D038,2025-06-17,Installation,Preventive Maintenance,Medium,6.1,4,Under Warranty,6407.88,Resolved,4
SV06588,H044,D006,2025-08-06,Corrective Maintenance,Software Error,Medium,1.8,2,Under Warranty,14114.63,Resolved,4
SV06589,H062,D004,2026-01-04,Corrective Maintenance,Software Error,Low,5.6,3,Under Warranty,10981.21,Resolved,4
SV06590,H036,D029,2024-09-28,Preventive Maintenance,Preventive Maintenance,High,2.8,3,Under Warranty,2255.08,Resolved,5
SV06591,H061,D054,2024-10-25,Installation,Preventive Maintenance,Medium,5.2,5,Out of Warranty,23889.58,Pending,4
SV06592,H075,D038,2024-12-13,Preventive Maintenance,Power Failure,Critical,29.7,8,Under Warranty,3995.44,Resolved,4
SV06593,H028,D024,2025-02-11,Preventive Maintenance,Calibration Issue,Medium,16.2,1,Out of Warranty,11657.02,Resolved,4
SV06594,H049,D021,2024-12-27,Preventive Maintenance,Connectivity,Medium,1.9,1,Under Warranty,2292.27,Resolved,5
SV06595,H095,D008,2025-04-15,Preventive Maintenance,Calibration Issue,High,16.7,3,Under Warranty,2215.66,Resolved,4
SV06596,H071,D009,2025-01-07,Preventive Maintenance,Connectivity,Critical,5.9,3,Under Warranty,2573.94,Resolved,5
SV06597,H085,D043,2025-04-23,Corrective Maintenance,Display Issue,Critical,27.3,5,Under Warranty,6089.4,Resolved,5
SV06598,H037,D026,2026-07-28,Preventive Maintenance,Sensor/Probe Issue,Medium,2.8,2,Out of Warranty,12077.36,Resolved,4
SV06599,H025,D056,2025-10-25,Installation,Sensor/Probe Issue,High,11.5,3,Under Warranty,3684.79,Resolved,4
SV06600,H019,D019,2026-07-08,Installation,Image Quality,High,12.0,2,Under Warranty,3632.76,Resolved,4
SV06601,H018,D030,2024-07-21,Preventive Maintenance,Preventive Maintenance,Low,3.5,3,Under Warranty,5128.1,Resolved,4
SV06602,H001,D058,2026-06-10,Preventive Maintenance,Connectivity,High,4.3,2,Out of Warranty,6405.12,Resolved,4
SV06603,H035,D005,2024-01-21,Preventive Maintenance,Sensor/Probe Issue,High,7.7,7,Out of Warranty,8007.22,Resolved,4
SV06604,H044,D028,2024-06-03,Corrective Maintenance,Display Issue,Medium,20.3,2,Out of Warranty,29367.13,Resolved,3
SV06605,H067,D020,2025-01-25,Corrective Maintenance,Battery Issue,Medium,11.2,3,Out of Warranty,35318.88,Resolved,5
SV06606,H026,D012,2024-10-25,Preventive Maintenance,Power Failure,High,12.9,1,Out of Warranty,4726.63,Resolved,4
SV06607,H033,D030,2025-11-26,Preventive Maintenance,Display Issue,High,8.7,2,Under Warranty,2984.21,Resolved,5
SV06608,H005,D044,2025-05-17,Corrective Maintenance,Power Failure,Critical,27.1,4,Out of Warranty,36709.72,Resolved,3
SV06609,H037,D033,2026-03-16,Preventive Maintenance,Sensor/Probe Issue,Medium,12.3,1,Out of Warranty,12599.16,Resolved,4
SV06610,H033,D058,2026-04-09,Preventive Maintenance,Preventive Maintenance,Medium,1.3,2,Under Warranty,8136.29,Resolved,4
SV06611,H093,D054,2025-06-01,Corrective Maintenance,Connectivity,Medium,8.8,5,Under Warranty,18977.59,Resolved,4
SV06612,H054,D033,2025-03-05,Preventive Maintenance,Software Error,High,10.0,1,Under Warranty,8638.82,Resolved,4
SV06613,H028,D043,2024-06-20,Corrective Maintenance,Battery Issue,Medium,0.5,3,Under Warranty,11199.6,Resolved,5
SV06614,H053,D050,2025-07-31,Corrective Maintenance,Power Failure,Medium,4.5,3,Under Warranty,5672.77,Resolved,4
SV06615,H014,D010,2026-08-05,Corrective Maintenance,Calibration Issue,Medium,9.1,1,Under Warranty,16680.52,Resolved,4
SV06616,H013,D002,2025-12-24,Preventive Maintenance,Power Failure,Low,5.1,2,Under Warranty,5391.84,Resolved,4
SV06617,H018,D046,2025-01-13,Preventive Maintenance,Mechanical Issue,Medium,5.2,5,Under Warranty,4317.48,Resolved,4
SV06618,H046,D033,2024-06-15,Corrective Maintenance,Preventive Maintenance,High,17.9,3,Out of Warranty,25919.3,Resolved,4
SV06619,H063,D048,2024-01-09,Preventive Maintenance,Mechanical Issue,Medium,29.4,9,Under Warranty,5246.43,Resolved,3
SV06620,H029,D055,2024-02-23,Corrective Maintenance,Battery Issue,High,3.7,4,Under Warranty,8096.29,Resolved,4
SV06621,H021,D019,2024-02-06,Preventive Maintenance,Image Quality,Medium,8.4,5,Under Warranty,2590.24,Resolved,4
SV06622,H002,D028,2025-02-06,Installation,Image Quality,Medium,3.0,6,Under Warranty,9190.12,Resolved,4
SV06623,H079,D005,2026-08-25,Corrective Maintenance,Battery Issue,Low,7.7,1,Out of Warranty,14775.48,Resolved,4
SV06624,H012,D045,2025-10-25,Corrective Maintenance,Software Error,High,38.4,4,Under Warranty,16989.3,Resolved,5
SV06625,H028,D025,2026-01-27,Corrective Maintenance,Sensor/Probe Issue,Medium,8.9,1,Out of Warranty,19491.38,Resolved,5
SV06626,H002,D026,2026-02-16,Preventive Maintenance,Power Failure,Medium,11.6,3,Under Warranty,5020.42,Resolved,4
SV06627,H012,D035,2024-07-29,Preventive Maintenance,Mechanical Issue,High,1.2,2,Under Warranty,3878.08,Resolved,5
SV06628,H100,D007,2025-07-04,Corrective Maintenance,Connectivity,Medium,1.8,2,Under Warranty,8802.79,Resolved,4
SV06629,H033,D004,2024-10-26,Preventive Maintenance,Sensor/Probe Issue,Medium,11.2,2,Under Warranty,8290.34,Resolved,4
SV06630,H015,D058,2026-07-02,Corrective Maintenance,Calibration Issue,Medium,10.3,1,Under Warranty,12801.87,Resolved,4
SV06631,H006,D006,2024-07-14,Corrective Maintenance,Sensor/Probe Issue,High,12.8,1,Out of Warranty,12929.8,Resolved,4
SV06632,H054,D001,2025-06-10,Corrective Maintenance,Sensor/Probe Issue,Medium,3.5,3,Under Warranty,12766.86,Resolved,5
SV06633,H016,D037,2024-10-16,Preventive Maintenance,Preventive Maintenance,High,9.3,1,Out of Warranty,7471.79,Resolved,4
SV06634,H014,D046,2025-08-26,Preventive Maintenance,Software Error,Medium,2.4,2,Under Warranty,5683.46,Resolved,5
SV06635,H092,D051,2024-09-24,Corrective Maintenance,Power Failure,Low,1.0,2,Under Warranty,20019.41,Resolved,4
SV06636,H031,D036,2024-03-04,Corrective Maintenance,Image Quality,Medium,2.4,2,Under Warranty,13186.6,Resolved,5
SV06637,H059,D017,2025-11-28,Preventive Maintenance,Preventive Maintenance,High,18.4,11,Under Warranty,4580.0,Resolved,3
SV06638,H096,D014,2024-04-25,Preventive Maintenance,Calibration Issue,Critical,7.8,3,Under Warranty,2183.09,Resolved,4
SV06639,H024,D002,2026-04-29,Preventive Maintenance,Power Failure,High,7.6,6,Under Warranty,3925.53,Resolved,5
SV06640,H025,D047,2025-05-21,Preventive Maintenance,Calibration Issue,Medium,19.5,2,Under Warranty,5871.1,Pending,4
SV06641,H034,D047,2024-01-25,Corrective Maintenance,Mechanical Issue,Medium,11.0,3,Out of Warranty,32615.82,Resolved,4
SV06642,H012,D020,2026-01-16,Installation,Power Failure,Low,3.1,4,Out of Warranty,19538.53,Resolved,5
SV06643,H015,D007,2026-04-07,Corrective Maintenance,Sensor/Probe Issue,High,20.8,3,Under Warranty,20832.34,Resolved,4
SV06644,H070,D041,2025-07-30,Corrective Maintenance,Software Error,Medium,1.4,2,Under Warranty,7323.24,Resolved,5
SV06645,H052,D019,2024-09-20,Corrective Maintenance,Display Issue,Medium,2.3,2,Out of Warranty,34439.35,Resolved,5
SV06646,H039,D026,2024-02-02,Corrective Maintenance,Preventive Maintenance,Medium,7.3,2,Out of Warranty,24528.25,Resolved,4
SV06647,H052,D044,2024-12-08,Corrective Maintenance,Calibration Issue,Medium,23.1,2,Under Warranty,10107.55,Resolved,5
SV06648,H031,D049,2025-07-30,Preventive Maintenance,Connectivity,Medium,14.6,1,Out of Warranty,13251.51,Resolved,5
SV06649,H014,D059,2024-05-14,Corrective Maintenance,Power Failure,Low,7.0,2,Under Warranty,18743.5,Resolved,4
SV06650,H066,D017,2024-01-04,Corrective Maintenance,Sensor/Probe Issue,Low,4.3,4,Out of Warranty,32020.03,Resolved,5
SV06651,H044,D042,2024-09-15,Preventive Maintenance,Sensor/Probe Issue,Medium,1.7,2,Under Warranty,8158.75,Resolved,4
SV06652,H046,D039,2026-08-11,Corrective Maintenance,Battery Issue,High,23.8,1,Under Warranty,7856.56,Resolved,5
SV06653,H038,D059,2026-05-05,Corrective Maintenance,Calibration Issue,Low,5.5,1,Under Warranty,12204.24,Resolved,4
SV06654,H095,D011,2026-02-04,Preventive Maintenance,Sensor/Probe Issue,Medium,5.7,1,Under Warranty,7927.5,Resolved,4
SV06655,H071,D001,2026-06-14,Corrective Maintenance,Battery Issue,Medium,12.2,4,Out of Warranty,22374.9,Resolved,4
SV06656,H075,D046,2026-05-14,Corrective Maintenance,Connectivity,High,13.7,1,Under Warranty,8267.42,Resolved,4
SV06657,H086,D036,2026-09-15,Corrective Maintenance,Software Error,Low,10.8,3,Under Warranty,16321.36,Resolved,5
SV06658,H033,D025,2024-03-15,Installation,Software Error,Medium,3.9,3,Under Warranty,10689.33,Resolved,5
SV06659,H036,D037,2026-05-31,Preventive Maintenance,Software Error,Low,23.1,4,Under Warranty,8307.39,Resolved,5
SV06660,H091,D020,2025-11-19,Corrective Maintenance,Sensor/Probe Issue,Medium,2.1,3,Under Warranty,13824.88,Resolved,5
SV06661,H068,D038,2024-05-29,Corrective Maintenance,Sensor/Probe Issue,Medium,12.7,3,Out of Warranty,25256.76,Resolved,5
SV06662,H094,D060,2026-06-16,Preventive Maintenance,Power Failure,Medium,1.9,1,Under Warranty,2891.25,Resolved,4
SV06663,H054,D048,2024-08-25,Corrective Maintenance,Mechanical Issue,Medium,3.9,3,Under Warranty,5920.75,Resolved,4
SV06664,H083,D057,2024-11-26,Preventive Maintenance,Software Error,Medium,6.8,2,Under Warranty,5999.4,Resolved,4
SV06665,H094,D011,2025-02-17,Corrective Maintenance,Image Quality,High,11.7,8,Under Warranty,6429.28,Resolved,3
SV06666,H014,D027,2024-04-15,Preventive Maintenance,Preventive Maintenance,High,6.9,3,Under Warranty,5116.65,Resolved,4
SV06667,H091,D007,2025-12-30,Preventive Maintenance,Mechanical Issue,Low,7.7,1,Under Warranty,2987.29,Resolved,5
SV06668,H089,D003,2025-10-04,Corrective Maintenance,Preventive Maintenance,Medium,2.0,1,Under Warranty,20506.1,Resolved,5
SV06669,H100,D008,2026-03-21,Corrective Maintenance,Image Quality,Medium,16.0,3,Out of Warranty,26891.54,Resolved,5
SV06670,H079,D011,2024-02-23,Corrective Maintenance,Software Error,Critical,8.0,8,Under Warranty,14299.83,Resolved,3
SV06671,H021,D027,2026-04-27,Corrective Maintenance,Sensor/Probe Issue,High,7.6,7,Out of Warranty,26181.05,Resolved,3
SV06672,H069,D054,2025-09-26,Corrective Maintenance,Software Error,Low,3.8,5,Under Warranty,9941.68,Resolved,5
SV06673,H033,D046,2025-01-27,Preventive Maintenance,Connectivity,Low,2.2,1,Out of Warranty,15148.24,Resolved,5
SV06674,H055,D022,2025-03-13,Preventive Maintenance,Calibration Issue,High,22.9,3,Out of Warranty,11438.45,Resolved,5
SV06675,H023,D051,2025-11-08,Preventive Maintenance,Software Error,Medium,4.9,4,Under Warranty,2404.99,Resolved,4
SV06676,H043,D055,2026-07-08,Preventive Maintenance,Software Error,Low,2.1,8,Out of Warranty,7913.59,Pending,4
SV06677,H078,D049,2025-04-10,Corrective Maintenance,Calibration Issue,Medium,3.3,4,Out of Warranty,19383.28,Resolved,4
SV06678,H052,D029,2024-06-15,Corrective Maintenance,Display Issue,Low,8.9,2,Under Warranty,13864.31,Resolved,4
SV06679,H051,D001,2024-07-27,Corrective Maintenance,Power Failure,Low,2.9,1,Out of Warranty,28103.41,Pending,4
SV06680,H080,D026,2026-08-01,Preventive Maintenance,Software Error,Medium,13.8,2,Under Warranty,6416.18,Resolved,3
SV06681,H020,D011,2025-07-22,Corrective Maintenance,Software Error,Medium,8.2,4,Under Warranty,7608.15,Resolved,4
SV06682,H027,D046,2024-07-18,Corrective Maintenance,Sensor/Probe Issue,Medium,2.3,3,Out of Warranty,38347.93,Resolved,4
SV06683,H031,D023,2024-03-01,Installation,Sensor/Probe Issue,Medium,8.8,4,Out of Warranty,10392.59,Resolved,4
SV06684,H069,D049,2025-11-22,Installation,Connectivity,Medium,5.1,5,Out of Warranty,12002.32,Resolved,5
SV06685,H058,D001,2025-10-24,Corrective Maintenance,Software Error,High,5.6,5,Out of Warranty,37882.34,Resolved,4
SV06686,H038,D051,2024-07-30,Corrective Maintenance,Mechanical Issue,High,9.6,2,Out of Warranty,10875.47,Resolved,4
SV06687,H021,D033,2026-01-30,Preventive Maintenance,Connectivity,Low,5.7,2,Out of Warranty,7118.32,Resolved,4
SV06688,H052,D023,2024-12-28,Corrective Maintenance,Battery Issue,High,23.1,5,Out of Warranty,11092.95,Resolved,3
SV06689,H032,D027,2025-10-08,Preventive Maintenance,Calibration Issue,Medium,10.9,3,Out of Warranty,8638.62,Resolved,5
SV06690,H024,D030,2026-01-11,Corrective Maintenance,Connectivity,Medium,13.0,4,Under Warranty,13801.25,Resolved,5
SV06691,H021,D026,2025-01-21,Corrective Maintenance,Sensor/Probe Issue,Medium,4.9,3,Under Warranty,18897.83,Resolved,5
SV06692,H086,D019,2024-09-24,Preventive Maintenance,Display Issue,Medium,7.8,4,Out of Warranty,7585.74,Resolved,5
SV06693,H054,D029,2026-09-16,Corrective Maintenance,Sensor/Probe Issue,Medium,2.3,3,Out of Warranty,16716.56,Resolved,3
SV06694,H078,D055,2025-03-15,Corrective Maintenance,Power Failure,Medium,21.8,2,Under Warranty,8481.44,Pending,4
SV06695,H001,D015,2024-02-28,Installation,Preventive Maintenance,High,11.8,3,Under Warranty,8252.51,Resolved,5
SV06696,H070,D056,2024-09-12,Preventive Maintenance,Software Error,High,38.0,8,Under Warranty,6002.95,Resolved,3
SV06697,H028,D026,2024-09-02,Corrective Maintenance,Battery Issue,Low,2.5,2,Under Warranty,16486.14,Resolved,4
SV06698,H086,D036,2026-03-05,Corrective Maintenance,Image Quality,High,5.9,2,Under Warranty,10565.03,Resolved,5
SV06699,H098,D054,2026-05-29,Corrective Maintenance,Software Error,Low,6.7,1,Under Warranty,19492.95,Resolved,4
SV06700,H036,D056,2025-04-01,Installation,Preventive Maintenance,Critical,6.9,1,Out of Warranty,16634.25,Resolved,4
SV06701,H025,D003,2026-01-06,Corrective Maintenance,Mechanical Issue,High,14.4,5,Under Warranty,20346.5,Resolved,5
SV06702,H079,D036,2026-01-14,Corrective Maintenance,Mechanical Issue,Low,4.3,2,Under Warranty,16682.73,Resolved,4
SV06703,H062,D025,2025-04-29,Preventive Maintenance,Mechanical Issue,High,15.8,2,Under Warranty,3421.84,Resolved,5
SV06704,H040,D043,2026-08-11,Preventive Maintenance,Sensor/Probe Issue,High,10.3,2,Under Warranty,4172.04,Resolved,4
SV06705,H014,D056,2024-10-02,Preventive Maintenance,Sensor/Probe Issue,High,36.6,6,Under Warranty,8206.01,Resolved,4
SV06706,H025,D045,2025-07-28,Corrective Maintenance,Mechanical Issue,Medium,7.0,1,Out of Warranty,33548.94,Resolved,4
SV06707,H058,D015,2024-01-18,Corrective Maintenance,Display Issue,Medium,4.5,3,Out of Warranty,22082.46,Resolved,4
SV06708,H025,D041,2026-05-29,Preventive Maintenance,Sensor/Probe Issue,Medium,18.0,2,Under Warranty,6717.39,Resolved,4
SV06709,H026,D046,2024-05-21,Corrective Maintenance,Display Issue,Medium,10.1,1,Out of Warranty,26724.44,Resolved,4
SV06710,H056,D052,2025-07-25,Corrective Maintenance,Sensor/Probe Issue,High,5.1,2,Under Warranty,18436.77,Resolved,4
SV06711,H032,D060,2024-09-13,Preventive Maintenance,Mechanical Issue,Medium,13.9,4,Under Warranty,2486.68,Resolved,4
SV06712,H024,D018,2024-06-20,Corrective Maintenance,Software Error,Medium,3.4,4,Out of Warranty,9409.36,Resolved,5
SV06713,H077,D003,2025-12-05,Corrective Maintenance,Software Error,High,11.6,4,Out of Warranty,25290.14,Resolved,4
SV06714,H044,D008,2025-12-24,Preventive Maintenance,Calibration Issue,Low,17.1,1,Under Warranty,4097.06,Resolved,4
SV06715,H075,D059,2025-08-15,Preventive Maintenance,Calibration Issue,High,7.5,1,Under Warranty,4972.59,Resolved,4
SV06716,H085,D046,2025-07-05,Corrective Maintenance,Sensor/Probe Issue,Medium,5.9,1,Out of Warranty,23557.68,Resolved,5
SV06717,H084,D019,2026-07-10,Corrective Maintenance,Preventive Maintenance,High,11.2,6,Out of Warranty,32795.46,Resolved,3
SV06718,H001,D013,2025-07-09,Corrective Maintenance,Software Error,Low,2.5,1,Under Warranty,16895.0,Resolved,5
SV06719,H028,D021,2024-02-18,Preventive Maintenance,Connectivity,High,13.7,2,Under Warranty,5183.29,Resolved,4
SV06720,H086,D015,2026-05-17,Corrective Maintenance,Calibration Issue,High,15.6,8,Under Warranty,12539.09,Resolved,4
SV06721,H073,D033,2026-03-23,Corrective Maintenance,Battery Issue,Medium,3.4,3,Out of Warranty,21911.47,Resolved,4
SV06722,H059,D016,2025-11-28,Corrective Maintenance,Power Failure,Medium,5.3,3,Under Warranty,12589.6,Resolved,5
SV06723,H064,D005,2026-01-16,Installation,Battery Issue,Medium,28.4,1,Out of Warranty,13528.58,Resolved,4
SV06724,H018,D048,2026-08-07,Corrective Maintenance,Preventive Maintenance,High,2.5,4,Under Warranty,9740.3,Resolved,4
SV06725,H036,D017,2026-06-26,Corrective Maintenance,Mechanical Issue,Medium,8.0,5,Under Warranty,13196.03,Resolved,4
SV06726,H095,D045,2025-07-03,Preventive Maintenance,Battery Issue,High,2.0,2,Out of Warranty,12885.8,Resolved,4
SV06727,H041,D007,2024-05-22,Corrective Maintenance,Connectivity,Critical,15.7,6,Under Warranty,20106.49,Resolved,4
SV06728,H089,D002,2025-08-19,Preventive Maintenance,Mechanical Issue,Medium,12.7,2,Out of Warranty,11916.38,Resolved,4
SV06729,H032,D039,2025-01-25,Corrective Maintenance,Battery Issue,Medium,1.0,2,Under Warranty,18854.57,Resolved,5
SV06730,H078,D011,2025-06-13,Corrective Maintenance,Battery Issue,Medium,3.4,5,Under Warranty,20426.38,Resolved,4
SV06731,H059,D012,2024-08-14,Preventive Maintenance,Battery Issue,High,20.0,3,Under Warranty,8568.73,Resolved,4
SV06732,H024,D030,2026-08-22,Corrective Maintenance,Power Failure,Medium,12.6,1,Under Warranty,17152.54,Resolved,5
SV06733,H094,D057,2024-07-15,Corrective Maintenance,Mechanical Issue,Medium,11.2,2,Under Warranty,13291.55,Resolved,5
SV06734,H084,D055,2025-01-26,Preventive Maintenance,Power Failure,Low,10.9,3,Out of Warranty,9418.59,Resolved,5
SV06735,H098,D054,2025-04-15,Preventive Maintenance,Preventive Maintenance,High,15.0,6,Under Warranty,8211.49,Resolved,3
SV06736,H088,D012,2024-01-16,Installation,Preventive Maintenance,Medium,4.6,2,Out of Warranty,18732.87,Resolved,4
SV06737,H079,D027,2026-03-17,Preventive Maintenance,Sensor/Probe Issue,Medium,12.5,2,Out of Warranty,12776.72,Resolved,4
SV06738,H055,D044,2026-08-22,Corrective Maintenance,Image Quality,Medium,3.8,7,Under Warranty,12122.88,Resolved,4
SV06739,H073,D011,2024-02-14,Corrective Maintenance,Sensor/Probe Issue,Low,6.3,3,Under Warranty,6446.17,Resolved,4
SV06740,H093,D048,2025-05-08,Corrective Maintenance,Preventive Maintenance,Medium,23.0,2,Under Warranty,10627.8,Resolved,4
SV06741,H055,D005,2024-09-21,Corrective Maintenance,Sensor/Probe Issue,Medium,18.3,4,Out of Warranty,34183.36,Pending,5
SV06742,H093,D008,2025-01-02,Corrective Maintenance,Image Quality,Medium,11.5,2,Under Warranty,5341.21,Resolved,4
SV06743,H031,D045,2024-12-06,Corrective Maintenance,Image Quality,Low,6.3,2,Out of Warranty,34651.43,Resolved,4
SV06744,H044,D016,2026-02-22,Corrective Maintenance,Sensor/Probe Issue,Low,8.5,1,Out of Warranty,23282.24,Resolved,4
SV06745,H045,D019,2025-05-28,Corrective Maintenance,Mechanical Issue,High,3.0,3,Out of Warranty,19356.33,Resolved,4
SV06746,H004,D043,2024-10-27,Preventive Maintenance,Battery Issue,Medium,6.5,2,Under Warranty,5244.96,Resolved,4
SV06747,H069,D003,2024-11-19,Corrective Maintenance,Power Failure,High,1.0,6,Out of Warranty,30121.67,Resolved,4
SV06748,H038,D013,2024-07-08,Preventive Maintenance,Calibration Issue,Low,9.3,2,Under Warranty,3788.63,Resolved,5
SV06749,H014,D035,2025-12-26,Preventive Maintenance,Calibration Issue,High,17.0,2,Under Warranty,4593.73,Resolved,4
SV06750,H036,D041,2025-01-31,Preventive Maintenance,Image Quality,Low,6.6,1,Under Warranty,5219.09,Resolved,5
SV06751,H026,D018,2026-07-24,Corrective Maintenance,Image Quality,Low,3.2,1,Under Warranty,11507.31,Resolved,5
SV06752,H071,D026,2024-02-17,Preventive Maintenance,Image Quality,Critical,3.0,4,Out of Warranty,12717.5,Resolved,4
SV06753,H084,D038,2025-11-27,Corrective Maintenance,Image Quality,High,15.2,1,Under Warranty,6821.77,Resolved,4
SV06754,H067,D002,2024-04-16,Installation,Preventive Maintenance,High,13.2,8,Out of Warranty,22711.65,Resolved,5
SV06755,H066,D043,2024-05-27,Corrective Maintenance,Power Failure,Low,5.7,2,Out of Warranty,25602.12,Resolved,4
SV06756,H015,D024,2024-03-08,Preventive Maintenance,Mechanical Issue,Medium,3.6,1,Under Warranty,6859.3,Resolved,4
SV06757,H077,D029,2025-12-29,Corrective Maintenance,Software Error,High,16.7,4,Under Warranty,12615.7,Resolved,4
SV06758,H004,D055,2024-02-06,Installation,Sensor/Probe Issue,Medium,6.9,5,Out of Warranty,12714.65,Resolved,4
SV06759,H020,D016,2024-06-14,Corrective Maintenance,Battery Issue,Medium,4.4,2,Under Warranty,13000.4,Resolved,4
SV06760,H026,D031,2024-08-22,Corrective Maintenance,Mechanical Issue,Medium,15.2,2,Out of Warranty,26017.68,Resolved,5
SV06761,H093,D045,2025-01-29,Corrective Maintenance,Mechanical Issue,Low,4.9,1,Under Warranty,20431.99,Resolved,5
SV06762,H068,D051,2026-02-10,Corrective Maintenance,Battery Issue,Medium,8.5,3,Under Warranty,17443.96,Resolved,4
SV06763,H100,D051,2024-05-16,Corrective Maintenance,Sensor/Probe Issue,Medium,3.2,1,Under Warranty,20542.42,Resolved,5
SV06764,H060,D039,2025-02-12,Corrective Maintenance,Preventive Maintenance,Medium,6.8,3,Out of Warranty,24724.72,Resolved,5
SV06765,H084,D050,2025-12-27,Preventive Maintenance,Calibration Issue,High,8.6,2,Out of Warranty,8615.97,Resolved,5
SV06766,H090,D014,2025-01-07,Corrective Maintenance,Preventive Maintenance,High,10.7,5,Under Warranty,13591.11,Resolved,5
SV06767,H066,D022,2025-11-07,Corrective Maintenance,Software Error,High,8.8,2,Under Warranty,6054.6,Resolved,5
SV06768,H080,D046,2024-08-05,Preventive Maintenance,Connectivity,Critical,7.1,9,Under Warranty,5164.89,Resolved,4
SV06769,H041,D007,2026-07-27,Corrective Maintenance,Mechanical Issue,Low,10.0,3,Out of Warranty,25879.83,Resolved,4
SV06770,H066,D016,2026-04-17,Installation,Image Quality,High,23.3,7,Under Warranty,8732.91,Resolved,4
SV06771,H013,D041,2025-02-27,Corrective Maintenance,Connectivity,Medium,6.5,5,Out of Warranty,34380.66,Pending,3
SV06772,H038,D024,2025-08-19,Installation,Calibration Issue,Critical,17.9,5,Under Warranty,13809.06,Resolved,4
SV06773,H069,D053,2024-04-18,Corrective Maintenance,Sensor/Probe Issue,Low,9.5,8,Out of Warranty,20930.96,Resolved,4
SV06774,H047,D055,2026-06-17,Preventive Maintenance,Display Issue,Low,5.0,1,Out of Warranty,9202.61,Resolved,5
SV06775,H096,D044,2025-07-18,Preventive Maintenance,Preventive Maintenance,Medium,8.8,3,Under Warranty,5748.05,Resolved,4
SV06776,H041,D042,2024-12-09,Corrective Maintenance,Image Quality,Medium,9.9,3,Out of Warranty,38793.72,Resolved,4
SV06777,H019,D045,2025-06-23,Corrective Maintenance,Sensor/Probe Issue,High,13.2,2,Under Warranty,11789.2,Resolved,4
SV06778,H006,D021,2024-04-12,Installation,Connectivity,Medium,10.6,1,Under Warranty,3498.39,Resolved,5
SV06779,H048,D004,2025-04-30,Corrective Maintenance,Connectivity,Critical,19.5,4,Out of Warranty,17001.08,Resolved,4
SV06780,H051,D060,2024-08-17,Corrective Maintenance,Image Quality,Medium,11.0,3,Under Warranty,6690.09,Resolved,4
SV06781,H070,D011,2026-03-01,Preventive Maintenance,Software Error,High,3.0,3,Out of Warranty,15732.48,Resolved,4
SV06782,H024,D030,2026-05-12,Preventive Maintenance,Image Quality,Medium,16.2,1,Under Warranty,3178.34,Resolved,4
SV06783,H041,D033,2026-03-13,Corrective Maintenance,Sensor/Probe Issue,High,9.8,6,Under Warranty,6595.7,Resolved,4
SV06784,H069,D033,2025-03-09,Corrective Maintenance,Sensor/Probe Issue,Critical,15.5,5,Under Warranty,9667.28,Resolved,5
SV06785,H020,D013,2026-05-17,Corrective Maintenance,Power Failure,High,6.6,4,Out of Warranty,13864.19,Resolved,4
SV06786,H026,D051,2024-01-01,Corrective Maintenance,Sensor/Probe Issue,Medium,4.8,2,Out of Warranty,38891.14,Resolved,5
SV06787,H043,D035,2024-02-16,Preventive Maintenance,Connectivity,Low,5.6,1,Out of Warranty,7487.03,Resolved,4
SV06788,H092,D018,2025-10-05,Corrective Maintenance,Connectivity,Low,1.1,2,Under Warranty,20289.44,Resolved,4
SV06789,H069,D053,2024-10-07,Corrective Maintenance,Battery Issue,High,16.0,2,Under Warranty,8249.36,Resolved,5
SV06790,H090,D032,2026-03-16,Corrective Maintenance,Sensor/Probe Issue,Low,7.5,2,Under Warranty,19574.29,Resolved,5
SV06791,H012,D005,2025-04-24,Corrective Maintenance,Power Failure,High,6.3,8,Under Warranty,13677.28,Resolved,5
SV06792,H062,D001,2025-06-22,Preventive Maintenance,Mechanical Issue,Medium,2.8,3,Under Warranty,4217.11,Resolved,4
SV06793,H020,D054,2024-02-28,Corrective Maintenance,Sensor/Probe Issue,Medium,12.7,3,Under Warranty,16420.09,Resolved,5
SV06794,H011,D039,2026-06-12,Installation,Image Quality,High,3.2,1,Out of Warranty,21937.01,Resolved,5
SV06795,H022,D033,2026-05-29,Corrective Maintenance,Image Quality,Medium,9.9,3,Out of Warranty,19772.21,Pending,4
SV06796,H099,D039,2024-05-14,Corrective Maintenance,Sensor/Probe Issue,High,2.7,3,Out of Warranty,23271.03,Resolved,5
SV06797,H024,D035,2025-08-29,Corrective Maintenance,Software Error,High,30.7,4,Out of Warranty,31333.74,Resolved,4
SV06798,H066,D059,2026-03-13,Corrective Maintenance,Calibration Issue,Low,2.4,1,Under Warranty,16777.86,Resolved,5
SV06799,H084,D047,2025-08-30,Corrective Maintenance,Power Failure,High,2.4,4,Out of Warranty,35999.29,Resolved,5
SV06800,H049,D060,2026-02-04,Preventive Maintenance,Calibration Issue,High,12.4,4,Under Warranty,8261.53,Resolved,4
SV06801,H080,D018,2024-02-29,Corrective Maintenance,Sensor/Probe Issue,Medium,23.2,2,Under Warranty,18571.93,Resolved,5
SV06802,H043,D050,2026-01-22,Preventive Maintenance,Software Error,Medium,12.0,2,Under Warranty,7949.43,Resolved,5
SV06803,H026,D051,2025-11-23,Corrective Maintenance,Image Quality,Low,4.1,2,Under Warranty,14625.16,Resolved,4
SV06804,H082,D018,2024-11-29,Preventive Maintenance,Calibration Issue,Medium,4.1,4,Under Warranty,3641.76,Resolved,4
SV06805,H039,D025,2025-03-23,Preventive Maintenance,Image Quality,Medium,4.2,2,Out of Warranty,10987.26,Resolved,5
SV06806,H073,D030,2026-07-02,Corrective Maintenance,Software Error,Critical,20.2,9,Out of Warranty,31417.35,Resolved,3
SV06807,H052,D039,2025-12-22,Corrective Maintenance,Image Quality,High,11.1,1,Under Warranty,17463.25,Resolved,4
SV06808,H074,D056,2025-03-14,Corrective Maintenance,Display Issue,Low,5.0,2,Out of Warranty,22662.46,Resolved,4
SV06809,H030,D046,2026-01-04,Preventive Maintenance,Display Issue,High,16.0,6,Under Warranty,6050.54,Resolved,4
SV06810,H003,D038,2026-06-27,Corrective Maintenance,Software Error,Medium,17.3,4,Under Warranty,18442.9,Resolved,5
SV06811,H048,D038,2024-10-15,Preventive Maintenance,Display Issue,Medium,20.6,4,Under Warranty,5004.74,Resolved,4
SV06812,H094,D041,2024-07-20,Preventive Maintenance,Display Issue,Medium,4.9,7,Out of Warranty,10075.66,Resolved,4
SV06813,H099,D022,2026-01-02,Corrective Maintenance,Sensor/Probe Issue,Medium,1.4,4,Under Warranty,11525.03,Resolved,5
SV06814,H003,D050,2024-03-15,Corrective Maintenance,Connectivity,Low,3.3,3,Under Warranty,17367.37,Pending,4
SV06815,H063,D005,2025-03-20,Preventive Maintenance,Battery Issue,Critical,6.0,9,Out of Warranty,15703.57,Resolved,4
SV06816,H092,D044,2024-01-06,Corrective Maintenance,Preventive Maintenance,High,15.1,3,Under Warranty,16388.97,Resolved,4
SV06817,H054,D043,2026-08-07,Installation,Mechanical Issue,High,5.3,4,Under Warranty,6718.0,Resolved,4
SV06818,H081,D010,2024-05-02,Corrective Maintenance,Battery Issue,Medium,17.0,3,Under Warranty,9053.0,Resolved,5
SV06819,H017,D020,2024-10-20,Preventive Maintenance,Image Quality,Medium,8.0,2,Under Warranty,6211.22,Resolved,4
SV06820,H065,D032,2024-05-21,Preventive Maintenance,Mechanical Issue,High,29.1,2,Under Warranty,4712.27,Resolved,4
SV06821,H091,D018,2026-09-16,Preventive Maintenance,Image Quality,Low,0.9,2,Under Warranty,3376.8,Resolved,5
SV06822,H002,D044,2026-04-02,Preventive Maintenance,Power Failure,Medium,6.0,2,Under Warranty,5201.06,Resolved,5
SV06823,H033,D037,2025-07-09,Corrective Maintenance,Software Error,Medium,10.3,3,Under Warranty,11786.08,Resolved,4
SV06824,H054,D034,2025-10-28,Preventive Maintenance,Image Quality,High,10.2,2,Under Warranty,6293.79,Resolved,4
SV06825,H086,D025,2025-02-10,Corrective Maintenance,Connectivity,Medium,10.0,4,Under Warranty,9882.34,Resolved,5
SV06826,H025,D023,2024-01-21,Corrective Maintenance,Battery Issue,High,32.7,4,Under Warranty,20795.08,Resolved,4
SV06827,H079,D003,2026-03-06,Corrective Maintenance,Display Issue,High,16.3,7,Out of Warranty,11957.22,Resolved,4
SV06828,H033,D025,2024-07-21,Corrective Maintenance,Image Quality,Low,4.2,2,Under Warranty,17679.46,Pending,4
SV06829,H004,D054,2025-02-17,Corrective Maintenance,Software Error,Medium,6.9,3,Under Warranty,18215.21,Resolved,5
SV06830,H064,D030,2025-05-16,Corrective Maintenance,Connectivity,High,23.7,3,Out of Warranty,36182.45,Resolved,5
SV06831,H016,D038,2025-11-24,Corrective Maintenance,Calibration Issue,Medium,4.4,2,Under Warranty,9118.43,Resolved,4
SV06832,H030,D050,2026-06-01,Preventive Maintenance,Mechanical Issue,Medium,1.2,2,Out of Warranty,16144.93,Resolved,4
SV06833,H009,D026,2024-07-20,Corrective Maintenance,Calibration Issue,Critical,2.6,2,Under Warranty,11899.41,Resolved,5
SV06834,H009,D019,2025-02-08,Preventive Maintenance,Software Error,High,6.3,5,Under Warranty,4569.17,Resolved,4
SV06835,H025,D058,2025-12-09,Preventive Maintenance,Connectivity,Medium,2.2,2,Out of Warranty,13009.05,Resolved,5
SV06836,H024,D003,2026-08-07,Preventive Maintenance,Battery Issue,Medium,12.4,4,Under Warranty,5386.94,Resolved,4
SV06837,H025,D015,2026-09-20,Preventive Maintenance,Preventive Maintenance,Low,2.9,2,Under Warranty,7877.03,Resolved,4
SV06838,H026,D035,2025-09-14,Preventive Maintenance,Software Error,Medium,2.8,3,Under Warranty,5707.49,Resolved,4
SV06839,H045,D003,2025-09-18,Corrective Maintenance,Battery Issue,Medium,9.1,3,Out of Warranty,14685.56,Resolved,4
SV06840,H011,D032,2024-05-16,Preventive Maintenance,Sensor/Probe Issue,Low,8.6,2,Out of Warranty,14427.24,Resolved,5
SV06841,H050,D003,2025-11-23,Preventive Maintenance,Calibration Issue,Medium,4.4,4,Out of Warranty,7026.26,Resolved,3
SV06842,H037,D060,2025-11-30,Corrective Maintenance,Sensor/Probe Issue,Medium,9.3,2,Out of Warranty,36696.91,Resolved,5
SV06843,H001,D057,2024-04-22,Preventive Maintenance,Image Quality,High,5.9,3,Under Warranty,2366.2,Resolved,4
SV06844,H039,D024,2024-01-13,Corrective Maintenance,Battery Issue,High,5.8,2,Under Warranty,6557.84,Resolved,5
SV06845,H097,D005,2026-02-21,Corrective Maintenance,Power Failure,Medium,6.6,3,Under Warranty,11552.53,Resolved,4
SV06846,H004,D060,2024-06-28,Corrective Maintenance,Software Error,High,15.1,4,Out of Warranty,27219.01,Resolved,4
SV06847,H090,D031,2026-01-11,Preventive Maintenance,Calibration Issue,Medium,6.4,5,Under Warranty,7305.05,Resolved,4
SV06848,H030,D021,2024-02-21,Corrective Maintenance,Calibration Issue,Medium,2.8,3,Out of Warranty,25127.93,Resolved,4
SV06849,H049,D040,2025-09-12,Preventive Maintenance,Mechanical Issue,Medium,19.1,2,Out of Warranty,6902.38,Resolved,3
SV06850,H063,D015,2026-03-10,Corrective Maintenance,Preventive Maintenance,High,12.8,2,Under Warranty,14029.77,Resolved,5
SV06851,H075,D003,2025-05-02,Corrective Maintenance,Battery Issue,High,0.8,2,Under Warranty,5132.53,Pending,5
SV06852,H088,D055,2024-08-27,Corrective Maintenance,Sensor/Probe Issue,Critical,7.1,4,Under Warranty,5839.91,Resolved,4
SV06853,H016,D037,2025-03-04,Preventive Maintenance,Battery Issue,High,8.7,2,Out of Warranty,13720.6,Resolved,4
SV06854,H071,D047,2025-12-05,Preventive Maintenance,Display Issue,Medium,13.7,3,Under Warranty,7241.96,Resolved,5
SV06855,H016,D030,2026-01-19,Corrective Maintenance,Image Quality,Medium,10.8,4,Out of Warranty,27094.76,Resolved,5
SV06856,H079,D002,2025-11-03,Corrective Maintenance,Software Error,High,6.2,3,Under Warranty,19317.29,Resolved,4
SV06857,H032,D033,2024-08-06,Corrective Maintenance,Power Failure,Medium,4.0,1,Out of Warranty,29567.76,Resolved,3
SV06858,H070,D049,2024-03-26,Installation,Battery Issue,Low,3.0,2,Under Warranty,5842.42,Resolved,4
SV06859,H007,D003,2024-08-03,Preventive Maintenance,Calibration Issue,Low,9.8,2,Under Warranty,7351.6,Resolved,4
SV06860,H013,D034,2024-05-07,Corrective Maintenance,Display Issue,High,6.8,3,Under Warranty,14507.59,Resolved,4
SV06861,H011,D037,2024-08-11,Corrective Maintenance,Mechanical Issue,Medium,11.3,1,Under Warranty,8938.34,Resolved,5
SV06862,H047,D007,2026-09-20,Preventive Maintenance,Software Error,Low,11.6,2,Under Warranty,4415.15,Pending,4
SV06863,H089,D033,2024-12-22,Preventive Maintenance,Connectivity,Medium,7.3,3,Out of Warranty,4784.78,Resolved,4
SV06864,H048,D050,2026-05-16,Corrective Maintenance,Sensor/Probe Issue,Medium,12.6,3,Out of Warranty,11986.89,Resolved,4
SV06865,H052,D029,2025-10-25,Corrective Maintenance,Battery Issue,Medium,11.3,1,Out of Warranty,23154.07,Resolved,5
SV06866,H015,D055,2025-08-05,Corrective Maintenance,Display Issue,Medium,1.3,5,Under Warranty,16428.08,Resolved,4
SV06867,H022,D013,2024-05-25,Preventive Maintenance,Display Issue,High,31.0,9,Under Warranty,7557.41,Resolved,3
SV06868,H062,D040,2024-03-03,Corrective Maintenance,Software Error,Medium,13.6,4,Under Warranty,20490.16,Resolved,4
SV06869,H064,D013,2024-09-21,Preventive Maintenance,Image Quality,Medium,7.3,7,Out of Warranty,6483.26,Resolved,4
SV06870,H086,D013,2024-07-12,Preventive Maintenance,Connectivity,Medium,15.5,1,Under Warranty,7642.49,Resolved,5
SV06871,H047,D032,2025-05-07,Preventive Maintenance,Battery Issue,High,2.2,9,Out of Warranty,14267.59,Resolved,4
SV06872,H008,D058,2024-01-16,Corrective Maintenance,Calibration Issue,Medium,4.2,1,Out of Warranty,15821.81,Resolved,4
SV06873,H084,D011,2024-09-13,Corrective Maintenance,Sensor/Probe Issue,Medium,5.7,3,Out of Warranty,15418.96,Resolved,4
SV06874,H036,D055,2025-05-11,Preventive Maintenance,Calibration Issue,Low,7.0,4,Under Warranty,3829.98,Resolved,4
SV06875,H026,D004,2024-08-09,Preventive Maintenance,Sensor/Probe Issue,High,10.3,10,Out of Warranty,11460.42,Resolved,4
SV06876,H096,D037,2026-03-10,Corrective Maintenance,Power Failure,Low,3.6,1,Out of Warranty,25052.38,Resolved,5
SV06877,H034,D018,2024-05-31,Corrective Maintenance,Image Quality,Low,3.4,5,Under Warranty,13601.17,Resolved,4
SV06878,H008,D015,2025-03-21,Preventive Maintenance,Power Failure,Low,3.5,5,Out of Warranty,5833.1,Resolved,4
SV06879,H027,D055,2025-08-19,Preventive Maintenance,Battery Issue,Medium,3.5,3,Out of Warranty,13960.57,Resolved,5
SV06880,H006,D052,2025-09-26,Corrective Maintenance,Power Failure,Medium,2.0,2,Out of Warranty,21486.25,Resolved,5
SV06881,H009,D021,2026-01-26,Corrective Maintenance,Image Quality,Critical,3.6,4,Out of Warranty,33014.07,Resolved,4
SV06882,H079,D001,2025-11-25,Corrective Maintenance,Software Error,Medium,1.4,5,Under Warranty,19331.99,Resolved,4
SV06883,H084,D059,2025-05-27,Corrective Maintenance,Image Quality,Medium,15.7,2,Out of Warranty,25849.24,Resolved,4
SV06884,H050,D006,2026-05-25,Corrective Maintenance,Image Quality,Medium,1.2,1,Under Warranty,17087.9,Resolved,5
SV06885,H021,D041,2024-12-03,Corrective Maintenance,Power Failure,High,3.3,3,Under Warranty,8941.53,Resolved,4
SV06886,H030,D057,2024-01-30,Installation,Display Issue,Medium,11.2,3,Under Warranty,12598.79,Resolved,4
SV06887,H043,D023,2024-12-13,Corrective Maintenance,Battery Issue,High,15.3,2,Out of Warranty,31271.55,Resolved,5
SV06888,H034,D004,2026-05-19,Corrective Maintenance,Sensor/Probe Issue,Medium,4.4,5,Under Warranty,5854.24,Resolved,4
SV06889,H066,D005,2024-03-23,Corrective Maintenance,Power Failure,Medium,8.3,1,Under Warranty,9260.18,Resolved,4
SV06890,H097,D059,2025-12-20,Corrective Maintenance,Battery Issue,Medium,9.4,1,Under Warranty,11891.86,Resolved,5
SV06891,H050,D052,2026-09-04,Preventive Maintenance,Display Issue,High,20.3,4,Out of Warranty,5831.28,Resolved,3
SV06892,H008,D014,2024-08-29,Corrective Maintenance,Sensor/Probe Issue,Medium,15.9,2,Under Warranty,12987.06,Resolved,4
SV06893,H057,D054,2026-01-05,Corrective Maintenance,Sensor/Probe Issue,Low,3.0,1,Under Warranty,19694.07,Resolved,5
SV06894,H077,D001,2026-09-18,Corrective Maintenance,Preventive Maintenance,Low,12.0,1,Under Warranty,16114.96,Resolved,5
SV06895,H081,D007,2024-03-27,Corrective Maintenance,Power Failure,High,10.3,4,Under Warranty,17843.88,Resolved,4
SV06896,H035,D013,2026-09-17,Corrective Maintenance,Software Error,High,6.1,2,Out of Warranty,15630.92,Resolved,4
SV06897,H023,D049,2024-10-18,Preventive Maintenance,Connectivity,Medium,3.9,3,Out of Warranty,8554.29,Resolved,5
SV06898,H096,D029,2026-06-28,Corrective Maintenance,Connectivity,Critical,4.9,6,Out of Warranty,17085.34,Resolved,4
SV06899,H053,D034,2024-03-23,Corrective Maintenance,Software Error,Critical,6.9,14,Under Warranty,20085.6,Resolved,3
SV06900,H012,D022,2024-06-04,Corrective Maintenance,Mechanical Issue,High,12.3,2,Out of Warranty,30858.72,Resolved,5
SV06901,H097,D017,2026-08-02,Corrective Maintenance,Image Quality,Medium,3.2,2,Under Warranty,19924.85,Resolved,4
SV06902,H047,D004,2026-04-04,Corrective Maintenance,Connectivity,Medium,11.4,2,Out of Warranty,19428.72,Resolved,4
SV06903,H060,D009,2024-07-31,Corrective Maintenance,Display Issue,Medium,2.5,1,Out of Warranty,9608.2,Resolved,4
SV06904,H090,D048,2026-07-01,Corrective Maintenance,Calibration Issue,Critical,16.1,4,Under Warranty,11131.33,Resolved,5
SV06905,H013,D011,2025-10-25,Corrective Maintenance,Image Quality,Medium,5.8,2,Under Warranty,12239.44,Resolved,5
SV06906,H003,D038,2025-06-02,Corrective Maintenance,Software Error,Medium,12.7,2,Out of Warranty,19479.41,Resolved,4
SV06907,H057,D003,2024-10-08,Preventive Maintenance,Power Failure,High,14.4,5,Out of Warranty,3990.37,Resolved,4
SV06908,H087,D042,2025-02-16,Installation,Battery Issue,Low,6.1,4,Out of Warranty,13320.36,Resolved,4
SV06909,H095,D018,2026-07-28,Corrective Maintenance,Mechanical Issue,Low,4.5,3,Under Warranty,16694.99,Resolved,4
SV06910,H015,D041,2024-01-22,Corrective Maintenance,Display Issue,Low,7.7,2,Under Warranty,19585.51,Resolved,4
SV06911,H073,D039,2025-02-01,Preventive Maintenance,Connectivity,Low,2.9,1,Out of Warranty,13291.01,Resolved,4
SV06912,H019,D008,2024-01-31,Corrective Maintenance,Connectivity,Medium,26.8,1,Under Warranty,17939.01,Resolved,5
SV06913,H011,D058,2024-09-15,Preventive Maintenance,Display Issue,Medium,7.7,3,Out of Warranty,13638.02,Resolved,4
SV06914,H020,D004,2026-04-30,Preventive Maintenance,Power Failure,Low,2.9,1,Out of Warranty,6760.57,Resolved,4
SV06915,H048,D025,2025-03-09,Preventive Maintenance,Battery Issue,Medium,18.9,1,Under Warranty,4648.29,Resolved,4
SV06916,H056,D012,2026-05-02,Installation,Mechanical Issue,Medium,24.4,7,Under Warranty,12244.59,Resolved,4
SV06917,H008,D005,2026-06-09,Corrective Maintenance,Mechanical Issue,Low,0.9,2,Out of Warranty,25051.32,Resolved,5
SV06918,H081,D004,2025-09-10,Preventive Maintenance,Image Quality,Medium,3.0,6,Under Warranty,5074.71,Pending,4
SV06919,H020,D043,2026-05-03,Corrective Maintenance,Preventive Maintenance,Low,4.5,1,Under Warranty,8157.4,Resolved,5
SV06920,H048,D047,2024-11-26,Installation,Display Issue,Medium,3.6,2,Out of Warranty,16441.36,Resolved,5
SV06921,H049,D007,2025-11-04,Corrective Maintenance,Image Quality,Medium,16.0,2,Out of Warranty,24656.55,Resolved,5
SV06922,H081,D024,2024-02-09,Corrective Maintenance,Preventive Maintenance,Medium,5.0,2,Under Warranty,7687.95,Resolved,5
SV06923,H053,D045,2024-03-17,Corrective Maintenance,Preventive Maintenance,Medium,10.1,3,Under Warranty,16731.71,Resolved,4
SV06924,H069,D044,2026-05-28,Corrective Maintenance,Calibration Issue,High,10.4,2,Out of Warranty,15422.78,Resolved,4
SV06925,H065,D037,2024-07-16,Preventive Maintenance,Battery Issue,Medium,3.2,2,Out of Warranty,9337.83,Resolved,4
SV06926,H089,D013,2026-09-19,Preventive Maintenance,Connectivity,Low,5.8,2,Out of Warranty,4276.25,Resolved,4
SV06927,H034,D035,2025-01-18,Preventive Maintenance,Calibration Issue,Medium,1.5,1,Out of Warranty,10429.17,Resolved,3
SV06928,H012,D014,2024-07-07,Preventive Maintenance,Calibration Issue,Medium,11.5,1,Out of Warranty,4962.16,Resolved,4
SV06929,H012,D032,2024-09-22,Corrective Maintenance,Software Error,Low,2.7,1,Out of Warranty,20911.85,Resolved,4
SV06930,H074,D038,2026-01-11,Corrective Maintenance,Connectivity,Low,6.0,3,Out of Warranty,28385.15,Resolved,4
SV06931,H086,D038,2026-07-17,Corrective Maintenance,Display Issue,Medium,7.1,4,Under Warranty,5986.29,Resolved,4
SV06932,H043,D016,2025-03-14,Corrective Maintenance,Connectivity,High,10.9,4,Out of Warranty,35891.08,Resolved,4
SV06933,H073,D001,2026-09-25,Corrective Maintenance,Calibration Issue,Medium,19.3,4,Out of Warranty,37894.1,Pending,5
SV06934,H018,D034,2026-09-30,Preventive Maintenance,Mechanical Issue,Low,2.7,5,Out of Warranty,4903.04,Resolved,4
SV06935,H052,D039,2025-03-30,Corrective Maintenance,Connectivity,Medium,16.2,5,Out of Warranty,38454.18,Resolved,3
SV06936,H049,D039,2025-03-27,Corrective Maintenance,Software Error,High,23.9,6,Out of Warranty,9784.85,Resolved,4
SV06937,H028,D050,2025-04-15,Preventive Maintenance,Image Quality,Medium,9.7,2,Out of Warranty,15888.66,Resolved,5
SV06938,H083,D017,2024-05-22,Preventive Maintenance,Image Quality,High,4.9,3,Under Warranty,6915.65,Resolved,4
SV06939,H071,D015,2024-09-03,Preventive Maintenance,Mechanical Issue,Low,9.4,3,Under Warranty,5569.55,Resolved,5
SV06940,H005,D056,2024-01-28,Preventive Maintenance,Power Failure,Medium,7.5,2,Under Warranty,2675.33,Resolved,4
SV06941,H078,D015,2026-09-17,Preventive Maintenance,Image Quality,Medium,6.2,3,Under Warranty,2662.11,Resolved,4
SV06942,H027,D055,2024-02-01,Corrective Maintenance,Connectivity,Low,4.2,2,Under Warranty,20999.26,Resolved,4
SV06943,H042,D026,2024-03-23,Preventive Maintenance,Software Error,High,9.9,3,Out of Warranty,7934.55,Resolved,4
SV06944,H068,D037,2026-06-25,Corrective Maintenance,Battery Issue,Medium,7.4,5,Under Warranty,13407.21,Resolved,5
SV06945,H016,D050,2025-11-13,Preventive Maintenance,Image Quality,High,12.7,6,Out of Warranty,11182.41,Resolved,4
SV06946,H022,D020,2024-09-29,Corrective Maintenance,Display Issue,High,8.7,4,Under Warranty,19052.0,Resolved,5
SV06947,H024,D008,2025-10-29,Preventive Maintenance,Display Issue,Low,1.2,1,Out of Warranty,13919.24,Resolved,5
SV06948,H027,D030,2024-03-16,Corrective Maintenance,Calibration Issue,Medium,17.4,5,Under Warranty,20232.83,Resolved,4
SV06949,H027,D043,2024-03-20,Installation,Power Failure,Low,4.9,1,Under Warranty,9000.27,Resolved,5
SV06950,H007,D015,2025-12-05,Corrective Maintenance,Image Quality,Medium,3.6,2,Under Warranty,13504.5,Resolved,5
SV06951,H016,D043,2024-02-22,Preventive Maintenance,Preventive Maintenance,High,12.2,5,Out of Warranty,11932.96,Resolved,5
SV06952,H037,D041,2024-07-21,Installation,Battery Issue,Medium,3.8,3,Under Warranty,13960.92,Resolved,5
SV06953,H052,D040,2026-01-31,Corrective Maintenance,Mechanical Issue,Medium,7.4,5,Under Warranty,12824.57,Resolved,4
SV06954,H084,D017,2025-01-29,Corrective Maintenance,Image Quality,High,0.8,9,Under Warranty,13311.67,Resolved,4
SV06955,H016,D048,2026-02-27,Corrective Maintenance,Mechanical Issue,Medium,11.1,1,Out of Warranty,37298.06,Resolved,5
SV06956,H055,D029,2024-08-25,Corrective Maintenance,Mechanical Issue,Medium,15.2,3,Under Warranty,6792.44,Resolved,3
SV06957,H046,D037,2026-02-15,Corrective Maintenance,Power Failure,Low,1.6,1,Under Warranty,13584.72,Resolved,4
SV06958,H004,D039,2024-09-03,Preventive Maintenance,Sensor/Probe Issue,Medium,7.6,3,Under Warranty,4312.95,Pending,4
SV06959,H036,D059,2026-03-11,Preventive Maintenance,Software Error,High,14.4,3,Out of Warranty,7897.59,Resolved,4
SV06960,H042,D036,2025-12-22,Corrective Maintenance,Image Quality,Medium,8.6,4,Under Warranty,11632.66,Resolved,5
SV06961,H100,D024,2025-09-28,Corrective Maintenance,Battery Issue,Critical,16.2,8,Out of Warranty,26816.79,Resolved,3
SV06962,H070,D031,2024-06-21,Corrective Maintenance,Display Issue,High,16.9,6,Under Warranty,8474.88,Resolved,4
SV06963,H016,D050,2025-02-07,Installation,Calibration Issue,High,22.5,2,Under Warranty,10683.41,Resolved,4
SV06964,H059,D012,2024-03-23,Corrective Maintenance,Power Failure,Medium,6.7,3,Under Warranty,12011.07,Resolved,4
SV06965,H067,D032,2024-05-13,Corrective Maintenance,Power Failure,Medium,4.4,3,Out of Warranty,16279.54,Resolved,4
SV06966,H001,D046,2024-06-30,Corrective Maintenance,Battery Issue,Critical,34.0,1,Under Warranty,16296.71,Resolved,4
SV06967,H024,D036,2024-07-02,Preventive Maintenance,Power Failure,Low,4.0,1,Out of Warranty,9536.46,Resolved,4
SV06968,H090,D031,2025-08-08,Corrective Maintenance,Image Quality,Medium,5.6,5,Out of Warranty,27503.61,Resolved,4
SV06969,H052,D042,2024-10-31,Corrective Maintenance,Sensor/Probe Issue,Medium,11.3,1,Under Warranty,13690.39,Pending,4
SV06970,H039,D057,2024-01-10,Corrective Maintenance,Sensor/Probe Issue,High,20.9,1,Under Warranty,10536.57,Resolved,3
SV06971,H037,D047,2025-07-18,Corrective Maintenance,Mechanical Issue,High,4.9,2,Out of Warranty,9982.37,Resolved,5
SV06972,H064,D014,2026-02-08,Preventive Maintenance,Mechanical Issue,Medium,6.2,2,Under Warranty,5358.97,Resolved,4
SV06973,H008,D015,2025-02-08,Preventive Maintenance,Calibration Issue,High,19.5,3,Under Warranty,2391.0,Resolved,4
SV06974,H059,D008,2024-07-21,Corrective Maintenance,Software Error,Low,9.2,2,Under Warranty,9535.62,Resolved,4
SV06975,H093,D018,2025-05-03,Corrective Maintenance,Sensor/Probe Issue,High,13.7,1,Out of Warranty,14232.55,Resolved,4
SV06976,H023,D048,2024-06-23,Corrective Maintenance,Battery Issue,Medium,2.8,5,Out of Warranty,36774.03,Resolved,4
SV06977,H005,D024,2024-10-20,Preventive Maintenance,Mechanical Issue,Critical,19.7,2,Under Warranty,6698.27,Resolved,3
SV06978,H005,D030,2026-07-26,Corrective Maintenance,Sensor/Probe Issue,Medium,2.6,5,Out of Warranty,36355.77,Resolved,5
SV06979,H057,D021,2024-07-11,Preventive Maintenance,Connectivity,Low,4.0,1,Out of Warranty,15885.39,Resolved,4
SV06980,H031,D001,2024-09-14,Corrective Maintenance,Image Quality,Medium,4.1,2,Out of Warranty,37917.24,Resolved,5
SV06981,H076,D007,2024-08-06,Installation,Mechanical Issue,Medium,16.4,7,Under Warranty,9308.96,Resolved,5
SV06982,H042,D049,2024-05-10,Preventive Maintenance,Software Error,High,18.2,1,Under Warranty,3597.81,Resolved,4
SV06983,H077,D041,2024-12-04,Preventive Maintenance,Display Issue,Medium,0.5,2,Out of Warranty,13245.57,Resolved,5
SV06984,H060,D041,2025-04-17,Corrective Maintenance,Sensor/Probe Issue,Medium,17.0,2,Under Warranty,14121.59,Resolved,5
SV06985,H100,D011,2024-07-11,Preventive Maintenance,Sensor/Probe Issue,Medium,5.1,3,Out of Warranty,10453.63,Resolved,5
SV06986,H022,D031,2026-06-14,Corrective Maintenance,Mechanical Issue,Medium,7.5,3,Under Warranty,7980.8,Resolved,4
SV06987,H014,D010,2025-02-15,Corrective Maintenance,Sensor/Probe Issue,High,16.6,10,Out of Warranty,34702.53,Resolved,4
SV06988,H038,D046,2024-01-17,Corrective Maintenance,Connectivity,Medium,2.8,5,Under Warranty,19093.84,Pending,5
SV06989,H015,D001,2024-08-28,Corrective Maintenance,Software Error,Medium,8.1,3,Out of Warranty,36836.57,Resolved,4
SV06990,H021,D055,2026-06-12,Preventive Maintenance,Connectivity,Medium,4.8,5,Out of Warranty,15368.08,Resolved,4
SV06991,H090,D014,2025-06-05,Corrective Maintenance,Display Issue,Medium,17.0,6,Out of Warranty,34238.23,Resolved,3
SV06992,H017,D049,2025-12-21,Installation,Image Quality,Low,8.7,2,Under Warranty,7357.33,Resolved,4
SV06993,H097,D002,2025-12-28,Corrective Maintenance,Calibration Issue,Medium,1.9,6,Out of Warranty,17593.51,Resolved,5
SV06994,H083,D059,2024-12-19,Corrective Maintenance,Battery Issue,Medium,4.7,1,Under Warranty,11430.37,Resolved,4
SV06995,H077,D056,2026-08-01,Installation,Display Issue,Medium,6.8,2,Out of Warranty,17537.96,Resolved,5
SV06996,H088,D028,2026-04-02,Corrective Maintenance,Software Error,High,4.5,2,Out of Warranty,25054.51,Resolved,5
SV06997,H079,D025,2024-08-16,Corrective Maintenance,Display Issue,Medium,11.4,4,Out of Warranty,26197.06,Resolved,4
SV06998,H001,D053,2025-09-30,Installation,Display Issue,High,11.9,10,Under Warranty,12819.59,Resolved,4
SV06999,H049,D034,2024-06-17,Corrective Maintenance,Software Error,Low,0.7,2,Out of Warranty,21796.91,Resolved,4
SV07000,H020,D057,2024-03-26,Preventive Maintenance,Sensor/Probe Issue,Medium,12.4,1,Out of Warranty,5600.03,Resolved,5
SV07001,H001,D022,2024-06-20,Corrective Maintenance,Software Error,High,2.6,5,Under Warranty,18045.91,Resolved,4
SV07002,H098,D011,2024-12-12,Corrective Maintenance,Mechanical Issue,Medium,7.2,5,Under Warranty,16366.33,Resolved,4
SV07003,H074,D022,2026-07-07,Corrective Maintenance,Software Error,High,5.0,1,Under Warranty,18504.42,Resolved,5
SV07004,H049,D003,2024-07-13,Corrective Maintenance,Battery Issue,Medium,9.1,2,Under Warranty,12948.74,Resolved,5
SV07005,H038,D007,2026-08-02,Preventive Maintenance,Image Quality,Low,7.3,2,Under Warranty,6021.31,Resolved,4
SV07006,H090,D017,2026-07-31,Preventive Maintenance,Preventive Maintenance,Critical,1.2,7,Under Warranty,8015.33,Resolved,4
SV07007,H063,D045,2026-01-02,Corrective Maintenance,Sensor/Probe Issue,Medium,15.0,5,Out of Warranty,15434.1,Pending,4
SV07008,H033,D016,2024-06-26,Corrective Maintenance,Calibration Issue,Medium,7.4,5,Out of Warranty,20761.89,Resolved,4
SV07009,H070,D023,2024-01-20,Preventive Maintenance,Image Quality,Low,5.5,3,Under Warranty,8082.63,Resolved,4
SV07010,H054,D054,2024-11-25,Preventive Maintenance,Software Error,Critical,18.3,5,Under Warranty,5333.67,Resolved,4
SV07011,H065,D035,2026-06-06,Installation,Calibration Issue,Low,2.8,1,Under Warranty,8825.53,Resolved,5
SV07012,H002,D023,2026-05-23,Corrective Maintenance,Image Quality,Medium,3.7,2,Under Warranty,10328.75,Resolved,4
SV07013,H045,D058,2025-08-17,Corrective Maintenance,Image Quality,Low,7.2,2,Under Warranty,7860.16,Resolved,5
SV07014,H056,D018,2024-07-04,Preventive Maintenance,Software Error,Medium,4.7,2,Out of Warranty,9842.85,Resolved,5
SV07015,H007,D021,2025-04-09,Preventive Maintenance,Connectivity,Medium,3.1,4,Under Warranty,7283.32,Resolved,4
SV07016,H006,D027,2026-03-30,Corrective Maintenance,Image Quality,Critical,17.0,2,Out of Warranty,23460.28,Pending,4
SV07017,H074,D058,2024-01-30,Preventive Maintenance,Power Failure,Medium,3.7,1,Under Warranty,7019.69,Resolved,4
SV07018,H024,D048,2026-04-25,Installation,Connectivity,Medium,7.1,2,Out of Warranty,21785.67,Resolved,4
SV07019,H044,D050,2026-08-31,Preventive Maintenance,Preventive Maintenance,High,14.8,3,Under Warranty,2136.94,Resolved,5
SV07020,H023,D043,2025-10-24,Preventive Maintenance,Calibration Issue,High,9.0,7,Under Warranty,2106.93,Resolved,5
SV07021,H020,D058,2025-01-10,Corrective Maintenance,Calibration Issue,Low,2.2,1,Under Warranty,14571.04,Resolved,4
SV07022,H045,D032,2025-07-30,Corrective Maintenance,Image Quality,Medium,4.6,2,Out of Warranty,12899.46,Resolved,4
SV07023,H017,D034,2025-11-12,Corrective Maintenance,Power Failure,Medium,15.2,3,Under Warranty,9744.91,Resolved,4
SV07024,H014,D044,2024-03-09,Corrective Maintenance,Image Quality,Medium,11.4,3,Under Warranty,9940.6,Resolved,5
SV07025,H076,D014,2025-05-05,Corrective Maintenance,Software Error,Medium,9.1,1,Under Warranty,13863.67,Resolved,5
SV07026,H044,D042,2025-01-27,Corrective Maintenance,Preventive Maintenance,High,8.8,1,Out of Warranty,16235.06,Resolved,4
SV07027,H065,D020,2025-01-07,Installation,Software Error,High,18.3,2,Under Warranty,5315.08,Resolved,4
SV07028,H045,D018,2024-08-22,Corrective Maintenance,Connectivity,Low,4.5,5,Out of Warranty,12563.92,Resolved,5
SV07029,H096,D007,2024-06-08,Corrective Maintenance,Sensor/Probe Issue,Medium,2.9,5,Under Warranty,15744.18,Resolved,4
SV07030,H016,D022,2025-05-18,Corrective Maintenance,Calibration Issue,Medium,3.7,2,Under Warranty,14004.33,Resolved,4
SV07031,H008,D027,2024-06-13,Installation,Preventive Maintenance,Medium,3.9,1,Under Warranty,12332.71,Resolved,5
SV07032,H037,D003,2026-06-30,Corrective Maintenance,Preventive Maintenance,Medium,9.9,3,Under Warranty,14555.01,Resolved,4
SV07033,H094,D048,2025-07-10,Corrective Maintenance,Display Issue,Medium,21.1,3,Under Warranty,17051.05,Resolved,4
SV07034,H039,D007,2024-05-06,Corrective Maintenance,Image Quality,Medium,5.6,3,Out of Warranty,32394.99,Resolved,4
SV07035,H028,D026,2026-07-15,Preventive Maintenance,Calibration Issue,High,10.5,7,Under Warranty,5639.9,Resolved,4
SV07036,H070,D037,2026-01-11,Preventive Maintenance,Preventive Maintenance,Medium,2.8,1,Under Warranty,4896.02,Resolved,5
SV07037,H035,D034,2025-08-07,Preventive Maintenance,Mechanical Issue,Medium,13.2,3,Under Warranty,8046.26,Resolved,4
SV07038,H038,D011,2024-11-07,Corrective Maintenance,Battery Issue,Low,6.0,1,Out of Warranty,35601.19,Resolved,5
SV07039,H078,D009,2025-10-08,Corrective Maintenance,Sensor/Probe Issue,High,14.8,3,Under Warranty,7257.66,Resolved,5
SV07040,H066,D051,2025-08-08,Preventive Maintenance,Image Quality,Low,1.9,3,Under Warranty,5379.55,Resolved,5
SV07041,H019,D039,2026-04-03,Preventive Maintenance,Mechanical Issue,Medium,14.0,1,Out of Warranty,10204.79,Resolved,4
SV07042,H033,D008,2025-01-13,Preventive Maintenance,Image Quality,High,36.4,4,Under Warranty,7084.07,Resolved,3
SV07043,H091,D038,2025-12-15,Corrective Maintenance,Mechanical Issue,Medium,2.7,1,Under Warranty,9836.7,Resolved,4
SV07044,H003,D036,2025-03-25,Corrective Maintenance,Calibration Issue,Medium,9.1,2,Under Warranty,9136.86,Resolved,5
SV07045,H023,D033,2024-05-24,Preventive Maintenance,Software Error,High,17.2,6,Under Warranty,4444.81,Resolved,3
SV07046,H059,D046,2024-10-13,Corrective Maintenance,Power Failure,Low,10.6,1,Out of Warranty,16402.08,Resolved,5
SV07047,H044,D042,2024-09-03,Preventive Maintenance,Software Error,Medium,12.2,6,Under Warranty,3288.31,Resolved,4
SV07048,H023,D051,2024-12-29,Preventive Maintenance,Preventive Maintenance,Medium,14.0,2,Under Warranty,6753.18,Resolved,4
SV07049,H076,D059,2025-07-22,Preventive Maintenance,Image Quality,Medium,10.6,4,Out of Warranty,4728.16,Resolved,4
SV07050,H005,D014,2025-12-11,Preventive Maintenance,Software Error,Medium,2.6,2,Under Warranty,7070.61,Resolved,4
SV07051,H069,D056,2024-05-22,Preventive Maintenance,Display Issue,Medium,4.8,1,Out of Warranty,11559.1,Resolved,4
SV07052,H058,D020,2026-04-01,Corrective Maintenance,Sensor/Probe Issue,Low,7.4,2,Out of Warranty,14941.03,Resolved,4
SV07053,H097,D004,2024-02-03,Preventive Maintenance,Connectivity,Medium,12.2,3,Under Warranty,3833.03,Resolved,4
SV07054,H008,D054,2024-09-26,Corrective Maintenance,Image Quality,Medium,8.3,3,Under Warranty,12189.13,Resolved,5
SV07055,H005,D047,2026-04-14,Corrective Maintenance,Battery Issue,Medium,1.1,2,Under Warranty,20743.86,Resolved,5
SV07056,H017,D045,2024-01-02,Preventive Maintenance,Connectivity,Medium,18.1,4,Under Warranty,4660.99,Resolved,4
SV07057,H024,D060,2025-01-01,Corrective Maintenance,Mechanical Issue,High,10.9,3,Under Warranty,9840.24,Resolved,4
SV07058,H051,D046,2026-08-22,Corrective Maintenance,Sensor/Probe Issue,Medium,3.3,6,Under Warranty,16535.58,Resolved,4
SV07059,H011,D057,2025-07-13,Corrective Maintenance,Image Quality,Medium,3.0,3,Under Warranty,17929.51,Resolved,5
SV07060,H085,D035,2025-09-10,Corrective Maintenance,Battery Issue,Medium,14.3,2,Out of Warranty,17046.22,Resolved,5
SV07061,H002,D025,2024-03-03,Preventive Maintenance,Software Error,Medium,5.2,5,Out of Warranty,8195.77,Resolved,4
SV07062,H022,D008,2026-04-19,Corrective Maintenance,Battery Issue,High,9.1,2,Out of Warranty,11945.15,Resolved,4
SV07063,H099,D024,2024-08-09,Corrective Maintenance,Preventive Maintenance,Medium,5.5,6,Under Warranty,20232.05,Resolved,3
SV07064,H046,D027,2024-04-23,Preventive Maintenance,Display Issue,Medium,15.9,4,Out of Warranty,6060.55,Resolved,4
SV07065,H041,D028,2024-06-03,Installation,Power Failure,Medium,5.4,3,Out of Warranty,13674.92,Resolved,4
SV07066,H002,D020,2026-05-06,Corrective Maintenance,Software Error,High,6.3,2,Under Warranty,5044.23,Resolved,5
SV07067,H063,D015,2024-05-02,Corrective Maintenance,Power Failure,Medium,20.9,1,Out of Warranty,31342.92,Resolved,5
SV07068,H032,D009,2026-05-11,Corrective Maintenance,Image Quality,Medium,3.4,2,Under Warranty,20973.66,Resolved,5
SV07069,H008,D045,2026-09-27,Corrective Maintenance,Power Failure,Low,6.8,3,Out of Warranty,29413.32,Pending,4
SV07070,H021,D003,2024-08-31,Corrective Maintenance,Battery Issue,Critical,39.6,5,Out of Warranty,9606.09,Resolved,3
SV07071,H079,D030,2026-01-21,Corrective Maintenance,Image Quality,Low,3.0,1,Under Warranty,18261.57,Resolved,5
SV07072,H022,D034,2025-08-11,Corrective Maintenance,Preventive Maintenance,Medium,10.4,2,Under Warranty,13776.58,Resolved,4
SV07073,H025,D060,2025-10-01,Corrective Maintenance,Sensor/Probe Issue,Low,3.2,2,Under Warranty,6175.65,Resolved,5
SV07074,H009,D017,2025-05-23,Preventive Maintenance,Software Error,Medium,4.1,1,Out of Warranty,10444.62,Resolved,5
SV07075,H042,D058,2025-10-03,Preventive Maintenance,Display Issue,Critical,4.1,8,Under Warranty,7144.57,Resolved,4
SV07076,H081,D039,2024-05-18,Preventive Maintenance,Software Error,Medium,6.5,5,Out of Warranty,5103.39,Resolved,5
SV07077,H021,D007,2026-07-09,Preventive Maintenance,Power Failure,Critical,19.5,4,Under Warranty,4209.01,Resolved,4
SV07078,H059,D008,2025-01-03,Preventive Maintenance,Software Error,High,6.5,5,Out of Warranty,6904.53,Resolved,4
SV07079,H052,D034,2025-02-06,Corrective Maintenance,Software Error,High,29.0,5,Under Warranty,5137.17,Resolved,4
SV07080,H100,D032,2025-04-11,Preventive Maintenance,Preventive Maintenance,Low,2.4,3,Out of Warranty,8093.75,Resolved,4
SV07081,H095,D052,2024-01-24,Preventive Maintenance,Preventive Maintenance,Low,4.9,2,Out of Warranty,10626.7,Resolved,5
SV07082,H060,D044,2026-06-10,Preventive Maintenance,Sensor/Probe Issue,High,12.3,4,Out of Warranty,7019.04,Resolved,5
SV07083,H039,D021,2024-10-12,Corrective Maintenance,Connectivity,High,6.4,6,Under Warranty,8777.12,Resolved,4
SV07084,H006,D051,2025-04-18,Preventive Maintenance,Image Quality,Medium,3.1,1,Under Warranty,7193.85,Resolved,4
SV07085,H025,D050,2026-05-08,Corrective Maintenance,Display Issue,Low,5.7,3,Out of Warranty,17732.66,Resolved,4
SV07086,H047,D001,2025-02-03,Corrective Maintenance,Sensor/Probe Issue,Low,13.8,2,Under Warranty,7966.74,Resolved,4
SV07087,H082,D022,2025-04-01,Preventive Maintenance,Connectivity,Medium,4.4,4,Under Warranty,5834.6,Resolved,4
SV07088,H062,D041,2025-11-23,Installation,Image Quality,Medium,8.3,1,Out of Warranty,9726.07,Resolved,5
SV07089,H004,D050,2025-02-04,Corrective Maintenance,Sensor/Probe Issue,Medium,2.6,3,Out of Warranty,31541.85,Pending,5
SV07090,H002,D043,2024-10-15,Installation,Sensor/Probe Issue,Medium,1.3,4,Under Warranty,9195.86,Resolved,4
SV07091,H086,D023,2024-01-03,Corrective Maintenance,Preventive Maintenance,Medium,2.1,1,Out of Warranty,10378.22,Resolved,5
SV07092,H003,D030,2026-01-11,Corrective Maintenance,Calibration Issue,Medium,9.7,6,Out of Warranty,38187.49,Pending,5
SV07093,H099,D001,2025-12-10,Installation,Image Quality,Medium,12.3,2,Out of Warranty,7617.6,Resolved,4
SV07094,H009,D059,2024-01-23,Preventive Maintenance,Power Failure,Medium,14.9,1,Under Warranty,3516.16,Resolved,4
SV07095,H044,D001,2025-06-19,Preventive Maintenance,Connectivity,Medium,15.8,3,Under Warranty,2582.9,Resolved,4
SV07096,H098,D034,2026-01-02,Corrective Maintenance,Calibration Issue,Medium,9.8,3,Under Warranty,19488.57,Resolved,4
SV07097,H099,D043,2026-07-18,Corrective Maintenance,Sensor/Probe Issue,High,3.6,2,Under Warranty,7360.88,Resolved,5
SV07098,H074,D030,2025-07-31,Corrective Maintenance,Sensor/Probe Issue,High,13.4,4,Under Warranty,19662.84,Resolved,4
SV07099,H046,D016,2024-09-02,Installation,Battery Issue,Low,3.6,2,Out of Warranty,25705.89,Resolved,4
SV07100,H060,D032,2025-06-21,Corrective Maintenance,Connectivity,Medium,3.1,3,Under Warranty,19477.29,Resolved,5
SV07101,H042,D030,2024-05-03,Corrective Maintenance,Calibration Issue,Medium,3.4,1,Out of Warranty,21588.39,Resolved,4
SV07102,H084,D031,2026-05-02,Preventive Maintenance,Mechanical Issue,Medium,1.2,3,Out of Warranty,14843.61,Resolved,4
SV07103,H049,D054,2026-06-03,Corrective Maintenance,Software Error,Medium,5.0,7,Under Warranty,5320.7,Resolved,3
SV07104,H012,D030,2024-01-31,Corrective Maintenance,Power Failure,Medium,12.3,1,Out of Warranty,21048.18,Resolved,4
SV07105,H031,D003,2026-01-04,Corrective Maintenance,Mechanical Issue,High,10.7,3,Out of Warranty,26140.62,Resolved,5
SV07106,H093,D005,2025-11-13,Preventive Maintenance,Software Error,Medium,2.0,2,Out of Warranty,10238.56,Resolved,5
SV07107,H079,D058,2026-04-09,Corrective Maintenance,Calibration Issue,High,31.2,6,Under Warranty,13308.33,Resolved,3
SV07108,H023,D060,2026-07-04,Preventive Maintenance,Software Error,Medium,18.7,2,Out of Warranty,10054.78,Resolved,4
SV07109,H050,D008,2026-02-11,Corrective Maintenance,Calibration Issue,Medium,5.4,1,Under Warranty,20864.9,Resolved,5
SV07110,H042,D053,2026-03-22,Installation,Software Error,Medium,5.9,4,Under Warranty,3491.49,Resolved,4
SV07111,H054,D043,2024-04-14,Preventive Maintenance,Battery Issue,Low,5.0,1,Out of Warranty,10156.29,Resolved,5
SV07112,H052,D009,2026-03-11,Installation,Preventive Maintenance,Medium,8.8,4,Out of Warranty,23612.94,Resolved,5
SV07113,H036,D015,2025-08-15,Corrective Maintenance,Mechanical Issue,High,11.7,3,Under Warranty,7669.45,Resolved,4
SV07114,H045,D050,2025-12-20,Corrective Maintenance,Display Issue,Medium,16.6,3,Under Warranty,8240.8,Resolved,4
SV07115,H069,D048,2024-01-29,Corrective Maintenance,Connectivity,Low,7.2,4,Out of Warranty,23687.53,Resolved,5
SV07116,H086,D003,2025-08-16,Preventive Maintenance,Power Failure,Medium,26.6,2,Out of Warranty,5850.86,Resolved,4
SV07117,H029,D027,2026-08-06,Corrective Maintenance,Image Quality,Medium,4.9,1,Out of Warranty,32192.85,Resolved,4
SV07118,H039,D013,2025-02-14,Installation,Connectivity,Medium,5.9,2,Out of Warranty,7509.4,Resolved,4
SV07119,H097,D030,2025-03-16,Preventive Maintenance,Power Failure,Low,3.1,3,Out of Warranty,9648.71,Resolved,4
SV07120,H056,D013,2024-10-18,Corrective Maintenance,Software Error,Medium,10.6,2,Under Warranty,17544.5,Resolved,4
SV07121,H066,D003,2025-04-06,Corrective Maintenance,Power Failure,High,5.2,6,Under Warranty,17284.09,Resolved,4
SV07122,H079,D055,2024-11-25,Preventive Maintenance,Calibration Issue,Medium,10.6,6,Under Warranty,2116.14,Resolved,4
SV07123,H091,D056,2025-01-05,Preventive Maintenance,Power Failure,Critical,25.1,7,Under Warranty,2985.06,Resolved,3
SV07124,H090,D025,2024-07-15,Corrective Maintenance,Power Failure,Low,5.3,1,Out of Warranty,33045.75,Resolved,5
SV07125,H060,D004,2024-10-12,Preventive Maintenance,Calibration Issue,High,8.4,5,Under Warranty,5955.81,Resolved,4
SV07126,H007,D024,2025-04-18,Corrective Maintenance,Sensor/Probe Issue,Medium,11.1,5,Under Warranty,7482.85,Resolved,4
SV07127,H036,D006,2024-04-13,Preventive Maintenance,Power Failure,Medium,8.2,4,Under Warranty,8450.2,Resolved,4
SV07128,H075,D026,2025-02-25,Corrective Maintenance,Image Quality,Critical,3.1,15,Under Warranty,18427.3,Resolved,3
SV07129,H099,D022,2024-12-25,Corrective Maintenance,Image Quality,Low,6.2,2,Out of Warranty,27829.6,Pending,4
SV07130,H048,D001,2026-03-11,Preventive Maintenance,Connectivity,Medium,7.0,2,Under Warranty,8354.6,Resolved,4
SV07131,H010,D038,2026-03-22,Corrective Maintenance,Calibration Issue,High,8.7,2,Under Warranty,6590.05,Resolved,5
SV07132,H029,D027,2024-06-04,Corrective Maintenance,Power Failure,High,17.9,1,Under Warranty,12260.83,Resolved,4
SV07133,H041,D050,2025-10-30,Installation,Calibration Issue,High,11.8,2,Under Warranty,4320.33,Resolved,5
SV07134,H050,D048,2025-06-04,Installation,Image Quality,Critical,12.6,5,Out of Warranty,24284.04,Resolved,4
SV07135,H057,D048,2024-10-06,Corrective Maintenance,Preventive Maintenance,Medium,8.3,11,Under Warranty,5098.31,Resolved,3
SV07136,H070,D017,2026-02-13,Preventive Maintenance,Connectivity,High,3.6,3,Out of Warranty,15036.63,Resolved,4
SV07137,H070,D039,2025-09-03,Preventive Maintenance,Sensor/Probe Issue,Medium,3.9,1,Out of Warranty,12278.31,Resolved,5
SV07138,H055,D036,2026-05-22,Corrective Maintenance,Power Failure,Medium,9.3,4,Under Warranty,14975.95,Resolved,4
SV07139,H013,D003,2026-09-13,Corrective Maintenance,Image Quality,High,28.6,9,Under Warranty,12154.37,Resolved,4
SV07140,H093,D034,2025-02-18,Corrective Maintenance,Calibration Issue,High,6.1,5,Out of Warranty,13524.35,Resolved,4
SV07141,H088,D013,2024-12-19,Preventive Maintenance,Mechanical Issue,Critical,17.3,9,Out of Warranty,10780.45,Resolved,4
SV07142,H011,D024,2024-08-28,Installation,Image Quality,Medium,2.2,9,Under Warranty,12974.66,Resolved,4
SV07143,H082,D045,2024-03-19,Corrective Maintenance,Sensor/Probe Issue,Medium,13.3,1,Under Warranty,8452.4,Resolved,4
SV07144,H080,D017,2026-02-21,Corrective Maintenance,Preventive Maintenance,Medium,1.1,2,Under Warranty,11970.1,Resolved,5
SV07145,H095,D010,2025-05-03,Corrective Maintenance,Software Error,High,10.6,5,Out of Warranty,34851.78,Resolved,4
SV07146,H080,D029,2024-03-02,Corrective Maintenance,Display Issue,Medium,11.1,2,Out of Warranty,19156.7,Resolved,4
SV07147,H026,D049,2024-08-03,Preventive Maintenance,Calibration Issue,Medium,2.0,1,Out of Warranty,11274.2,Resolved,4
SV07148,H038,D003,2026-02-27,Corrective Maintenance,Calibration Issue,Medium,6.0,5,Under Warranty,16632.53,Resolved,5
SV07149,H056,D028,2025-04-20,Corrective Maintenance,Calibration Issue,Medium,3.1,2,Under Warranty,12800.38,Resolved,4
SV07150,H008,D015,2025-08-08,Preventive Maintenance,Image Quality,High,0.5,2,Out of Warranty,13552.68,Pending,4
SV07151,H025,D043,2025-01-05,Corrective Maintenance,Mechanical Issue,Medium,15.9,3,Under Warranty,18015.31,Resolved,4
SV07152,H093,D011,2026-08-13,Corrective Maintenance,Software Error,Medium,6.6,3,Under Warranty,15391.38,Resolved,4
SV07153,H081,D005,2026-03-16,Preventive Maintenance,Power Failure,High,38.9,7,Under Warranty,2373.18,Resolved,4
SV07154,H063,D048,2026-01-29,Corrective Maintenance,Preventive Maintenance,Medium,4.2,3,Out of Warranty,32689.77,Resolved,4
SV07155,H028,D051,2025-04-15,Corrective Maintenance,Battery Issue,Medium,10.4,2,Under Warranty,17978.76,Resolved,5
SV07156,H006,D047,2024-08-24,Preventive Maintenance,Software Error,High,5.4,2,Out of Warranty,4605.94,Resolved,4
SV07157,H071,D030,2025-03-29,Corrective Maintenance,Power Failure,High,3.4,3,Out of Warranty,14643.9,Pending,5
SV07158,H041,D046,2024-12-14,Corrective Maintenance,Sensor/Probe Issue,High,25.5,4,Under Warranty,18556.22,Resolved,5
SV07159,H001,D012,2024-10-02,Corrective Maintenance,Display Issue,Medium,8.2,8,Under Warranty,13627.59,Resolved,5
SV07160,H041,D003,2024-12-10,Preventive Maintenance,Display Issue,Medium,7.6,2,Out of Warranty,9317.79,Resolved,4
SV07161,H097,D044,2026-08-21,Corrective Maintenance,Software Error,Low,3.9,1,Out of Warranty,30806.05,Resolved,5
SV07162,H006,D011,2026-05-30,Corrective Maintenance,Battery Issue,Medium,6.8,2,Under Warranty,5661.26,Resolved,4
SV07163,H006,D050,2024-05-12,Corrective Maintenance,Power Failure,Medium,11.8,5,Under Warranty,19059.86,Resolved,4
SV07164,H097,D034,2026-06-08,Corrective Maintenance,Software Error,High,4.0,4,Under Warranty,20159.37,Resolved,4
SV07165,H083,D028,2026-02-27,Preventive Maintenance,Image Quality,High,5.9,4,Under Warranty,7864.76,Resolved,4
SV07166,H029,D054,2025-05-01,Corrective Maintenance,Sensor/Probe Issue,High,7.5,2,Out of Warranty,37598.68,Resolved,5
SV07167,H093,D055,2025-10-31,Preventive Maintenance,Software Error,Medium,5.6,1,Out of Warranty,8582.03,Resolved,5
SV07168,H012,D007,2025-12-22,Corrective Maintenance,Sensor/Probe Issue,Low,3.6,1,Under Warranty,10516.83,Resolved,4
SV07169,H061,D044,2024-01-30,Corrective Maintenance,Display Issue,High,17.5,4,Under Warranty,6494.8,Resolved,4
SV07170,H091,D018,2025-04-18,Corrective Maintenance,Power Failure,Critical,10.2,8,Under Warranty,5869.88,Resolved,3
SV07171,H073,D018,2025-06-01,Corrective Maintenance,Mechanical Issue,Low,12.3,3,Under Warranty,10740.95,Resolved,4
SV07172,H061,D049,2025-02-10,Corrective Maintenance,Image Quality,Medium,8.0,2,Under Warranty,17270.57,Resolved,4
SV07173,H011,D037,2025-03-07,Corrective Maintenance,Image Quality,Medium,2.8,2,Out of Warranty,12838.15,Resolved,4
SV07174,H043,D033,2026-09-23,Preventive Maintenance,Sensor/Probe Issue,High,5.3,2,Out of Warranty,6460.45,Resolved,5
SV07175,H047,D051,2025-01-17,Preventive Maintenance,Calibration Issue,High,16.9,4,Out of Warranty,8757.91,Resolved,3
SV07176,H049,D028,2024-10-05,Preventive Maintenance,Display Issue,Medium,7.4,2,Out of Warranty,9206.49,Pending,4
SV07177,H031,D002,2024-08-03,Preventive Maintenance,Image Quality,Medium,14.0,2,Under Warranty,3242.2,Resolved,4
SV07178,H003,D007,2026-04-28,Corrective Maintenance,Preventive Maintenance,Medium,17.0,1,Under Warranty,17518.87,Resolved,5
SV07179,H068,D001,2024-03-17,Preventive Maintenance,Connectivity,Critical,26.8,10,Under Warranty,6040.72,Resolved,3
SV07180,H037,D026,2024-11-09,Preventive Maintenance,Battery Issue,Medium,1.7,4,Out of Warranty,14760.69,Resolved,4
SV07181,H032,D036,2024-02-01,Preventive Maintenance,Power Failure,Low,11.2,1,Under Warranty,8249.97,Resolved,5
SV07182,H049,D032,2024-12-08,Installation,Power Failure,Low,3.6,1,Out of Warranty,14396.52,Resolved,4
SV07183,H041,D036,2024-02-15,Corrective Maintenance,Image Quality,Medium,1.6,2,Out of Warranty,30161.37,Resolved,5
SV07184,H093,D004,2025-11-01,Corrective Maintenance,Image Quality,Medium,10.9,2,Under Warranty,20934.17,Pending,5
SV07185,H067,D030,2026-08-22,Preventive Maintenance,Mechanical Issue,Medium,3.1,1,Out of Warranty,15596.68,Resolved,5
SV07186,H069,D003,2025-02-26,Corrective Maintenance,Image Quality,Medium,13.6,2,Under Warranty,14718.51,Resolved,4
SV07187,H051,D009,2025-07-12,Corrective Maintenance,Image Quality,Medium,1.5,2,Under Warranty,13319.79,Resolved,5
SV07188,H033,D042,2025-06-04,Corrective Maintenance,Image Quality,High,4.1,5,Under Warranty,13456.79,Resolved,5
SV07189,H008,D031,2025-11-30,Corrective Maintenance,Battery Issue,Low,6.3,1,Under Warranty,16544.45,Resolved,5
SV07190,H015,D039,2025-05-30,Corrective Maintenance,Sensor/Probe Issue,Critical,17.8,5,Out of Warranty,32108.68,Resolved,4
SV07191,H004,D012,2025-02-13,Preventive Maintenance,Display Issue,Medium,5.9,3,Out of Warranty,9885.69,Resolved,5
SV07192,H064,D034,2025-12-23,Corrective Maintenance,Mechanical Issue,Low,6.1,5,Under Warranty,11691.55,Pending,4
SV07193,H069,D035,2026-05-11,Corrective Maintenance,Mechanical Issue,Low,5.4,4,Under Warranty,18250.19,Resolved,4
SV07194,H016,D022,2025-06-27,Corrective Maintenance,Preventive Maintenance,Low,9.6,4,Out of Warranty,11582.08,Resolved,4
SV07195,H045,D016,2024-04-18,Corrective Maintenance,Preventive Maintenance,Medium,13.1,2,Under Warranty,10625.9,Resolved,5
SV07196,H007,D025,2025-08-05,Corrective Maintenance,Battery Issue,Medium,10.6,2,Out of Warranty,14889.41,Resolved,4
SV07197,H057,D024,2026-01-17,Corrective Maintenance,Display Issue,High,8.7,1,Out of Warranty,15242.6,Resolved,4
SV07198,H010,D050,2026-05-25,Corrective Maintenance,Image Quality,High,16.7,5,Out of Warranty,21252.3,Resolved,3
SV07199,H037,D014,2025-11-13,Installation,Power Failure,Medium,4.6,4,Under Warranty,7431.36,Resolved,4
SV07200,H084,D028,2024-04-28,Corrective Maintenance,Battery Issue,Medium,3.7,3,Out of Warranty,33983.71,Resolved,4
SV07201,H038,D028,2026-05-10,Preventive Maintenance,Power Failure,Medium,4.1,5,Under Warranty,5099.1,Resolved,4
SV07202,H006,D006,2024-09-28,Installation,Image Quality,Medium,7.8,2,Under Warranty,13949.43,Resolved,4
SV07203,H045,D013,2025-06-19,Preventive Maintenance,Battery Issue,High,18.3,6,Under Warranty,3599.17,Resolved,5
SV07204,H088,D007,2026-04-12,Preventive Maintenance,Software Error,Low,5.4,2,Under Warranty,8003.15,Resolved,3
SV07205,H092,D008,2025-06-24,Corrective Maintenance,Sensor/Probe Issue,Medium,5.0,3,Out of Warranty,11856.69,Resolved,4
SV07206,H077,D024,2025-08-09,Corrective Maintenance,Mechanical Issue,High,16.4,4,Under Warranty,13978.29,Resolved,4
SV07207,H027,D029,2026-05-08,Corrective Maintenance,Software Error,Critical,2.9,12,Under Warranty,14049.54,Resolved,3
SV07208,H054,D046,2026-03-30,Corrective Maintenance,Display Issue,Medium,12.4,3,Under Warranty,12073.83,Resolved,4
SV07209,H037,D039,2025-08-06,Preventive Maintenance,Sensor/Probe Issue,Critical,9.8,6,Under Warranty,7175.94,Resolved,4
SV07210,H056,D044,2026-06-26,Preventive Maintenance,Image Quality,High,3.5,3,Out of Warranty,8786.02,Resolved,5
SV07211,H071,D038,2026-08-12,Corrective Maintenance,Connectivity,High,8.4,8,Under Warranty,14026.93,Resolved,4
SV07212,H088,D052,2026-07-20,Corrective Maintenance,Calibration Issue,High,10.7,2,Out of Warranty,36404.21,Resolved,4
SV07213,H094,D037,2025-10-01,Preventive Maintenance,Sensor/Probe Issue,High,19.0,3,Under Warranty,4133.42,Resolved,4
SV07214,H014,D022,2026-06-24,Corrective Maintenance,Connectivity,Medium,1.8,4,Under Warranty,16502.0,Resolved,4
SV07215,H065,D030,2025-09-03,Installation,Sensor/Probe Issue,Medium,15.9,4,Out of Warranty,8981.44,Resolved,4
SV07216,H017,D017,2025-06-11,Corrective Maintenance,Software Error,High,8.1,3,Out of Warranty,28938.85,Resolved,4
SV07217,H022,D038,2025-04-20,Corrective Maintenance,Sensor/Probe Issue,Medium,2.1,4,Under Warranty,12614.6,Resolved,5
SV07218,H068,D037,2026-08-20,Corrective Maintenance,Power Failure,High,9.2,1,Under Warranty,17606.9,Resolved,5
SV07219,H050,D005,2026-01-09,Corrective Maintenance,Power Failure,Medium,1.2,1,Under Warranty,8224.16,Resolved,4
SV07220,H058,D014,2025-10-06,Preventive Maintenance,Sensor/Probe Issue,High,1.4,3,Under Warranty,4250.77,Resolved,5
SV07221,H064,D017,2026-02-26,Preventive Maintenance,Connectivity,High,5.4,5,Under Warranty,3586.74,Resolved,4
SV07222,H041,D059,2026-08-20,Preventive Maintenance,Preventive Maintenance,Low,3.9,2,Out of Warranty,9004.71,Resolved,5
SV07223,H029,D016,2024-07-14,Corrective Maintenance,Image Quality,Low,12.9,2,Out of Warranty,23024.9,Resolved,4
SV07224,H075,D035,2026-03-04,Corrective Maintenance,Mechanical Issue,Low,5.8,1,Under Warranty,6323.49,Resolved,4
SV07225,H004,D044,2025-08-31,Preventive Maintenance,Power Failure,High,3.8,5,Under Warranty,8286.66,Resolved,5
SV07226,H051,D048,2025-04-29,Preventive Maintenance,Battery Issue,High,26.8,4,Out of Warranty,13839.23,Resolved,4
SV07227,H038,D049,2024-05-07,Corrective Maintenance,Image Quality,Medium,9.6,4,Out of Warranty,14382.18,Resolved,4
SV07228,H031,D015,2025-06-03,Preventive Maintenance,Sensor/Probe Issue,High,15.5,3,Out of Warranty,6912.6,Resolved,4
SV07229,H058,D039,2025-05-04,Corrective Maintenance,Image Quality,Medium,12.6,1,Under Warranty,15418.48,Resolved,5
SV07230,H037,D047,2025-08-11,Installation,Connectivity,High,14.6,4,Out of Warranty,22013.58,Resolved,4
SV07231,H004,D009,2024-06-12,Preventive Maintenance,Image Quality,Low,5.3,2,Under Warranty,2156.24,Resolved,4
SV07232,H019,D021,2026-06-01,Preventive Maintenance,Software Error,High,14.9,7,Under Warranty,4594.35,Resolved,3
SV07233,H085,D047,2025-04-13,Corrective Maintenance,Software Error,Critical,60.8,10,Out of Warranty,28008.72,Resolved,2
SV07234,H069,D047,2025-04-03,Installation,Software Error,High,9.2,5,Under Warranty,10815.97,Resolved,5
SV07235,H099,D015,2026-07-03,Corrective Maintenance,Calibration Issue,Medium,6.8,2,Under Warranty,11786.96,Resolved,5
SV07236,H064,D043,2024-05-11,Corrective Maintenance,Calibration Issue,Medium,3.4,2,Under Warranty,15391.66,Pending,4
SV07237,H034,D005,2026-01-09,Corrective Maintenance,Power Failure,Low,7.0,1,Out of Warranty,28082.31,Resolved,4
SV07238,H059,D036,2025-04-05,Corrective Maintenance,Display Issue,Medium,2.8,6,Under Warranty,9860.76,Resolved,5
SV07239,H070,D046,2026-04-01,Corrective Maintenance,Image Quality,Medium,8.2,6,Out of Warranty,29034.48,Pending,4
SV07240,H082,D047,2025-08-15,Corrective Maintenance,Software Error,Medium,24.0,2,Under Warranty,18571.24,Resolved,3
SV07241,H098,D022,2024-08-28,Corrective Maintenance,Software Error,Critical,2.4,10,Out of Warranty,25946.09,Resolved,4
SV07242,H060,D030,2024-11-24,Installation,Display Issue,High,27.8,3,Under Warranty,10968.89,Resolved,4
SV07243,H087,D009,2025-08-22,Corrective Maintenance,Image Quality,Low,13.0,2,Under Warranty,6951.52,Resolved,4
SV07244,H001,D036,2024-04-30,Installation,Calibration Issue,High,9.9,1,Out of Warranty,8583.91,Resolved,4
SV07245,H006,D057,2024-12-09,Preventive Maintenance,Display Issue,Critical,14.3,5,Out of Warranty,10038.45,Resolved,4
SV07246,H051,D045,2025-02-19,Installation,Mechanical Issue,Medium,28.1,2,Under Warranty,13924.62,Resolved,4
SV07247,H050,D018,2024-08-24,Preventive Maintenance,Image Quality,High,13.5,2,Under Warranty,7257.07,Resolved,5
SV07248,H040,D039,2026-04-23,Preventive Maintenance,Calibration Issue,High,12.5,2,Under Warranty,5033.19,Resolved,4
SV07249,H076,D047,2025-02-22,Corrective Maintenance,Mechanical Issue,Medium,11.8,3,Under Warranty,5404.21,Resolved,4
SV07250,H040,D010,2024-08-14,Installation,Software Error,Medium,15.3,3,Under Warranty,7336.24,Resolved,4
SV07251,H064,D002,2025-07-29,Corrective Maintenance,Display Issue,Low,6.7,2,Out of Warranty,11405.76,Resolved,4
SV07252,H081,D057,2025-08-29,Preventive Maintenance,Calibration Issue,Low,4.9,5,Under Warranty,6923.12,Resolved,4
SV07253,H027,D039,2024-04-09,Corrective Maintenance,Sensor/Probe Issue,High,4.9,5,Under Warranty,14448.35,Resolved,4
SV07254,H062,D027,2024-12-16,Corrective Maintenance,Software Error,High,17.0,1,Out of Warranty,29038.64,Resolved,4
SV07255,H068,D046,2026-09-16,Corrective Maintenance,Battery Issue,Medium,10.9,2,Under Warranty,9894.84,Resolved,4
SV07256,H051,D033,2024-04-16,Preventive Maintenance,Software Error,Critical,19.9,4,Out of Warranty,11555.48,Resolved,4
SV07257,H027,D030,2026-04-29,Installation,Display Issue,Medium,19.1,4,Under Warranty,9538.42,Resolved,4
SV07258,H095,D040,2026-05-30,Corrective Maintenance,Battery Issue,Medium,7.3,2,Under Warranty,13159.26,Resolved,5
SV07259,H094,D049,2025-02-12,Corrective Maintenance,Software Error,Medium,3.7,3,Under Warranty,18534.01,Resolved,4
SV07260,H003,D026,2024-07-07,Corrective Maintenance,Software Error,Medium,11.0,3,Under Warranty,13109.88,Resolved,4
SV07261,H062,D042,2025-12-28,Corrective Maintenance,Preventive Maintenance,High,26.5,5,Under Warranty,13598.85,Resolved,4
SV07262,H078,D028,2026-05-06,Preventive Maintenance,Calibration Issue,High,6.0,6,Under Warranty,5267.48,Resolved,4
SV07263,H018,D055,2024-03-15,Preventive Maintenance,Sensor/Probe Issue,Medium,5.3,3,Out of Warranty,9835.32,Resolved,4
SV07264,H031,D056,2024-07-18,Corrective Maintenance,Power Failure,High,6.2,1,Out of Warranty,13347.0,Resolved,4
SV07265,H076,D041,2024-04-25,Corrective Maintenance,Image Quality,High,23.1,2,Out of Warranty,15750.14,Resolved,4
SV07266,H098,D022,2024-01-30,Preventive Maintenance,Image Quality,Critical,10.6,9,Out of Warranty,13944.22,Pending,3
SV07267,H041,D034,2024-08-15,Corrective Maintenance,Image Quality,High,6.1,2,Out of Warranty,35965.37,Resolved,4
SV07268,H082,D014,2024-07-21,Preventive Maintenance,Mechanical Issue,Medium,4.7,2,Out of Warranty,9913.98,Resolved,5
SV07269,H018,D004,2026-08-05,Preventive Maintenance,Preventive Maintenance,Low,5.8,1,Under Warranty,4601.35,Resolved,5
SV07270,H063,D055,2026-03-18,Preventive Maintenance,Mechanical Issue,High,13.5,3,Under Warranty,4784.63,Resolved,3
SV07271,H042,D057,2024-03-11,Preventive Maintenance,Sensor/Probe Issue,Medium,4.0,2,Under Warranty,4849.41,Resolved,5
SV07272,H049,D029,2024-07-14,Corrective Maintenance,Sensor/Probe Issue,Critical,20.9,13,Out of Warranty,16197.34,Resolved,4
SV07273,H090,D055,2026-09-20,Preventive Maintenance,Power Failure,Medium,8.2,3,Under Warranty,3093.34,Resolved,5
SV07274,H020,D030,2024-08-06,Installation,Display Issue,Medium,1.3,1,Out of Warranty,24902.16,Resolved,5
SV07275,H012,D025,2026-08-18,Corrective Maintenance,Mechanical Issue,Medium,8.3,2,Out of Warranty,21348.74,Resolved,4
SV07276,H055,D033,2026-08-05,Corrective Maintenance,Software Error,Medium,5.8,6,Out of Warranty,17866.32,Resolved,4
SV07277,H100,D021,2025-01-30,Preventive Maintenance,Calibration Issue,High,30.2,6,Under Warranty,3458.62,Resolved,4
SV07278,H081,D011,2025-12-20,Corrective Maintenance,Image Quality,Critical,24.6,4,Under Warranty,8411.83,Resolved,4
SV07279,H071,D038,2026-01-13,Installation,Image Quality,Critical,21.9,3,Under Warranty,13495.26,Resolved,4
SV07280,H020,D039,2025-10-18,Preventive Maintenance,Software Error,Low,6.7,3,Under Warranty,6668.46,Resolved,4
SV07281,H042,D014,2024-01-25,Corrective Maintenance,Power Failure,Low,2.9,1,Under Warranty,14674.35,Resolved,5
SV07282,H048,D051,2025-10-01,Preventive Maintenance,Display Issue,Low,4.7,1,Under Warranty,4720.71,Resolved,4
SV07283,H079,D045,2026-04-26,Corrective Maintenance,Sensor/Probe Issue,High,8.3,2,Out of Warranty,15865.47,Resolved,4
SV07284,H017,D049,2024-09-24,Preventive Maintenance,Calibration Issue,High,23.5,3,Under Warranty,6747.7,Resolved,4
SV07285,H014,D047,2024-04-06,Corrective Maintenance,Image Quality,Low,7.6,2,Out of Warranty,20825.41,Resolved,5
SV07286,H056,D034,2026-03-30,Preventive Maintenance,Mechanical Issue,Low,3.3,3,Out of Warranty,9079.0,Resolved,4
SV07287,H017,D045,2024-01-06,Corrective Maintenance,Sensor/Probe Issue,Medium,10.5,1,Under Warranty,19666.19,Resolved,5
SV07288,H007,D042,2024-11-03,Corrective Maintenance,Display Issue,High,14.3,5,Under Warranty,6035.2,Resolved,4
SV07289,H044,D002,2024-07-31,Corrective Maintenance,Image Quality,Low,10.2,2,Under Warranty,8973.9,Resolved,5
SV07290,H085,D056,2025-12-23,Preventive Maintenance,Power Failure,High,1.9,7,Out of Warranty,4206.28,Resolved,4
SV07291,H098,D005,2026-05-14,Corrective Maintenance,Software Error,High,10.8,2,Under Warranty,15246.5,Resolved,4
SV07292,H092,D038,2026-08-02,Corrective Maintenance,Software Error,High,31.1,5,Under Warranty,19982.79,Resolved,4
SV07293,H092,D050,2025-01-10,Corrective Maintenance,Calibration Issue,Low,10.6,3,Under Warranty,8001.92,Resolved,4
SV07294,H058,D015,2025-08-29,Preventive Maintenance,Power Failure,Medium,4.0,1,Under Warranty,2160.97,Resolved,4
SV07295,H021,D009,2024-02-27,Preventive Maintenance,Software Error,High,8.1,4,Under Warranty,2865.07,Resolved,5
SV07296,H049,D005,2026-09-13,Corrective Maintenance,Image Quality,Medium,4.1,5,Out of Warranty,38414.31,Resolved,4
SV07297,H039,D038,2024-10-13,Corrective Maintenance,Mechanical Issue,Medium,12.9,4,Out of Warranty,26918.95,Resolved,4
SV07298,H034,D014,2026-06-02,Preventive Maintenance,Image Quality,Low,6.3,1,Under Warranty,4015.32,Resolved,4
SV07299,H077,D044,2025-07-10,Preventive Maintenance,Preventive Maintenance,Medium,3.5,3,Under Warranty,8381.19,Resolved,5
SV07300,H041,D035,2024-04-28,Preventive Maintenance,Image Quality,Medium,13.1,2,Out of Warranty,9156.17,Resolved,4
SV07301,H004,D038,2024-01-19,Preventive Maintenance,Connectivity,High,11.3,1,Out of Warranty,10535.39,Resolved,4
SV07302,H027,D029,2025-08-03,Preventive Maintenance,Sensor/Probe Issue,High,10.8,8,Out of Warranty,10393.09,Resolved,5
SV07303,H075,D048,2025-06-17,Corrective Maintenance,Display Issue,Medium,3.1,5,Out of Warranty,26437.83,Resolved,4
SV07304,H081,D004,2024-05-27,Preventive Maintenance,Sensor/Probe Issue,Critical,2.9,3,Under Warranty,6275.48,Resolved,4
SV07305,H085,D032,2024-04-10,Corrective Maintenance,Display Issue,High,27.5,3,Out of Warranty,10127.84,Resolved,4
SV07306,H070,D024,2026-03-09,Preventive Maintenance,Software Error,Medium,5.4,1,Under Warranty,7462.06,Resolved,4
SV07307,H057,D024,2026-03-07,Preventive Maintenance,Display Issue,Medium,4.1,3,Under Warranty,7555.21,Resolved,5
SV07308,H060,D053,2025-05-11,Corrective Maintenance,Image Quality,Medium,16.2,8,Out of Warranty,14160.78,Resolved,4
SV07309,H010,D009,2025-01-13,Corrective Maintenance,Preventive Maintenance,Medium,14.8,1,Under Warranty,20651.54,Resolved,5
SV07310,H077,D013,2025-05-23,Installation,Calibration Issue,High,22.6,15,Out of Warranty,16257.24,Resolved,3
SV07311,H011,D010,2025-10-13,Corrective Maintenance,Sensor/Probe Issue,Critical,25.1,3,Out of Warranty,18503.42,Resolved,4
SV07312,H085,D052,2025-12-22,Preventive Maintenance,Software Error,Medium,0.7,3,Out of Warranty,13369.94,Resolved,4
SV07313,H051,D008,2024-11-14,Corrective Maintenance,Sensor/Probe Issue,Critical,10.1,14,Under Warranty,20574.08,Resolved,3
SV07314,H016,D006,2025-05-21,Installation,Calibration Issue,Low,2.0,3,Under Warranty,9020.05,Resolved,5
SV07315,H076,D035,2024-04-14,Preventive Maintenance,Display Issue,Medium,8.6,1,Out of Warranty,14611.67,Pending,5
SV07316,H088,D012,2024-02-17,Corrective Maintenance,Image Quality,Medium,4.5,2,Out of Warranty,29798.19,Resolved,4
SV07317,H075,D053,2026-07-07,Corrective Maintenance,Sensor/Probe Issue,Medium,13.7,9,Out of Warranty,11532.49,Resolved,4
SV07318,H061,D015,2024-09-17,Corrective Maintenance,Image Quality,Medium,4.5,2,Under Warranty,16117.15,Resolved,4
SV07319,H055,D005,2025-07-23,Preventive Maintenance,Preventive Maintenance,Low,4.5,1,Out of Warranty,6409.64,Resolved,4
SV07320,H053,D018,2025-09-29,Preventive Maintenance,Sensor/Probe Issue,Low,1.3,1,Under Warranty,8480.72,Resolved,5
SV07321,H062,D013,2025-01-05,Corrective Maintenance,Mechanical Issue,Low,19.8,2,Under Warranty,14108.27,Resolved,4
SV07322,H026,D029,2025-12-25,Preventive Maintenance,Sensor/Probe Issue,Medium,6.7,3,Out of Warranty,9514.3,Resolved,4
SV07323,H025,D041,2026-05-23,Corrective Maintenance,Sensor/Probe Issue,Medium,7.8,1,Out of Warranty,30692.23,Resolved,4
SV07324,H094,D013,2026-01-06,Installation,Mechanical Issue,High,32.0,3,Under Warranty,11329.69,Resolved,3
SV07325,H008,D046,2024-07-11,Corrective Maintenance,Battery Issue,Medium,26.7,1,Under Warranty,19231.41,Resolved,4
SV07326,H048,D045,2025-01-03,Corrective Maintenance,Sensor/Probe Issue,Medium,5.9,1,Under Warranty,6834.96,Resolved,4
SV07327,H002,D058,2025-09-10,Preventive Maintenance,Display Issue,Medium,1.6,3,Under Warranty,6871.92,Resolved,4
SV07328,H021,D055,2024-06-11,Preventive Maintenance,Calibration Issue,Medium,10.0,2,Out of Warranty,11629.3,Resolved,3
SV07329,H083,D006,2024-04-16,Corrective Maintenance,Software Error,Low,8.5,6,Out of Warranty,34121.4,Resolved,3
SV07330,H037,D015,2024-02-07,Preventive Maintenance,Software Error,Medium,13.0,2,Out of Warranty,13401.45,Resolved,5
SV07331,H049,D018,2026-08-30,Corrective Maintenance,Calibration Issue,Medium,12.4,1,Under Warranty,11499.12,Resolved,4
SV07332,H017,D031,2024-11-06,Corrective Maintenance,Power Failure,Medium,3.2,4,Out of Warranty,21427.42,Resolved,5
SV07333,H042,D043,2026-07-11,Corrective Maintenance,Battery Issue,Medium,7.2,2,Out of Warranty,24299.04,Pending,4
SV07334,H075,D018,2025-05-31,Corrective Maintenance,Sensor/Probe Issue,Low,5.7,2,Under Warranty,15824.26,Resolved,5
SV07335,H064,D018,2024-06-23,Corrective Maintenance,Software Error,High,11.1,2,Under Warranty,19728.26,Resolved,4
SV07336,H064,D029,2026-02-04,Corrective Maintenance,Preventive Maintenance,Medium,16.8,6,Under Warranty,15777.29,Resolved,3
SV07337,H085,D057,2024-09-29,Corrective Maintenance,Image Quality,High,19.8,4,Under Warranty,14920.91,Resolved,5
SV07338,H015,D047,2026-06-28,Corrective Maintenance,Power Failure,High,16.7,2,Out of Warranty,23598.02,Resolved,4
SV07339,H038,D041,2025-05-18,Preventive Maintenance,Connectivity,Low,11.7,1,Out of Warranty,5598.07,Resolved,5
SV07340,H078,D004,2026-08-22,Preventive Maintenance,Connectivity,Medium,11.4,2,Under Warranty,3010.91,Resolved,4
SV07341,H053,D009,2024-01-14,Corrective Maintenance,Sensor/Probe Issue,Medium,6.3,4,Out of Warranty,9568.78,Resolved,4
SV07342,H011,D004,2024-07-31,Corrective Maintenance,Software Error,Medium,2.3,2,Out of Warranty,24932.02,Resolved,4
SV07343,H078,D003,2026-07-25,Corrective Maintenance,Mechanical Issue,Low,6.1,2,Out of Warranty,21752.91,Resolved,4
SV07344,H027,D003,2024-09-24,Corrective Maintenance,Preventive Maintenance,Medium,6.1,3,Under Warranty,8429.27,Resolved,5
SV07345,H011,D041,2026-02-08,Corrective Maintenance,Calibration Issue,Medium,14.9,2,Out of Warranty,35926.98,Resolved,4
SV07346,H002,D030,2024-12-31,Preventive Maintenance,Calibration Issue,Critical,17.2,11,Under Warranty,2842.31,Resolved,3
SV07347,H068,D017,2025-12-26,Preventive Maintenance,Mechanical Issue,Low,0.8,2,Out of Warranty,14627.11,Resolved,4
SV07348,H043,D009,2025-08-14,Corrective Maintenance,Display Issue,Low,10.3,3,Out of Warranty,27664.13,Resolved,4
SV07349,H022,D059,2025-10-30,Preventive Maintenance,Software Error,Low,11.3,2,Under Warranty,4077.14,Resolved,4
SV07350,H094,D057,2025-05-18,Preventive Maintenance,Image Quality,Medium,18.8,2,Under Warranty,2606.5,Resolved,4
SV07351,H041,D036,2025-03-09,Corrective Maintenance,Connectivity,High,16.1,1,Out of Warranty,23964.74,Resolved,5
SV07352,H063,D004,2026-05-10,Preventive Maintenance,Display Issue,High,2.3,2,Out of Warranty,8842.41,Pending,4
SV07353,H020,D026,2025-11-13,Preventive Maintenance,Connectivity,Critical,16.6,3,Under Warranty,6154.64,Resolved,4
SV07354,H083,D011,2025-04-01,Corrective Maintenance,Software Error,High,15.2,2,Out of Warranty,20780.14,Resolved,4
SV07355,H045,D049,2024-11-13,Preventive Maintenance,Connectivity,Medium,2.7,4,Under Warranty,6753.63,Resolved,4
SV07356,H069,D035,2026-02-11,Corrective Maintenance,Display Issue,Medium,4.0,2,Under Warranty,14601.07,Resolved,4
SV07357,H029,D014,2026-09-04,Preventive Maintenance,Software Error,Medium,8.8,3,Under Warranty,3420.67,Resolved,4
SV07358,H048,D002,2024-09-11,Installation,Image Quality,Medium,9.4,3,Out of Warranty,23952.08,Resolved,4
SV07359,H042,D026,2026-06-25,Preventive Maintenance,Display Issue,High,66.2,7,Out of Warranty,10723.46,Resolved,4
SV07360,H025,D007,2025-02-27,Installation,Sensor/Probe Issue,Medium,8.7,4,Under Warranty,6164.77,Resolved,4
SV07361,H009,D034,2025-07-13,Preventive Maintenance,Calibration Issue,High,15.0,6,Under Warranty,2793.93,Resolved,3
SV07362,H007,D049,2025-03-21,Preventive Maintenance,Calibration Issue,High,21.5,5,Under Warranty,4751.9,Resolved,5
SV07363,H047,D012,2025-02-01,Installation,Battery Issue,Medium,4.2,4,Out of Warranty,18163.92,Resolved,5
SV07364,H061,D029,2025-07-08,Corrective Maintenance,Sensor/Probe Issue,Medium,4.7,2,Out of Warranty,34779.85,Resolved,4
SV07365,H065,D048,2024-04-06,Corrective Maintenance,Sensor/Probe Issue,High,17.0,7,Out of Warranty,11154.34,Resolved,4
SV07366,H010,D016,2024-08-31,Preventive Maintenance,Battery Issue,Low,8.7,3,Under Warranty,2232.76,Resolved,5
SV07367,H010,D055,2024-02-12,Preventive Maintenance,Image Quality,Low,11.9,1,Under Warranty,6758.46,Resolved,4
SV07368,H072,D023,2026-06-18,Preventive Maintenance,Sensor/Probe Issue,Medium,14.2,2,Under Warranty,5517.09,Resolved,5
SV07369,H083,D027,2026-08-23,Corrective Maintenance,Display Issue,Low,7.2,2,Under Warranty,16799.69,Resolved,5
SV07370,H033,D013,2024-07-25,Corrective Maintenance,Sensor/Probe Issue,High,35.2,8,Under Warranty,12603.25,Resolved,3
SV07371,H061,D010,2024-05-02,Corrective Maintenance,Calibration Issue,Critical,10.7,5,Out of Warranty,13671.93,Resolved,4
SV07372,H091,D058,2025-10-17,Corrective Maintenance,Image Quality,Low,8.8,2,Out of Warranty,16361.77,Resolved,4
SV07373,H005,D033,2025-09-01,Preventive Maintenance,Sensor/Probe Issue,Medium,1.5,4,Under Warranty,3324.7,Resolved,4
SV07374,H010,D024,2024-01-28,Corrective Maintenance,Battery Issue,High,21.1,3,Under Warranty,19838.33,Resolved,4
SV07375,H028,D003,2026-08-01,Preventive Maintenance,Calibration Issue,Low,2.0,6,Under Warranty,4921.23,Resolved,4
SV07376,H020,D034,2026-04-17,Corrective Maintenance,Mechanical Issue,Critical,11.5,10,Under Warranty,5568.26,Resolved,3
SV07377,H096,D028,2025-11-07,Preventive Maintenance,Mechanical Issue,High,4.8,6,Under Warranty,7517.01,Resolved,4
SV07378,H078,D046,2025-10-28,Corrective Maintenance,Power Failure,Medium,4.1,3,Under Warranty,5890.34,Resolved,5
SV07379,H051,D044,2024-05-30,Corrective Maintenance,Preventive Maintenance,High,13.6,3,Under Warranty,19333.57,Resolved,4
SV07380,H011,D025,2024-07-01,Preventive Maintenance,Calibration Issue,Medium,17.2,2,Under Warranty,8225.57,Resolved,5
SV07381,H065,D011,2026-07-26,Preventive Maintenance,Power Failure,Medium,28.9,4,Out of Warranty,8931.1,Resolved,4
SV07382,H040,D037,2026-06-07,Corrective Maintenance,Image Quality,High,5.5,3,Under Warranty,17598.36,Resolved,5
SV07383,H035,D004,2025-07-19,Preventive Maintenance,Mechanical Issue,Medium,4.3,7,Out of Warranty,4231.42,Resolved,4
SV07384,H085,D033,2026-03-01,Corrective Maintenance,Sensor/Probe Issue,High,15.9,2,Out of Warranty,17988.79,Resolved,5
SV07385,H079,D055,2026-05-01,Corrective Maintenance,Power Failure,Medium,2.7,2,Under Warranty,12878.68,Resolved,5
SV07386,H097,D054,2025-11-02,Corrective Maintenance,Mechanical Issue,Medium,1.0,4,Under Warranty,20095.59,Resolved,4
SV07387,H090,D033,2024-10-24,Corrective Maintenance,Software Error,Medium,10.0,3,Under Warranty,14752.42,Resolved,4
SV07388,H036,D026,2024-02-11,Installation,Power Failure,High,10.2,3,Out of Warranty,11005.3,Resolved,4
SV07389,H083,D018,2026-06-29,Preventive Maintenance,Preventive Maintenance,Low,4.1,1,Under Warranty,2921.43,Resolved,4
SV07390,H094,D060,2024-07-06,Preventive Maintenance,Display Issue,High,14.6,5,Out of Warranty,6812.63,Resolved,3
SV07391,H011,D041,2026-07-18,Corrective Maintenance,Software Error,Medium,6.2,4,Out of Warranty,34062.44,Resolved,4
SV07392,H055,D023,2025-01-10,Installation,Preventive Maintenance,Low,4.8,1,Under Warranty,10001.49,Resolved,4
SV07393,H054,D056,2026-07-20,Corrective Maintenance,Sensor/Probe Issue,Medium,7.0,2,Out of Warranty,24316.6,Resolved,5
SV07394,H063,D039,2024-06-14,Corrective Maintenance,Display Issue,Medium,3.9,2,Under Warranty,15524.67,Resolved,5
SV07395,H050,D018,2024-04-20,Corrective Maintenance,Mechanical Issue,High,3.6,3,Under Warranty,16328.81,Resolved,4
SV07396,H067,D055,2026-04-16,Corrective Maintenance,Power Failure,Medium,3.4,2,Out of Warranty,30456.66,Resolved,4
SV07397,H089,D059,2025-05-18,Corrective Maintenance,Display Issue,Low,3.9,1,Under Warranty,10666.09,Resolved,4
SV07398,H050,D039,2026-05-09,Corrective Maintenance,Battery Issue,High,22.5,3,Under Warranty,9178.19,Resolved,4
SV07399,H086,D060,2026-01-17,Corrective Maintenance,Mechanical Issue,Medium,2.6,4,Out of Warranty,38249.07,Resolved,4
SV07400,H053,D008,2024-12-21,Corrective Maintenance,Mechanical Issue,Low,3.6,2,Out of Warranty,20726.59,Resolved,5
SV07401,H057,D029,2025-09-20,Corrective Maintenance,Sensor/Probe Issue,High,45.4,3,Under Warranty,8885.19,Resolved,4
SV07402,H074,D054,2025-08-09,Corrective Maintenance,Software Error,Medium,10.8,2,Out of Warranty,36310.6,Resolved,3
SV07403,H037,D029,2024-08-25,Corrective Maintenance,Preventive Maintenance,Low,8.3,1,Out of Warranty,17269.33,Resolved,5
SV07404,H027,D059,2025-10-07,Preventive Maintenance,Image Quality,High,2.6,10,Under Warranty,7017.78,Resolved,4
SV07405,H044,D027,2025-08-12,Corrective Maintenance,Calibration Issue,Low,3.0,1,Out of Warranty,11229.57,Resolved,5
SV07406,H066,D051,2025-01-17,Corrective Maintenance,Software Error,Critical,21.9,6,Under Warranty,7838.37,Resolved,5
SV07407,H056,D018,2025-04-16,Preventive Maintenance,Sensor/Probe Issue,Medium,1.1,2,Out of Warranty,13334.81,Resolved,5
SV07408,H080,D016,2024-02-17,Corrective Maintenance,Power Failure,Medium,7.3,2,Out of Warranty,15354.92,Resolved,4
SV07409,H022,D052,2026-06-25,Installation,Sensor/Probe Issue,High,13.6,2,Under Warranty,10563.49,Resolved,5
SV07410,H077,D020,2025-07-21,Corrective Maintenance,Battery Issue,Medium,5.9,3,Under Warranty,7084.23,Resolved,4
SV07411,H073,D020,2025-05-17,Preventive Maintenance,Software Error,Low,3.5,1,Under Warranty,5202.41,Resolved,5
SV07412,H048,D053,2024-02-25,Corrective Maintenance,Connectivity,Medium,23.8,1,Out of Warranty,31339.78,Resolved,4
SV07413,H010,D027,2024-03-04,Corrective Maintenance,Software Error,High,3.6,6,Under Warranty,18273.04,Resolved,4
SV07414,H027,D049,2025-04-05,Corrective Maintenance,Display Issue,Medium,4.4,3,Under Warranty,5978.1,Resolved,5
SV07415,H034,D039,2024-07-08,Corrective Maintenance,Power Failure,High,3.9,1,Under Warranty,17987.93,Resolved,4
SV07416,H036,D020,2024-12-20,Corrective Maintenance,Software Error,High,17.7,1,Out of Warranty,36396.75,Resolved,4
SV07417,H046,D019,2024-01-21,Preventive Maintenance,Software Error,Low,12.5,3,Out of Warranty,13979.23,Resolved,4
SV07418,H043,D024,2025-02-18,Corrective Maintenance,Display Issue,Low,4.2,1,Under Warranty,8831.79,Pending,5
SV07419,H086,D020,2026-06-02,Preventive Maintenance,Calibration Issue,Low,6.6,2,Under Warranty,3665.35,Resolved,4
SV07420,H009,D002,2024-02-09,Installation,Image Quality,High,36.7,5,Under Warranty,13886.78,Resolved,4
SV07421,H077,D018,2024-03-05,Corrective Maintenance,Image Quality,Low,13.5,1,Under Warranty,17319.34,Resolved,5
SV07422,H089,D040,2026-07-13,Preventive Maintenance,Image Quality,Medium,9.7,2,Under Warranty,2547.36,Resolved,5
SV07423,H066,D016,2024-10-07,Preventive Maintenance,Mechanical Issue,Low,0.5,1,Under Warranty,3770.82,Resolved,5
SV07424,H077,D006,2026-01-04,Installation,Calibration Issue,Medium,1.2,3,Under Warranty,7112.35,Pending,5
SV07425,H076,D053,2024-04-27,Preventive Maintenance,Power Failure,Critical,16.3,9,Out of Warranty,5680.45,Resolved,3
SV07426,H069,D026,2025-06-16,Corrective Maintenance,Preventive Maintenance,High,9.5,5,Out of Warranty,19915.06,Resolved,4
SV07427,H086,D053,2025-08-02,Corrective Maintenance,Battery Issue,Low,3.6,4,Under Warranty,7078.37,Resolved,3
SV07428,H083,D031,2024-02-27,Corrective Maintenance,Image Quality,Low,6.3,3,Under Warranty,10278.77,Resolved,4
SV07429,H095,D038,2026-03-06,Corrective Maintenance,Battery Issue,High,4.0,1,Out of Warranty,38898.54,Resolved,4
SV07430,H012,D018,2025-11-13,Corrective Maintenance,Connectivity,Medium,5.5,3,Out of Warranty,32534.41,Resolved,5
SV07431,H069,D052,2024-04-13,Corrective Maintenance,Battery Issue,Medium,9.2,4,Out of Warranty,17517.16,Resolved,5
SV07432,H080,D017,2025-06-29,Corrective Maintenance,Mechanical Issue,Critical,4.3,11,Under Warranty,17331.22,Resolved,4
SV07433,H022,D028,2024-06-04,Corrective Maintenance,Image Quality,High,12.6,2,Under Warranty,9774.91,Resolved,4
SV07434,H062,D025,2026-01-03,Corrective Maintenance,Image Quality,High,8.1,3,Out of Warranty,33041.99,Resolved,5
SV07435,H093,D056,2024-12-10,Corrective Maintenance,Mechanical Issue,High,22.1,3,Under Warranty,11793.27,Resolved,4
SV07436,H044,D023,2026-01-28,Installation,Display Issue,Medium,9.6,3,Under Warranty,12066.76,Resolved,4
SV07437,H011,D057,2026-09-07,Corrective Maintenance,Battery Issue,Medium,1.2,4,Under Warranty,19906.16,Resolved,5
SV07438,H058,D006,2025-10-19,Corrective Maintenance,Sensor/Probe Issue,Low,2.2,4,Under Warranty,10449.44,Resolved,4
SV07439,H020,D009,2024-03-24,Corrective Maintenance,Power Failure,High,12.2,3,Out of Warranty,14941.41,Resolved,4
SV07440,H086,D020,2024-08-07,Corrective Maintenance,Battery Issue,High,6.1,7,Out of Warranty,31999.26,Resolved,4
SV07441,H046,D005,2024-12-10,Preventive Maintenance,Sensor/Probe Issue,Medium,15.4,4,Out of Warranty,10511.53,Resolved,4
SV07442,H075,D028,2025-01-12,Corrective Maintenance,Connectivity,Medium,4.7,6,Under Warranty,20660.48,Resolved,5
SV07443,H047,D037,2026-08-03,Preventive Maintenance,Battery Issue,High,6.5,4,Under Warranty,6916.32,Resolved,4
SV07444,H100,D057,2025-09-08,Corrective Maintenance,Image Quality,Low,3.2,2,Out of Warranty,10034.81,Resolved,5
SV07445,H057,D040,2025-08-24,Corrective Maintenance,Image Quality,Medium,7.0,1,Under Warranty,16141.51,Resolved,5
SV07446,H026,D046,2026-09-11,Corrective Maintenance,Calibration Issue,Low,5.8,2,Under Warranty,17581.62,Resolved,4
SV07447,H030,D021,2025-07-13,Corrective Maintenance,Image Quality,Medium,5.5,2,Under Warranty,19972.85,Resolved,4
SV07448,H008,D032,2024-07-28,Corrective Maintenance,Battery Issue,High,36.8,5,Under Warranty,10852.99,Resolved,4
SV07449,H002,D051,2024-03-05,Corrective Maintenance,Software Error,Low,4.2,2,Under Warranty,17505.96,Resolved,4
SV07450,H059,D039,2024-09-16,Installation,Display Issue,Medium,5.4,2,Under Warranty,12106.02,Resolved,5
SV07451,H052,D027,2025-06-12,Preventive Maintenance,Calibration Issue,Medium,10.9,2,Out of Warranty,15713.81,Pending,4
SV07452,H053,D006,2024-10-04,Corrective Maintenance,Image Quality,Low,4.4,2,Under Warranty,20003.6,Resolved,4
SV07453,H059,D042,2024-02-18,Preventive Maintenance,Mechanical Issue,Medium,3.6,4,Under Warranty,4571.54,Resolved,5
SV07454,H075,D057,2024-12-02,Preventive Maintenance,Calibration Issue,Medium,10.0,7,Under Warranty,7333.62,Resolved,4
SV07455,H064,D057,2025-09-08,Preventive Maintenance,Calibration Issue,Medium,12.9,4,Under Warranty,2480.99,Resolved,4
SV07456,H018,D021,2025-08-24,Installation,Software Error,High,15.7,6,Out of Warranty,16302.65,Resolved,4
SV07457,H040,D051,2024-05-31,Corrective Maintenance,Sensor/Probe Issue,Medium,6.0,5,Under Warranty,5572.81,Resolved,4
SV07458,H097,D010,2026-06-11,Corrective Maintenance,Power Failure,Low,9.4,1,Out of Warranty,34880.01,Resolved,4
SV07459,H013,D057,2026-08-06,Corrective Maintenance,Calibration Issue,Medium,10.7,2,Under Warranty,19042.38,Resolved,4
SV07460,H048,D013,2026-01-14,Corrective Maintenance,Sensor/Probe Issue,Medium,7.5,2,Under Warranty,17891.79,Resolved,5
SV07461,H083,D039,2025-12-12,Preventive Maintenance,Image Quality,High,6.9,2,Out of Warranty,15321.1,Resolved,4
SV07462,H034,D048,2025-08-21,Corrective Maintenance,Connectivity,Medium,1.2,2,Out of Warranty,22470.08,Resolved,4
SV07463,H085,D024,2025-07-13,Corrective Maintenance,Display Issue,Medium,1.7,3,Under Warranty,17161.98,Resolved,5
SV07464,H001,D033,2024-11-25,Corrective Maintenance,Mechanical Issue,Low,5.7,1,Out of Warranty,31591.44,Resolved,4
SV07465,H012,D019,2026-09-16,Corrective Maintenance,Sensor/Probe Issue,Medium,13.1,3,Out of Warranty,24429.13,Resolved,4
SV07466,H042,D015,2025-09-25,Corrective Maintenance,Mechanical Issue,High,2.1,2,Out of Warranty,11207.86,Resolved,4
SV07467,H036,D025,2024-07-03,Installation,Preventive Maintenance,Medium,8.9,2,Out of Warranty,13442.62,Resolved,4
SV07468,H086,D058,2025-07-02,Preventive Maintenance,Software Error,High,2.4,4,Under Warranty,3055.76,Resolved,4
SV07469,H044,D041,2025-02-09,Corrective Maintenance,Mechanical Issue,High,14.3,1,Out of Warranty,23452.87,Resolved,3
SV07470,H001,D038,2025-07-16,Corrective Maintenance,Power Failure,Medium,5.7,2,Under Warranty,9434.83,Pending,4
SV07471,H021,D003,2024-01-06,Corrective Maintenance,Mechanical Issue,High,7.6,4,Under Warranty,8751.39,Resolved,4
SV07472,H055,D012,2025-09-03,Preventive Maintenance,Display Issue,High,8.4,4,Under Warranty,6784.25,Resolved,4
SV07473,H030,D042,2026-05-01,Corrective Maintenance,Power Failure,High,8.1,9,Out of Warranty,12179.89,Resolved,3
SV07474,H009,D001,2024-03-02,Corrective Maintenance,Software Error,Medium,8.1,7,Out of Warranty,16805.86,Resolved,3
SV07475,H069,D029,2024-07-09,Installation,Image Quality,Medium,12.5,2,Under Warranty,12255.34,Resolved,4
SV07476,H022,D053,2026-07-30,Preventive Maintenance,Mechanical Issue,High,12.6,3,Under Warranty,2598.28,Resolved,4
SV07477,H080,D060,2026-09-30,Preventive Maintenance,Mechanical Issue,Medium,5.4,3,Out of Warranty,6485.47,Resolved,4
SV07478,H074,D015,2025-01-22,Preventive Maintenance,Preventive Maintenance,Medium,8.9,6,Out of Warranty,7571.47,Resolved,3
SV07479,H011,D049,2024-03-30,Corrective Maintenance,Sensor/Probe Issue,Low,10.0,2,Out of Warranty,34376.79,Resolved,4
SV07480,H080,D023,2025-07-18,Corrective Maintenance,Image Quality,Low,1.2,2,Under Warranty,19696.77,Resolved,4
SV07481,H005,D057,2024-06-23,Corrective Maintenance,Software Error,Medium,10.5,5,Under Warranty,6352.17,Resolved,4
SV07482,H051,D049,2025-11-15,Corrective Maintenance,Display Issue,Medium,4.2,5,Under Warranty,17341.3,Resolved,5
SV07483,H092,D051,2024-03-28,Preventive Maintenance,Connectivity,Medium,1.4,2,Under Warranty,2817.39,Resolved,5
SV07484,H070,D001,2024-12-31,Corrective Maintenance,Power Failure,High,17.2,4,Under Warranty,13017.45,Resolved,4
SV07485,H079,D033,2024-05-03,Corrective Maintenance,Sensor/Probe Issue,Low,15.6,1,Under Warranty,7077.99,Resolved,5
SV07486,H049,D050,2025-03-25,Corrective Maintenance,Mechanical Issue,Medium,1.8,5,Out of Warranty,30132.76,Resolved,4
SV07487,H060,D032,2025-10-04,Installation,Battery Issue,Medium,1.4,1,Under Warranty,8383.19,Resolved,5
SV07488,H091,D047,2025-07-30,Installation,Preventive Maintenance,Medium,1.6,1,Under Warranty,13406.66,Resolved,4
SV07489,H072,D032,2024-01-05,Preventive Maintenance,Image Quality,Medium,11.9,3,Out of Warranty,12905.78,Pending,5
SV07490,H006,D019,2025-08-24,Corrective Maintenance,Sensor/Probe Issue,Medium,5.8,2,Under Warranty,10140.55,Resolved,4
SV07491,H076,D017,2026-06-07,Preventive Maintenance,Software Error,Medium,22.7,1,Under Warranty,4884.84,Resolved,4
SV07492,H068,D053,2024-04-03,Corrective Maintenance,Mechanical Issue,Medium,2.9,4,Under Warranty,6053.93,Resolved,4
SV07493,H080,D019,2024-01-30,Corrective Maintenance,Image Quality,Medium,14.7,3,Out of Warranty,26046.67,Resolved,4
SV07494,H036,D034,2024-07-10,Preventive Maintenance,Sensor/Probe Issue,Medium,10.3,5,Out of Warranty,14167.92,Resolved,4
SV07495,H005,D012,2024-03-03,Corrective Maintenance,Power Failure,Medium,10.0,1,Under Warranty,10937.23,Resolved,5
SV07496,H082,D053,2025-07-19,Preventive Maintenance,Image Quality,Low,5.6,2,Under Warranty,3274.1,Resolved,4
SV07497,H023,D001,2024-06-04,Preventive Maintenance,Software Error,Low,0.9,1,Out of Warranty,12735.1,Resolved,5
SV07498,H090,D035,2025-06-10,Preventive Maintenance,Sensor/Probe Issue,High,19.3,3,Out of Warranty,11716.57,Resolved,4
SV07499,H052,D011,2024-09-08,Preventive Maintenance,Sensor/Probe Issue,Medium,1.6,3,Under Warranty,2526.44,Resolved,4
SV07500,H052,D042,2025-06-16,Preventive Maintenance,Mechanical Issue,Critical,12.0,3,Out of Warranty,5038.83,Resolved,3
SV07501,H091,D032,2024-05-02,Corrective Maintenance,Calibration Issue,Medium,16.2,3,Out of Warranty,17717.94,Resolved,4
SV07502,H096,D059,2026-07-11,Installation,Calibration Issue,Medium,5.6,1,Under Warranty,11270.61,Resolved,4
SV07503,H052,D038,2024-07-26,Corrective Maintenance,Image Quality,Medium,7.1,3,Under Warranty,19493.9,Resolved,4
SV07504,H056,D003,2026-06-12,Corrective Maintenance,Connectivity,Medium,1.8,1,Out of Warranty,18379.7,Resolved,5
SV07505,H056,D022,2024-05-01,Installation,Software Error,High,11.5,5,Under Warranty,6706.01,Resolved,4
SV07506,H020,D045,2024-08-30,Installation,Display Issue,Medium,2.8,5,Under Warranty,5655.65,Resolved,4
SV07507,H042,D045,2025-03-10,Corrective Maintenance,Power Failure,Medium,2.6,1,Out of Warranty,14915.14,Resolved,4
SV07508,H006,D010,2025-06-12,Preventive Maintenance,Preventive Maintenance,Low,7.8,2,Out of Warranty,12430.98,Resolved,5
SV07509,H087,D050,2025-05-06,Corrective Maintenance,Image Quality,Low,10.7,4,Under Warranty,8261.26,Resolved,4
SV07510,H075,D048,2024-06-24,Preventive Maintenance,Mechanical Issue,Low,4.1,3,Out of Warranty,4141.17,Resolved,4
SV07511,H021,D013,2024-08-20,Preventive Maintenance,Software Error,High,4.4,5,Under Warranty,8166.48,Resolved,5
SV07512,H076,D057,2025-04-14,Preventive Maintenance,Power Failure,High,10.7,4,Under Warranty,3808.29,Resolved,4
SV07513,H005,D021,2024-06-20,Preventive Maintenance,Image Quality,Medium,14.6,6,Out of Warranty,8808.94,Resolved,4
SV07514,H078,D033,2025-12-18,Preventive Maintenance,Mechanical Issue,Low,10.7,2,Out of Warranty,12501.91,Resolved,4
SV07515,H021,D031,2024-05-28,Preventive Maintenance,Mechanical Issue,Critical,19.8,13,Under Warranty,5242.78,Resolved,2
SV07516,H001,D055,2026-02-14,Preventive Maintenance,Calibration Issue,High,8.7,3,Out of Warranty,15898.56,Resolved,4
SV07517,H060,D018,2026-08-19,Corrective Maintenance,Preventive Maintenance,Low,7.5,2,Under Warranty,11038.19,Resolved,4
SV07518,H007,D032,2025-05-01,Corrective Maintenance,Battery Issue,High,27.5,1,Out of Warranty,25807.9,Resolved,5
SV07519,H087,D044,2025-03-30,Installation,Preventive Maintenance,Medium,14.3,1,Out of Warranty,25976.65,Resolved,5
SV07520,H002,D017,2024-09-30,Corrective Maintenance,Connectivity,Low,4.9,2,Out of Warranty,35637.83,Resolved,4
SV07521,H013,D004,2026-09-06,Corrective Maintenance,Preventive Maintenance,Low,3.5,3,Out of Warranty,19288.0,Resolved,5
SV07522,H068,D040,2024-11-15,Corrective Maintenance,Calibration Issue,High,8.4,5,Out of Warranty,38001.61,Resolved,5
SV07523,H063,D008,2026-06-17,Corrective Maintenance,Sensor/Probe Issue,Medium,4.5,7,Under Warranty,20833.77,Resolved,4
SV07524,H080,D041,2025-04-23,Corrective Maintenance,Display Issue,Medium,7.8,3,Out of Warranty,14522.3,Resolved,4
SV07525,H049,D016,2025-04-03,Corrective Maintenance,Display Issue,Medium,6.8,7,Out of Warranty,32951.44,Resolved,4
SV07526,H020,D009,2026-07-16,Preventive Maintenance,Calibration Issue,Medium,11.7,6,Out of Warranty,9529.54,Resolved,4
SV07527,H071,D010,2024-05-07,Preventive Maintenance,Sensor/Probe Issue,Medium,3.4,4,Under Warranty,8149.01,Resolved,5
SV07528,H082,D007,2026-09-21,Corrective Maintenance,Battery Issue,Medium,4.3,3,Under Warranty,17587.03,Resolved,4
SV07529,H052,D052,2024-02-16,Preventive Maintenance,Preventive Maintenance,Low,9.9,1,Under Warranty,7563.39,Resolved,5
SV07530,H069,D039,2025-02-28,Corrective Maintenance,Calibration Issue,Medium,4.9,3,Under Warranty,8361.96,Resolved,5
SV07531,H065,D041,2025-07-29,Preventive Maintenance,Sensor/Probe Issue,Medium,13.2,7,Out of Warranty,10625.3,Resolved,3
SV07532,H029,D032,2025-02-27,Preventive Maintenance,Image Quality,Critical,33.4,8,Under Warranty,6782.05,Resolved,3
SV07533,H082,D038,2026-05-20,Preventive Maintenance,Connectivity,Low,2.6,3,Under Warranty,6515.83,Resolved,4
SV07534,H009,D009,2024-07-08,Corrective Maintenance,Power Failure,Medium,14.3,3,Under Warranty,5496.5,Resolved,4
SV07535,H096,D021,2025-08-28,Corrective Maintenance,Image Quality,Medium,3.3,3,Under Warranty,10445.1,Resolved,4
SV07536,H010,D051,2025-08-01,Corrective Maintenance,Display Issue,Medium,5.2,2,Under Warranty,20350.49,Resolved,4
SV07537,H056,D016,2024-10-10,Corrective Maintenance,Mechanical Issue,Low,2.4,2,Out of Warranty,26530.55,Resolved,5
SV07538,H071,D035,2024-02-18,Installation,Software Error,High,15.3,2,Under Warranty,5542.81,Resolved,5
SV07539,H048,D054,2026-03-06,Corrective Maintenance,Image Quality,High,2.2,5,Under Warranty,8320.68,Resolved,4
SV07540,H066,D058,2025-08-30,Installation,Preventive Maintenance,Medium,2.6,7,Under Warranty,11451.62,Resolved,5
SV07541,H018,D001,2026-03-08,Corrective Maintenance,Sensor/Probe Issue,Medium,6.7,4,Under Warranty,8967.34,Resolved,5
SV07542,H033,D019,2024-09-07,Preventive Maintenance,Image Quality,High,31.4,8,Under Warranty,7187.69,Pending,3
SV07543,H027,D004,2026-06-07,Corrective Maintenance,Image Quality,Critical,15.8,9,Out of Warranty,33456.36,Resolved,4
SV07544,H054,D052,2026-01-30,Corrective Maintenance,Battery Issue,Medium,5.0,3,Under Warranty,18601.25,Resolved,4
SV07545,H039,D016,2025-10-28,Corrective Maintenance,Connectivity,Critical,14.8,2,Under Warranty,12258.39,Resolved,3
SV07546,H055,D049,2025-03-05,Corrective Maintenance,Image Quality,Medium,22.8,2,Under Warranty,17019.23,Resolved,4
SV07547,H001,D046,2026-07-10,Preventive Maintenance,Battery Issue,Medium,2.7,2,Under Warranty,5006.43,Resolved,4
SV07548,H016,D021,2024-04-08,Corrective Maintenance,Preventive Maintenance,High,36.3,3,Under Warranty,10987.07,Resolved,4
SV07549,H039,D042,2025-04-07,Corrective Maintenance,Calibration Issue,Medium,19.5,1,Out of Warranty,38295.82,Resolved,5
SV07550,H008,D045,2024-07-13,Installation,Mechanical Issue,Medium,8.8,2,Out of Warranty,17376.55,Resolved,4
SV07551,H099,D031,2025-04-14,Corrective Maintenance,Image Quality,Low,1.9,3,Under Warranty,11602.18,Resolved,5
SV07552,H001,D040,2024-03-03,Corrective Maintenance,Calibration Issue,Medium,9.2,3,Out of Warranty,16992.06,Resolved,4
SV07553,H092,D001,2024-01-02,Corrective Maintenance,Calibration Issue,Medium,3.8,2,Under Warranty,13333.34,Resolved,4
SV07554,H081,D042,2026-07-12,Corrective Maintenance,Software Error,Medium,8.2,6,Under Warranty,11778.08,Resolved,4
SV07555,H006,D016,2026-06-28,Preventive Maintenance,Power Failure,Medium,25.4,2,Out of Warranty,11378.66,Pending,4
SV07556,H008,D006,2026-02-15,Corrective Maintenance,Image Quality,Medium,5.2,3,Out of Warranty,28550.78,Resolved,5
SV07557,H062,D040,2025-06-01,Corrective Maintenance,Sensor/Probe Issue,Medium,2.9,3,Out of Warranty,33667.05,Resolved,4
SV07558,H029,D018,2024-02-19,Corrective Maintenance,Sensor/Probe Issue,Medium,6.6,1,Out of Warranty,23394.86,Resolved,5
SV07559,H064,D028,2026-04-09,Preventive Maintenance,Power Failure,Critical,9.5,5,Out of Warranty,14568.96,Resolved,4
SV07560,H011,D049,2024-06-27,Corrective Maintenance,Software Error,Medium,3.2,3,Under Warranty,17279.02,Resolved,4
SV07561,H032,D056,2024-12-28,Installation,Mechanical Issue,Medium,6.7,3,Under Warranty,5473.03,Resolved,4
SV07562,H098,D023,2025-07-09,Corrective Maintenance,Calibration Issue,Medium,8.9,4,Out of Warranty,15332.25,Resolved,5
SV07563,H025,D044,2025-01-05,Corrective Maintenance,Image Quality,Medium,2.3,3,Under Warranty,11703.82,Resolved,4
SV07564,H085,D046,2025-09-10,Preventive Maintenance,Preventive Maintenance,Medium,3.7,4,Under Warranty,2990.17,Resolved,5
SV07565,H007,D023,2024-09-07,Corrective Maintenance,Connectivity,Medium,7.6,4,Under Warranty,12930.27,Resolved,4
SV07566,H069,D054,2024-03-14,Preventive Maintenance,Calibration Issue,Medium,6.9,3,Out of Warranty,15952.79,Pending,4
SV07567,H008,D034,2024-11-23,Installation,Preventive Maintenance,Medium,24.6,1,Under Warranty,9165.77,Resolved,5
SV07568,H056,D045,2025-02-06,Corrective Maintenance,Mechanical Issue,High,3.8,3,Under Warranty,5492.66,Resolved,5
SV07569,H064,D023,2026-05-14,Corrective Maintenance,Connectivity,Low,10.0,2,Under Warranty,8400.36,Resolved,5
SV07570,H036,D050,2025-01-22,Preventive Maintenance,Power Failure,Medium,4.2,3,Out of Warranty,15168.72,Resolved,4
SV07571,H081,D023,2026-06-01,Preventive Maintenance,Display Issue,Medium,8.2,2,Out of Warranty,14090.55,Resolved,4
SV07572,H064,D014,2026-04-08,Installation,Connectivity,High,11.6,7,Under Warranty,11613.21,Resolved,4
SV07573,H061,D015,2026-04-22,Corrective Maintenance,Display Issue,Low,1.7,1,Out of Warranty,31999.61,Resolved,4
SV07574,H022,D011,2025-09-26,Preventive Maintenance,Power Failure,High,5.5,5,Out of Warranty,12140.47,Pending,4
SV07575,H013,D058,2025-08-31,Corrective Maintenance,Battery Issue,Low,6.8,1,Under Warranty,8397.08,Resolved,5
SV07576,H052,D038,2026-03-25,Preventive Maintenance,Connectivity,High,34.6,11,Out of Warranty,8444.68,Resolved,3
SV07577,H027,D027,2025-08-03,Preventive Maintenance,Software Error,Medium,12.6,2,Under Warranty,3925.56,Resolved,4
SV07578,H058,D048,2024-11-26,Corrective Maintenance,Battery Issue,Low,19.0,2,Under Warranty,18558.24,Resolved,5
SV07579,H006,D038,2024-12-01,Installation,Calibration Issue,Medium,3.3,3,Under Warranty,10773.79,Resolved,5
SV07580,H091,D042,2024-11-12,Preventive Maintenance,Connectivity,High,18.2,2,Out of Warranty,12379.7,Resolved,4
SV07581,H015,D023,2025-06-05,Preventive Maintenance,Sensor/Probe Issue,Critical,8.1,8,Out of Warranty,5041.52,Resolved,4
SV07582,H035,D025,2024-01-04,Corrective Maintenance,Mechanical Issue,High,5.9,5,Under Warranty,6232.97,Resolved,4
SV07583,H030,D013,2025-01-17,Corrective Maintenance,Image Quality,Medium,11.8,3,Under Warranty,12567.96,Resolved,5
SV07584,H038,D028,2025-09-14,Corrective Maintenance,Calibration Issue,Medium,14.1,1,Under Warranty,16991.99,Resolved,4
SV07585,H092,D011,2025-08-17,Preventive Maintenance,Calibration Issue,Medium,13.0,3,Under Warranty,7021.08,Pending,5
SV07586,H095,D025,2024-08-30,Corrective Maintenance,Mechanical Issue,Low,4.5,2,Under Warranty,17302.96,Resolved,5
SV07587,H051,D028,2026-07-20,Corrective Maintenance,Battery Issue,Low,8.9,1,Out of Warranty,37404.75,Resolved,5
SV07588,H075,D050,2024-10-04,Installation,Preventive Maintenance,Medium,2.5,3,Out of Warranty,21233.04,Resolved,4
SV07589,H073,D054,2024-12-08,Corrective Maintenance,Power Failure,High,9.4,2,Under Warranty,11062.98,Resolved,4
SV07590,H041,D059,2026-09-03,Installation,Battery Issue,Low,2.6,1,Under Warranty,13822.83,Resolved,4
SV07591,H020,D031,2024-02-24,Preventive Maintenance,Battery Issue,Medium,2.7,4,Out of Warranty,12686.72,Resolved,5
SV07592,H042,D059,2024-05-09,Preventive Maintenance,Calibration Issue,Low,3.6,2,Under Warranty,4165.95,Resolved,5
SV07593,H039,D027,2025-11-19,Corrective Maintenance,Image Quality,Medium,7.9,5,Out of Warranty,30867.16,Resolved,4
SV07594,H065,D012,2026-02-17,Corrective Maintenance,Sensor/Probe Issue,High,6.5,7,Out of Warranty,37598.38,Resolved,4
SV07595,H093,D006,2024-08-01,Preventive Maintenance,Image Quality,High,23.0,4,Under Warranty,4884.91,Resolved,5
SV07596,H061,D021,2025-04-02,Preventive Maintenance,Image Quality,Medium,11.0,3,Under Warranty,5752.48,Resolved,4
SV07597,H100,D031,2025-07-16,Corrective Maintenance,Preventive Maintenance,Medium,8.3,1,Under Warranty,20183.53,Resolved,4
SV07598,H040,D051,2025-10-16,Preventive Maintenance,Battery Issue,High,2.2,1,Out of Warranty,6201.87,Resolved,5
SV07599,H070,D003,2026-04-14,Corrective Maintenance,Sensor/Probe Issue,High,7.6,4,Out of Warranty,26938.26,Resolved,5
SV07600,H013,D028,2024-02-15,Corrective Maintenance,Software Error,Low,9.6,2,Under Warranty,19805.33,Resolved,5
SV07601,H059,D057,2024-06-24,Preventive Maintenance,Connectivity,Low,5.1,1,Out of Warranty,14685.54,Resolved,4
SV07602,H008,D001,2025-10-01,Preventive Maintenance,Battery Issue,Low,4.0,1,Out of Warranty,6401.04,Resolved,4
SV07603,H065,D021,2026-03-19,Corrective Maintenance,Connectivity,Critical,36.3,7,Out of Warranty,24057.0,Resolved,3
SV07604,H096,D058,2026-04-10,Corrective Maintenance,Battery Issue,Medium,2.9,3,Under Warranty,17687.78,Resolved,4
SV07605,H088,D001,2026-09-27,Preventive Maintenance,Sensor/Probe Issue,Critical,8.8,5,Under Warranty,4854.01,Resolved,5
SV07606,H020,D051,2026-07-06,Corrective Maintenance,Battery Issue,Low,7.1,1,Out of Warranty,11669.6,Resolved,5
SV07607,H031,D015,2026-04-22,Corrective Maintenance,Calibration Issue,Medium,10.2,1,Out of Warranty,10995.68,Resolved,4
SV07608,H035,D032,2025-06-11,Corrective Maintenance,Battery Issue,Medium,2.5,1,Under Warranty,14491.91,Resolved,4
SV07609,H090,D019,2024-07-12,Installation,Software Error,Low,3.0,1,Out of Warranty,24816.86,Resolved,5
SV07610,H071,D013,2024-12-03,Corrective Maintenance,Calibration Issue,Medium,8.2,7,Under Warranty,19503.85,Resolved,4
SV07611,H034,D049,2026-04-06,Installation,Power Failure,High,14.0,3,Under Warranty,10149.39,Pending,4
SV07612,H004,D013,2024-11-15,Corrective Maintenance,Mechanical Issue,High,15.6,8,Out of Warranty,10646.74,Resolved,4
SV07613,H038,D051,2025-08-30,Preventive Maintenance,Software Error,High,5.0,3,Out of Warranty,11050.66,Resolved,4
SV07614,H032,D016,2026-01-05,Corrective Maintenance,Image Quality,Low,8.5,2,Out of Warranty,10778.86,Resolved,4
SV07615,H022,D012,2025-08-07,Corrective Maintenance,Sensor/Probe Issue,Medium,15.0,3,Under Warranty,13708.04,Resolved,4
SV07616,H005,D043,2024-06-20,Installation,Image Quality,High,12.0,2,Under Warranty,9946.96,Resolved,4
SV07617,H049,D057,2025-12-03,Corrective Maintenance,Calibration Issue,Low,7.4,2,Under Warranty,11668.34,Resolved,4
SV07618,H085,D004,2024-09-24,Corrective Maintenance,Image Quality,Low,3.8,4,Out of Warranty,12579.23,Resolved,4
SV07619,H091,D040,2025-02-03,Installation,Software Error,High,6.2,3,Under Warranty,9743.81,Resolved,5
SV07620,H009,D018,2025-02-10,Preventive Maintenance,Battery Issue,High,2.2,2,Out of Warranty,10064.99,Resolved,4
SV07621,H038,D031,2025-03-19,Corrective Maintenance,Battery Issue,Medium,8.6,1,Under Warranty,20721.08,Resolved,5
SV07622,H067,D025,2024-06-29,Corrective Maintenance,Sensor/Probe Issue,Low,12.2,3,Under Warranty,10106.85,Resolved,4
SV07623,H014,D048,2024-10-10,Corrective Maintenance,Display Issue,Medium,5.7,4,Out of Warranty,27492.32,Resolved,5
SV07624,H044,D057,2025-09-16,Corrective Maintenance,Image Quality,Medium,3.7,1,Under Warranty,9940.2,Resolved,4
SV07625,H017,D041,2025-06-09,Preventive Maintenance,Battery Issue,Medium,7.7,2,Out of Warranty,5430.4,Resolved,4
SV07626,H028,D010,2025-11-25,Corrective Maintenance,Calibration Issue,High,7.7,6,Out of Warranty,26086.88,Resolved,4
SV07627,H087,D034,2026-01-09,Corrective Maintenance,Display Issue,Low,5.8,3,Under Warranty,20807.51,Resolved,5
SV07628,H077,D011,2024-03-15,Preventive Maintenance,Battery Issue,Medium,12.8,2,Out of Warranty,9859.97,Resolved,4
SV07629,H073,D037,2026-08-13,Preventive Maintenance,Mechanical Issue,Medium,2.8,3,Under Warranty,2842.09,Resolved,4
SV07630,H098,D012,2025-03-13,Preventive Maintenance,Calibration Issue,High,11.2,14,Out of Warranty,7889.54,Resolved,4
SV07631,H035,D049,2024-06-10,Installation,Calibration Issue,Medium,10.2,3,Under Warranty,13402.99,Pending,4
SV07632,H043,D002,2026-09-22,Corrective Maintenance,Software Error,Medium,6.1,1,Out of Warranty,32830.39,Resolved,4
SV07633,H016,D017,2024-05-05,Corrective Maintenance,Preventive Maintenance,Low,1.9,4,Under Warranty,9234.19,Resolved,4
SV07634,H006,D019,2025-12-12,Corrective Maintenance,Calibration Issue,Medium,10.1,8,Under Warranty,19704.46,Resolved,4
SV07635,H097,D010,2026-02-02,Preventive Maintenance,Battery Issue,High,20.2,8,Out of Warranty,8857.62,Resolved,4
SV07636,H067,D009,2026-07-28,Preventive Maintenance,Calibration Issue,Medium,6.3,5,Out of Warranty,4927.32,Resolved,5
SV07637,H063,D050,2024-01-08,Corrective Maintenance,Calibration Issue,Medium,19.8,8,Out of Warranty,26527.37,Resolved,4
SV07638,H095,D059,2025-09-25,Corrective Maintenance,Sensor/Probe Issue,Critical,2.1,6,Under Warranty,13682.9,Resolved,5
SV07639,H065,D002,2025-05-12,Preventive Maintenance,Image Quality,Low,1.8,2,Under Warranty,5379.57,Resolved,4
SV07640,H084,D054,2024-12-21,Preventive Maintenance,Connectivity,Medium,2.1,1,Under Warranty,3051.16,Resolved,4
SV07641,H046,D007,2024-02-16,Corrective Maintenance,Connectivity,Low,8.5,3,Under Warranty,10836.47,Resolved,4
SV07642,H027,D047,2026-04-18,Installation,Calibration Issue,Medium,20.2,4,Under Warranty,7257.75,Resolved,4
SV07643,H086,D040,2024-12-22,Preventive Maintenance,Battery Issue,Medium,11.4,2,Out of Warranty,14522.9,Resolved,5
SV07644,H042,D036,2026-04-29,Preventive Maintenance,Image Quality,Medium,15.0,2,Out of Warranty,14736.33,Resolved,5
SV07645,H075,D050,2025-02-01,Corrective Maintenance,Mechanical Issue,Medium,6.8,2,Under Warranty,7540.79,Resolved,4
SV07646,H056,D005,2025-07-13,Corrective Maintenance,Battery Issue,Medium,3.9,5,Under Warranty,16238.15,Resolved,4
SV07647,H018,D056,2026-04-04,Preventive Maintenance,Calibration Issue,Low,4.0,1,Out of Warranty,7885.96,Resolved,4
SV07648,H010,D008,2025-10-12,Corrective Maintenance,Sensor/Probe Issue,Medium,6.9,3,Out of Warranty,29422.35,Resolved,5
SV07649,H079,D038,2024-12-20,Preventive Maintenance,Image Quality,High,6.7,4,Out of Warranty,14189.04,Resolved,5
SV07650,H041,D010,2025-06-29,Preventive Maintenance,Power Failure,Medium,3.1,2,Out of Warranty,7510.21,Resolved,5
SV07651,H096,D025,2026-01-23,Preventive Maintenance,Sensor/Probe Issue,High,18.3,4,Under Warranty,6300.63,Resolved,3
SV07652,H035,D021,2024-06-30,Preventive Maintenance,Preventive Maintenance,High,22.3,4,Under Warranty,8249.83,Resolved,4
SV07653,H095,D040,2026-02-16,Corrective Maintenance,Display Issue,High,13.8,4,Out of Warranty,38598.82,Resolved,4
SV07654,H019,D050,2024-12-22,Preventive Maintenance,Preventive Maintenance,High,5.1,5,Out of Warranty,7408.32,Resolved,5
SV07655,H096,D056,2026-09-02,Corrective Maintenance,Power Failure,High,18.3,3,Under Warranty,6188.19,Resolved,3
SV07656,H047,D027,2026-01-28,Corrective Maintenance,Image Quality,Medium,11.6,3,Out of Warranty,25148.22,Resolved,4
SV07657,H033,D011,2024-05-06,Corrective Maintenance,Software Error,Critical,16.4,4,Out of Warranty,20718.45,Resolved,4
SV07658,H021,D047,2024-11-25,Corrective Maintenance,Sensor/Probe Issue,Medium,17.1,4,Out of Warranty,31377.96,Resolved,4
SV07659,H087,D025,2026-03-10,Preventive Maintenance,Image Quality,High,1.7,2,Out of Warranty,6459.37,Resolved,4
SV07660,H038,D023,2024-03-05,Preventive Maintenance,Display Issue,Medium,8.8,4,Out of Warranty,7675.32,Resolved,4
SV07661,H070,D058,2025-09-29,Installation,Preventive Maintenance,Medium,6.9,5,Under Warranty,3476.66,Resolved,5
SV07662,H013,D003,2024-05-14,Corrective Maintenance,Image Quality,High,0.6,12,Under Warranty,12694.58,Resolved,4
SV07663,H046,D012,2025-12-02,Installation,Mechanical Issue,High,17.7,2,Under Warranty,11212.61,Resolved,4
SV07664,H036,D028,2024-08-29,Corrective Maintenance,Sensor/Probe Issue,High,10.4,9,Out of Warranty,15795.46,Resolved,3
SV07665,H077,D052,2024-08-27,Preventive Maintenance,Preventive Maintenance,High,7.8,1,Under Warranty,4245.83,Resolved,5
SV07666,H100,D014,2024-04-02,Corrective Maintenance,Image Quality,Medium,16.7,3,Out of Warranty,16564.7,Resolved,4
SV07667,H070,D042,2025-04-17,Corrective Maintenance,Connectivity,High,4.7,2,Out of Warranty,22359.85,Resolved,5
SV07668,H012,D035,2026-08-24,Preventive Maintenance,Calibration Issue,Medium,7.9,5,Out of Warranty,8874.85,Resolved,5
SV07669,H080,D038,2024-05-12,Corrective Maintenance,Sensor/Probe Issue,High,8.8,3,Out of Warranty,19717.48,Resolved,4
SV07670,H079,D029,2024-05-08,Corrective Maintenance,Display Issue,Low,11.2,2,Under Warranty,14044.03,Resolved,5
SV07671,H042,D025,2025-01-24,Corrective Maintenance,Sensor/Probe Issue,Low,2.7,1,Out of Warranty,36679.23,Pending,4
SV07672,H075,D049,2026-05-29,Preventive Maintenance,Sensor/Probe Issue,Low,2.1,3,Out of Warranty,7050.33,Resolved,5
SV07673,H007,D043,2024-04-12,Preventive Maintenance,Image Quality,Low,5.2,1,Out of Warranty,4921.47,Resolved,4
SV07674,H085,D027,2024-06-21,Corrective Maintenance,Calibration Issue,Low,5.7,2,Out of Warranty,33055.71,Resolved,5
SV07675,H021,D038,2025-06-28,Corrective Maintenance,Display Issue,High,1.8,7,Out of Warranty,10767.48,Resolved,4
SV07676,H037,D042,2026-02-12,Corrective Maintenance,Calibration Issue,Low,0.9,1,Under Warranty,6558.7,Resolved,4
SV07677,H006,D027,2026-01-15,Preventive Maintenance,Display Issue,High,23.8,3,Out of Warranty,8433.78,Resolved,4
SV07678,H023,D035,2026-09-18,Preventive Maintenance,Sensor/Probe Issue,Medium,5.6,1,Under Warranty,5431.31,Resolved,5
SV07679,H080,D059,2025-05-14,Preventive Maintenance,Preventive Maintenance,High,20.5,3,Under Warranty,4116.46,Pending,4
SV07680,H006,D040,2024-10-17,Corrective Maintenance,Software Error,Low,0.5,3,Out of Warranty,27980.49,Resolved,4
SV07681,H005,D042,2025-04-10,Corrective Maintenance,Preventive Maintenance,Medium,11.5,4,Under Warranty,7165.51,Resolved,4
SV07682,H086,D021,2025-04-18,Preventive Maintenance,Calibration Issue,Medium,0.5,4,Under Warranty,5339.79,Resolved,5
SV07683,H056,D039,2024-07-18,Preventive Maintenance,Sensor/Probe Issue,Medium,6.5,5,Under Warranty,2837.86,Resolved,4
SV07684,H069,D022,2024-12-17,Preventive Maintenance,Sensor/Probe Issue,High,5.4,1,Out of Warranty,13312.43,Resolved,4
SV07685,H061,D033,2025-09-15,Preventive Maintenance,Image Quality,Medium,4.5,2,Out of Warranty,14245.12,Resolved,4
SV07686,H036,D047,2024-02-23,Preventive Maintenance,Battery Issue,High,9.3,7,Under Warranty,5930.95,Resolved,4
SV07687,H050,D058,2024-09-16,Corrective Maintenance,Battery Issue,Medium,4.2,1,Under Warranty,18598.02,Pending,4
SV07688,H046,D010,2025-05-30,Preventive Maintenance,Preventive Maintenance,Low,3.0,1,Under Warranty,6744.32,Resolved,4
SV07689,H085,D016,2025-08-07,Corrective Maintenance,Sensor/Probe Issue,High,18.6,7,Under Warranty,16339.37,Resolved,4
SV07690,H039,D024,2024-08-14,Corrective Maintenance,Mechanical Issue,Medium,1.0,1,Under Warranty,11572.03,Resolved,4
SV07691,H060,D014,2024-10-14,Installation,Sensor/Probe Issue,Medium,3.4,1,Under Warranty,8221.96,Resolved,5
SV07692,H023,D030,2026-07-27,Corrective Maintenance,Software Error,High,3.4,9,Out of Warranty,13815.79,Resolved,4
SV07693,H042,D059,2025-03-17,Preventive Maintenance,Connectivity,High,2.8,3,Under Warranty,3530.23,Resolved,4
SV07694,H097,D040,2026-01-02,Corrective Maintenance,Software Error,Low,3.6,2,Out of Warranty,12082.06,Resolved,5
SV07695,H009,D041,2024-06-23,Corrective Maintenance,Sensor/Probe Issue,High,6.5,5,Out of Warranty,13242.52,Resolved,3
SV07696,H091,D037,2026-09-19,Preventive Maintenance,Sensor/Probe Issue,Low,1.3,3,Under Warranty,7479.01,Resolved,4
SV07697,H067,D009,2024-03-20,Installation,Preventive Maintenance,High,8.8,4,Under Warranty,12222.03,Resolved,4
SV07698,H060,D048,2025-06-25,Corrective Maintenance,Calibration Issue,High,15.5,8,Under Warranty,12284.06,Resolved,4
SV07699,H095,D016,2025-01-29,Corrective Maintenance,Power Failure,Medium,1.3,2,Under Warranty,8094.25,Resolved,5
SV07700,H085,D025,2025-02-24,Installation,Software Error,High,4.0,1,Under Warranty,13932.31,Resolved,5
SV07701,H027,D002,2024-04-17,Corrective Maintenance,Display Issue,Medium,8.4,2,Under Warranty,17288.38,Resolved,4
SV07702,H005,D005,2025-07-15,Preventive Maintenance,Battery Issue,High,9.4,4,Under Warranty,2336.65,Resolved,4
SV07703,H025,D019,2026-07-02,Corrective Maintenance,Sensor/Probe Issue,Critical,4.2,16,Under Warranty,17297.98,Resolved,4
SV07704,H060,D002,2026-08-09,Corrective Maintenance,Image Quality,High,15.0,2,Out of Warranty,16883.43,Resolved,5
SV07705,H037,D043,2026-05-29,Preventive Maintenance,Calibration Issue,Medium,2.6,6,Under Warranty,8495.84,Resolved,4
SV07706,H099,D020,2026-05-01,Preventive Maintenance,Mechanical Issue,High,18.7,4,Under Warranty,2112.57,Resolved,4
SV07707,H054,D023,2024-11-19,Installation,Preventive Maintenance,Medium,21.1,1,Under Warranty,5585.46,Resolved,4
SV07708,H071,D060,2024-06-14,Installation,Software Error,Medium,11.0,2,Out of Warranty,16519.83,Resolved,4
SV07709,H036,D010,2024-09-11,Corrective Maintenance,Preventive Maintenance,Medium,2.1,2,Out of Warranty,16776.82,Resolved,4
SV07710,H048,D003,2024-04-03,Installation,Connectivity,Medium,0.7,6,Under Warranty,9038.12,Resolved,4
SV07711,H015,D048,2026-08-19,Preventive Maintenance,Calibration Issue,High,17.0,1,Under Warranty,7100.3,Resolved,5
SV07712,H087,D056,2024-07-23,Preventive Maintenance,Image Quality,Medium,12.2,4,Under Warranty,2950.79,Resolved,4
SV07713,H004,D023,2024-10-08,Corrective Maintenance,Software Error,Medium,1.3,4,Under Warranty,14031.14,Resolved,4
SV07714,H062,D051,2025-03-04,Corrective Maintenance,Display Issue,Low,1.2,2,Under Warranty,12893.73,Resolved,4
SV07715,H059,D009,2024-03-29,Preventive Maintenance,Connectivity,Medium,1.5,1,Under Warranty,8018.86,Resolved,5
SV07716,H082,D026,2026-07-11,Corrective Maintenance,Preventive Maintenance,High,7.3,1,Under Warranty,15071.67,Resolved,5
SV07717,H042,D014,2024-04-05,Preventive Maintenance,Mechanical Issue,Low,4.6,1,Under Warranty,4547.11,Resolved,5
SV07718,H055,D006,2024-11-03,Preventive Maintenance,Preventive Maintenance,Low,4.7,5,Out of Warranty,15398.37,Resolved,5
SV07719,H044,D026,2024-11-03,Preventive Maintenance,Connectivity,Low,2.0,2,Under Warranty,7340.87,Resolved,4
SV07720,H058,D038,2025-03-07,Corrective Maintenance,Preventive Maintenance,Low,11.8,2,Under Warranty,20025.34,Resolved,4
SV07721,H038,D011,2024-10-11,Corrective Maintenance,Mechanical Issue,Low,10.8,3,Under Warranty,18888.39,Resolved,5
SV07722,H057,D040,2024-03-14,Corrective Maintenance,Display Issue,Medium,6.4,4,Under Warranty,18610.98,Resolved,5
SV07723,H062,D045,2025-11-22,Corrective Maintenance,Software Error,Low,4.0,2,Under Warranty,16373.98,Resolved,5
SV07724,H052,D024,2024-01-03,Corrective Maintenance,Software Error,Medium,9.5,3,Out of Warranty,19757.7,Resolved,4
SV07725,H043,D024,2026-07-11,Corrective Maintenance,Software Error,Critical,16.7,11,Out of Warranty,17179.13,Resolved,4
SV07726,H052,D033,2024-05-28,Corrective Maintenance,Calibration Issue,Medium,1.4,1,Under Warranty,9137.41,Resolved,4
SV07727,H057,D012,2025-01-29,Corrective Maintenance,Mechanical Issue,High,21.6,2,Under Warranty,8657.33,Resolved,4
SV07728,H066,D018,2024-03-03,Preventive Maintenance,Image Quality,High,20.0,5,Out of Warranty,14807.33,Resolved,4
SV07729,H042,D043,2024-01-31,Corrective Maintenance,Power Failure,High,4.4,4,Out of Warranty,32234.79,Resolved,5
SV07730,H013,D014,2026-04-23,Corrective Maintenance,Sensor/Probe Issue,Critical,41.6,9,Out of Warranty,30923.5,Resolved,2
SV07731,H020,D031,2025-01-14,Corrective Maintenance,Mechanical Issue,Medium,2.9,2,Under Warranty,14986.49,Resolved,4
SV07732,H015,D013,2025-07-02,Corrective Maintenance,Mechanical Issue,High,1.4,3,Under Warranty,19103.43,Resolved,4
SV07733,H083,D053,2024-02-14,Corrective Maintenance,Mechanical Issue,Medium,5.3,4,Out of Warranty,35288.08,Resolved,4
SV07734,H039,D054,2026-02-05,Installation,Preventive Maintenance,Medium,1.3,3,Out of Warranty,12807.99,Resolved,5
SV07735,H006,D060,2026-03-23,Corrective Maintenance,Power Failure,Medium,18.3,2,Out of Warranty,38413.47,Resolved,4
SV07736,H042,D029,2026-07-30,Corrective Maintenance,Display Issue,Medium,6.5,1,Under Warranty,8107.21,Resolved,4
SV07737,H036,D009,2025-01-04,Corrective Maintenance,Calibration Issue,Medium,3.4,2,Under Warranty,5644.59,Resolved,5
SV07738,H052,D011,2025-06-10,Corrective Maintenance,Calibration Issue,Medium,5.7,2,Out of Warranty,20647.13,Resolved,4
SV07739,H088,D050,2024-12-24,Corrective Maintenance,Connectivity,High,8.9,6,Under Warranty,14660.3,Resolved,5
SV07740,H084,D001,2025-11-27,Corrective Maintenance,Connectivity,Medium,15.9,1,Under Warranty,18577.24,Resolved,4
SV07741,H082,D040,2024-04-15,Corrective Maintenance,Sensor/Probe Issue,Medium,2.8,2,Out of Warranty,19449.0,Resolved,5
SV07742,H077,D043,2024-07-06,Corrective Maintenance,Sensor/Probe Issue,High,5.1,1,Out of Warranty,14977.42,Resolved,4
SV07743,H031,D005,2026-06-17,Preventive Maintenance,Calibration Issue,High,19.3,6,Under Warranty,2951.39,Resolved,4
SV07744,H012,D018,2024-05-20,Preventive Maintenance,Power Failure,Medium,19.8,1,Out of Warranty,11895.62,Resolved,4
SV07745,H062,D024,2025-04-22,Installation,Software Error,Medium,2.9,5,Out of Warranty,18996.37,Resolved,5
SV07746,H060,D005,2026-03-09,Preventive Maintenance,Image Quality,Low,1.6,3,Under Warranty,2289.64,Resolved,4
SV07747,H078,D059,2025-12-28,Corrective Maintenance,Power Failure,Medium,11.9,1,Under Warranty,10460.92,Resolved,4
SV07748,H014,D044,2024-02-14,Corrective Maintenance,Sensor/Probe Issue,Critical,7.3,11,Out of Warranty,23396.56,Resolved,4
SV07749,H051,D009,2026-05-06,Preventive Maintenance,Connectivity,High,14.9,6,Under Warranty,3479.66,Resolved,5
SV07750,H028,D047,2024-06-02,Corrective Maintenance,Image Quality,High,11.6,1,Under Warranty,18104.67,Resolved,5
SV07751,H032,D054,2025-12-09,Corrective Maintenance,Battery Issue,High,7.9,1,Under Warranty,15557.67,Resolved,5
SV07752,H012,D057,2024-09-09,Installation,Power Failure,Medium,1.1,2,Out of Warranty,16886.82,Resolved,5
SV07753,H023,D022,2025-12-02,Corrective Maintenance,Sensor/Probe Issue,Medium,2.3,1,Out of Warranty,21687.06,Resolved,4
SV07754,H010,D026,2025-02-26,Corrective Maintenance,Battery Issue,Medium,3.6,4,Out of Warranty,24545.6,Resolved,4
SV07755,H068,D053,2024-06-21,Corrective Maintenance,Display Issue,High,13.4,6,Out of Warranty,23105.85,Resolved,4
SV07756,H048,D045,2025-03-22,Installation,Software Error,Low,5.9,2,Under Warranty,9712.92,Resolved,4
SV07757,H003,D059,2026-03-03,Preventive Maintenance,Battery Issue,Critical,3.9,8,Out of Warranty,13155.25,Resolved,4
SV07758,H030,D009,2025-07-27,Corrective Maintenance,Software Error,High,11.3,6,Under Warranty,20828.95,Resolved,4
SV07759,H013,D023,2024-09-12,Installation,Mechanical Issue,Medium,5.2,1,Under Warranty,10219.77,Resolved,4
SV07760,H069,D005,2025-01-25,Corrective Maintenance,Battery Issue,Medium,5.3,3,Under Warranty,10075.67,Resolved,4
SV07761,H015,D044,2024-05-24,Installation,Image Quality,Medium,12.0,4,Out of Warranty,16711.82,Resolved,5
SV07762,H039,D032,2026-08-03,Corrective Maintenance,Sensor/Probe Issue,High,4.3,3,Under Warranty,13050.13,Resolved,4
SV07763,H074,D055,2025-04-24,Corrective Maintenance,Mechanical Issue,Medium,2.3,4,Under Warranty,8928.88,Resolved,4
SV07764,H070,D048,2025-01-30,Corrective Maintenance,Image Quality,Critical,23.0,5,Under Warranty,12408.01,Resolved,4
SV07765,H078,D020,2024-01-03,Corrective Maintenance,Calibration Issue,Medium,1.0,4,Under Warranty,6925.71,Resolved,4
SV07766,H017,D036,2026-05-03,Corrective Maintenance,Sensor/Probe Issue,Medium,9.7,5,Out of Warranty,34480.97,Resolved,5
SV07767,H027,D041,2024-09-30,Preventive Maintenance,Mechanical Issue,Medium,12.5,2,Out of Warranty,8387.55,Resolved,5
SV07768,H048,D027,2025-01-05,Corrective Maintenance,Power Failure,Medium,1.8,1,Under Warranty,8380.9,Resolved,4
SV07769,H028,D020,2025-05-11,Preventive Maintenance,Battery Issue,Medium,7.3,2,Under Warranty,5152.01,Resolved,4
SV07770,H093,D015,2024-06-02,Preventive Maintenance,Preventive Maintenance,Medium,1.2,3,Under Warranty,3253.54,Resolved,4
SV07771,H058,D006,2024-12-28,Corrective Maintenance,Connectivity,Medium,13.9,3,Out of Warranty,13163.21,Resolved,4
SV07772,H080,D008,2024-04-12,Preventive Maintenance,Sensor/Probe Issue,High,5.2,5,Out of Warranty,15727.73,Resolved,4
SV07773,H039,D005,2026-04-02,Corrective Maintenance,Sensor/Probe Issue,Medium,1.6,3,Under Warranty,10149.31,Resolved,4
SV07774,H029,D053,2026-05-11,Installation,Calibration Issue,Medium,3.2,1,Out of Warranty,8313.44,Resolved,5
SV07775,H052,D036,2024-06-01,Corrective Maintenance,Display Issue,Low,2.1,1,Out of Warranty,12071.4,Resolved,5
SV07776,H083,D024,2025-02-04,Corrective Maintenance,Battery Issue,Medium,6.8,4,Out of Warranty,36398.11,Resolved,4
SV07777,H063,D019,2024-12-05,Preventive Maintenance,Image Quality,Low,1.9,8,Out of Warranty,14321.65,Resolved,4
SV07778,H086,D036,2026-04-23,Preventive Maintenance,Display Issue,High,24.8,2,Under Warranty,2263.32,Resolved,4
SV07779,H035,D019,2024-11-23,Preventive Maintenance,Image Quality,High,5.0,5,Under Warranty,4350.5,Resolved,4
SV07780,H075,D047,2024-12-01,Corrective Maintenance,Sensor/Probe Issue,High,3.8,3,Under Warranty,13903.69,Resolved,4
SV07781,H045,D038,2026-04-28,Preventive Maintenance,Preventive Maintenance,High,4.9,5,Under Warranty,4131.06,Resolved,4
SV07782,H092,D051,2024-05-15,Corrective Maintenance,Connectivity,High,16.1,1,Out of Warranty,38535.59,Resolved,5
SV07783,H038,D033,2025-01-15,Preventive Maintenance,Sensor/Probe Issue,High,7.0,1,Out of Warranty,8031.76,Resolved,4
SV07784,H043,D059,2025-05-06,Preventive Maintenance,Image Quality,Low,3.9,1,Out of Warranty,8068.47,Resolved,5
SV07785,H001,D006,2026-06-10,Installation,Preventive Maintenance,Medium,4.0,3,Under Warranty,9352.96,Resolved,3
SV07786,H060,D031,2024-03-16,Corrective Maintenance,Display Issue,Medium,5.3,1,Under Warranty,8528.78,Resolved,4
SV07787,H004,D029,2025-10-19,Corrective Maintenance,Preventive Maintenance,Medium,6.8,6,Out of Warranty,24869.91,Resolved,4
SV07788,H095,D035,2024-08-06,Corrective Maintenance,Calibration Issue,High,11.1,2,Under Warranty,9655.55,Resolved,4
SV07789,H096,D049,2025-06-18,Corrective Maintenance,Software Error,Low,15.2,3,Under Warranty,8775.76,Resolved,5
SV07790,H052,D019,2026-01-21,Installation,Display Issue,High,3.6,3,Out of Warranty,23213.0,Resolved,4
SV07791,H081,D057,2025-01-08,Preventive Maintenance,Display Issue,Medium,10.9,2,Under Warranty,8321.49,Resolved,5
SV07792,H070,D056,2024-06-17,Preventive Maintenance,Sensor/Probe Issue,Medium,7.0,1,Out of Warranty,14162.65,Resolved,5
SV07793,H007,D033,2024-02-24,Corrective Maintenance,Battery Issue,High,20.4,3,Out of Warranty,36745.75,Resolved,4
SV07794,H100,D049,2026-04-26,Corrective Maintenance,Power Failure,Medium,9.6,2,Under Warranty,16903.48,Resolved,4
SV07795,H064,D029,2025-01-25,Corrective Maintenance,Image Quality,Low,2.7,1,Out of Warranty,36285.65,Resolved,5
SV07796,H064,D039,2025-11-27,Installation,Display Issue,High,26.6,4,Out of Warranty,10662.36,Resolved,4
SV07797,H084,D010,2024-01-06,Corrective Maintenance,Image Quality,Low,5.3,2,Out of Warranty,9624.32,Resolved,4
SV07798,H069,D003,2025-08-16,Corrective Maintenance,Power Failure,High,13.2,3,Under Warranty,11475.01,Resolved,5
SV07799,H035,D046,2025-06-28,Preventive Maintenance,Mechanical Issue,Medium,11.8,2,Under Warranty,7887.81,Pending,4
SV07800,H071,D032,2026-04-21,Corrective Maintenance,Connectivity,Medium,16.5,4,Out of Warranty,37064.63,Resolved,4
SV07801,H060,D010,2025-01-21,Installation,Image Quality,Medium,5.7,5,Under Warranty,13834.42,Resolved,4
SV07802,H049,D050,2025-08-13,Preventive Maintenance,Image Quality,Low,1.1,3,Out of Warranty,10881.64,Resolved,4
SV07803,H076,D002,2024-05-10,Corrective Maintenance,Sensor/Probe Issue,High,1.0,7,Under Warranty,15954.47,Resolved,5
SV07804,H044,D006,2026-04-29,Corrective Maintenance,Mechanical Issue,Medium,5.9,2,Under Warranty,5742.28,Resolved,5
SV07805,H036,D002,2025-09-28,Corrective Maintenance,Image Quality,Medium,5.1,6,Out of Warranty,26686.36,Resolved,3
SV07806,H091,D042,2025-12-10,Preventive Maintenance,Power Failure,High,9.9,14,Out of Warranty,8693.17,Resolved,4
SV07807,H023,D031,2025-09-07,Preventive Maintenance,Image Quality,Medium,10.1,2,Out of Warranty,15510.61,Resolved,5
SV07808,H072,D053,2026-06-24,Corrective Maintenance,Calibration Issue,Medium,6.6,3,Under Warranty,6756.4,Resolved,5
SV07809,H074,D009,2025-10-07,Corrective Maintenance,Image Quality,High,7.3,3,Under Warranty,11937.38,Resolved,3
SV07810,H015,D058,2024-05-19,Installation,Software Error,Low,3.2,1,Out of Warranty,15101.51,Resolved,5
SV07811,H052,D006,2024-12-03,Installation,Calibration Issue,Medium,9.1,3,Under Warranty,8840.68,Resolved,5
SV07812,H053,D025,2026-07-14,Corrective Maintenance,Display Issue,Critical,25.1,13,Under Warranty,8887.09,Resolved,3
SV07813,H050,D045,2025-04-17,Installation,Software Error,Medium,11.7,6,Under Warranty,11436.03,Resolved,4
SV07814,H045,D036,2025-06-02,Corrective Maintenance,Sensor/Probe Issue,Medium,6.2,2,Under Warranty,20328.49,Resolved,4
SV07815,H047,D039,2024-05-15,Preventive Maintenance,Image Quality,Medium,1.6,5,Under Warranty,2766.21,Resolved,4
SV07816,H075,D002,2024-07-28,Preventive Maintenance,Image Quality,Critical,9.2,9,Out of Warranty,4283.52,Pending,4
SV07817,H041,D011,2025-07-11,Installation,Calibration Issue,Low,6.8,3,Under Warranty,13858.55,Resolved,5
SV07818,H056,D008,2024-07-31,Installation,Battery Issue,High,31.0,7,Out of Warranty,16114.56,Resolved,3
SV07819,H050,D047,2024-06-02,Corrective Maintenance,Software Error,Medium,7.9,2,Out of Warranty,36613.39,Resolved,4
SV07820,H028,D060,2024-07-28,Corrective Maintenance,Power Failure,Medium,2.8,2,Under Warranty,15705.57,Resolved,4
SV07821,H049,D039,2026-08-19,Installation,Software Error,High,13.3,3,Under Warranty,9548.03,Resolved,4
SV07822,H075,D009,2025-05-11,Corrective Maintenance,Power Failure,Medium,4.9,2,Out of Warranty,32723.7,Resolved,4
SV07823,H017,D024,2025-08-28,Corrective Maintenance,Power Failure,Medium,0.6,2,Under Warranty,13887.34,Resolved,4
SV07824,H072,D001,2024-04-23,Preventive Maintenance,Power Failure,High,9.7,3,Out of Warranty,6320.02,Resolved,4
SV07825,H069,D034,2024-08-13,Corrective Maintenance,Sensor/Probe Issue,Medium,17.0,4,Out of Warranty,37994.48,Resolved,4
SV07826,H096,D043,2026-05-06,Corrective Maintenance,Sensor/Probe Issue,Medium,2.7,4,Out of Warranty,36725.28,Resolved,5
SV07827,H060,D008,2026-01-23,Corrective Maintenance,Connectivity,Medium,2.7,1,Under Warranty,19572.44,Resolved,4
SV07828,H029,D047,2024-01-31,Corrective Maintenance,Calibration Issue,Medium,4.8,3,Under Warranty,6975.42,Resolved,5
SV07829,H035,D029,2024-04-06,Corrective Maintenance,Image Quality,Critical,16.5,7,Out of Warranty,10052.22,Resolved,5
SV07830,H040,D057,2025-08-15,Preventive Maintenance,Image Quality,High,9.9,4,Under Warranty,2282.75,Resolved,4
SV07831,H036,D042,2024-12-24,Corrective Maintenance,Sensor/Probe Issue,Low,3.4,2,Under Warranty,19801.47,Resolved,4
SV07832,H065,D004,2026-02-08,Installation,Sensor/Probe Issue,Medium,8.0,2,Out of Warranty,18332.99,Resolved,5
SV07833,H044,D029,2024-08-25,Corrective Maintenance,Sensor/Probe Issue,High,6.0,9,Out of Warranty,33375.1,Resolved,5
SV07834,H016,D044,2025-11-22,Preventive Maintenance,Software Error,Medium,3.2,2,Out of Warranty,9994.18,Resolved,5
SV07835,H092,D016,2025-07-31,Corrective Maintenance,Preventive Maintenance,High,8.2,4,Out of Warranty,26853.94,Resolved,5
SV07836,H100,D036,2025-03-12,Preventive Maintenance,Mechanical Issue,Medium,1.0,1,Out of Warranty,12046.55,Resolved,5
SV07837,H038,D052,2024-07-31,Preventive Maintenance,Power Failure,Medium,1.5,3,Out of Warranty,5876.32,Resolved,4
SV07838,H077,D050,2025-08-16,Corrective Maintenance,Power Failure,High,25.3,4,Out of Warranty,13235.73,Resolved,3
SV07839,H008,D027,2024-05-27,Corrective Maintenance,Sensor/Probe Issue,Low,4.8,2,Under Warranty,17196.54,Resolved,4
SV07840,H013,D015,2026-02-06,Corrective Maintenance,Calibration Issue,Critical,42.6,20,Out of Warranty,30123.0,Resolved,3
SV07841,H070,D009,2025-10-06,Preventive Maintenance,Software Error,High,10.4,5,Under Warranty,7905.24,Resolved,5
SV07842,H009,D012,2025-07-12,Corrective Maintenance,Connectivity,Medium,1.5,2,Out of Warranty,26574.32,Resolved,5
SV07843,H093,D048,2026-04-09,Corrective Maintenance,Preventive Maintenance,Critical,16.1,2,Under Warranty,15755.43,Resolved,5
SV07844,H020,D014,2024-08-23,Corrective Maintenance,Battery Issue,Medium,7.3,1,Under Warranty,17573.62,Resolved,5
SV07845,H084,D038,2024-12-17,Preventive Maintenance,Power Failure,Low,0.8,5,Out of Warranty,16152.34,Resolved,4
SV07846,H030,D003,2025-07-06,Preventive Maintenance,Image Quality,Medium,10.1,2,Under Warranty,3595.01,Resolved,5
SV07847,H099,D025,2025-12-22,Preventive Maintenance,Calibration Issue,Low,9.9,1,Out of Warranty,5957.48,Resolved,5
SV07848,H006,D059,2025-06-12,Installation,Sensor/Probe Issue,Medium,24.5,2,Out of Warranty,11482.62,Resolved,4
SV07849,H063,D029,2025-01-17,Corrective Maintenance,Connectivity,High,18.0,1,Under Warranty,9291.93,Resolved,5
SV07850,H025,D006,2025-04-16,Preventive Maintenance,Image Quality,Medium,1.4,1,Out of Warranty,9534.86,Resolved,5
SV07851,H050,D034,2025-04-22,Installation,Connectivity,Low,6.1,4,Out of Warranty,20581.59,Resolved,4
SV07852,H060,D054,2026-08-22,Installation,Mechanical Issue,Medium,2.5,7,Under Warranty,8177.68,Pending,4
SV07853,H041,D055,2024-04-26,Corrective Maintenance,Sensor/Probe Issue,High,10.9,5,Under Warranty,6007.26,Resolved,5
SV07854,H060,D049,2024-01-31,Corrective Maintenance,Power Failure,Medium,6.0,2,Out of Warranty,25054.37,Resolved,5
SV07855,H007,D003,2025-07-30,Preventive Maintenance,Software Error,Medium,3.2,4,Out of Warranty,14568.78,Resolved,5
SV07856,H095,D040,2024-12-06,Corrective Maintenance,Power Failure,Low,3.2,2,Under Warranty,17160.23,Resolved,4
SV07857,H085,D020,2026-09-03,Corrective Maintenance,Connectivity,High,3.1,3,Under Warranty,5924.6,Resolved,5
SV07858,H055,D047,2025-09-15,Corrective Maintenance,Sensor/Probe Issue,High,2.7,3,Out of Warranty,35524.41,Resolved,4
SV07859,H096,D030,2024-09-02,Corrective Maintenance,Sensor/Probe Issue,Low,2.2,1,Under Warranty,19974.82,Resolved,5
SV07860,H004,D056,2025-02-22,Installation,Calibration Issue,Medium,5.9,1,Under Warranty,12894.91,Pending,5
SV07861,H045,D059,2025-03-21,Preventive Maintenance,Display Issue,High,17.4,2,Out of Warranty,10412.92,Resolved,5
SV07862,H059,D017,2026-09-08,Corrective Maintenance,Battery Issue,Medium,11.3,2,Under Warranty,15802.15,Resolved,5
SV07863,H047,D012,2025-03-08,Preventive Maintenance,Image Quality,High,5.7,6,Out of Warranty,13936.95,Resolved,5
SV07864,H079,D025,2025-04-21,Corrective Maintenance,Calibration Issue,Medium,5.9,10,Under Warranty,16147.0,Resolved,3
SV07865,H006,D034,2026-08-31,Corrective Maintenance,Software Error,Medium,6.3,1,Under Warranty,17267.65,Resolved,5
SV07866,H026,D047,2025-10-08,Corrective Maintenance,Calibration Issue,Medium,21.2,5,Under Warranty,14512.4,Resolved,4
SV07867,H090,D015,2026-03-10,Corrective Maintenance,Image Quality,High,6.1,7,Out of Warranty,10659.8,Resolved,4
SV07868,H031,D023,2024-08-06,Preventive Maintenance,Display Issue,High,0.5,3,Under Warranty,5385.04,Resolved,5
SV07869,H074,D007,2026-01-09,Preventive Maintenance,Connectivity,High,2.4,5,Under Warranty,4791.47,Resolved,4
SV07870,H008,D015,2024-02-24,Preventive Maintenance,Preventive Maintenance,Medium,19.0,5,Under Warranty,6309.04,Resolved,4
SV07871,H096,D043,2025-04-25,Corrective Maintenance,Software Error,Medium,3.2,6,Out of Warranty,12312.28,Resolved,4
SV07872,H051,D048,2026-05-10,Preventive Maintenance,Image Quality,Low,2.4,1,Out of Warranty,12084.49,Resolved,5
SV07873,H037,D013,2025-05-03,Preventive Maintenance,Connectivity,Medium,1.0,4,Under Warranty,5311.22,Resolved,4
SV07874,H035,D042,2025-09-27,Corrective Maintenance,Calibration Issue,High,17.9,1,Under Warranty,5922.85,Resolved,4
SV07875,H007,D046,2024-04-02,Preventive Maintenance,Sensor/Probe Issue,Medium,16.8,4,Under Warranty,3982.73,Resolved,4
SV07876,H084,D059,2025-12-04,Corrective Maintenance,Image Quality,High,7.6,2,Out of Warranty,26413.34,Resolved,5
SV07877,H059,D028,2024-01-03,Preventive Maintenance,Power Failure,Critical,19.3,3,Under Warranty,6299.16,Resolved,4
SV07878,H039,D002,2025-05-18,Preventive Maintenance,Display Issue,Critical,29.9,9,Out of Warranty,7729.33,Resolved,3
SV07879,H084,D036,2025-11-07,Corrective Maintenance,Preventive Maintenance,High,27.6,4,Out of Warranty,16889.73,Resolved,5
SV07880,H040,D049,2026-07-06,Installation,Power Failure,Medium,3.8,3,Out of Warranty,24301.81,Resolved,4
SV07881,H090,D017,2024-03-06,Corrective Maintenance,Battery Issue,Low,4.5,1,Out of Warranty,15581.92,Resolved,5
SV07882,H074,D034,2024-03-01,Installation,Preventive Maintenance,Medium,7.0,2,Under Warranty,9859.15,Pending,5
SV07883,H056,D057,2026-04-24,Corrective Maintenance,Preventive Maintenance,Medium,10.5,3,Under Warranty,13222.12,Resolved,4
SV07884,H002,D022,2025-03-24,Corrective Maintenance,Software Error,High,9.7,2,Under Warranty,6294.17,Resolved,4
SV07885,H068,D010,2025-03-20,Preventive Maintenance,Calibration Issue,Medium,2.9,2,Under Warranty,4569.28,Resolved,5
SV07886,H022,D039,2024-07-19,Corrective Maintenance,Battery Issue,Medium,11.3,4,Under Warranty,5141.2,Resolved,4
SV07887,H024,D029,2025-08-24,Preventive Maintenance,Image Quality,Critical,16.1,2,Under Warranty,7096.53,Resolved,5
SV07888,H006,D004,2026-01-06,Preventive Maintenance,Connectivity,High,15.8,4,Under Warranty,3233.8,Resolved,4
SV07889,H028,D020,2025-01-11,Corrective Maintenance,Preventive Maintenance,Medium,0.5,5,Under Warranty,18974.66,Resolved,4
SV07890,H029,D038,2026-08-18,Preventive Maintenance,Image Quality,Medium,6.9,2,Under Warranty,6644.4,Resolved,5
SV07891,H081,D033,2024-10-23,Corrective Maintenance,Software Error,High,7.0,2,Out of Warranty,33911.61,Resolved,5
SV07892,H042,D050,2024-11-02,Corrective Maintenance,Mechanical Issue,Low,1.1,2,Out of Warranty,19510.06,Resolved,4
SV07893,H062,D022,2025-02-26,Corrective Maintenance,Software Error,Medium,14.0,2,Under Warranty,10742.51,Resolved,4
SV07894,H054,D031,2026-07-17,Preventive Maintenance,Connectivity,Medium,3.3,1,Under Warranty,8500.89,Resolved,5
SV07895,H072,D056,2025-10-13,Preventive Maintenance,Battery Issue,Medium,0.5,4,Under Warranty,8181.5,Pending,4
SV07896,H093,D047,2024-06-18,Corrective Maintenance,Connectivity,High,8.1,1,Out of Warranty,37870.8,Resolved,5
SV07897,H078,D010,2025-01-30,Corrective Maintenance,Battery Issue,Medium,1.5,3,Under Warranty,16817.3,Resolved,4
SV07898,H054,D025,2025-05-27,Corrective Maintenance,Image Quality,Medium,7.4,6,Under Warranty,6977.32,Resolved,3
SV07899,H083,D024,2026-09-18,Preventive Maintenance,Software Error,Medium,12.6,2,Under Warranty,3507.28,Resolved,4
SV07900,H076,D034,2025-01-18,Preventive Maintenance,Calibration Issue,High,10.1,3,Under Warranty,4565.27,Resolved,4
SV07901,H090,D005,2025-11-01,Corrective Maintenance,Preventive Maintenance,Medium,16.1,4,Under Warranty,13746.33,Resolved,5
SV07902,H041,D014,2026-06-03,Installation,Battery Issue,Medium,18.3,1,Out of Warranty,11709.75,Resolved,3
SV07903,H099,D034,2024-12-05,Corrective Maintenance,Preventive Maintenance,Medium,5.6,4,Out of Warranty,27937.82,Resolved,4
SV07904,H056,D028,2024-11-04,Preventive Maintenance,Battery Issue,Low,2.7,2,Out of Warranty,9036.56,Resolved,4
SV07905,H072,D036,2024-05-17,Installation,Battery Issue,Critical,42.1,8,Under Warranty,12508.23,Resolved,3
SV07906,H083,D050,2024-02-24,Installation,Mechanical Issue,High,4.0,1,Out of Warranty,19859.71,Resolved,5
SV07907,H071,D013,2025-06-17,Corrective Maintenance,Mechanical Issue,Critical,5.8,9,Under Warranty,15976.9,Resolved,4
SV07908,H069,D054,2025-08-12,Preventive Maintenance,Connectivity,Low,2.5,2,Out of Warranty,10595.29,Resolved,5
SV07909,H029,D023,2025-08-05,Installation,Connectivity,Medium,26.5,2,Out of Warranty,19113.01,Resolved,4
SV07910,H020,D035,2026-06-25,Corrective Maintenance,Calibration Issue,High,12.1,7,Under Warranty,15302.78,Resolved,4
SV07911,H085,D031,2025-07-02,Corrective Maintenance,Sensor/Probe Issue,High,22.1,6,Under Warranty,16929.69,Resolved,3
SV07912,H012,D012,2026-02-14,Corrective Maintenance,Sensor/Probe Issue,Low,3.5,5,Under Warranty,6558.32,Resolved,4
SV07913,H096,D044,2024-03-05,Corrective Maintenance,Software Error,Medium,2.7,1,Under Warranty,12547.25,Resolved,4
SV07914,H003,D003,2025-02-15,Corrective Maintenance,Image Quality,Low,3.4,1,Under Warranty,8929.16,Resolved,4
SV07915,H097,D024,2026-05-21,Corrective Maintenance,Image Quality,High,24.9,7,Out of Warranty,34886.23,Resolved,5
SV07916,H040,D021,2026-07-10,Corrective Maintenance,Software Error,Medium,6.4,3,Under Warranty,18010.34,Resolved,5
SV07917,H083,D050,2025-06-30,Preventive Maintenance,Image Quality,Medium,14.9,2,Out of Warranty,10952.44,Resolved,4
SV07918,H005,D046,2025-10-19,Preventive Maintenance,Mechanical Issue,Medium,25.7,3,Out of Warranty,13738.96,Resolved,4
SV07919,H020,D016,2026-05-31,Corrective Maintenance,Battery Issue,Critical,42.6,3,Under Warranty,18994.23,Resolved,4
SV07920,H020,D034,2024-06-19,Corrective Maintenance,Sensor/Probe Issue,Low,6.7,2,Under Warranty,7929.18,Resolved,5
SV07921,H098,D022,2024-04-06,Installation,Sensor/Probe Issue,Medium,2.3,2,Under Warranty,7706.78,Resolved,5
SV07922,H078,D037,2026-08-01,Corrective Maintenance,Software Error,Medium,7.7,1,Under Warranty,10852.72,Resolved,5
SV07923,H015,D016,2024-09-12,Preventive Maintenance,Calibration Issue,Low,11.8,1,Under Warranty,6164.82,Resolved,4
SV07924,H083,D050,2025-06-11,Corrective Maintenance,Connectivity,Low,8.2,1,Out of Warranty,33682.93,Resolved,5
SV07925,H071,D031,2026-06-21,Corrective Maintenance,Power Failure,Low,8.7,2,Under Warranty,18677.02,Resolved,5
SV07926,H011,D020,2026-05-27,Corrective Maintenance,Display Issue,Medium,8.4,3,Out of Warranty,11217.17,Resolved,5
SV07927,H099,D035,2025-10-26,Preventive Maintenance,Preventive Maintenance,Critical,4.1,3,Out of Warranty,6449.3,Resolved,5
SV07928,H020,D020,2025-03-29,Preventive Maintenance,Sensor/Probe Issue,Medium,16.2,4,Under Warranty,4530.72,Pending,4
SV07929,H070,D054,2025-10-06,Preventive Maintenance,Image Quality,Low,7.8,2,Out of Warranty,8341.11,Resolved,5
SV07930,H067,D016,2024-12-25,Corrective Maintenance,Software Error,High,7.0,2,Under Warranty,10908.69,Resolved,5
SV07931,H053,D012,2026-03-23,Preventive Maintenance,Software Error,Medium,3.6,2,Out of Warranty,9118.71,Resolved,5
SV07932,H031,D030,2024-09-27,Corrective Maintenance,Power Failure,Medium,2.6,1,Under Warranty,17983.05,Resolved,4
SV07933,H053,D035,2025-10-10,Preventive Maintenance,Calibration Issue,Medium,8.0,5,Out of Warranty,8407.62,Resolved,4
SV07934,H003,D009,2024-05-03,Corrective Maintenance,Image Quality,Medium,9.9,1,Under Warranty,10489.33,Resolved,4
SV07935,H067,D025,2024-12-04,Preventive Maintenance,Connectivity,Medium,19.1,1,Out of Warranty,14066.07,Resolved,4
SV07936,H090,D002,2024-12-20,Corrective Maintenance,Calibration Issue,Low,1.7,3,Under Warranty,12572.69,Resolved,5
SV07937,H010,D053,2024-11-08,Preventive Maintenance,Sensor/Probe Issue,Medium,5.5,3,Out of Warranty,5540.9,Resolved,5
SV07938,H016,D030,2024-07-12,Corrective Maintenance,Preventive Maintenance,Medium,4.1,2,Under Warranty,7609.33,Resolved,5
SV07939,H046,D030,2025-03-27,Preventive Maintenance,Software Error,High,11.9,7,Out of Warranty,8782.88,Resolved,4
SV07940,H043,D015,2025-01-03,Corrective Maintenance,Power Failure,High,5.3,2,Under Warranty,9251.54,Resolved,5
SV07941,H086,D057,2026-08-03,Preventive Maintenance,Power Failure,Medium,18.4,2,Under Warranty,6421.53,Resolved,4
SV07942,H081,D010,2024-08-16,Preventive Maintenance,Mechanical Issue,Medium,6.0,6,Under Warranty,4287.27,Resolved,5
SV07943,H072,D048,2026-09-13,Preventive Maintenance,Power Failure,Medium,4.6,1,Under Warranty,4987.24,Resolved,4
SV07944,H066,D029,2025-12-22,Corrective Maintenance,Image Quality,Medium,13.2,4,Under Warranty,10485.99,Resolved,5
SV07945,H059,D042,2026-07-10,Installation,Software Error,High,5.2,2,Under Warranty,12013.79,Resolved,4
SV07946,H056,D001,2024-03-24,Installation,Calibration Issue,High,9.9,4,Under Warranty,8078.55,Resolved,5
SV07947,H038,D001,2024-03-23,Preventive Maintenance,Display Issue,Medium,12.4,2,Under Warranty,3212.78,Resolved,4
SV07948,H004,D014,2025-05-22,Preventive Maintenance,Power Failure,Low,5.7,3,Out of Warranty,13312.69,Resolved,4
SV07949,H081,D013,2025-05-28,Preventive Maintenance,Image Quality,Medium,4.1,1,Out of Warranty,13742.79,Resolved,5
SV07950,H099,D054,2026-07-10,Corrective Maintenance,Sensor/Probe Issue,Low,4.2,1,Under Warranty,17501.72,Resolved,5
SV07951,H057,D030,2024-05-17,Installation,Calibration Issue,Medium,9.0,2,Out of Warranty,16315.22,Resolved,5
SV07952,H010,D057,2024-07-09,Corrective Maintenance,Preventive Maintenance,Medium,9.7,5,Under Warranty,6686.09,Resolved,4
SV07953,H049,D042,2026-05-24,Preventive Maintenance,Calibration Issue,Critical,24.3,2,Under Warranty,7772.29,Resolved,4
SV07954,H058,D052,2026-06-04,Corrective Maintenance,Battery Issue,High,4.9,2,Out of Warranty,19738.09,Resolved,4
SV07955,H027,D047,2024-05-31,Preventive Maintenance,Connectivity,Medium,4.6,5,Out of Warranty,7528.48,Resolved,5
SV07956,H013,D019,2026-04-02,Preventive Maintenance,Software Error,Medium,9.5,2,Under Warranty,8636.08,Resolved,5
SV07957,H062,D027,2026-04-03,Corrective Maintenance,Power Failure,High,3.2,10,Under Warranty,18156.12,Resolved,3
SV07958,H096,D009,2026-02-09,Preventive Maintenance,Mechanical Issue,High,7.9,3,Under Warranty,8427.7,Resolved,5
SV07959,H072,D045,2025-06-07,Corrective Maintenance,Battery Issue,Medium,6.5,1,Out of Warranty,14876.78,Resolved,5
SV07960,H072,D019,2024-10-01,Preventive Maintenance,Power Failure,Medium,9.1,2,Under Warranty,2884.67,Resolved,4
SV07961,H057,D040,2024-01-28,Preventive Maintenance,Display Issue,Medium,7.0,2,Under Warranty,2146.31,Resolved,5
SV07962,H027,D037,2026-03-16,Corrective Maintenance,Image Quality,High,7.2,3,Under Warranty,7466.17,Resolved,4
SV07963,H038,D027,2024-10-25,Preventive Maintenance,Calibration Issue,High,7.6,7,Out of Warranty,7195.54,Resolved,4
SV07964,H023,D049,2025-04-19,Corrective Maintenance,Image Quality,Low,4.2,1,Out of Warranty,33565.75,Resolved,4
SV07965,H013,D034,2024-07-16,Corrective Maintenance,Sensor/Probe Issue,Medium,8.2,2,Under Warranty,9466.14,Resolved,4
SV07966,H069,D050,2025-07-05,Corrective Maintenance,Battery Issue,Medium,7.0,3,Out of Warranty,13209.19,Resolved,4
SV07967,H057,D006,2025-02-14,Corrective Maintenance,Connectivity,Low,4.0,4,Out of Warranty,21780.84,Resolved,4
SV07968,H029,D047,2025-03-07,Preventive Maintenance,Preventive Maintenance,Medium,6.4,3,Under Warranty,4675.06,Resolved,4
SV07969,H044,D058,2024-06-11,Corrective Maintenance,Battery Issue,Medium,5.6,5,Out of Warranty,28187.02,Resolved,4
SV07970,H018,D041,2025-04-08,Corrective Maintenance,Preventive Maintenance,Low,3.7,1,Under Warranty,16130.47,Resolved,5
SV07971,H053,D004,2025-11-07,Corrective Maintenance,Mechanical Issue,High,10.4,4,Out of Warranty,19761.71,Resolved,5
SV07972,H032,D028,2025-08-24,Corrective Maintenance,Battery Issue,Medium,19.6,2,Out of Warranty,11944.67,Resolved,4
SV07973,H051,D018,2026-01-21,Preventive Maintenance,Preventive Maintenance,Medium,5.6,1,Under Warranty,3698.38,Resolved,5
SV07974,H087,D024,2025-09-25,Corrective Maintenance,Power Failure,High,1.2,4,Out of Warranty,22052.29,Resolved,4
SV07975,H080,D016,2024-04-24,Preventive Maintenance,Sensor/Probe Issue,Medium,3.2,2,Under Warranty,2323.36,Resolved,5
SV07976,H051,D018,2024-12-27,Corrective Maintenance,Connectivity,Critical,12.0,4,Under Warranty,18185.18,Resolved,4
SV07977,H003,D009,2025-07-21,Preventive Maintenance,Mechanical Issue,Low,2.9,2,Out of Warranty,15646.44,Resolved,4
SV07978,H017,D019,2026-04-28,Corrective Maintenance,Power Failure,Medium,19.3,2,Out of Warranty,28123.71,Resolved,4
SV07979,H043,D022,2026-09-07,Preventive Maintenance,Battery Issue,Medium,8.6,6,Out of Warranty,5812.07,Resolved,4
SV07980,H053,D039,2025-06-03,Corrective Maintenance,Software Error,Medium,4.1,2,Under Warranty,16011.27,Resolved,4
SV07981,H072,D022,2024-05-15,Corrective Maintenance,Battery Issue,Critical,27.9,6,Out of Warranty,10156.24,Resolved,4
SV07982,H060,D008,2025-12-27,Installation,Calibration Issue,Low,2.7,2,Under Warranty,11341.86,Pending,4
SV07983,H072,D011,2025-12-09,Installation,Image Quality,Low,5.5,2,Under Warranty,5332.05,Resolved,5
SV07984,H014,D010,2026-06-14,Preventive Maintenance,Display Issue,Medium,7.7,2,Out of Warranty,10006.84,Resolved,4
SV07985,H062,D040,2024-11-30,Preventive Maintenance,Image Quality,Medium,6.1,1,Under Warranty,2736.9,Pending,5
SV07986,H090,D039,2024-02-03,Preventive Maintenance,Battery Issue,Medium,7.1,3,Out of Warranty,12090.23,Resolved,4
SV07987,H074,D016,2026-05-02,Corrective Maintenance,Mechanical Issue,High,7.2,7,Out of Warranty,23274.13,Resolved,4
SV07988,H001,D008,2026-09-10,Installation,Image Quality,High,0.8,4,Under Warranty,4568.84,Resolved,4
SV07989,H090,D016,2026-08-24,Corrective Maintenance,Software Error,High,6.9,3,Out of Warranty,33840.67,Resolved,4
SV07990,H076,D006,2025-02-09,Installation,Connectivity,Medium,11.2,1,Under Warranty,6203.53,Resolved,4
SV07991,H083,D046,2026-09-24,Corrective Maintenance,Display Issue,Low,3.2,3,Under Warranty,7083.82,Resolved,4
SV07992,H084,D056,2026-04-25,Corrective Maintenance,Software Error,High,37.9,4,Under Warranty,9728.4,Resolved,4
SV07993,H062,D020,2024-11-07,Corrective Maintenance,Mechanical Issue,High,5.4,6,Under Warranty,17899.5,Resolved,4
SV07994,H059,D034,2026-04-03,Preventive Maintenance,Mechanical Issue,Critical,7.1,7,Under Warranty,2393.89,Resolved,4
SV07995,H055,D003,2025-02-17,Preventive Maintenance,Mechanical Issue,High,22.6,3,Under Warranty,5258.87,Resolved,5
SV07996,H080,D010,2025-06-04,Preventive Maintenance,Calibration Issue,Medium,5.9,2,Out of Warranty,12064.7,Resolved,5
SV07997,H023,D027,2026-07-27,Corrective Maintenance,Display Issue,Medium,2.6,3,Out of Warranty,37539.02,Resolved,4
SV07998,H088,D041,2024-03-03,Corrective Maintenance,Image Quality,Medium,7.2,1,Out of Warranty,34679.64,Resolved,4
SV07999,H078,D009,2024-06-08,Corrective Maintenance,Display Issue,High,3.2,4,Under Warranty,10431.22,Resolved,5
SV08000,H003,D015,2025-12-14,Preventive Maintenance,Power Failure,Critical,10.2,7,Under Warranty,5577.5,Resolved,5
